county,case_number,case_id,case_created_at,case_status,case_decision_date,case_title,municipality,handling_number,handling_id,handling_date,handling_title,sender_recipient,case_kind,direct_supervision,target_organisation_name,target_identifiable,trigger_family,problem_domain,mandatory_action_likelihood,external_purchase_likelihood,metadata_specificity,timing_quality,commercial_relevance,likely_supplier_categories,document_required_for_understanding,supplier_already_engaged,manual_notes
Halland,5531-2026,5585457,2026-08-21,Avslutat,2026-08-21,"Föreläggande om att vidta skyddsåtgärder för det nya förslaget av hantering av länsvatten, del av fastighet i Halmstad",Handlingar,5531-2026-2,,2026-08-21,"Föreläggande om att vidta skyddsåtgärder för det nya förslaget av hantering av länsvatten, del av fastighet i Halmstad",Halmstads kommun,DIRECT_SUPERVISION,YES,Halmstads kommun,PUBLIC_BODY,ENFORCEMENT_ORDER,STORMWATER_PROCESS_WATER,HIGH,HIGH,SPECIFIC,TIMELY,HIGH,stormwater / water treatment consultants; oil separator & filtration suppliers; labs,METADATA_SUFFICIENT,NO,Reviewed. Order to take protective measures for a new handling proposal (municipal operation); concrete and mandatory.
Jönköping,5408-2026,5551757,2026-07-01,Avslutat,2026-08-26,Anmälan om påträffad dieselförorening,Handlingar,5408-2026-2,,2026-07-01,Anmälan om påträffad diselförorening,Personuppgift,CONTAMINATED_SITE_SUPERVISION,YES,Nässjö Affärsverk,ORG_NAMED,CONTAMINATION_DISCOVERED,MONITORING_CONTROL,HIGH,HIGH,SPECIFIC,EARLY,HIGH,environmental consultants (monitoring programmes); accredited sampling / measurement firms; labs,DOCUMENT_WOULD_IMPROVE,NO,Reviewed. Municipal utility reports diesel contamination found; consultant investigation is the normal next step. Later handlings in the case are operator responses.
Jönköping,5554-2026,5557495,2026-07-03,Avslutat,2026-07-07,Beslut om betydande miljöpåverkan samt föreläggande att söka tillstånd,Handlingar,5554-2026-1,,2026-07-03,Beslut om betydande miljöpåverkan samt föreläggande att söka tillstånd,Vetlanda kommun,DIRECT_SUPERVISION,YES,Vetlanda kommun,PUBLIC_BODY,ENFORCEMENT_ORDER,PERMIT_CONDITIONS,HIGH,MEDIUM,SPECIFIC,TIMELY,HIGH,environmental consultants (permits); environmental law,DOCUMENT_WOULD_IMPROVE,NO,Reviewed. Vetlanda kommun ordered to apply for a permit (significant environmental impact): permit application + EIA is consultant work.
Jönköping,5955-2026,5575569,2026-08-06,Handläggning,,Rapport om översiktlig miljöteknisk markundersökning,Sävsjö,5955-2026-4,,2026-09-14,Meddelande om behov av kompletterande markundersökning,Personuppgift,CONTAMINATED_SITE_SUPERVISION,YES,Sävsjö kommun,PUBLIC_BODY,INVESTIGATION_REQUIRED,CONTAMINATED_LAND,HIGH,HIGH,SPECIFIC,EARLY,HIGH,environmental consultants (contaminated land); analytical laboratories; remediation / excavation contractors; environmental law,METADATA_SUFFICIENT,NO,"Reviewed. Länsstyrelsen states that a complementary soil investigation is needed after an overview investigation; buyer is Sävsjö kommun, supplier is an environmental consultant."
Skåne,21315-2026,5553338,2026-07-02,Handläggning,,Underrättelse om behov av inventering av PFAS,Handlingar,21315-2026-2,,2026-07-02,Underrättelse om behov av inventering av PFAS,Ystads Hamn och Logistik AB,CONTAMINATED_SITE_SUPERVISION,YES,Ystad Hamn Logistik AB,COMPANY,INVESTIGATION_REQUIRED,CONTAMINATED_LAND_PFAS,HIGH,HIGH,SPECIFIC,EARLY,HIGH,environmental consultants (contaminated land / PFAS investigation); analytical laboratories; remediation contractors,METADATA_SUFFICIENT,NO,"Reviewed. Länsstyrelsen tells the port it must inventory PFAS (MIFO); the MIFO report arrived 2026-08-31, i.e. an 8-week window in which a consultant was procured."
Skåne,21326-2026,5553386,2026-07-02,Handläggning,,Underrättelse om behov av inventering av PFAS,Handlingar,21326-2026-2,,2026-07-02,Underrättelse om behov av inventering av PFAS,Trelleborgs Hamn AB,CONTAMINATED_SITE_SUPERVISION,YES,Trelleborgs Hamn AB,COMPANY,INVESTIGATION_REQUIRED,CONTAMINATED_LAND_PFAS,HIGH,HIGH,SPECIFIC,EARLY,HIGH,environmental consultants (contaminated land / PFAS investigation); analytical laboratories; remediation contractors,METADATA_SUFFICIENT,NO,Reviewed. Same PFAS inventory notice to Trelleborgs Hamn AB; MIFO 1 delivered 2026-09-10.
Skåne,24178-2026,5578703,2026-08-12,Avslutat,2026-08-17,"Underrättelse om upptäckt av påträffad förorening, Östra Göinge kommun",Östra Göinge,24178-2026-1,,2026-08-12,Underrättelse om upptäckt av påträffad förorening,Personuppgift,ENVIRONMENTAL_INCIDENT,PARTIAL,Skåne Blekinge Vattentjänst AB,COMPANY,CONTAMINATION_DISCOVERED,UNKNOWN,HIGH,HIGH,SPECIFIC,EARLY,HIGH,-,DOCUMENT_WOULD_IMPROVE,NO,Reviewed. VA company reports newly discovered contamination; investigation/remediation need is concrete and the buyer is named. Document would tell what/where.
Västra Götaland,36859-2026,5608046,2026-09-10,Avslutat,2026-09-17,"Meddelande om beslut, Förbud att tvätta mer än 625 storbehållare 2026-2568",Borås,36859-2026-1,,2026-09-10,"Meddelande om beslut, Förbud att tvätta mer än 625 storbehållare 2026-2568",Brenntag Nordic AB,DIRECT_SUPERVISION,YES,Brenntag Nordic AB,COMPANY,ENFORCEMENT_ORDER,WASTE,HIGH,MEDIUM,SPECIFIC,TIMELY,HIGH,waste management consultants; waste handling equipment; environmental law,DOCUMENT_WOULD_IMPROVE,NO,"Reviewed. Prohibition capping IBC washing volume at Brenntag; operator must either reduce, invest or seek permit. Document needed for why."
Dalarna,6142-2026,5553214,2026-07-02,Handläggning,,"Anmälan om avhjälpandeåtgärder enligt 28 § förordning om miljöfarlig verksamhet och hälsoskydd för schaktning för att anlägga ett nytt bergsspel inkl ny lave, Hedemora kommun",Hedemora,6142-2026-1,,2026-07-02,"Anmälan om avhjälpandeåtgärder enligt 28 § förordning om miljöfarlig verksamhet och hälsoskydd för schaktning för att anlägga ett nytt bergsspel inkl ny lave, Hedemora kommun",Boliden Mineral AB,CONTAMINATED_SITE_SUPERVISION,YES,Boliden Mineral AB,COMPANY,REMEDIATION_NOTIFIED,CONTAMINATED_LAND,HIGH,HIGH,SPECIFIC,LATE,MEDIUM,environmental consultants (contaminated land); analytical laboratories; remediation / excavation contractors; environmental law,METADATA_SUFFICIENT,NO,Rule-based. 28 § remediation notification: consultant and contractor already engaged when notified.
Dalarna,6142-2026,5553214,2026-07-02,Handläggning,,"Anmälan om avhjälpandeåtgärder enligt 28 § förordning om miljöfarlig verksamhet och hälsoskydd för schaktning för att anlägga ett nytt bergsspel inkl ny lave, Hedemora kommun",Hedemora,6142-2026-2,,2026-07-10,Kompletteringsbegäran till §28 anmälan för schaktning för att anlägga nytt bergsspel inkl ny lave,Boliden Mineral AB,CONTAMINATED_SITE_SUPERVISION,YES,Boliden Mineral AB,COMPANY,INVESTIGATION_REQUIRED,CONTAMINATED_LAND,HIGH,HIGH,SPECIFIC,LATE,MEDIUM,environmental consultants (contaminated land); analytical laboratories; remediation / excavation contractors; environmental law,METADATA_SUFFICIENT,NO,"Rule-based classification, not individually reviewed."
Dalarna,6142-2026,5553214,2026-07-02,Handläggning,,"Anmälan om avhjälpandeåtgärder enligt 28 § förordning om miljöfarlig verksamhet och hälsoskydd för schaktning för att anlägga ett nytt bergsspel inkl ny lave, Hedemora kommun",Hedemora,6142-2026-4,,2026-07-15,Föreläggande om försiktighetsmått vid schaktarbeten,Boliden Mineral AB,CONTAMINATED_SITE_SUPERVISION,YES,Boliden Mineral AB,COMPANY,ENFORCEMENT_ORDER,CONTAMINATED_LAND,HIGH,MEDIUM,SPECIFIC,LATE,MEDIUM,environmental consultants (contaminated land); analytical laboratories; remediation / excavation contractors; environmental law,DOCUMENT_WOULD_IMPROVE,NO,Reviewed. Precaution order on Boliden excavation already notified; LATE.
Dalarna,6413-2026,5560589,2026-07-10,Handläggning,,"Anmälan om driftstörning vid Arctic Paper Grycksbo, Läckage av transformatorolja till invallning, Falun kommun",Falun,6413-2026-1,,2026-07-10,"Anmälan om driftstörning vid Arctic Paper Grycksbo, Läckage av transformatorolja till invallning, Falun kommun",Personuppgift,ENVIRONMENTAL_INCIDENT,PARTIAL,Arctic Paper Grycksbo AB,COMPANY,INCIDENT_REPORT,SPILL_LEAK,MEDIUM,MEDIUM,SPECIFIC,TIMELY,MEDIUM,spill response & remediation contractors; containment equipment; environmental consultants,DOCUMENT_WOULD_IMPROVE,NO,Rule-based. Operator self-report; corrective action usually already handled in-house or via existing service partner.
Dalarna,6413-2026,5560589,2026-07-10,Handläggning,,"Anmälan om driftstörning vid Arctic Paper Grycksbo, Läckage av transformatorolja till invallning, Falun kommun",Falun,6413-2026-3,,2026-08-12,Meddelande om återkoppling oljeläckage,Personuppgift,ENVIRONMENTAL_INCIDENT,PARTIAL,Arctic Paper Grycksbo AB,COMPANY,INCIDENT_REPORT,SPILL_LEAK,MEDIUM,MEDIUM,GENERIC,TIMELY,MEDIUM,spill response & remediation contractors; containment equipment; environmental consultants,DOCUMENT_WOULD_IMPROVE,NO,Rule-based. Operator self-report; corrective action usually already handled in-house or via existing service partner.
Dalarna,6474-2026,5561853,2026-07-13,Avslutat,2026-08-13,"Anmälan om driftstörning vid Stora Enso Fors AB, Utsläpp av vedgårdsvatten till Forsån, Avesta kommun",Avesta,6474-2026-1,,2026-07-13,"Anmälan om driftstörning vid Stora Enso Fors AB, Utsläpp av vedgårdsvatten till Forsån, Avesta kommun",Personuppgift,ENVIRONMENTAL_INCIDENT,PARTIAL,Stora Enso Fors AB,COMPANY,INCIDENT_REPORT,UNKNOWN,MEDIUM,MEDIUM,SPECIFIC,TIMELY,MEDIUM,-,DOCUMENT_WOULD_IMPROVE,NO,Rule-based. Operator self-report; corrective action usually already handled in-house or via existing service partner.
Dalarna,6706-2026,5569398,2026-07-27,Handläggning,,"Planerat tillsynsbesök på Bergkvist Siljan Blyberg AB, Älvdalens kommun",Älvdalen,6706-2026-5,,2026-08-26,Tillsynsrapport efter tillsynsbesök,Bergkvist Siljan Blyberg AB,DIRECT_SUPERVISION,YES,Bergkvist Siljan Blyberg AB,COMPANY,INSPECTION_REPORT,WASTE,MEDIUM,MEDIUM,GENERIC,TIMELY,MEDIUM,waste management consultants; waste handling equipment; environmental law,DOCUMENT_REQUIRED,NO,"Rule-based. Inspection report content (deficiencies, demands) not visible in metadata; document required."
Dalarna,6728-2026,5570263,2026-07-28,Handläggning,,"Tillsyn av Hedlunds Trävaru AB, Rättviks kommun",Handlingar,6728-2026-3,,2026-09-07,"Tillsynsrapport efter tillsynsbesök, Hedlunds Trävaru AB, Rättviks kommun",Hedlunds Trävaru AB,DIRECT_SUPERVISION,YES,Hedlunds Trävaru AB,COMPANY,INSPECTION_REPORT,GENERAL_SUPERVISION,MEDIUM,MEDIUM,GENERIC,TIMELY,MEDIUM,environmental consultants (compliance / egenkontroll); EHS software,DOCUMENT_REQUIRED,NO,"Rule-based. Inspection report content (deficiencies, demands) not visible in metadata; document required."
Dalarna,6731-2026,5570371,2026-07-28,Avslutat,2026-09-10,"Tillsyn av Rågsveden- Sveden Trä, Vansbro kommun",Handlingar,6731-2026-3,,2026-09-10,Tillsynsrapport efter tillsynsbesök,Rågsveden- Sveden Trä AB,DIRECT_SUPERVISION,YES,Rågsveden- Sveden Trä AB,COMPANY,INSPECTION_REPORT,AIR_EMISSIONS,MEDIUM,MEDIUM,GENERIC,TIMELY,MEDIUM,emission measurement firms (accredited); flue-gas treatment & filter suppliers; process consultants,DOCUMENT_REQUIRED,NO,"Rule-based. Inspection report content (deficiencies, demands) not visible in metadata; document required."
Dalarna,6740-2026,5570736,2026-07-29,Avslutat,2026-07-30,"Anmälan om driftstörning vid Outokumpu Stainless AB, Köldmedialäckage, Avesta kommun",Avesta,6740-2026-1,,2026-07-29,"Anmälan om driftstörning vid Outokumpu Stainless AB, Köldmedialäckage, Avesta kommun",Personuppgift,ENVIRONMENTAL_INCIDENT,PARTIAL,Outokumpu Stainless AB,COMPANY,INCIDENT_REPORT,SPILL_LEAK,MEDIUM,MEDIUM,SPECIFIC,TIMELY,MEDIUM,spill response & remediation contractors; containment equipment; environmental consultants,DOCUMENT_WOULD_IMPROVE,NO,Rule-based. Operator self-report; corrective action usually already handled in-house or via existing service partner.
Dalarna,6878-2026,5576011,2026-08-07,Beslutat,2026-09-18,"Anmälan om avhjälpandeåtgärder enligt 28 § förordning om miljöfarlig verksamhet och hälsoskydd för schaktning, Borlänge kommun",Borlänge,6878-2026-1,,2026-08-07,"Anmälan om avhjälpandeåtgärder enligt 28 § förordning om miljöfarlig verksamhet och hälsoskydd för schaktning, Borlänge kommun",Personuppgift,CONTAMINATED_SITE_SUPERVISION,YES,EcoDC Borlänge AB,COMPANY,REMEDIATION_NOTIFIED,CONTAMINATED_LAND,HIGH,HIGH,SPECIFIC,LATE,MEDIUM,environmental consultants (contaminated land); analytical laboratories; remediation / excavation contractors; environmental law,METADATA_SUFFICIENT,NO,Rule-based. 28 § remediation notification: consultant and contractor already engaged when notified.
Dalarna,6878-2026,5576011,2026-08-07,Beslutat,2026-09-18,"Anmälan om avhjälpandeåtgärder enligt 28 § förordning om miljöfarlig verksamhet och hälsoskydd för schaktning, Borlänge kommun",Borlänge,6878-2026-2,,2026-08-12,Kompletteringsbegäran till §28-anmälan om ledningsschakt öster,EcoDC,CONTAMINATED_SITE_SUPERVISION,YES,EcoDC Borlänge AB,COMPANY,INVESTIGATION_REQUIRED,CONTAMINATED_LAND,HIGH,HIGH,SPECIFIC,LATE,MEDIUM,environmental consultants (contaminated land); analytical laboratories; remediation / excavation contractors; environmental law,METADATA_SUFFICIENT,NO,"Rule-based classification, not individually reviewed."
Dalarna,6878-2026,5576011,2026-08-07,Beslutat,2026-09-18,"Anmälan om avhjälpandeåtgärder enligt 28 § förordning om miljöfarlig verksamhet och hälsoskydd för schaktning, Borlänge kommun",Borlänge,6878-2026-6,,2026-09-18,Beslut om förbud mot att påbörja markarbeten (ledningsschakt öster),Personuppgift,CONTAMINATED_SITE_SUPERVISION,YES,EcoDC Borlänge AB,COMPANY,ENFORCEMENT_ORDER,CONTAMINATED_LAND,HIGH,MEDIUM,SPECIFIC,LATE,MEDIUM,environmental consultants (contaminated land); analytical laboratories; remediation / excavation contractors; environmental law,DOCUMENT_WOULD_IMPROVE,NO,Reviewed. Prohibition to start trenching until questions are answered; EcoDC already has a consultant on the 28 § notification.
Dalarna,6975-2026,5579177,2026-08-12,Handläggning,,"Anmälan om efterbehandlingsåtgärd enligt 28 § förordning och miljöfarlig verksamhet och hälsoskydd, f d Gotthard Aluminium AB, Avesta kommun",Avesta,6975-2026-1,,2026-08-12,"Anmälan om efterbehandlingsåtgärd enligt 28 § förordning och miljöfarlig verksamhet och hälsoskydd, f d Gotthard Aluminium AB, Avesta kommun",Sveriges Geologiska undersökning,CONTAMINATED_SITE_SUPERVISION,YES,Gotthard Aluminium AB,COMPANY,REMEDIATION_NOTIFIED,CONTAMINATED_LAND,HIGH,HIGH,SPECIFIC,LATE,MEDIUM,environmental consultants (contaminated land); analytical laboratories; remediation / excavation contractors; environmental law,METADATA_SUFFICIENT,NO,Rule-based. 28 § remediation notification: consultant and contractor already engaged when notified.
Dalarna,6975-2026,5579177,2026-08-12,Handläggning,,"Anmälan om efterbehandlingsåtgärd enligt 28 § förordning och miljöfarlig verksamhet och hälsoskydd, f d Gotthard Aluminium AB, Avesta kommun",Avesta,6975-2026-4,,2026-08-26,Beslut om försiktighetsmått avseende markarbeten inom objektet Fd Gotthard aluminium,Personuppgift,CONTAMINATED_SITE_SUPERVISION,YES,Gotthard Aluminium AB,COMPANY,REMEDIATION_NOTIFIED,CONTAMINATED_LAND,HIGH,HIGH,SPECIFIC,LATE,MEDIUM,environmental consultants (contaminated land); analytical laboratories; remediation / excavation contractors; environmental law,METADATA_SUFFICIENT,NO,Rule-based. 28 § remediation notification: consultant and contractor already engaged when notified.
Dalarna,7059-2026,5581375,2026-08-13,Avslutat,2026-09-04,"Klagomål på vibrationer, Boliden Mineral AB, Hedemora kommun",Hedemora,7059-2026-4,,2026-09-04,Tjänsteanteckning vid besiktning/tillsyn,Personuppgift,COMPLAINT,PARTIAL,Boliden Mineral AB,COMPANY,INSPECTION_REPORT,GENERAL_SUPERVISION,MEDIUM,MEDIUM,GENERIC,TIMELY,MEDIUM,environmental consultants (compliance / egenkontroll); EHS software,DOCUMENT_REQUIRED,NO,"Rule-based. Inspection report content (deficiencies, demands) not visible in metadata; document required."
Dalarna,7064-2026,5581495,2026-08-17,Handläggning,,Redovisning av förslag på kontrollprogram för Avliksdeponin,Falun,7064-2026-2,,2026-08-25,Begäran om komplettering av Provtagningsprogram för Alvik,Personuppgift,DIRECT_SUPERVISION,YES,Actic paper Grycksbo AB,COMPANY,CONTROL_PROGRAMME,WASTE,MEDIUM,MEDIUM,SPECIFIC,TIMELY,MEDIUM,waste management consultants; waste handling equipment; environmental law,DOCUMENT_WOULD_IMPROVE,NO,Reviewed. Arctic Paper asked to complete a sampling programme for a landfill; consultant work likely.
Dalarna,7106-2026,5582917,2026-08-18,Handläggning,,"Anmälan om klagomål gällande buller från Ovako Bar AB, Smedjebackens kommun",Smedjebacken,7106-2026-1,,2026-08-18,"Anmälan om klagomål gällande buller från Ovako, Smedjebackens kommun",Personuppgift,COMPLAINT,PARTIAL,Ovako Bar AB,COMPANY,COMPLAINT_RECEIVED,NOISE,LOW,MEDIUM,SPECIFIC,EARLY,MEDIUM,acoustic consultants; noise abatement suppliers,DOCUMENT_WOULD_IMPROVE,NO,"Reviewed. Noise complaint against Ovako; a later handling says a noise survey will be carried out, i.e. consultant engaged after this date."
Dalarna,7266-2026,5588114,2026-08-25,Avslutat,2026-09-04,"Anmälan om driftsstörning vid Outokumpu Stainless AB, Överskridande av riktvärde för oljeindex i dagvatten från skrotgård (5,9 mg/L).Riktvärdet är 5 mg/L, Avesta kommun",Avesta,7266-2026-1,,2026-08-25,"Anmälan om driftsstörning vid Outokumpu Stainless AB, Överskridande av riktvärde för oljeindex i dagvatten från skrotgård (5,9 mg/L).Riktvärdet är 5 mg/L, Avesta kommun",Personuppgift,ENVIRONMENTAL_INCIDENT,PARTIAL,Outokumpu Stainless AB,COMPANY,INCIDENT_REPORT,STORMWATER_PROCESS_WATER,MEDIUM,MEDIUM,SPECIFIC,TIMELY,MEDIUM,stormwater / water treatment consultants; oil separator & filtration suppliers; labs,DOCUMENT_WOULD_IMPROVE,NO,Rule-based. Operator self-report; corrective action usually already handled in-house or via existing service partner.
Dalarna,7301-2026,5588870,2026-08-25,Handläggning,,"Anmälan om avhjälpandeåtgärder enligt 28 § förordning om miljöfarlig verksamhet och hälsoskydd för hantering och provtagning av massor inför bygget av centralbron, Falu kommun",Falun,7301-2026-1,,2026-08-25,"Anmälan om avhjälpandeåtgärder enligt 28 § förordning om miljöfarlig verksamhet och hälsoskydd för hantering och provtagning av massor inför bygget av centralbron, Falu kommun",Falu kommun,CONTAMINATED_SITE_SUPERVISION,YES,Falu kommun,PUBLIC_BODY,REMEDIATION_NOTIFIED,CONTAMINATED_LAND,HIGH,HIGH,SPECIFIC,LATE,MEDIUM,environmental consultants (contaminated land); analytical laboratories; remediation / excavation contractors; environmental law,METADATA_SUFFICIENT,NO,Rule-based. 28 § remediation notification: consultant and contractor already engaged when notified.
Dalarna,7441-2026,5593470,2026-08-31,Handläggning,,"Anmälan om driftsstörning vid Ovako Bar AB Smedjebacken, släckvatten efter brand under ugn i stålverk, Smedjebacken kommun",Smedjebacken,7441-2026-1,,2026-08-31,"Anmälan om driftsstörning vid Ovako Bar AB Smedjebacken, släckvatten efter brand under ugn i stålverk, Smedjebacken kommun",Personuppgift,ENVIRONMENTAL_INCIDENT,PARTIAL,Ovako Bar AB,COMPANY,INCIDENT_REPORT,FIRE,MEDIUM,MEDIUM,SPECIFIC,TIMELY,MEDIUM,fire protection consultants & equipment; insurance-driven remediation,DOCUMENT_WOULD_IMPROVE,NO,Rule-based. Operator self-report; corrective action usually already handled in-house or via existing service partner.
Dalarna,7480-2026,5594873,2026-08-31,Handläggning,,"Anmälan om avhjälpandeåtgärder i förorenad mark enligt 28 § förordning om miljöfarlig verksamhet och hälsoskydd gällande schaktning i förorenat område vid vårt borrkärnsarkiv, Hedemora kommun",Handlingar,7480-2026-1,,2026-08-31,"Anmälan om avhjälpandeåtgärder i förorenad mark enligt 28 § förordning om miljöfarlig verksamhet och hälsoskydd gällande schaktning i förorenat område vid vårt borrkärnsarkiv, Hedemora kommun",Personuppgift,CONTAMINATED_SITE_SUPERVISION,YES,Boliden Mineral AB,COMPANY,REMEDIATION_NOTIFIED,CONTAMINATED_LAND,HIGH,HIGH,SPECIFIC,LATE,MEDIUM,environmental consultants (contaminated land); analytical laboratories; remediation / excavation contractors; environmental law,METADATA_SUFFICIENT,NO,Rule-based. 28 § remediation notification: consultant and contractor already engaged when notified.
Dalarna,7480-2026,5594873,2026-08-31,Handläggning,,"Anmälan om avhjälpandeåtgärder i förorenad mark enligt 28 § förordning om miljöfarlig verksamhet och hälsoskydd gällande schaktning i förorenat område vid vårt borrkärnsarkiv, Hedemora kommun",Handlingar,7480-2026-2,,2026-09-04,Föreläggande om försiktighetsmått vid schaktarbeten vid borrkärnsarkivet,Boliden Mineral AB,CONTAMINATED_SITE_SUPERVISION,YES,Boliden Mineral AB,COMPANY,ENFORCEMENT_ORDER,CONTAMINATED_LAND,HIGH,MEDIUM,SPECIFIC,LATE,MEDIUM,environmental consultants (contaminated land); analytical laboratories; remediation / excavation contractors; environmental law,DOCUMENT_WOULD_IMPROVE,NO,Reviewed. Precaution order on Boliden drill-core archive excavation; LATE.
Dalarna,7480-2026,5594873,2026-08-31,Handläggning,,"Anmälan om avhjälpandeåtgärder i förorenad mark enligt 28 § förordning om miljöfarlig verksamhet och hälsoskydd gällande schaktning i förorenat område vid vårt borrkärnsarkiv, Hedemora kommun",Handlingar,7480-2026-4,,2026-09-18,Meddelande om start av efterbehandling,Boliden Mineral AB,CONTAMINATED_SITE_SUPERVISION,YES,Boliden Mineral AB,COMPANY,REMEDIATION_NOTIFIED,CONTAMINATED_LAND,HIGH,HIGH,SPECIFIC,LATE,MEDIUM,environmental consultants (contaminated land); analytical laboratories; remediation / excavation contractors; environmental law,METADATA_SUFFICIENT,NO,Rule-based. 28 § remediation notification: consultant and contractor already engaged when notified.
Dalarna,7777-2026,5604214,2026-09-09,Handläggning,,"Planerat tillsynsbesök på Boliden Mineral AB, sevesolagstiftningen, Hedemora kommun",Hedemora,7777-2026-2,,2026-09-11,"Meddelande om dagordning, Boliden Mineral AB",Boliden Mineral AB,DIRECT_SUPERVISION,YES,Boliden Mineral AB,COMPANY,SUPERVISION_VISIT_SCHEDULED,CHEMICALS_SEVESO,LOW,MEDIUM,GENERIC,EARLY,MEDIUM,Seveso / process-safety consultants; chemical storage & containment suppliers; fire protection,DOCUMENT_WOULD_IMPROVE,NO,Rule-based. Planned visit; possible pre-visit compliance need but no concrete problem in metadata.
Dalarna,8252-2026,5620889,2026-09-21,Handläggning,,"Anmälan om driftstörning, oljespill, Hedboberget, turbin 7, 14, 15, Rättviks kommun",Handlingar,8252-2026-1,,2026-09-21,"Anmälan om driftstörning, oljespill, Hedboberget, turbin 7, 14, 15, Rättviks kommun",OX2,ENVIRONMENTAL_INCIDENT,PARTIAL,OX2,ORG_NAMED,INCIDENT_REPORT,SPILL_LEAK,MEDIUM,MEDIUM,SPECIFIC,TIMELY,MEDIUM,spill response & remediation contractors; containment equipment; environmental consultants,DOCUMENT_WOULD_IMPROVE,NO,Rule-based. Operator self-report; corrective action usually already handled in-house or via existing service partner.
Dalarna,8290-2026,5622202,2026-09-22,Handläggning,,"Anmälan om driftsstörning vid Vindkraft Svartnäsområdet, Oljeläckage, vid verk 1, Falun kommun",Falun,8290-2026-1,,2026-09-22,"Anmälan om driftsstörning vid Vindkraft Svartnäsområdet, Oljeläckage, Falun kommun",Personuppgift,ENVIRONMENTAL_INCIDENT,PARTIAL,Svartnäs Vindkraft AB,COMPANY,INCIDENT_REPORT,SPILL_LEAK,MEDIUM,MEDIUM,SPECIFIC,TIMELY,MEDIUM,spill response & remediation contractors; containment equipment; environmental consultants,DOCUMENT_WOULD_IMPROVE,NO,Rule-based. Operator self-report; corrective action usually already handled in-house or via existing service partner.
Dalarna,8355-2026,5624096,2026-09-23,Handläggning,,"Anmälan om driftsstörning vid Vindkraft Svartnäsområdet, Ett oljespill vid verk 30, Falun kommun",Falun,8355-2026-1,,2026-09-23,"Anmälan om driftsstörning vid Vindkraft Svartnäsområdet, Ett oljespill vid verk 30, Falun kommun",Personuppgift,ENVIRONMENTAL_INCIDENT,PARTIAL,Svartnäs Vindkraft AB,COMPANY,INCIDENT_REPORT,SPILL_LEAK,MEDIUM,MEDIUM,SPECIFIC,TIMELY,MEDIUM,spill response & remediation contractors; containment equipment; environmental consultants,DOCUMENT_WOULD_IMPROVE,NO,Rule-based. Operator self-report; corrective action usually already handled in-house or via existing service partner.
Halland,5395-2026,5579583,2026-07-03,Handläggning,,Rapport om kvartalsrapport nr 2 för Sanering Renen,Handlingar,5395-2026-1,,2026-07-03,Rapport om kvartalsrapport nr 2 för Sanering Renen,Personuppgift,CONTAMINATED_SITE_SUPERVISION,YES,Varbergs kommun,PUBLIC_BODY,REMEDIATION_NOTIFIED,CONTAMINATED_LAND,HIGH,HIGH,SPECIFIC,LATE,MEDIUM,environmental consultants (contaminated land); analytical laboratories; remediation / excavation contractors; environmental law,METADATA_SUFFICIENT,NO,Rule-based. 28 § remediation notification: consultant and contractor already engaged when notified.
Halland,6447-2026,5611218,2026-09-10,Handläggning,,Meddelande om klagomål,Handlingar,6447-2026-2,,2026-09-18,Tjänsteanteckning om platsbesök,Länsstyrelsen i Hallands län,COMPLAINT,PARTIAL,Stena Recycling AB,COMPANY,INSPECTION_REPORT,UNKNOWN,MEDIUM,MEDIUM,GENERIC,TIMELY,MEDIUM,-,DOCUMENT_REQUIRED,NO,"Rule-based. Inspection report content (deficiencies, demands) not visible in metadata; document required."
Jönköping,6025-2026,5578146,2026-08-11,Handläggning,,"Anmälan om avhjälpandeåtgärder, Vetlanda kommun",Vetlanda,6025-2026-1,,2026-08-11,"Anmälan om avhjälpandeåtgärder, Vetlanda kommun",Feralco Nordic AB,CONTAMINATED_SITE_SUPERVISION,YES,Feralco Nordic AB,COMPANY,REMEDIATION_NOTIFIED,CONTAMINATED_LAND,HIGH,HIGH,SPECIFIC,LATE,MEDIUM,environmental consultants (contaminated land); analytical laboratories; remediation / excavation contractors; environmental law,METADATA_SUFFICIENT,NO,Rule-based. 28 § remediation notification: consultant and contractor already engaged when notified.
Jönköping,6025-2026,5578146,2026-08-11,Handläggning,,"Anmälan om avhjälpandeåtgärder, Vetlanda kommun",Vetlanda,6025-2026-2,,2026-08-31,Meddelande synpunkter på provtagningsplan anmälan om avhjälpandeåtgärd utlastning Feralco,Personuppgift,CONTAMINATED_SITE_SUPERVISION,YES,Feralco Nordic AB,COMPANY,REMEDIATION_NOTIFIED,CONTAMINATED_LAND,HIGH,HIGH,SPECIFIC,LATE,MEDIUM,environmental consultants (contaminated land); analytical laboratories; remediation / excavation contractors; environmental law,METADATA_SUFFICIENT,NO,Rule-based. 28 § remediation notification: consultant and contractor already engaged when notified.
Jönköping,6025-2026,5578146,2026-08-11,Handläggning,,"Anmälan om avhjälpandeåtgärder, Vetlanda kommun",Vetlanda,6025-2026-3,,2026-09-01,Rapport uppdaterad provtagningsplan anmälan om avhjälpandeåtgärd utlastning Feralco,Personuppgift,CONTAMINATED_SITE_SUPERVISION,YES,Feralco Nordic AB,COMPANY,REMEDIATION_NOTIFIED,CONTAMINATED_LAND,HIGH,HIGH,SPECIFIC,LATE,MEDIUM,environmental consultants (contaminated land); analytical laboratories; remediation / excavation contractors; environmental law,METADATA_SUFFICIENT,NO,Rule-based. 28 § remediation notification: consultant and contractor already engaged when notified.
Jönköping,6025-2026,5578146,2026-08-11,Handläggning,,"Anmälan om avhjälpandeåtgärder, Vetlanda kommun",Vetlanda,6025-2026-4,,2026-08-24,Meddelande kommunens synpunkter anmälan om avhjälpandeåtgärd Utlastning Feralco,Personuppgift,CONTAMINATED_SITE_SUPERVISION,YES,Feralco Nordic AB,COMPANY,REMEDIATION_NOTIFIED,CONTAMINATED_LAND,HIGH,HIGH,SPECIFIC,LATE,MEDIUM,environmental consultants (contaminated land); analytical laboratories; remediation / excavation contractors; environmental law,METADATA_SUFFICIENT,NO,Rule-based. 28 § remediation notification: consultant and contractor already engaged when notified.
Jönköping,6025-2026,5578146,2026-08-11,Handläggning,,"Anmälan om avhjälpandeåtgärder, Vetlanda kommun",Vetlanda,6025-2026-5,,2026-08-27,Meddelande kommunens synpunkter anmälan om avhjälpandeåtgärd Utlastning Feralco,Personuppgift,CONTAMINATED_SITE_SUPERVISION,YES,Feralco Nordic AB,COMPANY,REMEDIATION_NOTIFIED,CONTAMINATED_LAND,HIGH,HIGH,SPECIFIC,LATE,MEDIUM,environmental consultants (contaminated land); analytical laboratories; remediation / excavation contractors; environmental law,METADATA_SUFFICIENT,NO,Rule-based. 28 § remediation notification: consultant and contractor already engaged when notified.
Jönköping,6025-2026,5578146,2026-08-11,Handläggning,,"Anmälan om avhjälpandeåtgärder, Vetlanda kommun",Vetlanda,6025-2026-6,,2026-09-09,"Beslut enligt 28§ anmälan om avhjälpandeåtgärd vid Feralco Nordic AB (EBH-id 153882), Vetlanda kommun",Personuppgift,CONTAMINATED_SITE_SUPERVISION,YES,Feralco Nordic AB,COMPANY,REMEDIATION_NOTIFIED,CONTAMINATED_LAND,HIGH,HIGH,SPECIFIC,LATE,MEDIUM,environmental consultants (contaminated land); analytical laboratories; remediation / excavation contractors; environmental law,METADATA_SUFFICIENT,NO,Rule-based. 28 § remediation notification: consultant and contractor already engaged when notified.
Jönköping,6129-2026,5581872,2026-08-17,Avslutat,2026-09-15,"Planerat tillsynsbesök på IED-verksamhet, Jönköpings kommun",Jönköping,6129-2026-2,,2026-09-15,Tillsynsrapport efter tillsynsbesök,Personuppgift,DIRECT_SUPERVISION,YES,Husqvarna AB,COMPANY,INSPECTION_REPORT,GENERAL_SUPERVISION,MEDIUM,MEDIUM,GENERIC,TIMELY,MEDIUM,environmental consultants (compliance / egenkontroll); EHS software,DOCUMENT_REQUIRED,NO,"Rule-based. Inspection report content (deficiencies, demands) not visible in metadata; document required."
Jönköping,6829-2026,5603476,2026-09-08,Avslutat,2026-09-14,"Rapport efter tillsynsbesök, Nässjö kommun",Nässjö,6829-2026-2,,2026-09-14,Tillsynsrapport,Personuppgift,DIRECT_SUPERVISION,YES,BMR Produkter AB,COMPANY,INSPECTION_REPORT,GENERAL_SUPERVISION,MEDIUM,MEDIUM,GENERIC,TIMELY,MEDIUM,environmental consultants (compliance / egenkontroll); EHS software,DOCUMENT_REQUIRED,NO,"Rule-based. Inspection report content (deficiencies, demands) not visible in metadata; document required."
Jönköping,6940-2026,5608045,2026-09-11,Handläggning,,"Anmälan om driftsstörning, Utsläpp av obehandlat avloppsvatten, Gislaved kommun",Gislaved,6940-2026-1,,2026-09-11,"Anmälan om driftsstörning, Utsläpp av obehandlat avloppsvatten, Gislaved kommun",Gislaveds kommun,ENVIRONMENTAL_INCIDENT,PARTIAL,Gislaveds kommun,PUBLIC_BODY,INCIDENT_REPORT,WASTEWATER,MEDIUM,MEDIUM,SPECIFIC,TIMELY,MEDIUM,"process/VA engineering consultants; treatment equipment & service (pumps, scrapers, dosing); sampling labs",DOCUMENT_WOULD_IMPROVE,NO,Rule-based. Operator self-report; corrective action usually already handled in-house or via existing service partner.
Jönköping,7137-2026,5613764,2026-09-11,Beslutat,2026-09-15,"Anmälan om driftstörning, hydrauloljeläckage, Gislaveds kommun",Gislaved,7137-2026-1,,2026-09-11,"Anmälan om driftstörning, hydrauloljeläckage, Gislaveds kommun",Trioworld Smålandsstenar AB,ENVIRONMENTAL_INCIDENT,PARTIAL,Trioworld Smålandsstenar AB,COMPANY,INCIDENT_REPORT,SPILL_LEAK,MEDIUM,MEDIUM,SPECIFIC,TIMELY,MEDIUM,spill response & remediation contractors; containment equipment; environmental consultants,DOCUMENT_WOULD_IMPROVE,NO,Rule-based. Operator self-report; corrective action usually already handled in-house or via existing service partner.
Skåne,21746-2026,5557586,2026-07-07,Avslutat,2026-08-21,"Anmälan om driftstörning vid Perstorp industripark, Köldmedia läckage på kylaggregat på Persgården, Perstorp kommun",Perstorp,21746-2026-1,,2026-07-07,"Anmälan om driftstörning vid Perstorp industripark, Köldmedia läckage på kylaggregat på Persgården, Perstorp kommun",Personuppgift,ENVIRONMENTAL_INCIDENT,PARTIAL,Perstorp specialty chemicals ab,COMPANY,INCIDENT_REPORT,SPILL_LEAK,MEDIUM,MEDIUM,SPECIFIC,TIMELY,MEDIUM,spill response & remediation contractors; containment equipment; environmental consultants,DOCUMENT_WOULD_IMPROVE,NO,Rule-based. Operator self-report; corrective action usually already handled in-house or via existing service partner.
Skåne,23098-2026,5569284,2026-07-25,Handläggning,,Klagomål på bullernivå i Trelleborgs hamn i Trelleborgs komun,Trelleborg,23098-2026-1,,2026-07-25,Klagomål på bullernivå i Trelleborgs hamn i Trelleborgs komun,Personuppgift,COMPLAINT,PARTIAL,Trelleborgs Hamn AB,COMPANY,COMPLAINT_RECEIVED,NOISE,LOW,MEDIUM,SPECIFIC,EARLY,MEDIUM,acoustic consultants; noise abatement suppliers,DOCUMENT_WOULD_IMPROVE,NO,Reviewed. Noise complaint against Trelleborgs Hamn; port asked to respond.
Skåne,23282-2026,5570911,2026-07-29,Avslutat,2026-08-11,Beslut om miljösanktionsavgift,Handlingar,23282-2026-2,,2026-07-29,"Underrättelse om miljösanktionsavgift, möjlighet till yttrande senast 2026-08-13",Oatly Sweden Operations & Supply AB,DIRECT_SUPERVISION,YES,Oatly Sweden Operations & Supply AB,COMPANY,SANCTION_FEE,UNKNOWN,HIGH,LOW,SPECIFIC,TIMELY,MEDIUM,-,METADATA_SUFFICIENT,NO,Reviewed. Sanction fee notice to Oatly; violation unknown.
Skåne,23324-2026,5571329,2026-07-30,Handläggning,,"Beslut om statsbidrag för ansvarsutredning utifrån särskilda skäl för det förorenade området Wennerts väg i Arlöv och f d skrot i Arlöv, Burlövs kommun",Handlingar,23324-2026-2,,2026-08-18,"Beslut om statsbidrag för ansvarutredning utifrån särskilda skäl för det förorenade området Wennerts väg i Arlöv och f d skrot i Arlöv, Burlövs kommun",Burlövs kommun,CONTAMINATED_SITE_SUPERVISION,YES,Burlövs kommun,PUBLIC_BODY,GRANT_APPLICATION,CONTAMINATED_LAND,LOW,MEDIUM,SPECIFIC,EARLY,MEDIUM,environmental consultants (contaminated land); analytical laboratories; remediation / excavation contractors; environmental law,DOCUMENT_WOULD_IMPROVE,NO,Reviewed. State grant awarded to Burlövs kommun for a liability investigation: consultant procurement follows.
Skåne,23355-2026,5571533,2026-07-30,Handläggning,,"Anmälan om avhjälpandeåtgärder om grävningsarbeten som planeras utföras på Plasmaanläggningen i Landskrona, Landskrona kommun",Landskrona,23355-2026-1,,2026-07-30,"Anmälan om avhjälpandeåtgärder om grävningsarbeten som planeras utföras på Plasmaanläggningen i Landskrona, Landskrona kommun",Befesa Circular Alloys Sweden AB,CONTAMINATED_SITE_SUPERVISION,YES,Befesa Circular Alloys Sweden AB,COMPANY,REMEDIATION_NOTIFIED,CONTAMINATED_LAND,HIGH,HIGH,SPECIFIC,LATE,MEDIUM,environmental consultants (contaminated land); analytical laboratories; remediation / excavation contractors; environmental law,METADATA_SUFFICIENT,NO,Rule-based. 28 § remediation notification: consultant and contractor already engaged when notified.
Skåne,23355-2026,5571533,2026-07-30,Handläggning,,"Anmälan om avhjälpandeåtgärder om grävningsarbeten som planeras utföras på Plasmaanläggningen i Landskrona, Landskrona kommun",Landskrona,23355-2026-2,,2026-08-04,Beslut om Anmälan om grävningsarbete på Plasmaanläggningen i Landskrona,Befesa Circular Alloys Sweden AB,CONTAMINATED_SITE_SUPERVISION,YES,Befesa Circular Alloys Sweden AB,COMPANY,REMEDIATION_NOTIFIED,CONTAMINATED_LAND,HIGH,HIGH,SPECIFIC,LATE,MEDIUM,environmental consultants (contaminated land); analytical laboratories; remediation / excavation contractors; environmental law,METADATA_SUFFICIENT,NO,Rule-based. 28 § remediation notification: consultant and contractor already engaged when notified.
Skåne,23920-2026,5576446,2026-08-09,Handläggning,,"Klagomål på buller från Kemira Kemi AB, Helsingborgs kommun",Helsingborg,23920-2026-1,,2026-08-09,Klagomål på buller från Kemira kemi,Personuppgift,COMPLAINT,PARTIAL,Kemira Kemi AB,COMPANY,COMPLAINT_RECEIVED,NOISE,LOW,MEDIUM,SPECIFIC,EARLY,MEDIUM,acoustic consultants; noise abatement suppliers,DOCUMENT_WOULD_IMPROVE,NO,Reviewed. Noise complaint against Kemira Kemi; Länsstyrelsen asked for a statement 2026-08-20. Acoustic consultant plausible only if measurements are demanded.
Skåne,23920-2026,5576446,2026-08-09,Handläggning,,"Klagomål på buller från Kemira Kemi AB, Helsingborgs kommun",Helsingborg,23920-2026-4,,2026-09-01,Yttrande över klagomål,Kemira Kemi AB,COMPLAINT,PARTIAL,Kemira Kemi AB,COMPANY,COMPLAINT_RECEIVED,NOISE,LOW,MEDIUM,GENERIC,EARLY,MEDIUM,acoustic consultants; noise abatement suppliers,DOCUMENT_WOULD_IMPROVE,NO,Rule-based. Complaint entry; only becomes a purchase if Länsstyrelsen demands measurements or measures.
Skåne,24195-2026,5578953,2026-08-12,Avslutat,2026-09-22,"Anmälan om driftstörning - Utsläpp av BOD7, Kristianstads Mejeri AB, Kristianstads kommun",Kristianstad,24195-2026-1,,2026-08-12,"Anmälan om driftstörning - Utsläpp, Kristianstads kommun",Skånemejerier,ENVIRONMENTAL_INCIDENT,PARTIAL,Kristianstads Mejeri AB,COMPANY,INCIDENT_REPORT,WASTEWATER,MEDIUM,MEDIUM,SPECIFIC,TIMELY,MEDIUM,"process/VA engineering consultants; treatment equipment & service (pumps, scrapers, dosing); sampling labs",DOCUMENT_WOULD_IMPROVE,NO,Rule-based. Operator self-report; corrective action usually already handled in-house or via existing service partner.
Skåne,24875-2026,5585594,2026-08-20,Handläggning,,"Anmälan om driftsstörning vid Sysavs avfallsförbränningsanläggning, Förhöjd halt Hg i rökgaser linje 4, Malmö kommun",Malmö,24875-2026-1,,2026-08-21,"Anmälan om driftsstörning vid Sysavs avfallsförbränningsanläggning, Förhöjd halt Hg i rökgaser linje 4, Malmö kommun",Personuppgift,ENVIRONMENTAL_INCIDENT,PARTIAL,Sysav,ORG_NAMED,INCIDENT_REPORT,AIR_EMISSIONS,MEDIUM,MEDIUM,SPECIFIC,TIMELY,MEDIUM,emission measurement firms (accredited); flue-gas treatment & filter suppliers; process consultants,DOCUMENT_WOULD_IMPROVE,NO,Rule-based. Operator self-report; corrective action usually already handled in-house or via existing service partner.
Skåne,24875-2026,5585594,2026-08-20,Handläggning,,"Anmälan om driftsstörning vid Sysavs avfallsförbränningsanläggning, Förhöjd halt Hg i rökgaser linje 4, Malmö kommun",Malmö,24875-2026-3,,2026-08-20,"Anmälan om driftsstörning vid Sysavs avfallsförbränningsanläggning, Förhöjd halt Hg i rökgaser linje 4, Malmö kommun",Sysav,ENVIRONMENTAL_INCIDENT,PARTIAL,Sysav,ORG_NAMED,INCIDENT_REPORT,AIR_EMISSIONS,MEDIUM,MEDIUM,SPECIFIC,TIMELY,MEDIUM,emission measurement firms (accredited); flue-gas treatment & filter suppliers; process consultants,DOCUMENT_WOULD_IMPROVE,NO,Rule-based. Operator self-report; corrective action usually already handled in-house or via existing service partner.
Skåne,24875-2026,5585594,2026-08-20,Handläggning,,"Anmälan om driftsstörning vid Sysavs avfallsförbränningsanläggning, Förhöjd halt Hg i rökgaser linje 4, Malmö kommun",Malmö,24875-2026-4,,2026-08-22,"Anmälan om driftsstörning vid Sysavs avfallsförbränningsanläggning, Förhöjd halt Hg i rökgaser linje 4, Malmö kommun",Personuppgift,ENVIRONMENTAL_INCIDENT,PARTIAL,Sysav,ORG_NAMED,INCIDENT_REPORT,AIR_EMISSIONS,MEDIUM,MEDIUM,SPECIFIC,TIMELY,MEDIUM,emission measurement firms (accredited); flue-gas treatment & filter suppliers; process consultants,DOCUMENT_WOULD_IMPROVE,NO,Rule-based. Operator self-report; corrective action usually already handled in-house or via existing service partner.
Skåne,24884-2026,5585645,2026-08-21,Avslutat,2026-09-16,"Planerat tillsynsbesök på Gungekulla, Osby kommun",Osby,24884-2026-2,,2026-09-16,Tillsynsrapport efter tillsynsbesök 2026-08-19,Personuppgift,DIRECT_SUPERVISION,YES,Killebergs Torvindustri AB,COMPANY,INSPECTION_REPORT,GENERAL_SUPERVISION,MEDIUM,MEDIUM,GENERIC,TIMELY,MEDIUM,environmental consultants (compliance / egenkontroll); EHS software,DOCUMENT_REQUIRED,NO,"Rule-based. Inspection report content (deficiencies, demands) not visible in metadata; document required."
Skåne,24941-2026,5586005,2026-08-21,Avslutat,2026-09-24,"Anmälan om driftsstörning vid Steglinge AB, Läckage köldmedium., Höganäs kommun",Höganäs,24941-2026-1,,2026-08-21,"Anmälan om driftsstörning vid Steglinge AB, Läckage köldmedium., Höganäs kommun",Personuppgift,ENVIRONMENTAL_INCIDENT,PARTIAL,Steglinge AB,COMPANY,INCIDENT_REPORT,SPILL_LEAK,MEDIUM,MEDIUM,SPECIFIC,TIMELY,MEDIUM,spill response & remediation contractors; containment equipment; environmental consultants,DOCUMENT_WOULD_IMPROVE,NO,Rule-based. Operator self-report; corrective action usually already handled in-house or via existing service partner.
Skåne,24968-2026,5586137,2026-08-21,Handläggning,,"Anmälan om driftsstörning vid Sylvamo Sweden AB, Överskridande av validerat utsläppsvärde gällande SO2-halt på SMV-pannan, Bromölla kommun",Bromölla,24968-2026-1,,2026-08-21,"Anmälan om driftsstörning vid Sylvamo Sweden AB, Överskridande av validerat utsläppsvärde gällande SO2-halt på SMV-pannan, Bromölla kommun",Personuppgift,ENVIRONMENTAL_INCIDENT,PARTIAL,Sylvamo Sweden AB,COMPANY,INCIDENT_REPORT,AIR_EMISSIONS,MEDIUM,MEDIUM,SPECIFIC,TIMELY,MEDIUM,emission measurement firms (accredited); flue-gas treatment & filter suppliers; process consultants,DOCUMENT_WOULD_IMPROVE,NO,Reviewed. SO2 emission limit exceeded at Sylvamo; measurement/process consultant plausible.
Skåne,25229-2026,5588587,2026-08-25,Avslutat,2026-09-24,"Anmälan om driftsstörning vid Steglinge AB, Läckage köldmedium., Höganäs kommun",Höganäs,25229-2026-1,,2026-08-25,"Anmälan om driftsstörning vid Steglinge AB, Läckage köldmedium., Höganäs kommun",Personuppgift,ENVIRONMENTAL_INCIDENT,PARTIAL,Steglinge AB,COMPANY,INCIDENT_REPORT,SPILL_LEAK,MEDIUM,MEDIUM,SPECIFIC,TIMELY,MEDIUM,spill response & remediation contractors; containment equipment; environmental consultants,DOCUMENT_WOULD_IMPROVE,NO,Rule-based. Operator self-report; corrective action usually already handled in-house or via existing service partner.
Skåne,25243-2026,5588664,2026-08-25,Avslutat,2026-09-03,"Anmälan om driftsstörning vid Ystad Hamn Logistik AB, Dieselutsläpp från lastbil, Ystad kommun",Ystad,25243-2026-1,,2026-08-25,"Anmälan om driftsstörning vid Ystad Hamn Logistik AB, Dieselutsläpp från lastbil, Ystad kommun",Personuppgift,ENVIRONMENTAL_INCIDENT,PARTIAL,Ystad Hamn Logistik AB,COMPANY,INCIDENT_REPORT,UNKNOWN,MEDIUM,MEDIUM,SPECIFIC,TIMELY,MEDIUM,-,DOCUMENT_WOULD_IMPROVE,NO,Rule-based. Operator self-report; corrective action usually already handled in-house or via existing service partner.
Skåne,25337-2026,5589769,2026-08-25,Handläggning,,"Klagomål på buller från täktverksamhet vid Äskeröd, Höörs kommun",Höör,25337-2026-1,,2026-08-25,Klagomål på buller,Personuppgift,COMPLAINT,PARTIAL,Skåne Grus AB,COMPANY,COMPLAINT_RECEIVED,NOISE,LOW,MEDIUM,SPECIFIC,EARLY,MEDIUM,acoustic consultants; noise abatement suppliers,DOCUMENT_WOULD_IMPROVE,NO,Rule-based. Complaint entry; only becomes a purchase if Länsstyrelsen demands measurements or measures.
Skåne,25551-2026,5591688,2026-08-25,Handläggning,,"Planerat tillsynsbesök på Orkla Foods Sverige AB, Eslövs kommun",Eslöv,25551-2026-2,,2026-08-25,Förfrågan om mätning av vattenflöde,Personuppgift,DIRECT_SUPERVISION,YES,Orkla Foods Sverige AB,COMPANY,INFORMATION_REQUEST,WASTEWATER,MEDIUM,MEDIUM,SPECIFIC,TIMELY,MEDIUM,"process/VA engineering consultants; treatment equipment & service (pumps, scrapers, dosing); sampling labs",DOCUMENT_WOULD_IMPROVE,NO,Reviewed. Länsstyrelsen asks Orkla Foods about water-flow measurement in connection with a planned visit; measurement supplier plausible.
Skåne,26389-2026,5599266,2026-09-03,Avslutat,2026-09-08,"Planerat tillsynsbesök på Gert Strand AB, Svedala kommun",Svedala,26389-2026-2,,2026-09-08,Tillsynsrapport,Personuppgift,DIRECT_SUPERVISION,YES,Gert Strand AB,COMPANY,INSPECTION_REPORT,GENERAL_SUPERVISION,MEDIUM,MEDIUM,GENERIC,TIMELY,MEDIUM,environmental consultants (compliance / egenkontroll); EHS software,DOCUMENT_REQUIRED,NO,"Rule-based. Inspection report content (deficiencies, demands) not visible in metadata; document required."
Skåne,26593-2026,5601347,2026-09-07,Avslutat,2026-09-15,"Anmälan om driftsstörning vid Osby reningsverk, Haveri Skrapspel, Osby kommun",Osby,26593-2026-1,,2026-09-07,"Anmälan om driftsstörning vid Osby reningsverk, Haveri Skrapspel, Osby kommun",Personuppgift,ENVIRONMENTAL_INCIDENT,PARTIAL,Skåne Blekinge Vattentjänst AB,COMPANY,INCIDENT_REPORT,WASTEWATER,MEDIUM,MEDIUM,SPECIFIC,TIMELY,MEDIUM,"process/VA engineering consultants; treatment equipment & service (pumps, scrapers, dosing); sampling labs",DOCUMENT_WOULD_IMPROVE,NO,Reviewed. Scraper failure at Osby WWTP; repair is a purchase but almost certainly ordered before the report was diarised.
Skåne,26597-2026,5601440,2026-09-07,Avslutat,2026-09-11,"Anmälan om driftsstörning vid Lönsboda avloppsreningsverk, Haveri Långsaminblandning fällningskemikalie, Osby kommun",Osby,26597-2026-1,,2026-09-07,"Anmälan om driftsstörning vid Lönsboda avloppsreningsverk, Haveri Långsaminblandning fällningskemikalie, Osby kommun",Personuppgift,ENVIRONMENTAL_INCIDENT,PARTIAL,Skåne Blekinge Vattentjänst AB,COMPANY,INCIDENT_REPORT,CHEMICALS_SEVESO,MEDIUM,MEDIUM,SPECIFIC,TIMELY,MEDIUM,Seveso / process-safety consultants; chemical storage & containment suppliers; fire protection,DOCUMENT_WOULD_IMPROVE,NO,Rule-based. Operator self-report; corrective action usually already handled in-house or via existing service partner.
Skåne,27631-2026,5610550,2026-09-14,Handläggning,,"Anmälan om driftsstörning vid MP-anläggningen, Mindre utsläpp av ML60, Perstorp kommun",Perstorp,27631-2026-1,,2026-09-14,"Anmälan om driftsstörning vid MP-anläggningen, Mindre utsläpp av ML60, Perstorp kommun",Personuppgift,ENVIRONMENTAL_INCIDENT,PARTIAL,Perstorp Specialty Chemicals AB,COMPANY,INCIDENT_REPORT,UNKNOWN,MEDIUM,MEDIUM,SPECIFIC,TIMELY,MEDIUM,-,DOCUMENT_WOULD_IMPROVE,NO,Rule-based. Operator self-report; corrective action usually already handled in-house or via existing service partner.
Skåne,27965-2026,5613282,2026-09-16,Avslutat,2026-09-22,"Anmälan om driftstörning - utsläpp av BOD7, Kristianstads Mejeri AB",Kristianstad,27965-2026-1,,2026-09-16,"Anmälan om driftstörning - utsläpp av BOD7, Kristianstads Mejeri AB",Skånemejerier,ENVIRONMENTAL_INCIDENT,PARTIAL,Kristianstads Mejeri AB,COMPANY,INCIDENT_REPORT,WASTEWATER,MEDIUM,MEDIUM,SPECIFIC,TIMELY,MEDIUM,"process/VA engineering consultants; treatment equipment & service (pumps, scrapers, dosing); sampling labs",DOCUMENT_WOULD_IMPROVE,NO,Rule-based. Operator self-report; corrective action usually already handled in-house or via existing service partner.
Skåne,28014-2026,5613755,2026-09-16,Handläggning,,"Anmälan om driftsstörning vid Filbornaverket, Förhöjd kvicksilverhalt i rökgaserna, Helsingborg kommun",Helsingborg,28014-2026-1,,2026-09-16,"Anmälan om driftsstörning vid Filbornaverket, Förhöjd kvicksilverhalt i rökgaserna, Helsingborg kommun",Personuppgift,ENVIRONMENTAL_INCIDENT,PARTIAL,Öresundskraft Kraft & Värme AB,COMPANY,INCIDENT_REPORT,AIR_EMISSIONS,MEDIUM,MEDIUM,SPECIFIC,TIMELY,MEDIUM,emission measurement firms (accredited); flue-gas treatment & filter suppliers; process consultants,DOCUMENT_WOULD_IMPROVE,NO,Reviewed. Elevated mercury in flue gas at Filbornaverket (self-report); flue-gas treatment/measurement suppliers plausible but operator handles via existing partners.
Skåne,28255-2026,5615674,2026-09-17,Handläggning,,"Anmälan om driftsstörning vid Sysavs avfallsförbränningsanläggning, Förhöjd halt TOC i processavloppsvatten Linje 4, Malmö kommun",Malmö,28255-2026-1,,2026-09-17,"Anmälan om driftsstörning vid Sysavs avfallsförbränningsanläggning, Förhöjd halt TOC i processavloppsvatten Linje 4, Malmö kommun",Personuppgift,ENVIRONMENTAL_INCIDENT,PARTIAL,Sysav,ORG_NAMED,INCIDENT_REPORT,WASTEWATER,MEDIUM,MEDIUM,SPECIFIC,TIMELY,MEDIUM,"process/VA engineering consultants; treatment equipment & service (pumps, scrapers, dosing); sampling labs",DOCUMENT_WOULD_IMPROVE,NO,Rule-based. Operator self-report; corrective action usually already handled in-house or via existing service partner.
Stockholm,38858-2026,5565229,2026-07-13,Handläggning,,Klagomål på ljudnivåer från verksamheten Deleo AB,Ekerö,38858-2026-1,,2026-07-13,Klagomål på ljudnivåer från verksamheten Deleo AB,Personuppgift,COMPLAINT,PARTIAL,Deleo AB,COMPANY,COMPLAINT_RECEIVED,NOISE,LOW,MEDIUM,SPECIFIC,EARLY,MEDIUM,acoustic consultants; noise abatement suppliers,DOCUMENT_WOULD_IMPROVE,NO,Rule-based. Complaint entry; only becomes a purchase if Länsstyrelsen demands measurements or measures.
Stockholm,41008-2026,5576581,2026-08-10,Handläggning,,"Planerat tillsynsbesök på Väggarö 2026, Nynäshamns kommun",Nynäshamn,41008-2026-3,,2026-09-11,Tillsynsrapport efter tillsynsbesök,Personuppgift,DIRECT_SUPERVISION,YES,Nynäs-Ösmo LBC,ORG_NAMED,INSPECTION_REPORT,GENERAL_SUPERVISION,MEDIUM,MEDIUM,GENERIC,TIMELY,MEDIUM,environmental consultants (compliance / egenkontroll); EHS software,DOCUMENT_REQUIRED,NO,"Rule-based. Inspection report content (deficiencies, demands) not visible in metadata; document required."
Stockholm,41484-2026,5579311,2026-08-12,Handläggning,,"Händelsestyrt tillsynsbesök på Stockholms Bulkhamn, Nynäshamns kommun",Nynäshamn,41484-2026-3,,2026-09-10,Tillsynsrapport,Stockholms Bulkhamn,DIRECT_SUPERVISION,YES,Stockholms Bulkhamn AB,COMPANY,INSPECTION_REPORT,GENERAL_SUPERVISION,MEDIUM,MEDIUM,GENERIC,TIMELY,MEDIUM,environmental consultants (compliance / egenkontroll); EHS software,DOCUMENT_REQUIRED,NO,"Rule-based. Inspection report content (deficiencies, demands) not visible in metadata; document required."
Stockholm,42538-2026,5584733,2026-08-20,Handläggning,,"Förslag till kontrollprogram för ombyggnation av dagvattensystemet vid Tangentvägen i området Kungens kurva, Huddinge kommun",Huddinge,42538-2026-4,,2026-09-03,Begäran om förtydligande gällande åtgärdsnivå,Personuppgift,DIRECT_SUPERVISION,YES,Stockholm Vatten AB,COMPANY,INFORMATION_REQUEST,STORMWATER_PROCESS_WATER,MEDIUM,MEDIUM,SPECIFIC,TIMELY,MEDIUM,stormwater / water treatment consultants; oil separator & filtration suppliers; labs,DOCUMENT_WOULD_IMPROVE,NO,Rule-based. Request for supplementary information; content unknown.
Stockholm,42875-2026,5586657,2026-08-21,Avslutat,2026-09-15,"Anmälan om driftstörning, spill, Stockholm Arlanda Airport",Sigtuna,42875-2026-1,,2026-08-21,"Anmälan om driftstörning, spill, Stockholm Arlanda Airport",Swedavia AB,ENVIRONMENTAL_INCIDENT,PARTIAL,Swedavia AB,COMPANY,INCIDENT_REPORT,SPILL_LEAK,MEDIUM,MEDIUM,SPECIFIC,TIMELY,MEDIUM,spill response & remediation contractors; containment equipment; environmental consultants,DOCUMENT_WOULD_IMPROVE,NO,Rule-based. Operator self-report; corrective action usually already handled in-house or via existing service partner.
Stockholm,43516-2026,5589730,2026-08-26,Handläggning,,"Anmälan om driftsstörning gällande brand i lastmaskin vid Hagby återvinningsanläggning, Täby kommun",Täby,43516-2026-1,,2026-08-26,"Anmälan om driftsstörning gällande brand i lastmaskin vid Hagby återvinningsanläggning, Täby kommun",SÖRAB,ENVIRONMENTAL_INCIDENT,PARTIAL,SÖRAB,ORG_NAMED,INCIDENT_REPORT,FIRE,MEDIUM,MEDIUM,SPECIFIC,TIMELY,MEDIUM,fire protection consultants & equipment; insurance-driven remediation,DOCUMENT_WOULD_IMPROVE,NO,Rule-based. Operator self-report; corrective action usually already handled in-house or via existing service partner.
Stockholm,46914-2026,5609632,2026-09-11,Handläggning,,"Utredningsprogram för förlängd prövotid avseende fosfor i dagvatten, Arlanda airport, Sigtuna kommun",Sigtuna,46914-2026-1,,2026-09-11,"Utredningsprogram för förlängd prövotid avseende fosfor i dagvatten, Arlanda airport, Sigtuna kommun",Personuppgift,DIRECT_SUPERVISION,YES,Swedavia AB,COMPANY,INVESTIGATION_REQUIRED,WASTEWATER,HIGH,HIGH,SPECIFIC,EARLY,MEDIUM,"process/VA engineering consultants; treatment equipment & service (pumps, scrapers, dosing); sampling labs",METADATA_SUFFICIENT,NO,"Reviewed. Investigation programme for phosphorus in stormwater during extended trial period; Swedavia has framework consultants, so open market value is limited."
Stockholm,47985-2026,5616089,2026-09-17,Handläggning,,"Tillsyn av vattenverksamhet vid Saltkajen enligt M3049-20, Stockholm kommun",Handlingar,47985-2026-2,,2026-09-24,Tjänsteanteckning vid besiktning/tillsyn 2026-09-16,Länsstyrelsen Stockholm,DIRECT_SUPERVISION,YES,Bonnier,ORG_NAMED,INSPECTION_REPORT,WATER_ACTIVITY,MEDIUM,MEDIUM,GENERIC,TIMELY,MEDIUM,hydrogeology / water consultants; dam safety consultants; environmental law,DOCUMENT_REQUIRED,NO,"Rule-based. Inspection report content (deficiencies, demands) not visible in metadata; document required."
Stockholm,48892-2026,5622047,2026-09-22,Handläggning,,"Anmälan om efterbehandling, Huddinge kommun",Huddinge,48892-2026-1,,2026-09-22,"Anmälan om efterbehandling, Huddinge kommun",SRV återvinning AB,CONTAMINATED_SITE_SUPERVISION,YES,SRV återvinning AB,COMPANY,REMEDIATION_NOTIFIED,CONTAMINATED_LAND,HIGH,HIGH,SPECIFIC,LATE,MEDIUM,environmental consultants (contaminated land); analytical laboratories; remediation / excavation contractors; environmental law,METADATA_SUFFICIENT,NO,Rule-based. 28 § remediation notification: consultant and contractor already engaged when notified.
Uppsala,5627-2026,5565728,2026-07-20,Avslutat,2026-08-24,Meddelande om eventuellt behov av tillsyn på vattennivåer i Vendelån,Handlingar,5627-2026-2,,2026-08-06,Tjänsteanteckning från platsbesök 6 augusti,Personuppgift,DIRECT_SUPERVISION,YES,Tierps kommun,PUBLIC_BODY,INSPECTION_REPORT,WATER_ACTIVITY,MEDIUM,MEDIUM,GENERIC,TIMELY,MEDIUM,hydrogeology / water consultants; dam safety consultants; environmental law,DOCUMENT_REQUIRED,NO,"Rule-based. Inspection report content (deficiencies, demands) not visible in metadata; document required."
Uppsala,6119-2026,5586258,2026-08-21,Avslutat,2026-09-04,"Anmälan om driftsstörning vid Slutförvaret för kortlivat radioaktivt avfall (SFR), Läckage av brandsläckningsmedel från arbetsfordon, Östhammar kommun",Östhammar,6119-2026-1,,2026-08-21,"Anmälan om driftsstörning vid Slutförvaret för kortlivat radioaktivt avfall (SFR), Läckage av brandsläckningsmedel från arbetsfordon, Östhammar kommun",Personuppgift,ENVIRONMENTAL_INCIDENT,PARTIAL,Svensk Kärnbränslehantering AB (SKB),COMPANY,INCIDENT_REPORT,SPILL_LEAK,MEDIUM,MEDIUM,SPECIFIC,TIMELY,MEDIUM,spill response & remediation contractors; containment equipment; environmental consultants,DOCUMENT_WOULD_IMPROVE,NO,Rule-based. Operator self-report; corrective action usually already handled in-house or via existing service partner.
Västernorrland,4930-2026,5557944,2026-07-07,Handläggning,,"Anmälan om driftstörning vid SCA Massa AB, Östrands massafabrik, Utsläpp av maskinrumsolja, Timrå kommun",Timrå,4930-2026-1,,2026-07-07,"Anmälan om driftstörning vid SCA Massa AB, Östrands massafabrik, Utsläpp av maskinrumsolja, Timrå kommun",SCA Massa Östrand,ENVIRONMENTAL_INCIDENT,PARTIAL,"SCA Massa AB, Östrands massafabrik",COMPANY,INCIDENT_REPORT,UNKNOWN,MEDIUM,MEDIUM,SPECIFIC,TIMELY,MEDIUM,-,DOCUMENT_WOULD_IMPROVE,NO,Rule-based. Operator self-report; corrective action usually already handled in-house or via existing service partner.
Västernorrland,5192-2026,5565029,2026-07-17,Handläggning,,Tillsyn av Sevesoanläggning,Örnsköldsvik,5192-2026-1,,2026-07-17,Meddelande om planerad Sevesotillsyn,Metsä Board Sverige AB,DIRECT_SUPERVISION,YES,Metsä Board Sverige AB,COMPANY,SUPERVISION_VISIT_SCHEDULED,CHEMICALS_SEVESO,LOW,MEDIUM,GENERIC,EARLY,MEDIUM,Seveso / process-safety consultants; chemical storage & containment suppliers; fire protection,DOCUMENT_WOULD_IMPROVE,NO,Rule-based. Planned visit; possible pre-visit compliance need but no concrete problem in metadata.
Västernorrland,5192-2026,5565029,2026-07-17,Handläggning,,Tillsyn av Sevesoanläggning,Örnsköldsvik,5192-2026-2,,2026-09-15,Meddelande om agenda och fokus för tillsynen,Personuppgift,DIRECT_SUPERVISION,YES,Metsä Board Sverige AB,COMPANY,SUPERVISION_VISIT_SCHEDULED,CHEMICALS_SEVESO,LOW,MEDIUM,GENERIC,EARLY,MEDIUM,Seveso / process-safety consultants; chemical storage & containment suppliers; fire protection,DOCUMENT_WOULD_IMPROVE,NO,Rule-based. Planned visit; possible pre-visit compliance need but no concrete problem in metadata.
Västernorrland,5198-2026,5565139,2026-07-17,Handläggning,,Tillsyn av Sevesoanläggning,Örnsköldsvik,5198-2026-1,,2026-07-17,Meddelande om planerad tillsyn,Kemira Kemi AB,DIRECT_SUPERVISION,YES,Kemira Kemi AB,COMPANY,SUPERVISION_VISIT_SCHEDULED,CHEMICALS_SEVESO,LOW,MEDIUM,GENERIC,EARLY,MEDIUM,Seveso / process-safety consultants; chemical storage & containment suppliers; fire protection,DOCUMENT_WOULD_IMPROVE,NO,Rule-based. Planned visit; possible pre-visit compliance need but no concrete problem in metadata.
Västernorrland,5198-2026,5565139,2026-07-17,Handläggning,,Tillsyn av Sevesoanläggning,Örnsköldsvik,5198-2026-2,,2026-09-15,Meddelande om agenda och fokus för tillsynen,Kemira Kemi AB,DIRECT_SUPERVISION,YES,Kemira Kemi AB,COMPANY,SUPERVISION_VISIT_SCHEDULED,CHEMICALS_SEVESO,LOW,MEDIUM,GENERIC,EARLY,MEDIUM,Seveso / process-safety consultants; chemical storage & containment suppliers; fire protection,DOCUMENT_WOULD_IMPROVE,NO,Rule-based. Planned visit; possible pre-visit compliance need but no concrete problem in metadata.
Västernorrland,5204-2026,5565305,2026-07-17,Handläggning,,Tillsyn av Sevesoanläggning,Sundsvall,5204-2026-1,,2026-07-17,Meddelande om planerad Sevesotillsyn,Akzo Nobel Adhesives AB,DIRECT_SUPERVISION,YES,Akzo Nobel Adhesives AB,COMPANY,SUPERVISION_VISIT_SCHEDULED,CHEMICALS_SEVESO,LOW,MEDIUM,GENERIC,EARLY,MEDIUM,Seveso / process-safety consultants; chemical storage & containment suppliers; fire protection,DOCUMENT_WOULD_IMPROVE,NO,Rule-based. Planned visit; possible pre-visit compliance need but no concrete problem in metadata.
Västernorrland,5204-2026,5565305,2026-07-17,Handläggning,,Tillsyn av Sevesoanläggning,Sundsvall,5204-2026-2,,2026-09-02,Meddelande om tillsynsfokus,Akzo Nobel Adhesives AB,DIRECT_SUPERVISION,YES,Akzo Nobel Adhesives AB,COMPANY,SUPERVISION_VISIT_SCHEDULED,CHEMICALS_SEVESO,LOW,MEDIUM,GENERIC,EARLY,MEDIUM,Seveso / process-safety consultants; chemical storage & containment suppliers; fire protection,DOCUMENT_WOULD_IMPROVE,NO,Rule-based. Planned visit; possible pre-visit compliance need but no concrete problem in metadata.
Västernorrland,5335-2026,5572009,2026-07-30,Handläggning,,"Klagomål på återkommande luktstörning, Nouryon bioreningsanläggning, Domsjö, Örnsköldsviks kommun",Örnsköldsvik,5335-2026-1,,2026-07-30,"Klagomål på återkommande luktstörning, Nouryon bioreningsanläggning, Domsjö, Örnsköldsviks kommun",Personuppgift,COMPLAINT,PARTIAL,Nouryon Functional chemicals AB,COMPANY,COMPLAINT_RECEIVED,NOISE,LOW,MEDIUM,SPECIFIC,EARLY,MEDIUM,acoustic consultants; noise abatement suppliers,DOCUMENT_WOULD_IMPROVE,NO,"Reviewed. Recurring odour complaints against Nouryon bio-treatment plant; 15 handlings in one case (one trigger, many complaint entries)."
Västernorrland,5335-2026,5572009,2026-07-30,Handläggning,,"Klagomål på återkommande luktstörning, Nouryon bioreningsanläggning, Domsjö, Örnsköldsviks kommun",Örnsköldsvik,5335-2026-2,,2026-07-30,Klagomål på lukt,Personuppgift,COMPLAINT,PARTIAL,Nouryon Functional chemicals AB,COMPANY,COMPLAINT_RECEIVED,NOISE,LOW,MEDIUM,SPECIFIC,EARLY,MEDIUM,acoustic consultants; noise abatement suppliers,DOCUMENT_WOULD_IMPROVE,NO,Rule-based. Complaint entry; only becomes a purchase if Länsstyrelsen demands measurements or measures.
Västernorrland,5335-2026,5572009,2026-07-30,Handläggning,,"Klagomål på återkommande luktstörning, Nouryon bioreningsanläggning, Domsjö, Örnsköldsviks kommun",Örnsköldsvik,5335-2026-3,,2026-07-30,Klagomål på återkommande dålig lukt,Personuppgift,COMPLAINT,PARTIAL,Nouryon Functional chemicals AB,COMPANY,COMPLAINT_RECEIVED,NOISE,LOW,MEDIUM,SPECIFIC,EARLY,MEDIUM,acoustic consultants; noise abatement suppliers,DOCUMENT_WOULD_IMPROVE,NO,Rule-based. Complaint entry; only becomes a purchase if Länsstyrelsen demands measurements or measures.
Västernorrland,5335-2026,5572009,2026-07-30,Handläggning,,"Klagomål på återkommande luktstörning, Nouryon bioreningsanläggning, Domsjö, Örnsköldsviks kommun",Örnsköldsvik,5335-2026-4,,2026-07-30,Klagomål på lukt,Personuppgift,COMPLAINT,PARTIAL,Nouryon Functional chemicals AB,COMPANY,COMPLAINT_RECEIVED,NOISE,LOW,MEDIUM,SPECIFIC,EARLY,MEDIUM,acoustic consultants; noise abatement suppliers,DOCUMENT_WOULD_IMPROVE,NO,Rule-based. Complaint entry; only becomes a purchase if Länsstyrelsen demands measurements or measures.
Västernorrland,5335-2026,5572009,2026-07-30,Handläggning,,"Klagomål på återkommande luktstörning, Nouryon bioreningsanläggning, Domsjö, Örnsköldsviks kommun",Örnsköldsvik,5335-2026-5,,2026-07-30,Klagomål på odör,Personuppgift,COMPLAINT,PARTIAL,Nouryon Functional chemicals AB,COMPANY,COMPLAINT_RECEIVED,NOISE,LOW,MEDIUM,GENERIC,EARLY,MEDIUM,acoustic consultants; noise abatement suppliers,DOCUMENT_WOULD_IMPROVE,NO,Rule-based. Complaint entry; only becomes a purchase if Länsstyrelsen demands measurements or measures.
Västernorrland,5335-2026,5572009,2026-07-30,Handläggning,,"Klagomål på återkommande luktstörning, Nouryon bioreningsanläggning, Domsjö, Örnsköldsviks kommun",Örnsköldsvik,5335-2026-10,,2026-08-17,Information om dålig lukt,Personuppgift,COMPLAINT,PARTIAL,Nouryon Functional chemicals AB,COMPANY,COMPLAINT_RECEIVED,NOISE,LOW,MEDIUM,SPECIFIC,EARLY,MEDIUM,acoustic consultants; noise abatement suppliers,DOCUMENT_WOULD_IMPROVE,NO,Rule-based. Complaint entry; only becomes a purchase if Länsstyrelsen demands measurements or measures.
Västernorrland,5335-2026,5572009,2026-07-30,Handläggning,,"Klagomål på återkommande luktstörning, Nouryon bioreningsanläggning, Domsjö, Örnsköldsviks kommun",Örnsköldsvik,5335-2026-11,,2026-08-17,Information om dålig lukt,Personuppgift,COMPLAINT,PARTIAL,Nouryon Functional chemicals AB,COMPANY,COMPLAINT_RECEIVED,NOISE,LOW,MEDIUM,SPECIFIC,EARLY,MEDIUM,acoustic consultants; noise abatement suppliers,DOCUMENT_WOULD_IMPROVE,NO,Rule-based. Complaint entry; only becomes a purchase if Länsstyrelsen demands measurements or measures.
Västernorrland,5335-2026,5572009,2026-07-30,Handläggning,,"Klagomål på återkommande luktstörning, Nouryon bioreningsanläggning, Domsjö, Örnsköldsviks kommun",Örnsköldsvik,5335-2026-12,,2026-08-29,Klagomål på fortsatt dålig lukt,Personuppgift,COMPLAINT,PARTIAL,Nouryon Functional chemicals AB,COMPANY,COMPLAINT_RECEIVED,NOISE,LOW,MEDIUM,SPECIFIC,EARLY,MEDIUM,acoustic consultants; noise abatement suppliers,DOCUMENT_WOULD_IMPROVE,NO,Rule-based. Complaint entry; only becomes a purchase if Länsstyrelsen demands measurements or measures.
Västernorrland,5335-2026,5572009,2026-07-30,Handläggning,,"Klagomål på återkommande luktstörning, Nouryon bioreningsanläggning, Domsjö, Örnsköldsviks kommun",Örnsköldsvik,5335-2026-13,,2026-08-29,Klagomål på lukt och ljudnivåer,Kristina Östergren,COMPLAINT,PARTIAL,Nouryon Functional chemicals AB,COMPANY,COMPLAINT_RECEIVED,NOISE,LOW,MEDIUM,SPECIFIC,EARLY,MEDIUM,acoustic consultants; noise abatement suppliers,DOCUMENT_WOULD_IMPROVE,NO,Rule-based. Complaint entry; only becomes a purchase if Länsstyrelsen demands measurements or measures.
Västernorrland,5335-2026,5572009,2026-07-30,Handläggning,,"Klagomål på återkommande luktstörning, Nouryon bioreningsanläggning, Domsjö, Örnsköldsviks kommun",Örnsköldsvik,5335-2026-14,,2026-08-29,Anmälan om klagomål på lukt,Jimmy Burström,COMPLAINT,PARTIAL,Nouryon Functional chemicals AB,COMPANY,COMPLAINT_RECEIVED,NOISE,LOW,MEDIUM,SPECIFIC,EARLY,MEDIUM,acoustic consultants; noise abatement suppliers,DOCUMENT_WOULD_IMPROVE,NO,Rule-based. Complaint entry; only becomes a purchase if Länsstyrelsen demands measurements or measures.
Västernorrland,5335-2026,5572009,2026-07-30,Handläggning,,"Klagomål på återkommande luktstörning, Nouryon bioreningsanläggning, Domsjö, Örnsköldsviks kommun",Örnsköldsvik,5335-2026-15,,2026-09-01,Klagomål på återkommande kraftigt industribuller och lukt,Personuppgift,COMPLAINT,PARTIAL,Nouryon Functional chemicals AB,COMPANY,COMPLAINT_RECEIVED,NOISE,LOW,MEDIUM,SPECIFIC,EARLY,MEDIUM,acoustic consultants; noise abatement suppliers,DOCUMENT_WOULD_IMPROVE,NO,Rule-based. Complaint entry; only becomes a purchase if Länsstyrelsen demands measurements or measures.
Västernorrland,5337-2026,5572081,2026-07-31,Handläggning,,"Anmälan om driftstörning vid Nouryon Pulp and Performance Chemicals AB kloratfabriken, Brand i remmarna till en fläkt, Sundsvall kommun",Sundsvall,5337-2026-1,,2026-07-31,"Anmälan om driftstörning vid Nouryon Pulp and Performance Chemicals AB kloratfabriken, Brand i remmarna till en fläkt, Sundsvall kommun",Personuppgift,ENVIRONMENTAL_INCIDENT,PARTIAL,Nouryon Pulp and Performance Chemicals AB,COMPANY,INCIDENT_REPORT,FIRE,MEDIUM,MEDIUM,SPECIFIC,TIMELY,MEDIUM,fire protection consultants & equipment; insurance-driven remediation,DOCUMENT_WOULD_IMPROVE,NO,Rule-based. Operator self-report; corrective action usually already handled in-house or via existing service partner.
Västernorrland,5661-2026,5585948,2026-08-21,Avslutat,2026-09-11,"Anmälan om driftsstörning vid Kattastrand avloppsreningsverk, Kemikaliespill vid lossning, Härnösand kommun",Härnösand,5661-2026-1,,2026-08-21,"Anmälan om driftsstörning vid Kattastrand avloppsreningsverk, Kemikaliespill vid lossning, Härnösand kommun",Personuppgift,ENVIRONMENTAL_INCIDENT,PARTIAL,Härnösand Energi & Miljö AB,COMPANY,INCIDENT_REPORT,CHEMICALS_SEVESO,MEDIUM,MEDIUM,SPECIFIC,TIMELY,MEDIUM,Seveso / process-safety consultants; chemical storage & containment suppliers; fire protection,DOCUMENT_WOULD_IMPROVE,NO,Rule-based. Operator self-report; corrective action usually already handled in-house or via existing service partner.
Västernorrland,5661-2026,5585948,2026-08-21,Avslutat,2026-09-11,"Anmälan om driftsstörning vid Kattastrand avloppsreningsverk, Kemikaliespill vid lossning, Härnösand kommun",Härnösand,5661-2026-4,,2026-08-28,Begärd Komplettering gällande driftstörning kemikaliespill,Härnösand Energi & Miljö AB,ENVIRONMENTAL_INCIDENT,PARTIAL,Härnösand Energi & Miljö AB,COMPANY,INCIDENT_REPORT,CHEMICALS_SEVESO,MEDIUM,MEDIUM,SPECIFIC,TIMELY,MEDIUM,Seveso / process-safety consultants; chemical storage & containment suppliers; fire protection,DOCUMENT_WOULD_IMPROVE,NO,Rule-based. Operator self-report; corrective action usually already handled in-house or via existing service partner.
Västernorrland,5661-2026,5585948,2026-08-21,Avslutat,2026-09-11,"Anmälan om driftsstörning vid Kattastrand avloppsreningsverk, Kemikaliespill vid lossning, Härnösand kommun",Härnösand,5661-2026-6,,2026-09-11,"Beslut anmälan driftstörning, kemikaliespill Kattastrand avloppsreninsverk, Härnösand",Härnösand Energi & Miljö AB,ENVIRONMENTAL_INCIDENT,PARTIAL,Härnösand Energi & Miljö AB,COMPANY,INCIDENT_REPORT,CHEMICALS_SEVESO,MEDIUM,MEDIUM,SPECIFIC,TIMELY,MEDIUM,Seveso / process-safety consultants; chemical storage & containment suppliers; fire protection,DOCUMENT_WOULD_IMPROVE,NO,Rule-based. Operator self-report; corrective action usually already handled in-house or via existing service partner.
Västernorrland,6035-2026,5602813,2026-09-07,Handläggning,,"Anmälan om klagomål om driftstörning/avvikelse, slamflykt längs mindre skogsbäck, bergtäkt Ramsele-Forsmo, Sollefteå kommun",Handlingar,6035-2026-1,,2026-09-07,"Anmälan om driftstörning/avvikelse, slamflykt längs mindre skogsbäck, bergtäkt Ramsele-Forsmo, Sollefteå kommun",SCA Skog AB,COMPLAINT,PARTIAL,SCA Skog AB,COMPANY,INCIDENT_REPORT,UNKNOWN,MEDIUM,MEDIUM,SPECIFIC,TIMELY,MEDIUM,-,DOCUMENT_WOULD_IMPROVE,NO,Rule-based. Operator self-report; corrective action usually already handled in-house or via existing service partner.
Västernorrland,6201-2026,5609530,2026-09-11,Handläggning,,"Anmälan om driftstörning, oljespill i Storflöttens vindkraftpark, Ånge kommun",Handlingar,6201-2026-1,,2026-09-11,"Anmälan om driftstörning, oljespill i Storflöttens vindkraftpark, Ånge kommun",Arise AB,ENVIRONMENTAL_INCIDENT,PARTIAL,Arise AB,COMPANY,INCIDENT_REPORT,SPILL_LEAK,MEDIUM,MEDIUM,SPECIFIC,TIMELY,MEDIUM,spill response & remediation contractors; containment equipment; environmental consultants,DOCUMENT_WOULD_IMPROVE,NO,Rule-based. Operator self-report; corrective action usually already handled in-house or via existing service partner.
Västernorrland,6215-2026,5609863,2026-09-12,Handläggning,,"Klagomål på oljud från Storflöttens vindkraftpark, Ånge kommun",Ånge,6215-2026-1,,2026-09-12,"Klagomål på oljud från Storflöttens vindkraftpark, Ånge kommun",Personuppgift,COMPLAINT,PARTIAL,Cloud Snurran AB,COMPANY,COMPLAINT_RECEIVED,NOISE,LOW,MEDIUM,SPECIFIC,EARLY,MEDIUM,acoustic consultants; noise abatement suppliers,DOCUMENT_WOULD_IMPROVE,NO,Reviewed. Noise complaint against wind farm operator Cloud Snurran AB.
Västernorrland,6215-2026,5609863,2026-09-12,Handläggning,,"Klagomål på oljud från Storflöttens vindkraftpark, Ånge kommun",Ånge,6215-2026-2,,2026-09-14,Meddelande angående klagomål,Arise AB,COMPLAINT,PARTIAL,Cloud Snurran AB,COMPANY,COMPLAINT_RECEIVED,NOISE,LOW,MEDIUM,GENERIC,EARLY,MEDIUM,acoustic consultants; noise abatement suppliers,DOCUMENT_WOULD_IMPROVE,NO,Rule-based. Complaint entry; only becomes a purchase if Länsstyrelsen demands measurements or measures.
Västernorrland,6215-2026,5609863,2026-09-12,Handläggning,,"Klagomål på oljud från Storflöttens vindkraftpark, Ånge kommun",Ånge,6215-2026-4,,2026-09-15,Meddelande angående klagomål,Arise AB,COMPLAINT,PARTIAL,Cloud Snurran AB,COMPANY,COMPLAINT_RECEIVED,NOISE,LOW,MEDIUM,GENERIC,EARLY,MEDIUM,acoustic consultants; noise abatement suppliers,DOCUMENT_WOULD_IMPROVE,NO,Rule-based. Complaint entry; only becomes a purchase if Länsstyrelsen demands measurements or measures.
Västernorrland,6215-2026,5609863,2026-09-12,Handläggning,,"Klagomål på oljud från Storflöttens vindkraftpark, Ånge kommun",Ånge,6215-2026-5,,2026-09-16,Meddelande om mottaget klagomål,Arise AB,COMPLAINT,PARTIAL,Cloud Snurran AB,COMPANY,COMPLAINT_RECEIVED,NOISE,LOW,MEDIUM,GENERIC,EARLY,MEDIUM,acoustic consultants; noise abatement suppliers,DOCUMENT_WOULD_IMPROVE,NO,Rule-based. Complaint entry; only becomes a purchase if Länsstyrelsen demands measurements or measures.
Västernorrland,6261-2026,5611436,2026-09-15,Avslutat,2026-09-21,"Tillsyn efter anmälan om guldvaskning i Mjällån, Nordanå, Härnösands kommun",Handlingar,6261-2026-4,,2026-09-17,Förfrågan om utförda åtgärder till markägare,SCA,DIRECT_SUPERVISION,YES,Svenska guldvaskarföreningen,ORG_NAMED,INFORMATION_REQUEST,WATER_ACTIVITY,MEDIUM,MEDIUM,SPECIFIC,TIMELY,MEDIUM,hydrogeology / water consultants; dam safety consultants; environmental law,DOCUMENT_WOULD_IMPROVE,NO,Rule-based. Request for supplementary information; content unknown.
Västernorrland,6263-2026,5611467,2026-09-15,Handläggning,,"Planerat tillsynsbesök på Circulose, Ortviken, Sundsvall",Sundsvall,6263-2026-2,,2026-09-18,Tillsynsrapport efter tillsynsbesök 20260916,Circulose AB,DIRECT_SUPERVISION,YES,Circulose AB,COMPANY,INSPECTION_REPORT,GENERAL_SUPERVISION,MEDIUM,MEDIUM,GENERIC,TIMELY,MEDIUM,environmental consultants (compliance / egenkontroll); EHS software,DOCUMENT_REQUIRED,NO,"Rule-based. Inspection report content (deficiencies, demands) not visible in metadata; document required."
Västernorrland,6314-2026,5613631,2026-09-11,Avslutat,2026-09-23,"Händelsestyrd tillsyn enligt miljöbalken och IED, Expancel, Nouryon Pulp and Performance Chemicals AB",Sundsvall,6314-2026-3,,2026-09-23,Tillsynsrapport granskning Fluorfritt brandskum,"Nouryon Pulp and Performance Chemicals AB, Sitegemensamma",DIRECT_SUPERVISION,YES,"Nouryon Pulp and Performance Chemicals AB, Sitegemensamma",COMPANY,INSPECTION_REPORT,CHEMICALS_SEVESO,MEDIUM,MEDIUM,GENERIC,TIMELY,MEDIUM,Seveso / process-safety consultants; chemical storage & containment suppliers; fire protection,DOCUMENT_REQUIRED,NO,"Rule-based. Inspection report content (deficiencies, demands) not visible in metadata; document required."
Västernorrland,6328-2026,5614056,2026-09-16,Handläggning,,"Planerad tillsyn Vindkraftpark Storflötten, Ånge kommun",Handlingar,6328-2026-2,,2026-09-22,Tillsynsrapport,Cloud Snurran AB,DIRECT_SUPERVISION,YES,Cloud Snurran AB,COMPANY,INSPECTION_REPORT,GENERAL_SUPERVISION,MEDIUM,MEDIUM,GENERIC,TIMELY,MEDIUM,environmental consultants (compliance / egenkontroll); EHS software,DOCUMENT_REQUIRED,NO,"Rule-based. Inspection report content (deficiencies, demands) not visible in metadata; document required."
Västernorrland,6470-2026,5619408,2026-09-21,Handläggning,,"Planerad tillsyn Vindkraftpark Länsterhöjden, Ånge kommun",Handlingar,6470-2026-2,,2026-09-22,Tillsynsrapport,Cloud Snurran AB,DIRECT_SUPERVISION,YES,Cloud Snurran AB,COMPANY,INSPECTION_REPORT,GENERAL_SUPERVISION,MEDIUM,MEDIUM,GENERIC,TIMELY,MEDIUM,environmental consultants (compliance / egenkontroll); EHS software,DOCUMENT_REQUIRED,NO,"Rule-based. Inspection report content (deficiencies, demands) not visible in metadata; document required."
Västra Götaland,28433-2026,5552022,2026-07-01,Avslutat,2026-07-08,Anmälan om driftstörning 2026-06-30 om spill av slopolja till mark vid anläggningen Preemraff Lysekil i Lysekils kommun,Lysekil,28433-2026-1,,2026-07-01,Anmälan om driftstörning 2026-06-30 om spill av slopolja till mark vid anläggningen Preemraff Lysekil i Lysekils kommun,VAROPreem Sverige AB,ENVIRONMENTAL_INCIDENT,PARTIAL,VAROPreem Sverige AB,COMPANY,INCIDENT_REPORT,SPILL_LEAK,MEDIUM,MEDIUM,SPECIFIC,TIMELY,MEDIUM,spill response & remediation contractors; containment equipment; environmental consultants,DOCUMENT_WOULD_IMPROVE,NO,Rule-based. Operator self-report; corrective action usually already handled in-house or via existing service partner.
Västra Götaland,28864-2026,5554690,2026-07-03,Avslutat,2026-07-06,"Anmälan om driftstörning, mindre spill av ett additiv vid vår bensinutlastning, Inter Terminals Sweden AB, Skarvik 1, 2, 3 och 4 i Göteborgs kommun, 2026-07-03",Göteborg,28864-2026-1,,2026-07-03,"Anmälan om driftstörning, mindre spill av ett additiv vid vår bensinutlastning, Inter Terminals Sweden AB, Skarvik 1, 2, 3 och 4 i Göteborgs kommun, 2026-07-03",Inter Terminals Sweden AB,ENVIRONMENTAL_INCIDENT,PARTIAL,Inter Terminals Sweden AB,COMPANY,INCIDENT_REPORT,SPILL_LEAK,MEDIUM,MEDIUM,SPECIFIC,TIMELY,MEDIUM,spill response & remediation contractors; containment equipment; environmental consultants,DOCUMENT_WOULD_IMPROVE,NO,Rule-based. Operator self-report; corrective action usually already handled in-house or via existing service partner.
Västra Götaland,28864-2026,5554690,2026-07-03,Avslutat,2026-07-06,"Anmälan om driftstörning, mindre spill av ett additiv vid vår bensinutlastning, Inter Terminals Sweden AB, Skarvik 1, 2, 3 och 4 i Göteborgs kommun, 2026-07-03",Göteborg,28864-2026-2,,2026-07-06,ITS komplettering litet läckage additiv,"VAROPreem AB, Preemraff Göteborg",ENVIRONMENTAL_INCIDENT,PARTIAL,Inter Terminals Sweden AB,COMPANY,INCIDENT_REPORT,SPILL_LEAK,MEDIUM,MEDIUM,GENERIC,TIMELY,MEDIUM,spill response & remediation contractors; containment equipment; environmental consultants,DOCUMENT_WOULD_IMPROVE,NO,Rule-based. Operator self-report; corrective action usually already handled in-house or via existing service partner.
Västra Götaland,29377-2026,5558244,2026-07-01,Avslutat,2026-07-08,Anmälan om driftstörning 2026-06-30 inträffade ett spill av slopolja till mark vid anläggningen Preemraff i Lysekils kommun,Lysekil,29377-2026-1,,2026-07-01,Anmälan om driftstörning 2026-06-30 inträffade ett spill av slopolja till mark vid anläggningen Preemraff i Lysekils kommun,VAROPreem Sverige AB,ENVIRONMENTAL_INCIDENT,PARTIAL,VAROPreem Sverige AB,COMPANY,INCIDENT_REPORT,SPILL_LEAK,MEDIUM,MEDIUM,SPECIFIC,TIMELY,MEDIUM,spill response & remediation contractors; containment equipment; environmental consultants,DOCUMENT_WOULD_IMPROVE,NO,Reviewed. Slop-oil spill to ground at Preemraff Lysekil; same reasoning.
Västra Götaland,29513-2026,5559236,2026-07-08,Avslutat,2026-08-26,"Anmälan om driftstörning utsläpp av köldmedia i samband med lossning, TC Mediahus vid anläggningen Volvo personvagnar AB i Göteborgs kommun",Göteborg,29513-2026-1,,2026-07-08,"Anmälan om driftstörning utsläpp av köldmedia i samband med lossning, TC Mediahus vid anläggningen Volvo personvagnar AB i Göteborgs kommun",Volvo Personvagnar AB,ENVIRONMENTAL_INCIDENT,PARTIAL,Volvo Personvagnar AB,COMPANY,INCIDENT_REPORT,UNKNOWN,MEDIUM,MEDIUM,SPECIFIC,TIMELY,MEDIUM,-,DOCUMENT_WOULD_IMPROVE,NO,Rule-based. Operator self-report; corrective action usually already handled in-house or via existing service partner.
Västra Götaland,29602-2026,5559838,2026-07-08,Handläggning,,Ansökan om bidrag till undersökning av förorenad mark Forsåkers fabriker i Mölndals kommun,Mölndal,29602-2026-1,,2026-07-08,Ansökan om bidrag till undersökning av förorenad mark i Mölndals kommun,Mölndals stad,CONTAMINATED_SITE_SUPERVISION,YES,Mölndals stad,PUBLIC_BODY,GRANT_APPLICATION,CONTAMINATED_LAND,LOW,MEDIUM,SPECIFIC,EARLY,MEDIUM,environmental consultants (contaminated land); analytical laboratories; remediation / excavation contractors; environmental law,DOCUMENT_WOULD_IMPROVE,NO,Reviewed. Mölndals stad applies for state funding for contaminated-land investigation; procurement conditional on grant.
Västra Götaland,30989-2026,5569418,2026-07-24,Handläggning,,"Klagomål på återkommande utsläpp av förorenat vatten, Rönnängs avloppsreningsverk, Ängholmen, Tjörns kommun",Tjörn,30989-2026-1,,2026-07-24,"Klagomål på återkommande utsläpp av förorenat vatten, Rönnängs avloppsreningsverk, Ängholmen, Tjörns kommun",Personuppgift,ENVIRONMENTAL_INCIDENT,PARTIAL,Tjörns kommun,PUBLIC_BODY,COMPLAINT_RECEIVED,CONTAMINATED_LAND,LOW,LOW,GENERIC,EARLY,MEDIUM,environmental consultants (contaminated land); analytical laboratories; remediation / excavation contractors; environmental law,DOCUMENT_WOULD_IMPROVE,NO,Reviewed. Municipality complaint about recurring discharge of contaminated water from a WWTP; buyer is the VA operator.
Västra Götaland,31773-2026,5573840,2026-08-04,Handläggning,,Meddelande om avvikelse vid veckoprovtagning,Handlingar,31773-2026-1,,2026-08-05,Anmälan om provatagningsavvikelse,Öckerö kommun,CONTAMINATED_SITE_SUPERVISION,YES,Öckerö kommun,PUBLIC_BODY,INCIDENT_REPORT,MONITORING_CONTROL,MEDIUM,MEDIUM,GENERIC,TIMELY,MEDIUM,environmental consultants (monitoring programmes); accredited sampling / measurement firms; labs,DOCUMENT_WOULD_IMPROVE,NO,Rule-based. Operator self-report; corrective action usually already handled in-house or via existing service partner.
Västra Götaland,32410-2026,5578165,2026-08-11,Handläggning,,"Klagomål på ljudnivå och utsläpp från Almedahl-Kinna AB, Marks kommun",Mark,32410-2026-1,,2026-08-11,"Klagomål på ljudnivå och utsläpp från Almedahl-Kinna AB, Marks kommun",Personuppgift,COMPLAINT,PARTIAL,Almedahl-Kinna AB,COMPANY,COMPLAINT_RECEIVED,NOISE,LOW,MEDIUM,SPECIFIC,EARLY,MEDIUM,acoustic consultants; noise abatement suppliers,DOCUMENT_WOULD_IMPROVE,NO,Rule-based. Complaint entry; only becomes a purchase if Länsstyrelsen demands measurements or measures.
Västra Götaland,32543-2026,5579229,2026-07-09,Handläggning,,"Anmälan om avhjälpandeåtgärder, Pilotförsök precisionsapplicering av TST på lösa sediment i Viskan, Borås kommun",Borås,32543-2026-1,,2026-08-12,"Anmälan om avhjälpandeåtgärder, Pilotförsök precisionsapplicering av TST på lösa sediment i Viskan, Borås kommun",Borås Stad,CONTAMINATED_SITE_SUPERVISION,YES,Borås Stad,PUBLIC_BODY,REMEDIATION_NOTIFIED,CONTAMINATED_LAND,HIGH,HIGH,SPECIFIC,LATE,MEDIUM,environmental consultants (contaminated land); analytical laboratories; remediation / excavation contractors; environmental law,METADATA_SUFFICIENT,NO,Rule-based. 28 § remediation notification: consultant and contractor already engaged when notified.
Västra Götaland,32543-2026,5579229,2026-07-09,Handläggning,,"Anmälan om avhjälpandeåtgärder, Pilotförsök precisionsapplicering av TST på lösa sediment i Viskan, Borås kommun",Borås,32543-2026-8,,2026-09-18,"Föreläggande om försiktighetsmått vid avhjälpandeåtgärder av förorenade sediment, pilotprojekt med tunnskicktsövertäckning i del av Guttasjön, Viskan, Borås kommun",Personuppgift,CONTAMINATED_SITE_SUPERVISION,YES,Borås Stad,PUBLIC_BODY,ENFORCEMENT_ORDER,CONTAMINATED_LAND,HIGH,HIGH,SPECIFIC,LATE,MEDIUM,environmental consultants (contaminated land); analytical laboratories; remediation / excavation contractors; environmental law,METADATA_SUFFICIENT,NO,Reviewed. Precaution order on a pilot remediation already designed by Borås Stad; LATE.
Västra Götaland,33157-2026,5583362,2026-08-18,Avslutat,2026-08-28,"Periodisk kontroll av mark och grundvatten, rapport om miljöteknisk markundersökning, Riskullaverket, Mölndals kommun",Mölndal,33157-2026-2,,2026-08-28,"Utlåtande över periodisk kontroll av mark och grundvatten, enligt IED",Personuppgift,CONTAMINATED_SITE_SUPERVISION,YES,Mölndal Energi AB,COMPANY,INSPECTION_REPORT,CONTAMINATED_LAND,MEDIUM,MEDIUM,GENERIC,TIMELY,MEDIUM,environmental consultants (contaminated land); analytical laboratories; remediation / excavation contractors; environmental law,DOCUMENT_REQUIRED,NO,"Rule-based. Inspection report content (deficiencies, demands) not visible in metadata; document required."
Västra Götaland,33504-2026,5585547,2026-08-20,Handläggning,,"Anmälan om avhjälpandeåtgärder, markarbete i förorenad mark, Tjörns kommun",Tjörn,33504-2026-1,,2026-08-20,"Anmälan om avhjälpandeåtgärder, markarbete i förorenad mark, Tjörns kommun",Wallhamn AB,CONTAMINATED_SITE_SUPERVISION,YES,Wallhamn AB,COMPANY,REMEDIATION_NOTIFIED,CONTAMINATED_LAND,HIGH,HIGH,SPECIFIC,LATE,MEDIUM,environmental consultants (contaminated land); analytical laboratories; remediation / excavation contractors; environmental law,METADATA_SUFFICIENT,NO,Rule-based. 28 § remediation notification: consultant and contractor already engaged when notified.
Västra Götaland,33730-2026,5587508,2026-08-24,Handläggning,,"Anmälan om driftstörning, bensinläckage vid Preem AB Preemraff Göteborg 2026-08-23",Göteborg,33730-2026-1,,2026-08-24,"Anmälan om driftstörning, bensinläckage vid Preem AB Preemraff Göteborg 2026-08-23",VAROPreem Sverige AB,ENVIRONMENTAL_INCIDENT,PARTIAL,VAROPreem Sverige AB,COMPANY,INCIDENT_REPORT,SPILL_LEAK,MEDIUM,MEDIUM,SPECIFIC,TIMELY,MEDIUM,spill response & remediation contractors; containment equipment; environmental consultants,DOCUMENT_WOULD_IMPROVE,NO,Reviewed. Petrol leak to ground at Preemraff; remediation/investigation need is concrete; refinery has framework suppliers.
Västra Götaland,33730-2026,5587508,2026-08-24,Handläggning,,"Anmälan om driftstörning, bensinläckage vid Preem AB Preemraff Göteborg 2026-08-23",Göteborg,33730-2026-2,,2026-08-31,Meddelande om försiktighetsåtgärder gällande bensinläckage till mark,VAROPreem Sverige AB,ENVIRONMENTAL_INCIDENT,PARTIAL,VAROPreem Sverige AB,COMPANY,INCIDENT_REPORT,SPILL_LEAK,MEDIUM,MEDIUM,SPECIFIC,TIMELY,MEDIUM,spill response & remediation contractors; containment equipment; environmental consultants,DOCUMENT_WOULD_IMPROVE,NO,Rule-based. Operator self-report; corrective action usually already handled in-house or via existing service partner.
Västra Götaland,34553-2026,5593259,2026-08-31,Handläggning,,"Anmälan om driftstörning, vätgasläckage, 2026-08-29, Göteborgs kommun",Göteborg,34553-2026-1,,2026-08-31,"Anmälan om driftstörning, vätgasläckage, 2026-08-29, Göteborgs kommun",VAROPreem Sverige AB,ENVIRONMENTAL_INCIDENT,PARTIAL,VAROPreem Sverige AB,COMPANY,INCIDENT_REPORT,SPILL_LEAK,MEDIUM,MEDIUM,SPECIFIC,TIMELY,MEDIUM,spill response & remediation contractors; containment equipment; environmental consultants,DOCUMENT_WOULD_IMPROVE,NO,Rule-based. Operator self-report; corrective action usually already handled in-house or via existing service partner.
Västra Götaland,34803-2026,5594842,2026-09-01,Avslutat,2026-09-01,Planerad Sevesotillsyn Nynas Raffinaderi 2026,Göteborg,34803-2026-1,,2026-09-01,Planerad Sevesotillsyn Nynas Raffinaderi 2026,Nynas Raffinaderi,DIRECT_SUPERVISION,YES,Nynas Raffinaderi,ORG_NAMED,SUPERVISION_VISIT_SCHEDULED,CHEMICALS_SEVESO,LOW,MEDIUM,GENERIC,EARLY,MEDIUM,Seveso / process-safety consultants; chemical storage & containment suppliers; fire protection,DOCUMENT_WOULD_IMPROVE,NO,Rule-based. Planned visit; possible pre-visit compliance need but no concrete problem in metadata.
Västra Götaland,35133-2026,5597227,2026-09-02,Avslutat,2026-09-04,"Anmälan om driftstörning, dieselläckage, VOLVO Personvagnar AB",Göteborg,35133-2026-1,,2026-09-02,"Anmälan om driftstörning, dieselläckage, VOLVO Personvagnar AB",Volvo Personvagnar AB,ENVIRONMENTAL_INCIDENT,PARTIAL,Volvo Personvagnar AB,COMPANY,INCIDENT_REPORT,SPILL_LEAK,MEDIUM,MEDIUM,SPECIFIC,TIMELY,MEDIUM,spill response & remediation contractors; containment equipment; environmental consultants,DOCUMENT_WOULD_IMPROVE,NO,Rule-based. Operator self-report; corrective action usually already handled in-house or via existing service partner.
Västra Götaland,35133-2026,5597227,2026-09-02,Avslutat,2026-09-04,"Anmälan om driftstörning, dieselläckage, VOLVO Personvagnar AB",Göteborg,35133-2026-3,,2026-09-22,Meddelande om orsak till läckaget,Volvo Personvagnar AB,ENVIRONMENTAL_INCIDENT,PARTIAL,Volvo Personvagnar AB,COMPANY,INCIDENT_REPORT,SPILL_LEAK,MEDIUM,MEDIUM,GENERIC,TIMELY,MEDIUM,spill response & remediation contractors; containment equipment; environmental consultants,DOCUMENT_WOULD_IMPROVE,NO,Rule-based. Operator self-report; corrective action usually already handled in-house or via existing service partner.
Västra Götaland,35301-2026,5598513,2026-09-03,Avslutat,2026-09-09,"Anmälan om driftstörning, hydrauloljespill från fartyget Supplier, GHAB, Energihamnarna Skarvik, 2026-08-29",Göteborg,35301-2026-1,,2026-09-03,"Anmälan om driftstörning, hydrauloljespill från fartyget Supplier, GHAB, Energihamnarna Skarvik, 2026-08-29",Göteborgs Hamn AB,ENVIRONMENTAL_INCIDENT,PARTIAL,Göteborgs Hamn AB,COMPANY,INCIDENT_REPORT,SPILL_LEAK,MEDIUM,MEDIUM,SPECIFIC,TIMELY,MEDIUM,spill response & remediation contractors; containment equipment; environmental consultants,DOCUMENT_WOULD_IMPROVE,NO,Rule-based. Operator self-report; corrective action usually already handled in-house or via existing service partner.
Västra Götaland,35301-2026,5598513,2026-09-03,Avslutat,2026-09-09,"Anmälan om driftstörning, hydrauloljespill från fartyget Supplier, GHAB, Energihamnarna Skarvik, 2026-08-29",Göteborg,35301-2026-2,,2026-09-03,Återkoppling på anmälan om driftstörning hydrauloljeläckage från fartyg,Personuppgift,ENVIRONMENTAL_INCIDENT,PARTIAL,Göteborgs Hamn AB,COMPANY,INCIDENT_REPORT,SPILL_LEAK,MEDIUM,MEDIUM,SPECIFIC,TIMELY,MEDIUM,spill response & remediation contractors; containment equipment; environmental consultants,DOCUMENT_WOULD_IMPROVE,NO,Rule-based. Operator self-report; corrective action usually already handled in-house or via existing service partner.
Västra Götaland,35301-2026,5598513,2026-09-03,Avslutat,2026-09-09,"Anmälan om driftstörning, hydrauloljespill från fartyget Supplier, GHAB, Energihamnarna Skarvik, 2026-08-29",Göteborg,35301-2026-4,,2026-09-09,Återkoppling på kompletterande uppgifter om hydrauloljespill från fartyget Supplier,Personuppgift,ENVIRONMENTAL_INCIDENT,PARTIAL,Göteborgs Hamn AB,COMPANY,INCIDENT_REPORT,SPILL_LEAK,MEDIUM,MEDIUM,SPECIFIC,TIMELY,MEDIUM,spill response & remediation contractors; containment equipment; environmental consultants,DOCUMENT_WOULD_IMPROVE,NO,Rule-based. Operator self-report; corrective action usually already handled in-house or via existing service partner.
Västra Götaland,35911-2026,5602447,2026-09-07,Handläggning,,Ansökan om bidrag till undersökningar på,Trollhättan,35911-2026-1,,2026-09-07,Ansökan om bidrag till undersökningar på förorenade objekt i Trollhättans kommun,Trollhättans stad,CONTAMINATED_SITE_SUPERVISION,YES,Trollhättans stad,PUBLIC_BODY,GRANT_APPLICATION,CONTAMINATED_LAND,LOW,MEDIUM,SPECIFIC,EARLY,MEDIUM,environmental consultants (contaminated land); analytical laboratories; remediation / excavation contractors; environmental law,DOCUMENT_WOULD_IMPROVE,NO,Rule-based. Municipal grant application for contaminated-land work.
Västra Götaland,35916-2026,5602461,2026-09-07,Handläggning,,Ansökan om bidrag till undersökningar på förorenade objekt i Trollhättans kommun,Trollhättan,35916-2026-1,,2026-09-07,Ansökan om bidrag till undersökningar på förorenade objekt i Trollhättans kommun,Trollhättans stad,CONTAMINATED_SITE_SUPERVISION,YES,Trollhättans stad,PUBLIC_BODY,GRANT_APPLICATION,CONTAMINATED_LAND,LOW,MEDIUM,SPECIFIC,EARLY,MEDIUM,environmental consultants (contaminated land); analytical laboratories; remediation / excavation contractors; environmental law,DOCUMENT_WOULD_IMPROVE,NO,Rule-based. Municipal grant application for contaminated-land work.
Västra Götaland,36703-2026,5607193,2026-09-10,Handläggning,,Anmälan om avhjälpandeåtgärder avseende sanering av förorenad mark inom invallning T-208,Göteborg,36703-2026-1,,2026-09-10,Anmälan om avhjälpandeåtgärder avseende sanering av förorenad mark inom invallning T-208,St1 Refinery AB,CONTAMINATED_SITE_SUPERVISION,YES,St1 Refinery AB,COMPANY,REMEDIATION_NOTIFIED,CONTAMINATED_LAND,HIGH,HIGH,SPECIFIC,LATE,MEDIUM,environmental consultants (contaminated land); analytical laboratories; remediation / excavation contractors; environmental law,METADATA_SUFFICIENT,NO,Rule-based. 28 § remediation notification: consultant and contractor already engaged when notified.
Västra Götaland,36872-2026,5608136,2026-09-10,Handläggning,,"Anmälan om grävning för att åtgärda transportyta, GKN Aerospace Sweden AB, Trollhättans kommun",Trollhättan,36872-2026-1,,2026-09-10,"Anmälan om grävning för att åtgärda transportyta, GKN Aerospace Sweden AB, Trollhättans kommun",GKN Aerospace Sweden AB,DIRECT_SUPERVISION,YES,GKN Aerospace Sweden AB,COMPANY,REMEDIATION_NOTIFIED,UNKNOWN,HIGH,HIGH,SPECIFIC,LATE,MEDIUM,-,METADATA_SUFFICIENT,NO,Rule-based. 28 § remediation notification: consultant and contractor already engaged when notified.
Västra Götaland,37320-2026,5611186,2026-09-14,Handläggning,,"Anmälan om driftstörning, läckage, 2026-09-14, Göteborgs kommun",Göteborg,37320-2026-1,,2026-09-14,"Anmälan om driftstörning, läckage, 2026-09-14, Göteborgs kommun",Gryaab AB,ENVIRONMENTAL_INCIDENT,PARTIAL,Gryaab AB,COMPANY,INCIDENT_REPORT,SPILL_LEAK,MEDIUM,MEDIUM,SPECIFIC,TIMELY,MEDIUM,spill response & remediation contractors; containment equipment; environmental consultants,DOCUMENT_WOULD_IMPROVE,NO,Rule-based. Operator self-report; corrective action usually already handled in-house or via existing service partner.
Västra Götaland,37365-2026,5611463,2026-09-14,Handläggning,,"Ansökan om bidrag till efterbehandling av föroreningsskador, Älmestads sågverk, Ulricehamns kommun",Ulricehamn,37365-2026-1,,2026-09-14,"Ansökan om bidrag till efterbehandling av föroreningsskador, Älmestads sågverk, Ulricehamns kommun",Ulricehamns kommun,CONTAMINATED_SITE_SUPERVISION,YES,Ulricehamns kommun,PUBLIC_BODY,GRANT_APPLICATION,CONTAMINATED_LAND,LOW,MEDIUM,SPECIFIC,EARLY,MEDIUM,environmental consultants (contaminated land); analytical laboratories; remediation / excavation contractors; environmental law,DOCUMENT_WOULD_IMPROVE,NO,Reviewed. Ulricehamns kommun applies for remediation funding; large future procurement if granted.
Västra Götaland,38376-2026,5617695,2026-09-18,Handläggning,,"Information om missad provtagning avseende totalt suspenderat material, Lillesjö Avfallskraftvärmeverk, Uddevalla kommun",Uddevalla,38376-2026-1,,2026-09-18,"Information om missad provtagning avseende totalt suspenderat material, Lillesjö Avfallskraftvärmeverk, Uddevalla kommun",Uddevalla Kraft AB,CONTAMINATED_SITE_SUPERVISION,YES,Uddevalla Kraft AB,COMPANY,INCIDENT_REPORT,WASTE,MEDIUM,MEDIUM,SPECIFIC,TIMELY,MEDIUM,waste management consultants; waste handling equipment; environmental law,DOCUMENT_WOULD_IMPROVE,NO,Rule-based. Operator self-report; corrective action usually already handled in-house or via existing service partner.
Västra Götaland,39000-2026,5621717,2026-09-22,Handläggning,,"Anmälan om avhjälpandeåtgärder, markarbete i samband med rivning av kaj, Göteborgs kommun",Göteborg,39000-2026-1,,2026-09-22,"Anmälan om avhjälpandeåtgärder, markarbete i samband med rivning av kaj, Göteborgs kommun",Göteborgs Hamn AB,CONTAMINATED_SITE_SUPERVISION,YES,Göteborgs Hamn AB,COMPANY,REMEDIATION_NOTIFIED,CONTAMINATED_LAND,HIGH,HIGH,SPECIFIC,LATE,MEDIUM,environmental consultants (contaminated land); analytical laboratories; remediation / excavation contractors; environmental law,METADATA_SUFFICIENT,NO,Rule-based. 28 § remediation notification: consultant and contractor already engaged when notified.
Västra Götaland,39006-2026,5621742,2026-09-22,Handläggning,,"Anmälan om PCB-sanering Gryaab AB Ryaverket, Göteborgs kommun",Göteborg,39006-2026-1,,2026-09-22,"Anmälan om PCB-sanering Gryaab AB Ryaverket, Göteborgs kommun",Gryaab AB,CONTAMINATED_SITE_SUPERVISION,YES,Gryaab AB,COMPANY,REMEDIATION_NOTIFIED,CONTAMINATED_LAND,HIGH,HIGH,SPECIFIC,LATE,MEDIUM,environmental consultants (contaminated land); analytical laboratories; remediation / excavation contractors; environmental law,METADATA_SUFFICIENT,NO,Rule-based. 28 § remediation notification: consultant and contractor already engaged when notified.
Östergötland,12408-2026,5562807,2026-07-14,Avslutat,2026-09-21,"Anmälan om driftstörning vid Lantmännen Biorefineries AB, Utsläpp av biogas via säkerhetsventil, Norrköping kommun",Norrköping,12408-2026-1,,2026-07-14,"Anmälan om driftstörning vid Lantmännen Biorefineries AB, Utsläpp av biogas via säkerhetsventil, Norrköping kommun",Personuppgift,ENVIRONMENTAL_INCIDENT,PARTIAL,Lantmännen Biorefineries AB,COMPANY,INCIDENT_REPORT,GENERAL_SUPERVISION,MEDIUM,MEDIUM,SPECIFIC,TIMELY,MEDIUM,environmental consultants (compliance / egenkontroll); EHS software,DOCUMENT_WOULD_IMPROVE,NO,Rule-based. Operator self-report; corrective action usually already handled in-house or via existing service partner.
Östergötland,12408-2026,5562807,2026-07-14,Avslutat,2026-09-21,"Anmälan om driftstörning vid Lantmännen Biorefineries AB, Utsläpp av biogas via säkerhetsventil, Norrköping kommun",Norrköping,12408-2026-3,,2026-09-09,Tjänsteanteckning vid besiktning/tillsyn,Personuppgift,ENVIRONMENTAL_INCIDENT,PARTIAL,Lantmännen Biorefineries AB,COMPANY,INSPECTION_REPORT,GENERAL_SUPERVISION,MEDIUM,MEDIUM,GENERIC,TIMELY,MEDIUM,environmental consultants (compliance / egenkontroll); EHS software,DOCUMENT_REQUIRED,NO,"Rule-based. Inspection report content (deficiencies, demands) not visible in metadata; document required."
Östergötland,13246-2026,5576737,2026-08-10,Handläggning,,"Planerad tillsyn enligt Sevesolagstiftningen, Swed Handling AB",Norrköping,13246-2026-2,,2026-08-13,"Meddelande om dagordning inför Sevesotillsyn, Swed Handling AB",Personuppgift,DIRECT_SUPERVISION,YES,Swed Handling AB,COMPANY,SUPERVISION_VISIT_SCHEDULED,CHEMICALS_SEVESO,LOW,MEDIUM,GENERIC,EARLY,MEDIUM,Seveso / process-safety consultants; chemical storage & containment suppliers; fire protection,DOCUMENT_WOULD_IMPROVE,NO,Rule-based. Planned visit; possible pre-visit compliance need but no concrete problem in metadata.
Östergötland,13246-2026,5576737,2026-08-10,Handläggning,,"Planerad tillsyn enligt Sevesolagstiftningen, Swed Handling AB",Norrköping,13246-2026-3,,2026-08-19,Tjänsteanteckning vid besiktning/tillsyn,Personuppgift,DIRECT_SUPERVISION,YES,Swed Handling AB,COMPANY,INSPECTION_REPORT,CHEMICALS_SEVESO,MEDIUM,MEDIUM,GENERIC,TIMELY,MEDIUM,Seveso / process-safety consultants; chemical storage & containment suppliers; fire protection,DOCUMENT_REQUIRED,NO,"Rule-based. Inspection report content (deficiencies, demands) not visible in metadata; document required."
Östergötland,13246-2026,5576737,2026-08-10,Handläggning,,"Planerad tillsyn enligt Sevesolagstiftningen, Swed Handling AB",Norrköping,13246-2026-4,,2026-08-26,Tillsynsrapport efter tillsynsbesök,Personuppgift,DIRECT_SUPERVISION,YES,Swed Handling AB,COMPANY,INSPECTION_REPORT,CHEMICALS_SEVESO,MEDIUM,MEDIUM,GENERIC,TIMELY,MEDIUM,Seveso / process-safety consultants; chemical storage & containment suppliers; fire protection,DOCUMENT_REQUIRED,NO,"Rule-based. Inspection report content (deficiencies, demands) not visible in metadata; document required."
Östergötland,13249-2026,5576760,2026-08-10,Handläggning,,"Planerad tillsyn enligt miljöbalken, Stena Recycling AB",Mjölby,13249-2026-3,,2026-08-26,Tjänsteanteckning vid besiktning/tillsyn,Personuppgift,DIRECT_SUPERVISION,YES,Stena Recycling AB,COMPANY,INSPECTION_REPORT,GENERAL_SUPERVISION,MEDIUM,MEDIUM,GENERIC,TIMELY,MEDIUM,environmental consultants (compliance / egenkontroll); EHS software,DOCUMENT_REQUIRED,NO,"Rule-based. Inspection report content (deficiencies, demands) not visible in metadata; document required."
Östergötland,13249-2026,5576760,2026-08-10,Handläggning,,"Planerad tillsyn enligt miljöbalken, Stena Recycling AB",Mjölby,13249-2026-4,,2026-08-28,Tillsynsrapport efter tillsynsbesök,Personuppgift,DIRECT_SUPERVISION,YES,Stena Recycling AB,COMPANY,INSPECTION_REPORT,GENERAL_SUPERVISION,MEDIUM,MEDIUM,GENERIC,TIMELY,MEDIUM,environmental consultants (compliance / egenkontroll); EHS software,DOCUMENT_REQUIRED,NO,"Rule-based. Inspection report content (deficiencies, demands) not visible in metadata; document required."
Östergötland,13485-2026,5580747,2026-08-14,Handläggning,,"Förslag till kontrollprogram, Saab AB",Linköping,13485-2026-1,,2026-08-14,Begäran om att lämna in förslag till kontrollprogram,Personuppgift,DIRECT_SUPERVISION,YES,Saab AB,COMPANY,CONTROL_PROGRAMME,MONITORING_CONTROL,MEDIUM,MEDIUM,SPECIFIC,TIMELY,MEDIUM,environmental consultants (monitoring programmes); accredited sampling / measurement firms; labs,DOCUMENT_WOULD_IMPROVE,NO,Reviewed. Saab AB asked to submit a control programme proposal; proposal arrived the same day (already prepared).
Östergötland,13794-2026,5585709,2026-08-21,Avslutat,2026-09-23,Beslut om miljösanktionsavgift,Handlingar,13794-2026-1,,2026-08-21,Beslut om miljösanktionsavgift,Ovako Bar AB,DIRECT_SUPERVISION,YES,Ovako Bar AB,COMPANY,SANCTION_FEE,UNKNOWN,HIGH,LOW,GENERIC,TIMELY,MEDIUM,-,DOCUMENT_REQUIRED,NO,"Reviewed. Sanction fee against Ovako Bar AB, violation unknown from metadata; document required."
Östergötland,13794-2026,5585709,2026-08-21,Avslutat,2026-09-23,Beslut om miljösanktionsavgift,Handlingar,13794-2026-2,,2026-09-22,Beslut om miljösanktionsavgift,Ovako Bar AB,DIRECT_SUPERVISION,YES,Ovako Bar AB,COMPANY,SANCTION_FEE,UNKNOWN,HIGH,LOW,GENERIC,TIMELY,MEDIUM,-,DOCUMENT_REQUIRED,NO,"Rule-based classification, not individually reviewed."
Östergötland,14039-2026,5589624,2026-08-26,Avslutat,2026-09-14,"Planerat tillsynsbesök enligt Sevesolagstiftningen, Yara AB",Norrköping,14039-2026-2,,2026-08-28,Meddelande om dagordning inför Sevesotillsyn vid Yara AB,Personuppgift,DIRECT_SUPERVISION,YES,Yara AB,COMPANY,SUPERVISION_VISIT_SCHEDULED,CHEMICALS_SEVESO,LOW,MEDIUM,GENERIC,EARLY,MEDIUM,Seveso / process-safety consultants; chemical storage & containment suppliers; fire protection,DOCUMENT_WOULD_IMPROVE,NO,Rule-based. Planned visit; possible pre-visit compliance need but no concrete problem in metadata.
Östergötland,14039-2026,5589624,2026-08-26,Avslutat,2026-09-14,"Planerat tillsynsbesök enligt Sevesolagstiftningen, Yara AB",Norrköping,14039-2026-5,,2026-09-14,Tillsynsrapport efter tillsynsbesök,Personuppgift,DIRECT_SUPERVISION,YES,Yara AB,COMPANY,INSPECTION_REPORT,CHEMICALS_SEVESO,MEDIUM,MEDIUM,GENERIC,TIMELY,MEDIUM,Seveso / process-safety consultants; chemical storage & containment suppliers; fire protection,DOCUMENT_REQUIRED,NO,"Rule-based. Inspection report content (deficiencies, demands) not visible in metadata; document required."
Östergötland,14115-2026,5590954,2026-08-27,Avslutat,2026-09-21,"Planerad tillsyn enligt Sevesolagstiftningen, VAROPreem Sverige AB",Norrköping,14115-2026-2,,2026-08-27,Meddelande om dagordning inför Sevesotillsyn,Personuppgift,DIRECT_SUPERVISION,YES,VAROPreem Sverige AB,COMPANY,SUPERVISION_VISIT_SCHEDULED,CHEMICALS_SEVESO,LOW,MEDIUM,GENERIC,EARLY,MEDIUM,Seveso / process-safety consultants; chemical storage & containment suppliers; fire protection,DOCUMENT_WOULD_IMPROVE,NO,Rule-based. Planned visit; possible pre-visit compliance need but no concrete problem in metadata.
Östergötland,14115-2026,5590954,2026-08-27,Avslutat,2026-09-21,"Planerad tillsyn enligt Sevesolagstiftningen, VAROPreem Sverige AB",Norrköping,14115-2026-3,,2026-09-21,Tillsynsrapport efter tillsynsbesök,Personuppgift,DIRECT_SUPERVISION,YES,VAROPreem Sverige AB,COMPANY,INSPECTION_REPORT,CHEMICALS_SEVESO,MEDIUM,MEDIUM,GENERIC,TIMELY,MEDIUM,Seveso / process-safety consultants; chemical storage & containment suppliers; fire protection,DOCUMENT_REQUIRED,NO,"Rule-based. Inspection report content (deficiencies, demands) not visible in metadata; document required."
Östergötland,14160-2026,5591835,2026-08-28,Handläggning,,"Anmälan om avhjälpandeåtgärder vid K-förråd, Fiskeby Board AB",Norrköping,14160-2026-1,,2026-08-28,"Anmälan om avhjälpandeåtgärder vid K-förråd, Fiskeby Board AB",Personuppgift,CONTAMINATED_SITE_SUPERVISION,YES,Fiskeby Board AB,COMPANY,REMEDIATION_NOTIFIED,CONTAMINATED_LAND,HIGH,HIGH,SPECIFIC,LATE,MEDIUM,environmental consultants (contaminated land); analytical laboratories; remediation / excavation contractors; environmental law,METADATA_SUFFICIENT,NO,Rule-based. 28 § remediation notification: consultant and contractor already engaged when notified.
Östergötland,14160-2026,5591835,2026-08-28,Handläggning,,"Anmälan om avhjälpandeåtgärder vid K-förråd, Fiskeby Board AB",Norrköping,14160-2026-2,,2026-09-01,Underrättelse om anmälan av avhjälpandeåtgärd,Personuppgift,CONTAMINATED_SITE_SUPERVISION,YES,Fiskeby Board AB,COMPANY,REMEDIATION_NOTIFIED,CONTAMINATED_LAND,HIGH,HIGH,SPECIFIC,LATE,MEDIUM,environmental consultants (contaminated land); analytical laboratories; remediation / excavation contractors; environmental law,METADATA_SUFFICIENT,NO,Rule-based. 28 § remediation notification: consultant and contractor already engaged when notified.
Östergötland,14160-2026,5591835,2026-08-28,Handläggning,,"Anmälan om avhjälpandeåtgärder vid K-förråd, Fiskeby Board AB",Norrköping,14160-2026-4,,2026-09-08,Beslut om föreläggande med försiktighetsmått,Personuppgift,CONTAMINATED_SITE_SUPERVISION,YES,Fiskeby Board AB,COMPANY,ENFORCEMENT_ORDER,CONTAMINATED_LAND,HIGH,MEDIUM,SPECIFIC,LATE,MEDIUM,environmental consultants (contaminated land); analytical laboratories; remediation / excavation contractors; environmental law,DOCUMENT_WOULD_IMPROVE,NO,Reviewed. Order with precautions is the decision on a 28 § remediation notification; contractor and consultant already engaged (timing LATE).
Östergötland,14329-2026,5593824,2026-08-28,Handläggning,,"Planerad tillsyn enligt miljöbalken, Vindkraft i Grevekulla AB",Ydre,14329-2026-3,,2026-09-22,Tillsynsrapport efter tillsynsbesök,Personuppgift,DIRECT_SUPERVISION,YES,Grevekulla AB,COMPANY,INSPECTION_REPORT,GENERAL_SUPERVISION,MEDIUM,MEDIUM,GENERIC,TIMELY,MEDIUM,environmental consultants (compliance / egenkontroll); EHS software,DOCUMENT_REQUIRED,NO,"Rule-based. Inspection report content (deficiencies, demands) not visible in metadata; document required."
Östergötland,14638-2026,5598785,2026-09-04,Handläggning,,"Planerat tillsynsbesök enligt Sevesolagstiftningen, Lantmännen Biorefineries AB",Norrköping,14638-2026-2,,2026-09-04,Meddelande om dagordning inför Sevesotillsyn,Personuppgift,DIRECT_SUPERVISION,YES,Lantmännen Biorefineries AB,COMPANY,SUPERVISION_VISIT_SCHEDULED,CHEMICALS_SEVESO,LOW,MEDIUM,GENERIC,EARLY,MEDIUM,Seveso / process-safety consultants; chemical storage & containment suppliers; fire protection,DOCUMENT_WOULD_IMPROVE,NO,Rule-based. Planned visit; possible pre-visit compliance need but no concrete problem in metadata.
Östergötland,14735-2026,5600158,2026-09-07,Handläggning,,"Planerad tillsyn enligt Sevesolagstiftningen, Jernbro Industrial AB",Finspång,14735-2026-2,,2026-09-07,Meddelande om dagordning inför tillsyn enligt Sevesolagstiftningen,Personuppgift,DIRECT_SUPERVISION,YES,Jernbro Industrial AB,COMPANY,SUPERVISION_VISIT_SCHEDULED,CHEMICALS_SEVESO,LOW,MEDIUM,GENERIC,EARLY,MEDIUM,Seveso / process-safety consultants; chemical storage & containment suppliers; fire protection,DOCUMENT_WOULD_IMPROVE,NO,Rule-based. Planned visit; possible pre-visit compliance need but no concrete problem in metadata.
Östergötland,14736-2026,5600164,2026-09-07,Handläggning,,"Planerad tillsyn enligt Sevesolagstiftningen, Norbro Energi Bulkgasol AB",Boxholm,14736-2026-2,,2026-09-07,Meddelande om dagordning inför tillsyn enligt Sevesolagstiftnigen,Personuppgift,DIRECT_SUPERVISION,YES,Norbro Energi Bulkgasol AB,COMPANY,SUPERVISION_VISIT_SCHEDULED,CHEMICALS_SEVESO,LOW,MEDIUM,GENERIC,EARLY,MEDIUM,Seveso / process-safety consultants; chemical storage & containment suppliers; fire protection,DOCUMENT_WOULD_IMPROVE,NO,Rule-based. Planned visit; possible pre-visit compliance need but no concrete problem in metadata.
Dalarna,6413-2026,5560589,2026-07-10,Handläggning,,"Anmälan om driftstörning vid Arctic Paper Grycksbo, Läckage av transformatorolja till invallning, Falun kommun",Falun,6413-2026-2,,2026-07-15,Meddelande om att länsstyrelsen har granskat anmälan om driftstörning,Arctic Paper Grycksbo AB,ENVIRONMENTAL_INCIDENT,PARTIAL,Arctic Paper Grycksbo AB,COMPANY,INCIDENT_REPORT,SPILL_LEAK,MEDIUM,LOW,SPECIFIC,TIMELY,LOW,spill response & remediation contractors; containment equipment; environmental consultants,DOCUMENT_WOULD_IMPROVE,NO,Rule-based. Operator self-report; corrective action usually already handled in-house or via existing service partner.
Dalarna,6706-2026,5569398,2026-07-27,Handläggning,,"Planerat tillsynsbesök på Bergkvist Siljan Blyberg AB, Älvdalens kommun",Älvdalen,6706-2026-2,,2026-07-27,Meddelande om dagordning,Bergkvist Siljan Blyberg AB,DIRECT_SUPERVISION,YES,Bergkvist Siljan Blyberg AB,COMPANY,SUPERVISION_VISIT_SCHEDULED,WASTE,LOW,LOW,GENERIC,EARLY,LOW,waste management consultants; waste handling equipment; environmental law,DOCUMENT_WOULD_IMPROVE,NO,Rule-based. Planned visit; possible pre-visit compliance need but no concrete problem in metadata.
Dalarna,6706-2026,5569398,2026-07-27,Handläggning,,"Planerat tillsynsbesök på Bergkvist Siljan Blyberg AB, Älvdalens kommun",Älvdalen,6706-2026-3,,2026-08-19,Meddelande om ifylld checklista,Bergkvist Siljan Blyberg AB,DIRECT_SUPERVISION,YES,Bergkvist Siljan Blyberg AB,COMPANY,SUPERVISION_VISIT_SCHEDULED,WASTE,LOW,LOW,GENERIC,EARLY,LOW,waste management consultants; waste handling equipment; environmental law,DOCUMENT_WOULD_IMPROVE,NO,Rule-based. Planned visit; possible pre-visit compliance need but no concrete problem in metadata.
Dalarna,6720-2026,5569680,2026-07-27,Handläggning,,"Planerat tillsynsbesök av Boliden Mineral AB, Hedemora kommun",Hedemora,6720-2026-2,,2026-08-21,Meddelande om dagordning,Personuppgift,DIRECT_SUPERVISION,YES,Boliden Mineral AB,COMPANY,SUPERVISION_VISIT_SCHEDULED,GENERAL_SUPERVISION,LOW,LOW,GENERIC,EARLY,LOW,environmental consultants (compliance / egenkontroll); EHS software,DOCUMENT_WOULD_IMPROVE,NO,Rule-based. Planned visit; possible pre-visit compliance need but no concrete problem in metadata.
Dalarna,6728-2026,5570263,2026-07-28,Handläggning,,"Tillsyn av Hedlunds Trävaru AB, Rättviks kommun",Handlingar,6728-2026-2,,2026-07-28,Meddelande om dagordning,Hedlunds Trävaru AB,DIRECT_SUPERVISION,YES,Hedlunds Trävaru AB,COMPANY,SUPERVISION_VISIT_SCHEDULED,GENERAL_SUPERVISION,LOW,LOW,GENERIC,EARLY,LOW,environmental consultants (compliance / egenkontroll); EHS software,DOCUMENT_WOULD_IMPROVE,NO,Rule-based. Planned visit; possible pre-visit compliance need but no concrete problem in metadata.
Dalarna,6731-2026,5570371,2026-07-28,Avslutat,2026-09-10,"Tillsyn av Rågsveden- Sveden Trä, Vansbro kommun",Handlingar,6731-2026-2,,2026-07-28,Meddelande om dagordning,Rågsveden- Sveden Trä AB,DIRECT_SUPERVISION,YES,Rågsveden- Sveden Trä AB,COMPANY,SUPERVISION_VISIT_SCHEDULED,AIR_EMISSIONS,LOW,LOW,GENERIC,EARLY,LOW,emission measurement firms (accredited); flue-gas treatment & filter suppliers; process consultants,DOCUMENT_WOULD_IMPROVE,NO,Rule-based. Planned visit; possible pre-visit compliance need but no concrete problem in metadata.
Dalarna,6819-2026,5574261,2026-08-05,Handläggning,,"Start av ärende om tillsyn av Svartnäs vindkraftpark, Falu kommun",Handlingar,6819-2026-2,,2026-08-05,Kallelse till miljöskyddstillsyn Svartnäs vindkraftspark,Svartnäs vindkraft AB,DIRECT_SUPERVISION,YES,Svartnäs Vindkraft AB,COMPANY,SUPERVISION_VISIT_SCHEDULED,GENERAL_SUPERVISION,LOW,LOW,GENERIC,EARLY,LOW,environmental consultants (compliance / egenkontroll); EHS software,DOCUMENT_WOULD_IMPROVE,NO,Rule-based. Planned visit; possible pre-visit compliance need but no concrete problem in metadata.
Dalarna,7059-2026,5581375,2026-08-13,Avslutat,2026-09-04,"Klagomål på vibrationer, Boliden Mineral AB, Hedemora kommun",Hedemora,7059-2026-1,,2026-08-13,"Klagomål på vibrationer, Boliden Mineral AB, Hedemora kommun",Boliden Mineral AB,COMPLAINT,PARTIAL,Boliden Mineral AB,COMPANY,COMPLAINT_RECEIVED,GENERAL_SUPERVISION,LOW,LOW,GENERIC,EARLY,LOW,environmental consultants (compliance / egenkontroll); EHS software,DOCUMENT_WOULD_IMPROVE,NO,Rule-based. Complaint entry; only becomes a purchase if Länsstyrelsen demands measurements or measures.
Dalarna,7064-2026,5581495,2026-08-17,Handläggning,,Redovisning av förslag på kontrollprogram för Avliksdeponin,Falun,7064-2026-1,,2026-08-17,Redovisning av förslag på kontrollprogram för Avliksdeponin,Actic paper Grycksbo AB,DIRECT_SUPERVISION,YES,Actic paper Grycksbo AB,COMPANY,CONTROL_PROGRAMME,WASTE,MEDIUM,MEDIUM,SPECIFIC,LATE,LOW,waste management consultants; waste handling equipment; environmental law,DOCUMENT_WOULD_IMPROVE,NO,"Rule-based. Control-programme proposal submitted by operator, typically already prepared with consultant."
Dalarna,7064-2026,5581495,2026-08-17,Handläggning,,Redovisning av förslag på kontrollprogram för Avliksdeponin,Falun,7064-2026-3,,2026-09-02,Komplettering med Provtagningsprogram för Alvik,Actic paper Grycksbo AB,DIRECT_SUPERVISION,YES,Actic paper Grycksbo AB,COMPANY,CONTROL_PROGRAMME,WASTE,MEDIUM,MEDIUM,SPECIFIC,LATE,LOW,waste management consultants; waste handling equipment; environmental law,DOCUMENT_WOULD_IMPROVE,NO,"Rule-based. Control-programme proposal submitted by operator, typically already prepared with consultant."
Dalarna,7106-2026,5582917,2026-08-18,Handläggning,,"Anmälan om klagomål gällande buller från Ovako Bar AB, Smedjebackens kommun",Smedjebacken,7106-2026-2,,2026-08-18,Begäran om bullerkartläggning,Ovako Bar AB,COMPLAINT,PARTIAL,Ovako Bar AB,COMPANY,INFORMATION_REQUEST,NOISE,MEDIUM,LOW,GENERIC,TIMELY,LOW,acoustic consultants; noise abatement suppliers,DOCUMENT_REQUIRED,NO,Rule-based. Request for supplementary information; content unknown.
Dalarna,7202-2026,5586155,2026-08-21,Avslutat,2026-09-11,"Anmälan om driftsstörning vid Lerdals ARV, kallfackling av rötgas, Rättviks kommun",Rättvik,7202-2026-1,,2026-08-21,"Anmälan om driftsstörning vid Lerdals ARV, Kallfackling av rötgas, Rättvik kommun",Personuppgift,ENVIRONMENTAL_INCIDENT,PARTIAL,Rättvik Vatten och Avfall AB,COMPANY,INCIDENT_REPORT,AIR_EMISSIONS,LOW,LOW,SPECIFIC,TIMELY,LOW,emission measurement firms (accredited); flue-gas treatment & filter suppliers; process consultants,DOCUMENT_WOULD_IMPROVE,NO,Rule-based. Operator self-report; corrective action usually already handled in-house or via existing service partner.
Dalarna,7202-2026,5586155,2026-08-21,Avslutat,2026-09-11,"Anmälan om driftsstörning vid Lerdals ARV, kallfackling av rötgas, Rättviks kommun",Rättvik,7202-2026-2,,2026-08-24,Begäran om komplettering,Personuppgift,ENVIRONMENTAL_INCIDENT,PARTIAL,Rättvik Vatten och Avfall AB,COMPANY,INFORMATION_REQUEST,AIR_EMISSIONS,MEDIUM,LOW,GENERIC,TIMELY,LOW,emission measurement firms (accredited); flue-gas treatment & filter suppliers; process consultants,DOCUMENT_REQUIRED,NO,Rule-based. Request for supplementary information; content unknown.
Dalarna,7202-2026,5586155,2026-08-21,Avslutat,2026-09-11,"Anmälan om driftsstörning vid Lerdals ARV, kallfackling av rötgas, Rättviks kommun",Rättvik,7202-2026-4,,2026-09-10,Komplettering av driftsstörning,Personuppgift,ENVIRONMENTAL_INCIDENT,PARTIAL,Rättvik Vatten och Avfall AB,COMPANY,INCIDENT_REPORT,AIR_EMISSIONS,MEDIUM,LOW,GENERIC,TIMELY,LOW,emission measurement firms (accredited); flue-gas treatment & filter suppliers; process consultants,DOCUMENT_WOULD_IMPROVE,NO,Rule-based. Operator self-report; corrective action usually already handled in-house or via existing service partner.
Dalarna,7215-2026,5586438,2026-08-24,Handläggning,,"Planerat tillsynsbesök på SSAB EMEA AB, Borlänge kommun",Borlänge,7215-2026-2,,2026-09-16,Meddelande om dagordning,Personuppgift,DIRECT_SUPERVISION,YES,SSAB EMEA AB,COMPANY,SUPERVISION_VISIT_SCHEDULED,GENERAL_SUPERVISION,LOW,LOW,GENERIC,EARLY,LOW,environmental consultants (compliance / egenkontroll); EHS software,DOCUMENT_WOULD_IMPROVE,NO,Rule-based. Planned visit; possible pre-visit compliance need but no concrete problem in metadata.
Dalarna,7243-2026,5587166,2026-08-24,Handläggning,,"Miljösanktionsavgift för avfallsregistret, Rättviks kalkverk, Rättviks kommun",Rättvik,7243-2026-2,,2026-08-26,Underrättelse om miljösanktionsavgift,Personuppgift,DIRECT_SUPERVISION,YES,SMA Mineral AB,COMPANY,SANCTION_FEE,WASTE,HIGH,LOW,SPECIFIC,TIMELY,LOW,waste management consultants; waste handling equipment; environmental law,DOCUMENT_WOULD_IMPROVE,NO,"Reviewed. Sanction fee for missing waste-register reporting; administrative, no supplier."
Dalarna,7320-2026,5589518,2026-08-26,Handläggning,,"Tillsyn av information om allmänheten, Gagnefs kommun",Gagnef,7320-2026-2,,2026-08-26,"Begäran om att ta fram information till allmänheten utifrån Sevesolagstiftningen, Maserfrakt AB",Maserfrakt AB,DIRECT_SUPERVISION,YES,Maserfrakt AB,COMPANY,INFORMATION_REQUEST,CHEMICALS_SEVESO,MEDIUM,LOW,GENERIC,TIMELY,LOW,Seveso / process-safety consultants; chemical storage & containment suppliers; fire protection,DOCUMENT_REQUIRED,NO,Rule-based. Request for supplementary information; content unknown.
Dalarna,7326-2026,5589718,2026-08-26,Handläggning,,"Tillsyn av information till allmänheten, Gagnefs kommun",Gagnef,7326-2026-2,,2026-08-27,Begäran om att ta fram information till allmänheten utifrån Sevesolagstiftningen,Erik Hellkvist AB,DIRECT_SUPERVISION,YES,Erik Hellkvist AB,COMPANY,INFORMATION_REQUEST,CHEMICALS_SEVESO,MEDIUM,LOW,GENERIC,TIMELY,LOW,Seveso / process-safety consultants; chemical storage & containment suppliers; fire protection,DOCUMENT_REQUIRED,NO,Rule-based. Request for supplementary information; content unknown.
Dalarna,7441-2026,5593470,2026-08-31,Handläggning,,"Anmälan om driftsstörning vid Ovako Bar AB Smedjebacken, släckvatten efter brand under ugn i stålverk, Smedjebacken kommun",Smedjebacken,7441-2026-2,,2026-09-04,Begäran om komplettering,Ovako Bar AB,ENVIRONMENTAL_INCIDENT,PARTIAL,Ovako Bar AB,COMPANY,INFORMATION_REQUEST,FIRE,MEDIUM,LOW,GENERIC,TIMELY,LOW,fire protection consultants & equipment; insurance-driven remediation,DOCUMENT_REQUIRED,NO,Rule-based. Request for supplementary information; content unknown.
Dalarna,7541-2026,5596351,2026-09-02,Handläggning,,"Begäran om tillsyn enligt lagen 51 § lagen om allmänna vattentjänster, för att inrätta verksamhetsområde för allmän vattenförsörning i Halvars, Ludvika kommun, kommunens dnr KS 2026/164",Ludvika,7541-2026-1,,2026-09-02,"Begäran om tillsyn enligt lagen 51 § lagen om allmänna vattentjänster, för att inrätta verksamhetsområde för allmän vattenförsörning i Halvars, Ludvika kommun, kommunens dnr KS 2026/164",Halvars Gonäs Samfällighetsförening,COMPLAINT,PARTIAL,Halvars Gonäs Samfällighetsförening,ORG_NAMED,COMPLAINT_RECEIVED,MUNICIPAL_OVERSIGHT,LOW,LOW,GENERIC,EARLY,LOW,-,DOCUMENT_WOULD_IMPROVE,NO,Rule-based. Complaint entry; only becomes a purchase if Länsstyrelsen demands measurements or measures.
Dalarna,7943-2026,5610434,2026-09-14,Handläggning,,Kallelse till tillsynsbesök,Handlingar,7943-2026-2,,2026-09-14,Kallelse till tillsynsbesök,Enviksberget,DIRECT_SUPERVISION,YES,Enviksberget,ORG_NAMED,SUPERVISION_VISIT_SCHEDULED,GENERAL_SUPERVISION,LOW,LOW,GENERIC,EARLY,LOW,environmental consultants (compliance / egenkontroll); EHS software,DOCUMENT_WOULD_IMPROVE,NO,Rule-based. Planned visit; possible pre-visit compliance need but no concrete problem in metadata.
Dalarna,8023-2026,5613267,2026-09-15,Handläggning,,Ansökan om bidrag till verifierande provtagning PFAS och sediment,Handlingar,8023-2026-1,,2026-09-15,Ansökan om bidrag till verifierande provtagning PFAS och sediment,Personuppgift,CONTAMINATED_SITE_SUPERVISION,YES,,NONE,STATE_FUNDED_SAMPLING,CONTAMINATED_LAND_PFAS,LOW,LOW,SPECIFIC,LATE,LOW,environmental consultants (contaminated land / PFAS investigation); analytical laboratories; remediation contractors,METADATA_SUFFICIENT,NO,Rule-based. State-funded PFAS/sediment sampling procured by Länsstyrelsen; landowner is not the buyer.
Dalarna,8023-2026,5613267,2026-09-15,Handläggning,,Ansökan om bidrag till verifierande provtagning PFAS och sediment,Handlingar,8023-2026-2,,2026-09-16,Ansökan Dalarna verifierande provtagning 2027,Personuppgift,CONTAMINATED_SITE_SUPERVISION,YES,,NONE,STATE_FUNDED_SAMPLING,CONTAMINATED_LAND_PFAS,LOW,LOW,SPECIFIC,LATE,LOW,environmental consultants (contaminated land / PFAS investigation); analytical laboratories; remediation contractors,METADATA_SUFFICIENT,NO,Rule-based. State-funded PFAS/sediment sampling procured by Länsstyrelsen; landowner is not the buyer.
Dalarna,8023-2026,5613267,2026-09-15,Handläggning,,Ansökan om bidrag till verifierande provtagning PFAS och sediment,Handlingar,8023-2026-3,,2026-09-15,Ansökan om bidrag för verifierande provtagning PFAS och sediment 2027,Personuppgift,CONTAMINATED_SITE_SUPERVISION,YES,,NONE,STATE_FUNDED_SAMPLING,CONTAMINATED_LAND_PFAS,LOW,LOW,SPECIFIC,LATE,LOW,environmental consultants (contaminated land / PFAS investigation); analytical laboratories; remediation contractors,METADATA_SUFFICIENT,NO,Rule-based. State-funded PFAS/sediment sampling procured by Länsstyrelsen; landowner is not the buyer.
Dalarna,8380-2026,5624798,2026-09-23,Handläggning,,"Begäran om tillsyn enligt 51 § lagen om allmänna vattentjänster för de beslutade verksamhetsområdet Gusjösätern, Malung-Sälens kommun",Malung-Sälen,8380-2026-1,,2026-09-23,"Begäran om tillsyn enligt 51 § lagen om allmänna vattentjänster för de beslutade verksamhetsområdet Gusjösätern, Malung-Sälens kommun",Gusjösäterns Fastighetsägarförening,COMPLAINT,PARTIAL,Gusjösäterns Fastighetsägarförening,ORG_NAMED,COMPLAINT_RECEIVED,GENERAL_SUPERVISION,LOW,LOW,GENERIC,EARLY,LOW,environmental consultants (compliance / egenkontroll); EHS software,DOCUMENT_WOULD_IMPROVE,NO,Rule-based. Complaint entry; only becomes a purchase if Länsstyrelsen demands measurements or measures.
Halland,4689-2026,5554402,2026-07-03,Handläggning,,"Meddelande om klagomål på lukt, Stena Battery Center i Halmstads kommun",Halmstad,4689-2026-1,,2026-07-03,"Meddelande om klagomål på lukt, Stena Battery Center i Halmstads kommun",Personuppgift,COMPLAINT,PARTIAL,Stena Recycling AB,COMPANY,COMPLAINT_RECEIVED,AIR_EMISSIONS,LOW,LOW,SPECIFIC,EARLY,LOW,emission measurement firms (accredited); flue-gas treatment & filter suppliers; process consultants,DOCUMENT_WOULD_IMPROVE,NO,Rule-based. Complaint entry; only becomes a purchase if Länsstyrelsen demands measurements or measures.
Halland,4689-2026,5554402,2026-07-03,Handläggning,,"Meddelande om klagomål på lukt, Stena Battery Center i Halmstads kommun",Halmstad,4689-2026-2,,2026-07-03,"Meddelande om klagomål, begäran om yttrande",Stena Recycling AB,COMPLAINT,PARTIAL,Stena Recycling AB,COMPANY,COMPLAINT_RECEIVED,AIR_EMISSIONS,LOW,LOW,GENERIC,EARLY,LOW,emission measurement firms (accredited); flue-gas treatment & filter suppliers; process consultants,DOCUMENT_WOULD_IMPROVE,NO,Rule-based. Complaint entry; only becomes a purchase if Länsstyrelsen demands measurements or measures.
Halland,4689-2026,5554402,2026-07-03,Handläggning,,"Meddelande om klagomål på lukt, Stena Battery Center i Halmstads kommun",Halmstad,4689-2026-3,,2026-07-03,Meddelande om handläggning av klagomål till klagande,Personuppgift,COMPLAINT,PARTIAL,Stena Recycling AB,COMPANY,COMPLAINT_RECEIVED,AIR_EMISSIONS,LOW,LOW,GENERIC,EARLY,LOW,emission measurement firms (accredited); flue-gas treatment & filter suppliers; process consultants,DOCUMENT_WOULD_IMPROVE,NO,Rule-based. Complaint entry; only becomes a purchase if Länsstyrelsen demands measurements or measures.
Halland,4689-2026,5554402,2026-07-03,Handläggning,,"Meddelande om klagomål på lukt, Stena Battery Center i Halmstads kommun",Halmstad,4689-2026-4,,2026-07-03,Meddelande om ok till förlängd tid till 28 augusti att återkoppla angående klagomål,Stena Recycling AB,COMPLAINT,PARTIAL,Stena Recycling AB,COMPANY,COMPLAINT_RECEIVED,AIR_EMISSIONS,LOW,LOW,GENERIC,EARLY,LOW,emission measurement firms (accredited); flue-gas treatment & filter suppliers; process consultants,DOCUMENT_WOULD_IMPROVE,NO,Rule-based. Complaint entry; only becomes a purchase if Länsstyrelsen demands measurements or measures.
Halland,4689-2026,5554402,2026-07-03,Handläggning,,"Meddelande om klagomål på lukt, Stena Battery Center i Halmstads kommun",Halmstad,4689-2026-7,,2026-08-20,Yttrande över klagomål,Stena Recycling AB,COMPLAINT,PARTIAL,Stena Recycling AB,COMPANY,COMPLAINT_RECEIVED,AIR_EMISSIONS,LOW,LOW,GENERIC,EARLY,LOW,emission measurement firms (accredited); flue-gas treatment & filter suppliers; process consultants,DOCUMENT_WOULD_IMPROVE,NO,Rule-based. Complaint entry; only becomes a purchase if Länsstyrelsen demands measurements or measures.
Halland,4689-2026,5554402,2026-07-03,Handläggning,,"Meddelande om klagomål på lukt, Stena Battery Center i Halmstads kommun",Halmstad,4689-2026-8,,2026-08-21,Begäran om komplettering,Personuppgift,COMPLAINT,PARTIAL,Stena Recycling AB,COMPANY,INFORMATION_REQUEST,AIR_EMISSIONS,MEDIUM,LOW,GENERIC,TIMELY,LOW,emission measurement firms (accredited); flue-gas treatment & filter suppliers; process consultants,DOCUMENT_REQUIRED,NO,Rule-based. Request for supplementary information; content unknown.
Halland,4886-2026,5562643,2026-07-14,Avslutat,2026-07-15,"Begäran om tillsyn av vattenverksamhet, vattenflöde under minimitappning vid Ätrafors kraftverk",Handlingar,4886-2026-2,,2026-07-14,Begäran om yttrande,Uniper,COMPLAINT,PARTIAL,Sportfiskarna region Väst,PUBLIC_BODY,INFORMATION_REQUEST,STORMWATER_PROCESS_WATER,MEDIUM,LOW,GENERIC,TIMELY,LOW,stormwater / water treatment consultants; oil separator & filtration suppliers; labs,DOCUMENT_REQUIRED,NO,Rule-based. Request for supplementary information; content unknown.
Halland,4935-2026,5564645,2026-07-16,Avslutat,2026-07-17,Begäran om tillsyn av jordbruksmark ur produktion i Falkenbergs kommun,Falkenberg,4935-2026-1,,2026-07-16,Begäran om tillsyn av jordbruksmark ur produktion i Falkenbergs kommun,Tillsyn Halland,COMPLAINT,PARTIAL,Tillsyn Halland,ORG_NAMED,COMPLAINT_RECEIVED,GENERAL_SUPERVISION,LOW,LOW,GENERIC,EARLY,LOW,environmental consultants (compliance / egenkontroll); EHS software,DOCUMENT_WOULD_IMPROVE,NO,Rule-based. Complaint entry; only becomes a purchase if Länsstyrelsen demands measurements or measures.
Halland,5202-2026,5573584,2026-08-04,Handläggning,,Begäran om tillsyn av låga vattennivåer i Lygnern,Handlingar,5202-2026-1,,2026-08-04,Begäran om tillsyn av låga vattennivåer i Lygnern,EMS Företagsdata,COMPLAINT,PARTIAL,EMS Företagsdata,ORG_NAMED,COMPLAINT_RECEIVED,WATER_ACTIVITY,LOW,LOW,GENERIC,EARLY,LOW,hydrogeology / water consultants; dam safety consultants; environmental law,DOCUMENT_WOULD_IMPROVE,NO,Rule-based. Complaint entry; only becomes a purchase if Länsstyrelsen demands measurements or measures.
Halland,5822-2026,5596315,2026-09-02,Handläggning,,Ansökan om statsbidrag för verifierande fältprovtagning för PFAS-förorenade och förorenade sedimentområden 2027.,Handlingar,5822-2026-2,,2026-09-10,Ansökan om statsbidrag för verifierande fältprovtagning för PFAS-förorenade och förorenade sedimentområden för 2027,Naturvårdsverket,CONTAMINATED_SITE_SUPERVISION,YES,,NONE,STATE_FUNDED_SAMPLING,CONTAMINATED_LAND_PFAS,LOW,LOW,SPECIFIC,LATE,LOW,environmental consultants (contaminated land / PFAS investigation); analytical laboratories; remediation contractors,METADATA_SUFFICIENT,NO,Rule-based. State-funded PFAS/sediment sampling procured by Länsstyrelsen; landowner is not the buyer.
Halland,6130-2026,5602591,2026-09-07,Handläggning,,"Meddelande om reviderar och uppdaterad ansvarsutredning för PFAS-förorening, Halmstads kommun",Handlingar,6130-2026-1,,2026-09-07,"Meddelande om reviderar och uppdaterad ansvarsutredning för PFAS-förorening, Halmstads kommun",Halmstads kommun,CONTAMINATED_SITE_SUPERVISION,YES,Halmstads kommun,PUBLIC_BODY,INVESTIGATION_REQUIRED,CONTAMINATED_LAND_PFAS,HIGH,MEDIUM,SPECIFIC,LATE,LOW,environmental consultants (contaminated land / PFAS investigation); analytical laboratories; remediation contractors,METADATA_SUFFICIENT,NO,"Rule-based classification, not individually reviewed."
Halland,6308-2026,5606783,2026-09-10,Handläggning,,Planerat tillsynsbesök på Södra Cell Värö i Varbergs kommun,Varberg,6308-2026-2,,2026-09-10,Inbjudan till Planerat tillsynsbesök Södra Cell Värö i Varbergs kommun,Länsstyrelsen i Hallands län,DIRECT_SUPERVISION,YES,Södra Skogsägarna ekonomisk förening,COMPANY,SUPERVISION_VISIT_SCHEDULED,GENERAL_SUPERVISION,LOW,LOW,GENERIC,EARLY,LOW,environmental consultants (compliance / egenkontroll); EHS software,DOCUMENT_WOULD_IMPROVE,NO,Rule-based. Planned visit; possible pre-visit compliance need but no concrete problem in metadata.
Halland,6308-2026,5606783,2026-09-10,Handläggning,,Planerat tillsynsbesök på Södra Cell Värö i Varbergs kommun,Varberg,6308-2026-3,,2026-09-10,Meddelande om förslag till dagordning,Södra Skogsägarna ekonomisk förening,DIRECT_SUPERVISION,YES,Södra Skogsägarna ekonomisk förening,COMPANY,SUPERVISION_VISIT_SCHEDULED,GENERAL_SUPERVISION,LOW,LOW,GENERIC,EARLY,LOW,environmental consultants (compliance / egenkontroll); EHS software,DOCUMENT_WOULD_IMPROVE,NO,Reviewed. Agenda proposal for a planned visit; earlier rule mis-tagged it as an order proposal.
Halland,6406-2026,5609460,2026-09-13,Handläggning,,Meddelande om klagomål på lukt,Handlingar,6406-2026-1,,2026-09-13,Meddelande om klagomål på lukt,Personuppgift,COMPLAINT,PARTIAL,,NONE,COMPLAINT_RECEIVED,AIR_EMISSIONS,LOW,LOW,SPECIFIC,EARLY,LOW,emission measurement firms (accredited); flue-gas treatment & filter suppliers; process consultants,DOCUMENT_WOULD_IMPROVE,NO,Rule-based. Complaint entry; only becomes a purchase if Länsstyrelsen demands measurements or measures.
Halland,6447-2026,5611218,2026-09-10,Handläggning,,Meddelande om klagomål,Handlingar,6447-2026-1,,2026-09-10,Tjänsteanteckning om klagomål,Personuppgift,COMPLAINT,PARTIAL,Stena Recycling AB,COMPANY,COMPLAINT_RECEIVED,UNKNOWN,LOW,LOW,GENERIC,EARLY,LOW,-,DOCUMENT_WOULD_IMPROVE,NO,Rule-based. Complaint entry; only becomes a purchase if Länsstyrelsen demands measurements or measures.
Halland,6481-2026,5611801,2026-09-15,Avslutat,2026-09-22,Information om nytt kontrollprogram,Halmstad,6481-2026-1,,2026-09-15,Information om nytt kontrollprogram,Halmstad kommun,DIRECT_SUPERVISION,YES,Halmstad kommun,PUBLIC_BODY,CONTROL_PROGRAMME,MONITORING_CONTROL,MEDIUM,MEDIUM,SPECIFIC,LATE,LOW,environmental consultants (monitoring programmes); accredited sampling / measurement firms; labs,DOCUMENT_WOULD_IMPROVE,NO,"Rule-based. Control-programme proposal submitted by operator, typically already prepared with consultant."
Halland,6482-2026,5611817,2026-09-15,Avslutat,2026-09-22,"Information om kontrollprogram, Halmstads kommun",Halmstad,6482-2026-1,,2026-09-15,"Information om kontrollprogram, Hlmstads kommun",Halmstads kommun,DIRECT_SUPERVISION,YES,Halmstads kommun,PUBLIC_BODY,CONTROL_PROGRAMME,MONITORING_CONTROL,MEDIUM,MEDIUM,SPECIFIC,LATE,LOW,environmental consultants (monitoring programmes); accredited sampling / measurement firms; labs,DOCUMENT_WOULD_IMPROVE,NO,"Rule-based. Control-programme proposal submitted by operator, typically already prepared with consultant."
Jönköping,5606-2026,5559010,2026-07-08,Avslutat,2026-08-18,"Föreläggande om försiktighetsmått för anmälningspliktig verksamhet för kännedom, Värnamo kommun",Handlingar,5606-2026-1,,2026-07-08,"Föreläggande om försiktighetsmått för anmälningspliktig verksamhet för kännedom, Värnamo kommun",Värnamo kommun,DIRECT_SUPERVISION,YES,Värnamo kommun,PUBLIC_BODY,PERMIT_CONDITION_FOLLOWUP,PERMIT_CONDITIONS,MEDIUM,LOW,SPECIFIC,TIMELY,LOW,environmental consultants (permits); environmental law,DOCUMENT_REQUIRED,NO,"Rule-based classification, not individually reviewed."
Jönköping,5624-2026,5559975,2026-07-09,Avslutat,2026-09-04,Redovisning av ny utgåva av kontrollprogram,Gislaved,5624-2026-1,,2026-07-09,Redovisning av ny utgåva av kontrollprogram,Proton Finishing Anderstorp AB,DIRECT_SUPERVISION,YES,Proton Finishing Anderstorp AB,COMPANY,CONTROL_PROGRAMME,MONITORING_CONTROL,MEDIUM,MEDIUM,SPECIFIC,LATE,LOW,environmental consultants (monitoring programmes); accredited sampling / measurement firms; labs,DOCUMENT_WOULD_IMPROVE,NO,"Rule-based. Control-programme proposal submitted by operator, typically already prepared with consultant."
Jönköping,5624-2026,5559975,2026-07-09,Avslutat,2026-09-04,Redovisning av ny utgåva av kontrollprogram,Gislaved,5624-2026-2,,2026-09-04,Meddelande om uppdaterat kontrollprogram,Personuppgift,DIRECT_SUPERVISION,YES,Proton Finishing Anderstorp AB,COMPANY,CONTROL_PROGRAMME,MONITORING_CONTROL,MEDIUM,MEDIUM,SPECIFIC,LATE,LOW,environmental consultants (monitoring programmes); accredited sampling / measurement firms; labs,DOCUMENT_WOULD_IMPROVE,NO,"Rule-based. Control-programme proposal submitted by operator, typically already prepared with consultant."
Jönköping,5991-2026,5576705,2026-07-01,Avslutat,2026-09-22,Redovisning av ytterligare åtgärder med anledning av periodisk undersökning,Jönköping,5991-2026-2,,2026-08-14,Begäran om komplettering,Personuppgift,DIRECT_SUPERVISION,YES,Jönköping Energi AB,COMPANY,INFORMATION_REQUEST,UNKNOWN,MEDIUM,LOW,GENERIC,TIMELY,LOW,-,DOCUMENT_REQUIRED,NO,Rule-based. Request for supplementary information; content unknown.
Jönköping,6099-2026,5580624,2026-08-14,Handläggning,,Redovisning av slutrapport med utvärdering av kontrollprogram rejektvatten,Jönköping,6099-2026-1,,2026-08-14,Redovisning av slutrapport med utvärdering av kontrollprogram rejektvatten,Jönköping Energi AB,DIRECT_SUPERVISION,YES,Jönköping Energi AB,COMPANY,CONTROL_PROGRAMME,WASTEWATER,MEDIUM,MEDIUM,SPECIFIC,LATE,LOW,"process/VA engineering consultants; treatment equipment & service (pumps, scrapers, dosing); sampling labs",DOCUMENT_WOULD_IMPROVE,NO,"Rule-based. Control-programme proposal submitted by operator, typically already prepared with consultant."
Jönköping,6121-2026,5581652,2026-08-17,Handläggning,,Information med begäran om tillsyn med anledning av uttag av odlingstorv,Gislaved,6121-2026-1,,2026-08-17,"Begäran om tillsyn gällande klagomål, med anledning av uttag av odlingstorv",Personuppgift,COMPLAINT,PARTIAL,,NONE,COMPLAINT_RECEIVED,GENERAL_SUPERVISION,LOW,LOW,GENERIC,EARLY,LOW,environmental consultants (compliance / egenkontroll); EHS software,DOCUMENT_WOULD_IMPROVE,NO,Rule-based. Complaint entry; only becomes a purchase if Länsstyrelsen demands measurements or measures.
Jönköping,6129-2026,5581872,2026-08-17,Avslutat,2026-09-15,"Planerat tillsynsbesök på IED-verksamhet, Jönköpings kommun",Jönköping,6129-2026-1,,2026-08-17,Information om uppdaterad agenda,Länsstyrelsen,DIRECT_SUPERVISION,YES,Husqvarna AB,COMPANY,SUPERVISION_VISIT_SCHEDULED,GENERAL_SUPERVISION,LOW,LOW,GENERIC,EARLY,LOW,environmental consultants (compliance / egenkontroll); EHS software,DOCUMENT_WOULD_IMPROVE,NO,Rule-based. Planned visit; possible pre-visit compliance need but no concrete problem in metadata.
Jönköping,6146-2026,5582565,2026-08-18,Avslutat,2026-09-23,"Anmälan om driftstörning vid Eksjö reningsverk, 50% av biosteget tas ur drift pga inspektion och utredning inför åtgärd för att förbättra process, Eksjö kommun",Eksjö,6146-2026-1,,2026-08-18,"Anmälan om driftstörning vid Eksjö reningsverk, 50% av biosteget tas ur drift pga inspektion och utredning inför åtgärd för att förbättra process, Eksjö kommun",Eksjö Energi AB,DIRECT_SUPERVISION,YES,Eksjö Energi AB,COMPANY,INCIDENT_REPORT,WASTEWATER,MEDIUM,LOW,SPECIFIC,TIMELY,LOW,"process/VA engineering consultants; treatment equipment & service (pumps, scrapers, dosing); sampling labs",DOCUMENT_WOULD_IMPROVE,NO,Rule-based. Operator self-report; corrective action usually already handled in-house or via existing service partner.
Jönköping,6146-2026,5582565,2026-08-18,Avslutat,2026-09-23,"Anmälan om driftstörning vid Eksjö reningsverk, 50% av biosteget tas ur drift pga inspektion och utredning inför åtgärd för att förbättra process, Eksjö kommun",Eksjö,6146-2026-2,,2026-08-19,Meddelande med anledning av driftstörning,Personuppgift,DIRECT_SUPERVISION,YES,Eksjö Energi AB,COMPANY,INCIDENT_REPORT,WASTEWATER,MEDIUM,LOW,GENERIC,TIMELY,LOW,"process/VA engineering consultants; treatment equipment & service (pumps, scrapers, dosing); sampling labs",DOCUMENT_WOULD_IMPROVE,NO,Rule-based. Operator self-report; corrective action usually already handled in-house or via existing service partner.
Jönköping,6146-2026,5582565,2026-08-18,Avslutat,2026-09-23,"Anmälan om driftstörning vid Eksjö reningsverk, 50% av biosteget tas ur drift pga inspektion och utredning inför åtgärd för att förbättra process, Eksjö kommun",Eksjö,6146-2026-3,,2026-08-27,Meddelande om driftstörningen,Personuppgift,DIRECT_SUPERVISION,YES,Eksjö Energi AB,COMPANY,INCIDENT_REPORT,WASTEWATER,MEDIUM,LOW,GENERIC,TIMELY,LOW,"process/VA engineering consultants; treatment equipment & service (pumps, scrapers, dosing); sampling labs",DOCUMENT_WOULD_IMPROVE,NO,Rule-based. Operator self-report; corrective action usually already handled in-house or via existing service partner.
Jönköping,6146-2026,5582565,2026-08-18,Avslutat,2026-09-23,"Anmälan om driftstörning vid Eksjö reningsverk, 50% av biosteget tas ur drift pga inspektion och utredning inför åtgärd för att förbättra process, Eksjö kommun",Eksjö,6146-2026-4,,2026-08-27,Meddelande gällande driftstörningen,Personuppgift,DIRECT_SUPERVISION,YES,Eksjö Energi AB,COMPANY,INCIDENT_REPORT,WASTEWATER,MEDIUM,LOW,GENERIC,TIMELY,LOW,"process/VA engineering consultants; treatment equipment & service (pumps, scrapers, dosing); sampling labs",DOCUMENT_WOULD_IMPROVE,NO,Rule-based. Operator self-report; corrective action usually already handled in-house or via existing service partner.
Jönköping,6146-2026,5582565,2026-08-18,Avslutat,2026-09-23,"Anmälan om driftstörning vid Eksjö reningsverk, 50% av biosteget tas ur drift pga inspektion och utredning inför åtgärd för att förbättra process, Eksjö kommun",Eksjö,6146-2026-5,,2026-08-27,Komplettering av driftstörning,Personuppgift,DIRECT_SUPERVISION,YES,Eksjö Energi AB,COMPANY,INCIDENT_REPORT,WASTEWATER,MEDIUM,LOW,GENERIC,TIMELY,LOW,"process/VA engineering consultants; treatment equipment & service (pumps, scrapers, dosing); sampling labs",DOCUMENT_WOULD_IMPROVE,NO,Rule-based. Operator self-report; corrective action usually already handled in-house or via existing service partner.
Jönköping,6146-2026,5582565,2026-08-18,Avslutat,2026-09-23,"Anmälan om driftstörning vid Eksjö reningsverk, 50% av biosteget tas ur drift pga inspektion och utredning inför åtgärd för att förbättra process, Eksjö kommun",Eksjö,6146-2026-6,,2026-08-27,Meddelande om driftstörningen,Personuppgift,DIRECT_SUPERVISION,YES,Eksjö Energi AB,COMPANY,INCIDENT_REPORT,WASTEWATER,MEDIUM,LOW,GENERIC,TIMELY,LOW,"process/VA engineering consultants; treatment equipment & service (pumps, scrapers, dosing); sampling labs",DOCUMENT_WOULD_IMPROVE,NO,Rule-based. Operator self-report; corrective action usually already handled in-house or via existing service partner.
Jönköping,6146-2026,5582565,2026-08-18,Avslutat,2026-09-23,"Anmälan om driftstörning vid Eksjö reningsverk, 50% av biosteget tas ur drift pga inspektion och utredning inför åtgärd för att förbättra process, Eksjö kommun",Eksjö,6146-2026-8,,2026-09-23,Meddelande om driftstörningarna,Personuppgift,DIRECT_SUPERVISION,YES,Eksjö Energi AB,COMPANY,INCIDENT_REPORT,WASTEWATER,MEDIUM,LOW,GENERIC,TIMELY,LOW,"process/VA engineering consultants; treatment equipment & service (pumps, scrapers, dosing); sampling labs",DOCUMENT_WOULD_IMPROVE,NO,Rule-based. Operator self-report; corrective action usually already handled in-house or via existing service partner.
Jönköping,6210-2026,5584542,2026-08-20,Handläggning,,"Anmälan om driftsstörning, inplanerat elarbete, Gislaveds kommun",Gislaved,6210-2026-1,,2026-08-20,"Anmälan om driftsstörning, inplanerat elarbete, Gislaveds kommun",Gislaveds kommun,ENVIRONMENTAL_INCIDENT,PARTIAL,Gislaveds kommun,PUBLIC_BODY,INCIDENT_REPORT,UNKNOWN,MEDIUM,LOW,SPECIFIC,TIMELY,LOW,-,DOCUMENT_WOULD_IMPROVE,NO,Rule-based. Operator self-report; corrective action usually already handled in-house or via existing service partner.
Jönköping,6210-2026,5584542,2026-08-20,Handläggning,,"Anmälan om driftsstörning, inplanerat elarbete, Gislaveds kommun",Gislaved,6210-2026-5,,2026-09-16,Komplettering av driftsstörning,Personuppgift,ENVIRONMENTAL_INCIDENT,PARTIAL,Gislaveds kommun,PUBLIC_BODY,INCIDENT_REPORT,UNKNOWN,MEDIUM,LOW,GENERIC,TIMELY,LOW,-,DOCUMENT_WOULD_IMPROVE,NO,Rule-based. Operator self-report; corrective action usually already handled in-house or via existing service partner.
Jönköping,6319-2026,5587680,2026-08-20,Handläggning,,"Provtagningsplan inför IED-statusrapport i enlighet med industriutsläppsförordningen (2013:250, IUF), Eksjö kommun",Handlingar,6319-2026-1,,2026-08-20,"Provtagningsplan inför IED-statusrapport i enlighet med industriutsläppsförordningen (2013:250, IUF), Eksjö kommun",Eksjö Energi AB,CONTAMINATED_SITE_SUPERVISION,YES,Eksjö Energi AB,COMPANY,CONTROL_PROGRAMME,MONITORING_CONTROL,MEDIUM,MEDIUM,SPECIFIC,LATE,LOW,environmental consultants (monitoring programmes); accredited sampling / measurement firms; labs,DOCUMENT_WOULD_IMPROVE,NO,"Rule-based. Control-programme proposal submitted by operator, typically already prepared with consultant."
Jönköping,6319-2026,5587680,2026-08-20,Handläggning,,"Provtagningsplan inför IED-statusrapport i enlighet med industriutsläppsförordningen (2013:250, IUF), Eksjö kommun",Handlingar,6319-2026-2,,2026-09-09,Meddelande synpunkter på provtagningsplan Gyesjön_ Eksjö Energi - Underlag för miljöteknisk undersökning vid statusrapport,Personuppgift,CONTAMINATED_SITE_SUPERVISION,YES,Eksjö Energi AB,COMPANY,CONTROL_PROGRAMME,MONITORING_CONTROL,MEDIUM,MEDIUM,SPECIFIC,LATE,LOW,environmental consultants (monitoring programmes); accredited sampling / measurement firms; labs,DOCUMENT_WOULD_IMPROVE,NO,"Rule-based. Control-programme proposal submitted by operator, typically already prepared with consultant."
Jönköping,6558-2026,5595784,2026-09-02,Avslutat,2026-09-09,Förslag till kontrollprogram för Proton Finishing Forsheda AB,Värnamo,6558-2026-1,,2026-09-02,Förslag till kontrollprogram för Proton Finishing Forsheda AB,Proton Finishing Forsheda AB,DIRECT_SUPERVISION,YES,Proton Finishing Forsheda AB,COMPANY,CONTROL_PROGRAMME,MONITORING_CONTROL,MEDIUM,MEDIUM,SPECIFIC,LATE,LOW,environmental consultants (monitoring programmes); accredited sampling / measurement firms; labs,DOCUMENT_WOULD_IMPROVE,NO,"Rule-based. Control-programme proposal submitted by operator, typically already prepared with consultant."
Jönköping,6558-2026,5595784,2026-09-02,Avslutat,2026-09-09,Förslag till kontrollprogram för Proton Finishing Forsheda AB,Värnamo,6558-2026-2,,2026-09-09,Meddelande om uppdaterat Kontrollprogram,Personuppgift,DIRECT_SUPERVISION,YES,Proton Finishing Forsheda AB,COMPANY,CONTROL_PROGRAMME,MONITORING_CONTROL,MEDIUM,MEDIUM,SPECIFIC,LATE,LOW,environmental consultants (monitoring programmes); accredited sampling / measurement firms; labs,DOCUMENT_WOULD_IMPROVE,NO,"Rule-based. Control-programme proposal submitted by operator, typically already prepared with consultant."
Jönköping,6608-2026,5596745,2026-09-02,Avslutat,2026-09-18,Information om provtagning kondensat från KVVT2 i augusti 2026,Jönköping,6608-2026-6,,2026-09-18,Meddelande om avsteg villkor 37 c om provtagning kondensat KVVT2 i augusti 2026,Personuppgift,CONTAMINATED_SITE_SUPERVISION,YES,Jönköping Energi AB,COMPANY,PERMIT_CONDITION_FOLLOWUP,MONITORING_CONTROL,MEDIUM,LOW,SPECIFIC,TIMELY,LOW,environmental consultants (monitoring programmes); accredited sampling / measurement firms; labs,DOCUMENT_REQUIRED,NO,"Rule-based classification, not individually reviewed."
Jönköping,6763-2026,5600631,2026-09-07,Handläggning,,"Anmälan om driftsstörning, Bräddning, Nässjö kommun",Nässjö,6763-2026-1,,2026-09-07,"Anmälan om driftsstörning, Bräddning, Nässjö kommun",Nässjö Affärsverk AB,ENVIRONMENTAL_INCIDENT,PARTIAL,Nässjö Affärsverk AB,COMPANY,INCIDENT_REPORT,UNKNOWN,MEDIUM,LOW,SPECIFIC,TIMELY,LOW,-,DOCUMENT_WOULD_IMPROVE,NO,Rule-based. Operator self-report; corrective action usually already handled in-house or via existing service partner.
Jönköping,6860-2026,5605295,2026-09-09,Handläggning,,Förslag på provtagningsschema,Gnosjö,6860-2026-1,,2026-09-09,Förslag på provtagningsschema,Gnosjö kommun,CONTAMINATED_SITE_SUPERVISION,YES,Gnosjö kommun,PUBLIC_BODY,CONTROL_PROGRAMME,MONITORING_CONTROL,MEDIUM,MEDIUM,SPECIFIC,LATE,LOW,environmental consultants (monitoring programmes); accredited sampling / measurement firms; labs,DOCUMENT_WOULD_IMPROVE,NO,"Rule-based. Control-programme proposal submitted by operator, typically already prepared with consultant."
Jönköping,6860-2026,5605295,2026-09-09,Handläggning,,Förslag på provtagningsschema,Gnosjö,6860-2026-2,,2026-09-11,Meddelande till bolaget om provtagningsschema,Personuppgift,CONTAMINATED_SITE_SUPERVISION,YES,Gnosjö kommun,PUBLIC_BODY,CONTROL_PROGRAMME,MONITORING_CONTROL,MEDIUM,MEDIUM,SPECIFIC,LATE,LOW,environmental consultants (monitoring programmes); accredited sampling / measurement firms; labs,DOCUMENT_WOULD_IMPROVE,NO,"Rule-based. Control-programme proposal submitted by operator, typically already prepared with consultant."
Jönköping,6860-2026,5605295,2026-09-09,Handläggning,,Förslag på provtagningsschema,Gnosjö,6860-2026-3,,2026-09-23,Komplettering med reviderat provtagningsschema,Personuppgift,CONTAMINATED_SITE_SUPERVISION,YES,Gnosjö kommun,PUBLIC_BODY,CONTROL_PROGRAMME,MONITORING_CONTROL,MEDIUM,MEDIUM,SPECIFIC,LATE,LOW,environmental consultants (monitoring programmes); accredited sampling / measurement firms; labs,DOCUMENT_WOULD_IMPROVE,NO,"Rule-based. Control-programme proposal submitted by operator, typically already prepared with consultant."
Jönköping,6861-2026,5605300,2026-09-09,Handläggning,,Förslag på provtagningsschema,Handlingar,6861-2026-1,,2026-09-09,Förslag på provtagningsschema,Gnosjö kommun,CONTAMINATED_SITE_SUPERVISION,YES,Gnosjö kommun,PUBLIC_BODY,CONTROL_PROGRAMME,MONITORING_CONTROL,MEDIUM,MEDIUM,SPECIFIC,LATE,LOW,environmental consultants (monitoring programmes); accredited sampling / measurement firms; labs,DOCUMENT_WOULD_IMPROVE,NO,"Rule-based. Control-programme proposal submitted by operator, typically already prepared with consultant."
Jönköping,6861-2026,5605300,2026-09-09,Handläggning,,Förslag på provtagningsschema,Handlingar,6861-2026-2,,2026-09-11,Meddelande till bolaget gällande provtagningsschema,Personuppgift,CONTAMINATED_SITE_SUPERVISION,YES,Gnosjö kommun,PUBLIC_BODY,CONTROL_PROGRAMME,MONITORING_CONTROL,MEDIUM,MEDIUM,SPECIFIC,LATE,LOW,environmental consultants (monitoring programmes); accredited sampling / measurement firms; labs,DOCUMENT_WOULD_IMPROVE,NO,"Rule-based. Control-programme proposal submitted by operator, typically already prepared with consultant."
Jönköping,6861-2026,5605300,2026-09-09,Handläggning,,Förslag på provtagningsschema,Handlingar,6861-2026-3,,2026-09-23,Komplettering med reviderat provtagningsschema,Personuppgift,CONTAMINATED_SITE_SUPERVISION,YES,Gnosjö kommun,PUBLIC_BODY,CONTROL_PROGRAMME,MONITORING_CONTROL,MEDIUM,MEDIUM,SPECIFIC,LATE,LOW,environmental consultants (monitoring programmes); accredited sampling / measurement firms; labs,DOCUMENT_WOULD_IMPROVE,NO,"Rule-based. Control-programme proposal submitted by operator, typically already prepared with consultant."
Jönköping,7137-2026,5613764,2026-09-11,Beslutat,2026-09-15,"Anmälan om driftstörning, hydrauloljeläckage, Gislaveds kommun",Gislaved,7137-2026-2,,2026-09-15,Meddelande om driftstörning,Personuppgift,ENVIRONMENTAL_INCIDENT,PARTIAL,Trioworld Smålandsstenar AB,COMPANY,INCIDENT_REPORT,SPILL_LEAK,MEDIUM,LOW,GENERIC,TIMELY,LOW,spill response & remediation contractors; containment equipment; environmental consultants,DOCUMENT_WOULD_IMPROVE,NO,Rule-based. Operator self-report; corrective action usually already handled in-house or via existing service partner.
Jönköping,7162-2026,5614568,2026-09-16,Handläggning,,"Planerat tillsynsbesök på IED-verksamhet, Gislaveds kommun",Gislaved,7162-2026-1,,2026-09-16,"Information om planerat tillsynsbesök på IED-verksamhet, Gislaveds kommun",Personuppgift,DIRECT_SUPERVISION,YES,,FACILITY_ONLY,SUPERVISION_VISIT_SCHEDULED,GENERAL_SUPERVISION,LOW,LOW,GENERIC,EARLY,LOW,environmental consultants (compliance / egenkontroll); EHS software,DOCUMENT_WOULD_IMPROVE,NO,Rule-based. Planned visit; possible pre-visit compliance need but no concrete problem in metadata.
Jönköping,7316-2026,5617967,2026-09-18,Handläggning,,Tillsyn av Seveso verksamhet,Tranås,7316-2026-2,,2026-09-21,Meddelande inför tillsyn av Seveso verksamhet,Personuppgift,DIRECT_SUPERVISION,YES,Carpenter Sweden AB,COMPANY,SEVESO_DOCUMENT,CHEMICALS_SEVESO,MEDIUM,LOW,SPECIFIC,LATE,LOW,Seveso / process-safety consultants; chemical storage & containment suppliers; fire protection,DOCUMENT_WOULD_IMPROVE,NO,Rule-based. Seveso programme submitted for review; already produced.
Jönköping,7646-2026,5625357,2026-09-23,Avslutat,2026-09-24,"Anmälan om driftstörning, kontroll av infiltrationsrör, Jönköpings kommun",Jönköping,7646-2026-1,,2026-09-23,"Anmälan om driftstörning, kontroll av infiltrationsrör, Jönköpings kommun",Jönköpings kommun,DIRECT_SUPERVISION,YES,Jönköpings kommun,PUBLIC_BODY,INCIDENT_REPORT,WASTEWATER,MEDIUM,LOW,SPECIFIC,TIMELY,LOW,"process/VA engineering consultants; treatment equipment & service (pumps, scrapers, dosing); sampling labs",DOCUMENT_WOULD_IMPROVE,NO,Rule-based. Operator self-report; corrective action usually already handled in-house or via existing service partner.
Jönköping,7646-2026,5625357,2026-09-23,Avslutat,2026-09-24,"Anmälan om driftstörning, kontroll av infiltrationsrör, Jönköpings kommun",Jönköping,7646-2026-2,,2026-09-24,Driftstörningsanmälan,Personuppgift,DIRECT_SUPERVISION,YES,Jönköpings kommun,PUBLIC_BODY,INCIDENT_REPORT,WASTEWATER,MEDIUM,LOW,GENERIC,TIMELY,LOW,"process/VA engineering consultants; treatment equipment & service (pumps, scrapers, dosing); sampling labs",DOCUMENT_WOULD_IMPROVE,NO,Rule-based. Operator self-report; corrective action usually already handled in-house or via existing service partner.
Skåne,21357-2026,5553726,2026-07-02,Handläggning,,"Rapport om buller för JELD-WEN Sverige AB, Åstorps kommun",Åstorp,21357-2026-2,,2026-07-16,Begäran om komplettering - JELD-WEN Sverige AB_ Ärende 21357-2026,JELD-WEN Sverige AB,DIRECT_SUPERVISION,YES,JELD-WEN Sverige AB,COMPANY,INFORMATION_REQUEST,NOISE,MEDIUM,LOW,GENERIC,TIMELY,LOW,acoustic consultants; noise abatement suppliers,DOCUMENT_REQUIRED,NO,Rule-based. Request for supplementary information; content unknown.
Skåne,23098-2026,5569284,2026-07-25,Handläggning,,Klagomål på bullernivå i Trelleborgs hamn i Trelleborgs komun,Trelleborg,23098-2026-3,,2026-07-30,Begäran om komplettering,Trelleborgs Hamn AB,COMPLAINT,PARTIAL,Trelleborgs Hamn AB,COMPANY,INFORMATION_REQUEST,NOISE,MEDIUM,LOW,GENERIC,TIMELY,LOW,acoustic consultants; noise abatement suppliers,DOCUMENT_REQUIRED,NO,Rule-based. Request for supplementary information; content unknown.
Skåne,23098-2026,5569284,2026-07-25,Handläggning,,Klagomål på bullernivå i Trelleborgs hamn i Trelleborgs komun,Trelleborg,23098-2026-4,,2026-08-10,Meddelande om möjlighet att inkomma med synpunkter senast 24 augusti 2026,Personuppgift,COMPLAINT,PARTIAL,Trelleborgs Hamn AB,COMPANY,CONSULTATION_WITH_PARTY,NOISE,LOW,LOW,GENERIC,TIMELY,LOW,acoustic consultants; noise abatement suppliers,DOCUMENT_REQUIRED,NO,"Rule-based classification, not individually reviewed."
Skåne,23098-2026,5569284,2026-07-25,Handläggning,,Klagomål på bullernivå i Trelleborgs hamn i Trelleborgs komun,Trelleborg,23098-2026-6,,2026-08-25,Underrättelse med möjlighet till yttrande senast den 9 september,Trelleborgs Hamn AB,COMPLAINT,PARTIAL,Trelleborgs Hamn AB,COMPANY,CONSULTATION_WITH_PARTY,NOISE,LOW,LOW,GENERIC,TIMELY,LOW,acoustic consultants; noise abatement suppliers,DOCUMENT_REQUIRED,NO,"Rule-based classification, not individually reviewed."
Skåne,23920-2026,5576446,2026-08-09,Handläggning,,"Klagomål på buller från Kemira Kemi AB, Helsingborgs kommun",Helsingborg,23920-2026-2,,2026-08-20,Begäran om yttrande,Kemira Kemi AB,COMPLAINT,PARTIAL,Kemira Kemi AB,COMPANY,INFORMATION_REQUEST,NOISE,MEDIUM,LOW,GENERIC,TIMELY,LOW,acoustic consultants; noise abatement suppliers,DOCUMENT_REQUIRED,NO,Rule-based. Request for supplementary information; content unknown.
Skåne,23920-2026,5576446,2026-08-09,Handläggning,,"Klagomål på buller från Kemira Kemi AB, Helsingborgs kommun",Helsingborg,23920-2026-5,,2026-09-02,Underrättelse med möjlighet till yttrande,Personuppgift,COMPLAINT,PARTIAL,Kemira Kemi AB,COMPANY,CONSULTATION_WITH_PARTY,NOISE,LOW,LOW,GENERIC,TIMELY,LOW,acoustic consultants; noise abatement suppliers,DOCUMENT_REQUIRED,NO,"Rule-based classification, not individually reviewed."
Skåne,24555-2026,5582351,2026-08-17,Handläggning,,"Handlingsprogram för Sevesoverksamheten vid The Absolut Company - Nöbbelöv, Kristianstad kommun",Kristianstad,24555-2026-1,,2026-08-17,"Handlingsprogram för Sevesoverksamheten vid The Absolut Company - Nöbbelöv, Kristianstad kommun",The Absolute Company AB,DIRECT_SUPERVISION,YES,The Absolute Company AB,COMPANY,SEVESO_DOCUMENT,CHEMICALS_SEVESO,MEDIUM,LOW,SPECIFIC,LATE,LOW,Seveso / process-safety consultants; chemical storage & containment suppliers; fire protection,DOCUMENT_WOULD_IMPROVE,NO,Rule-based. Seveso programme submitted for review; already produced.
Skåne,24555-2026,5582351,2026-08-17,Handläggning,,"Handlingsprogram för Sevesoverksamheten vid The Absolut Company - Nöbbelöv, Kristianstad kommun",Kristianstad,24555-2026-2,,2026-09-04,Begäran om yttrande,Räddningstjänsten Kristianstad,DIRECT_SUPERVISION,YES,The Absolute Company AB,COMPANY,INFORMATION_REQUEST,CHEMICALS_SEVESO,MEDIUM,LOW,GENERIC,TIMELY,LOW,Seveso / process-safety consultants; chemical storage & containment suppliers; fire protection,DOCUMENT_REQUIRED,NO,Rule-based. Request for supplementary information; content unknown.
Skåne,24583-2026,5582745,2026-07-07,Handläggning,,"Händelsestyrd tillsyn om tillsynsansvar inom flygplatsens område på Ljungbyheds flygplats, Klippans kommun",Klippan,24583-2026-2,,2026-08-18,Begäran om komplettering,Ljungbyhed Park AB,DIRECT_SUPERVISION,YES,Ljungbyhed Park AB,COMPANY,INFORMATION_REQUEST,MUNICIPAL_OVERSIGHT,MEDIUM,LOW,GENERIC,TIMELY,LOW,-,DOCUMENT_REQUIRED,NO,Rule-based. Request for supplementary information; content unknown.
Skåne,24639-2026,5583288,2026-08-18,Handläggning,,"Kontrollprogram för yt- och grundvatten vid Kristianstad Österlen Airport, Kristiandstad kommun",Handlingar,24639-2026-1,,2026-08-18,"Redovisning av analysresultat från kontrollprogram för yt- och grundvatten vid Kristianstad Österlen Airport, Kristiandstad kommun",Kristianstad Österlen Airport AB,DIRECT_SUPERVISION,YES,Kristianstad Österlen Airport AB,COMPANY,CONTROL_PROGRAMME,WATER_ACTIVITY,MEDIUM,MEDIUM,SPECIFIC,LATE,LOW,hydrogeology / water consultants; dam safety consultants; environmental law,DOCUMENT_WOULD_IMPROVE,NO,"Rule-based. Control-programme proposal submitted by operator, typically already prepared with consultant."
Skåne,24679-2026,5583557,2026-08-19,Avslutat,2026-09-18,"Beslut om avgifter för prövning och tillsyn för AAK Dalby AB, Staffanstorps kommun",Staffanstorp,24679-2026-2,,2026-08-19,24679-2026 Förfrågan om tillsynsmyndighetens bedömning av klassningskoder angående tillståndspliktig miljöfarlig verksamhet AAK,Personuppgift,DIRECT_SUPERVISION,YES,AAK Dalby AB,COMPANY,COMPLAINT_RECEIVED,PERMIT_CONDITIONS,LOW,LOW,GENERIC,EARLY,LOW,environmental consultants (permits); environmental law,DOCUMENT_WOULD_IMPROVE,NO,Rule-based. Complaint entry; only becomes a purchase if Länsstyrelsen demands measurements or measures.
Skåne,24844-2026,5585228,2026-08-20,Handläggning,,"Avropsförfrågan verifierande PFAS-provtagning - Scania CV AB, Sibbhult",Handlingar,24844-2026-2,,2026-08-21,PFAS-undersökning på er fastighet,Nosli Färe AB,CONTAMINATED_SITE_SUPERVISION,YES,Nosli Färe AB,COMPANY,STATE_FUNDED_SAMPLING,CONTAMINATED_LAND_PFAS,LOW,LOW,SPECIFIC,LATE,LOW,environmental consultants (contaminated land / PFAS investigation); analytical laboratories; remediation contractors,METADATA_SUFFICIENT,YES,Rule-based. State-funded PFAS/sediment sampling procured by Länsstyrelsen; landowner is not the buyer.
Skåne,24844-2026,5585228,2026-08-20,Handläggning,,"Avropsförfrågan verifierande PFAS-provtagning - Scania CV AB, Sibbhult",Handlingar,24844-2026-3,,2026-09-07,PFAS-undersökning på er fastighet,Östra Göinge kommun,CONTAMINATED_SITE_SUPERVISION,YES,Nosli Färe AB,COMPANY,STATE_FUNDED_SAMPLING,CONTAMINATED_LAND_PFAS,LOW,LOW,SPECIFIC,LATE,LOW,environmental consultants (contaminated land / PFAS investigation); analytical laboratories; remediation contractors,METADATA_SUFFICIENT,YES,Rule-based. State-funded PFAS/sediment sampling procured by Länsstyrelsen; landowner is not the buyer.
Skåne,24844-2026,5585228,2026-08-20,Handläggning,,"Avropsförfrågan verifierande PFAS-provtagning - Scania CV AB, Sibbhult",Handlingar,24844-2026-4,,2026-09-07,Avrop verifierande fältundersökning för PFAS - Scania CV i Sibbhult,Sweco Sverige AB,CONTAMINATED_SITE_SUPERVISION,YES,Nosli Färe AB,COMPANY,STATE_FUNDED_SAMPLING,CONTAMINATED_LAND_PFAS,LOW,LOW,SPECIFIC,LATE,LOW,environmental consultants (contaminated land / PFAS investigation); analytical laboratories; remediation contractors,METADATA_SUFFICIENT,YES,Rule-based. State-funded PFAS/sediment sampling procured by Länsstyrelsen; landowner is not the buyer.
Skåne,24844-2026,5585228,2026-08-20,Handläggning,,"Avropsförfrågan verifierande PFAS-provtagning - Scania CV AB, Sibbhult",Handlingar,24844-2026-5,,2026-09-16,Meddelande om bekräftelse på avrop,Personuppgift,CONTAMINATED_SITE_SUPERVISION,YES,Nosli Färe AB,COMPANY,STATE_FUNDED_SAMPLING,CONTAMINATED_LAND_PFAS,LOW,LOW,SPECIFIC,LATE,LOW,environmental consultants (contaminated land / PFAS investigation); analytical laboratories; remediation contractors,METADATA_SUFFICIENT,YES,Rule-based. State-funded PFAS/sediment sampling procured by Länsstyrelsen; landowner is not the buyer.
Skåne,24844-2026,5585228,2026-08-20,Handläggning,,"Avropsförfrågan verifierande PFAS-provtagning - Scania CV AB, Sibbhult",Handlingar,24844-2026-6,,2026-09-16,Meddelande om startmöte,Sweco Sverige AB,CONTAMINATED_SITE_SUPERVISION,YES,Nosli Färe AB,COMPANY,STATE_FUNDED_SAMPLING,CONTAMINATED_LAND_PFAS,LOW,LOW,SPECIFIC,LATE,LOW,environmental consultants (contaminated land / PFAS investigation); analytical laboratories; remediation contractors,METADATA_SUFFICIENT,YES,Rule-based. State-funded PFAS/sediment sampling procured by Länsstyrelsen; landowner is not the buyer.
Skåne,24844-2026,5585228,2026-08-20,Handläggning,,"Avropsförfrågan verifierande PFAS-provtagning - Scania CV AB, Sibbhult",Handlingar,24844-2026-7,,2026-09-17,Meddelande om startmöte,Sweco Sverige AB,CONTAMINATED_SITE_SUPERVISION,YES,Nosli Färe AB,COMPANY,STATE_FUNDED_SAMPLING,CONTAMINATED_LAND_PFAS,LOW,LOW,SPECIFIC,LATE,LOW,environmental consultants (contaminated land / PFAS investigation); analytical laboratories; remediation contractors,METADATA_SUFFICIENT,YES,Rule-based. State-funded PFAS/sediment sampling procured by Länsstyrelsen; landowner is not the buyer.
Skåne,24844-2026,5585228,2026-08-20,Handläggning,,"Avropsförfrågan verifierande PFAS-provtagning - Scania CV AB, Sibbhult",Handlingar,24844-2026-8,,2026-09-17,Meddelande om startmöte,Sweco Sverige AB,CONTAMINATED_SITE_SUPERVISION,YES,Nosli Färe AB,COMPANY,STATE_FUNDED_SAMPLING,CONTAMINATED_LAND_PFAS,LOW,LOW,SPECIFIC,LATE,LOW,environmental consultants (contaminated land / PFAS investigation); analytical laboratories; remediation contractors,METADATA_SUFFICIENT,YES,Rule-based. State-funded PFAS/sediment sampling procured by Länsstyrelsen; landowner is not the buyer.
Skåne,24875-2026,5585594,2026-08-20,Handläggning,,"Anmälan om driftsstörning vid Sysavs avfallsförbränningsanläggning, Förhöjd halt Hg i rökgaser linje 4, Malmö kommun",Malmö,24875-2026-2,,2026-08-24,Komplettering av driftsstörning,Personuppgift,ENVIRONMENTAL_INCIDENT,PARTIAL,Sysav,ORG_NAMED,INCIDENT_REPORT,AIR_EMISSIONS,MEDIUM,LOW,GENERIC,TIMELY,LOW,emission measurement firms (accredited); flue-gas treatment & filter suppliers; process consultants,DOCUMENT_WOULD_IMPROVE,NO,Rule-based. Operator self-report; corrective action usually already handled in-house or via existing service partner.
Skåne,24875-2026,5585594,2026-08-20,Handläggning,,"Anmälan om driftsstörning vid Sysavs avfallsförbränningsanläggning, Förhöjd halt Hg i rökgaser linje 4, Malmö kommun",Malmö,24875-2026-5,,2026-08-23,Anmälan om driftstörning,Personuppgift,ENVIRONMENTAL_INCIDENT,PARTIAL,Sysav,ORG_NAMED,INCIDENT_REPORT,AIR_EMISSIONS,MEDIUM,LOW,GENERIC,TIMELY,LOW,emission measurement firms (accredited); flue-gas treatment & filter suppliers; process consultants,DOCUMENT_WOULD_IMPROVE,NO,Rule-based. Operator self-report; corrective action usually already handled in-house or via existing service partner.
Skåne,24875-2026,5585594,2026-08-20,Handläggning,,"Anmälan om driftsstörning vid Sysavs avfallsförbränningsanläggning, Förhöjd halt Hg i rökgaser linje 4, Malmö kommun",Malmö,24875-2026-6,,2026-08-25,Komplettering av driftsstörning,Personuppgift,ENVIRONMENTAL_INCIDENT,PARTIAL,Sysav,ORG_NAMED,INCIDENT_REPORT,AIR_EMISSIONS,MEDIUM,LOW,GENERIC,TIMELY,LOW,emission measurement firms (accredited); flue-gas treatment & filter suppliers; process consultants,DOCUMENT_WOULD_IMPROVE,NO,Rule-based. Operator self-report; corrective action usually already handled in-house or via existing service partner.
Skåne,24875-2026,5585594,2026-08-20,Handläggning,,"Anmälan om driftsstörning vid Sysavs avfallsförbränningsanläggning, Förhöjd halt Hg i rökgaser linje 4, Malmö kommun",Malmö,24875-2026-7,,2026-08-26,Komplettering av driftsstörning,Personuppgift,ENVIRONMENTAL_INCIDENT,PARTIAL,Sysav,ORG_NAMED,INCIDENT_REPORT,AIR_EMISSIONS,MEDIUM,LOW,GENERIC,TIMELY,LOW,emission measurement firms (accredited); flue-gas treatment & filter suppliers; process consultants,DOCUMENT_WOULD_IMPROVE,NO,Rule-based. Operator self-report; corrective action usually already handled in-house or via existing service partner.
Skåne,24875-2026,5585594,2026-08-20,Handläggning,,"Anmälan om driftsstörning vid Sysavs avfallsförbränningsanläggning, Förhöjd halt Hg i rökgaser linje 4, Malmö kommun",Malmö,24875-2026-8,,2026-09-03,Komplettering av driftsstörning,Personuppgift,ENVIRONMENTAL_INCIDENT,PARTIAL,Sysav,ORG_NAMED,INCIDENT_REPORT,AIR_EMISSIONS,MEDIUM,LOW,GENERIC,TIMELY,LOW,emission measurement firms (accredited); flue-gas treatment & filter suppliers; process consultants,DOCUMENT_WOULD_IMPROVE,NO,Rule-based. Operator self-report; corrective action usually already handled in-house or via existing service partner.
Skåne,24875-2026,5585594,2026-08-20,Handläggning,,"Anmälan om driftsstörning vid Sysavs avfallsförbränningsanläggning, Förhöjd halt Hg i rökgaser linje 4, Malmö kommun",Malmö,24875-2026-9,,2026-09-04,Komplettering av driftsstörning,Personuppgift,ENVIRONMENTAL_INCIDENT,PARTIAL,Sysav,ORG_NAMED,INCIDENT_REPORT,AIR_EMISSIONS,MEDIUM,LOW,GENERIC,TIMELY,LOW,emission measurement firms (accredited); flue-gas treatment & filter suppliers; process consultants,DOCUMENT_WOULD_IMPROVE,NO,Rule-based. Operator self-report; corrective action usually already handled in-house or via existing service partner.
Skåne,24875-2026,5585594,2026-08-20,Handläggning,,"Anmälan om driftsstörning vid Sysavs avfallsförbränningsanläggning, Förhöjd halt Hg i rökgaser linje 4, Malmö kommun",Malmö,24875-2026-10,,2026-09-07,Komplettering av driftsstörning,Personuppgift,ENVIRONMENTAL_INCIDENT,PARTIAL,Sysav,ORG_NAMED,INCIDENT_REPORT,AIR_EMISSIONS,MEDIUM,LOW,GENERIC,TIMELY,LOW,emission measurement firms (accredited); flue-gas treatment & filter suppliers; process consultants,DOCUMENT_WOULD_IMPROVE,NO,Rule-based. Operator self-report; corrective action usually already handled in-house or via existing service partner.
Skåne,24891-2026,5585736,2026-08-21,Handläggning,,"Avropsförfrågan verifierande PFAS-provtagning 2026 - Näsumtippen, Bromölla",Handlingar,24891-2026-2,,2026-08-24,PFAS-undersökning på er fastighet,Trolle Ljungby AB,CONTAMINATED_SITE_SUPERVISION,YES,Trolle Ljungby AB,COMPANY,STATE_FUNDED_SAMPLING,CONTAMINATED_LAND_PFAS,LOW,LOW,SPECIFIC,LATE,LOW,environmental consultants (contaminated land / PFAS investigation); analytical laboratories; remediation contractors,METADATA_SUFFICIENT,YES,Rule-based. State-funded PFAS/sediment sampling procured by Länsstyrelsen; landowner is not the buyer.
Skåne,24891-2026,5585736,2026-08-21,Handläggning,,"Avropsförfrågan verifierande PFAS-provtagning 2026 - Näsumtippen, Bromölla",Handlingar,24891-2026-3,,2026-09-01,Meddelande om bekräftelse på tillträde för PFAS-undersökning,Trolle Ljungby AB,CONTAMINATED_SITE_SUPERVISION,YES,Trolle Ljungby AB,COMPANY,STATE_FUNDED_SAMPLING,CONTAMINATED_LAND_PFAS,LOW,LOW,SPECIFIC,LATE,LOW,environmental consultants (contaminated land / PFAS investigation); analytical laboratories; remediation contractors,METADATA_SUFFICIENT,YES,Rule-based. State-funded PFAS/sediment sampling procured by Länsstyrelsen; landowner is not the buyer.
Skåne,24891-2026,5585736,2026-08-21,Handläggning,,"Avropsförfrågan verifierande PFAS-provtagning 2026 - Näsumtippen, Bromölla",Handlingar,24891-2026-4,,2026-09-07,"Avrop verifierande fältundersökning för PFAS – Näsumtippen, Bromölla",Sweco Sverige AB,CONTAMINATED_SITE_SUPERVISION,YES,Trolle Ljungby AB,COMPANY,STATE_FUNDED_SAMPLING,CONTAMINATED_LAND_PFAS,LOW,LOW,SPECIFIC,LATE,LOW,environmental consultants (contaminated land / PFAS investigation); analytical laboratories; remediation contractors,METADATA_SUFFICIENT,YES,Rule-based. State-funded PFAS/sediment sampling procured by Länsstyrelsen; landowner is not the buyer.
Skåne,24891-2026,5585736,2026-08-21,Handläggning,,"Avropsförfrågan verifierande PFAS-provtagning 2026 - Näsumtippen, Bromölla",Handlingar,24891-2026-5,,2026-09-16,Meddelande om bekräftelse på avrop,Personuppgift,CONTAMINATED_SITE_SUPERVISION,YES,Trolle Ljungby AB,COMPANY,STATE_FUNDED_SAMPLING,CONTAMINATED_LAND_PFAS,LOW,LOW,SPECIFIC,LATE,LOW,environmental consultants (contaminated land / PFAS investigation); analytical laboratories; remediation contractors,METADATA_SUFFICIENT,YES,Rule-based. State-funded PFAS/sediment sampling procured by Länsstyrelsen; landowner is not the buyer.
Skåne,24891-2026,5585736,2026-08-21,Handläggning,,"Avropsförfrågan verifierande PFAS-provtagning 2026 - Näsumtippen, Bromölla",Handlingar,24891-2026-6,,2026-09-16,Meddelande om startmöte,Sweco Sverige AB,CONTAMINATED_SITE_SUPERVISION,YES,Trolle Ljungby AB,COMPANY,STATE_FUNDED_SAMPLING,CONTAMINATED_LAND_PFAS,LOW,LOW,SPECIFIC,LATE,LOW,environmental consultants (contaminated land / PFAS investigation); analytical laboratories; remediation contractors,METADATA_SUFFICIENT,YES,Rule-based. State-funded PFAS/sediment sampling procured by Länsstyrelsen; landowner is not the buyer.
Skåne,24891-2026,5585736,2026-08-21,Handläggning,,"Avropsförfrågan verifierande PFAS-provtagning 2026 - Näsumtippen, Bromölla",Handlingar,24891-2026-7,,2026-09-17,Meddelande om startmöte,Sweco Sverige AB,CONTAMINATED_SITE_SUPERVISION,YES,Trolle Ljungby AB,COMPANY,STATE_FUNDED_SAMPLING,CONTAMINATED_LAND_PFAS,LOW,LOW,SPECIFIC,LATE,LOW,environmental consultants (contaminated land / PFAS investigation); analytical laboratories; remediation contractors,METADATA_SUFFICIENT,YES,Rule-based. State-funded PFAS/sediment sampling procured by Länsstyrelsen; landowner is not the buyer.
Skåne,24891-2026,5585736,2026-08-21,Handläggning,,"Avropsförfrågan verifierande PFAS-provtagning 2026 - Näsumtippen, Bromölla",Handlingar,24891-2026-8,,2026-09-17,Meddelande om startmöte,Sweoc Sverige AB,CONTAMINATED_SITE_SUPERVISION,YES,Trolle Ljungby AB,COMPANY,STATE_FUNDED_SAMPLING,CONTAMINATED_LAND_PFAS,LOW,LOW,SPECIFIC,LATE,LOW,environmental consultants (contaminated land / PFAS investigation); analytical laboratories; remediation contractors,METADATA_SUFFICIENT,YES,Rule-based. State-funded PFAS/sediment sampling procured by Länsstyrelsen; landowner is not the buyer.
Skåne,24913-2026,5585865,2026-08-21,Handläggning,,"Avropsförfrågan verifierande PFAS-provtagning 2026 - fd ESAB, Perstorp",Handlingar,24913-2026-2,,2026-08-24,PFAS-undersökning på er fastighet,FAAC Nordic AB,CONTAMINATED_SITE_SUPERVISION,YES,FAAC Nordic AB,COMPANY,STATE_FUNDED_SAMPLING,CONTAMINATED_LAND_PFAS,LOW,LOW,SPECIFIC,LATE,LOW,environmental consultants (contaminated land / PFAS investigation); analytical laboratories; remediation contractors,METADATA_SUFFICIENT,YES,Rule-based. State-funded PFAS/sediment sampling procured by Länsstyrelsen; landowner is not the buyer.
Skåne,24913-2026,5585865,2026-08-21,Handläggning,,"Avropsförfrågan verifierande PFAS-provtagning 2026 - fd ESAB, Perstorp",Handlingar,24913-2026-3,,2026-08-24,PFAS-undersökning på er fastighet - korrekt fastighetsbeteckning,Personuppgift,CONTAMINATED_SITE_SUPERVISION,YES,FAAC Nordic AB,COMPANY,STATE_FUNDED_SAMPLING,CONTAMINATED_LAND_PFAS,LOW,LOW,SPECIFIC,LATE,LOW,environmental consultants (contaminated land / PFAS investigation); analytical laboratories; remediation contractors,METADATA_SUFFICIENT,YES,Rule-based. State-funded PFAS/sediment sampling procured by Länsstyrelsen; landowner is not the buyer.
Skåne,24913-2026,5585865,2026-08-21,Handläggning,,"Avropsförfrågan verifierande PFAS-provtagning 2026 - fd ESAB, Perstorp",Handlingar,24913-2026-4,,2026-08-25,PFAS-undersökning på er fastighet,BPJ VENTILATION & PLÅT AB,CONTAMINATED_SITE_SUPERVISION,YES,FAAC Nordic AB,COMPANY,STATE_FUNDED_SAMPLING,CONTAMINATED_LAND_PFAS,LOW,LOW,SPECIFIC,LATE,LOW,environmental consultants (contaminated land / PFAS investigation); analytical laboratories; remediation contractors,METADATA_SUFFICIENT,YES,Rule-based. State-funded PFAS/sediment sampling procured by Länsstyrelsen; landowner is not the buyer.
Skåne,24913-2026,5585865,2026-08-21,Handläggning,,"Avropsförfrågan verifierande PFAS-provtagning 2026 - fd ESAB, Perstorp",Handlingar,24913-2026-5,,2026-08-25,PFAS-undersökning på er fastighet,Svea Lokaler Perstorp AB,CONTAMINATED_SITE_SUPERVISION,YES,FAAC Nordic AB,COMPANY,STATE_FUNDED_SAMPLING,CONTAMINATED_LAND_PFAS,LOW,LOW,SPECIFIC,LATE,LOW,environmental consultants (contaminated land / PFAS investigation); analytical laboratories; remediation contractors,METADATA_SUFFICIENT,YES,Rule-based. State-funded PFAS/sediment sampling procured by Länsstyrelsen; landowner is not the buyer.
Skåne,24913-2026,5585865,2026-08-21,Handläggning,,"Avropsförfrågan verifierande PFAS-provtagning 2026 - fd ESAB, Perstorp",Handlingar,24913-2026-6,,2026-08-25,Meddelande om bekräftelse på tillträde,FAAC Nordic AB,CONTAMINATED_SITE_SUPERVISION,YES,FAAC Nordic AB,COMPANY,STATE_FUNDED_SAMPLING,CONTAMINATED_LAND_PFAS,LOW,LOW,SPECIFIC,LATE,LOW,environmental consultants (contaminated land / PFAS investigation); analytical laboratories; remediation contractors,METADATA_SUFFICIENT,YES,Rule-based. State-funded PFAS/sediment sampling procured by Länsstyrelsen; landowner is not the buyer.
Skåne,24913-2026,5585865,2026-08-21,Handläggning,,"Avropsförfrågan verifierande PFAS-provtagning 2026 - fd ESAB, Perstorp",Handlingar,24913-2026-7,,2026-08-26,Meddelande om bekräftelse på medgivet tillträde,FAAC Nordic AB,CONTAMINATED_SITE_SUPERVISION,YES,FAAC Nordic AB,COMPANY,STATE_FUNDED_SAMPLING,CONTAMINATED_LAND_PFAS,LOW,LOW,SPECIFIC,LATE,LOW,environmental consultants (contaminated land / PFAS investigation); analytical laboratories; remediation contractors,METADATA_SUFFICIENT,YES,Rule-based. State-funded PFAS/sediment sampling procured by Länsstyrelsen; landowner is not the buyer.
Skåne,24913-2026,5585865,2026-08-21,Handläggning,,"Avropsförfrågan verifierande PFAS-provtagning 2026 - fd ESAB, Perstorp",Handlingar,24913-2026-8,,2026-09-07,"Avrop verifierande fältundersökning för PFAS – fd ESAB, Perstorp",Sweco Sverige AB,CONTAMINATED_SITE_SUPERVISION,YES,FAAC Nordic AB,COMPANY,STATE_FUNDED_SAMPLING,CONTAMINATED_LAND_PFAS,LOW,LOW,SPECIFIC,LATE,LOW,environmental consultants (contaminated land / PFAS investigation); analytical laboratories; remediation contractors,METADATA_SUFFICIENT,YES,Rule-based. State-funded PFAS/sediment sampling procured by Länsstyrelsen; landowner is not the buyer.
Skåne,24913-2026,5585865,2026-08-21,Handläggning,,"Avropsförfrågan verifierande PFAS-provtagning 2026 - fd ESAB, Perstorp",Handlingar,24913-2026-9,,2026-09-16,Meddelande om bekräftelse på avrop,Personuppgift,CONTAMINATED_SITE_SUPERVISION,YES,FAAC Nordic AB,COMPANY,STATE_FUNDED_SAMPLING,CONTAMINATED_LAND_PFAS,LOW,LOW,SPECIFIC,LATE,LOW,environmental consultants (contaminated land / PFAS investigation); analytical laboratories; remediation contractors,METADATA_SUFFICIENT,YES,Rule-based. State-funded PFAS/sediment sampling procured by Länsstyrelsen; landowner is not the buyer.
Skåne,24913-2026,5585865,2026-08-21,Handläggning,,"Avropsförfrågan verifierande PFAS-provtagning 2026 - fd ESAB, Perstorp",Handlingar,24913-2026-10,,2026-09-16,Meddelande om startmöte,Sweco Sverige AB,CONTAMINATED_SITE_SUPERVISION,YES,FAAC Nordic AB,COMPANY,STATE_FUNDED_SAMPLING,CONTAMINATED_LAND_PFAS,LOW,LOW,SPECIFIC,LATE,LOW,environmental consultants (contaminated land / PFAS investigation); analytical laboratories; remediation contractors,METADATA_SUFFICIENT,YES,Rule-based. State-funded PFAS/sediment sampling procured by Länsstyrelsen; landowner is not the buyer.
Skåne,24913-2026,5585865,2026-08-21,Handläggning,,"Avropsförfrågan verifierande PFAS-provtagning 2026 - fd ESAB, Perstorp",Handlingar,24913-2026-11,,2026-09-17,Meddelande om startmöte,Sweco Sverige AB,CONTAMINATED_SITE_SUPERVISION,YES,FAAC Nordic AB,COMPANY,STATE_FUNDED_SAMPLING,CONTAMINATED_LAND_PFAS,LOW,LOW,SPECIFIC,LATE,LOW,environmental consultants (contaminated land / PFAS investigation); analytical laboratories; remediation contractors,METADATA_SUFFICIENT,YES,Rule-based. State-funded PFAS/sediment sampling procured by Länsstyrelsen; landowner is not the buyer.
Skåne,24913-2026,5585865,2026-08-21,Handläggning,,"Avropsförfrågan verifierande PFAS-provtagning 2026 - fd ESAB, Perstorp",Handlingar,24913-2026-12,,2026-09-17,Meddelande om startmöte,Sweco Sverige AB,CONTAMINATED_SITE_SUPERVISION,YES,FAAC Nordic AB,COMPANY,STATE_FUNDED_SAMPLING,CONTAMINATED_LAND_PFAS,LOW,LOW,SPECIFIC,LATE,LOW,environmental consultants (contaminated land / PFAS investigation); analytical laboratories; remediation contractors,METADATA_SUFFICIENT,YES,Rule-based. State-funded PFAS/sediment sampling procured by Länsstyrelsen; landowner is not the buyer.
Skåne,24928-2026,5585925,2026-08-19,Handläggning,,"Anmälan om driftsstörning vid Smygehamns avloppsreningsverk, Driftstörning SCADA, Trelleborg kommun",Trelleborg,24928-2026-1,,2026-08-19,"Anmälan om driftsstörning vid Smygehamns avloppsreningsverk, Driftstörning SCADA, Trelleborg kommun",Trelleborgs kommun,ENVIRONMENTAL_INCIDENT,PARTIAL,Trelleborgs kommun,PUBLIC_BODY,INCIDENT_REPORT,WASTEWATER,MEDIUM,LOW,SPECIFIC,TIMELY,LOW,"process/VA engineering consultants; treatment equipment & service (pumps, scrapers, dosing); sampling labs",DOCUMENT_WOULD_IMPROVE,NO,Rule-based. Operator self-report; corrective action usually already handled in-house or via existing service partner.
Skåne,24940-2026,5585998,2026-08-21,Handläggning,,"Avropsförfrågan verifierande PFAS-provtagning 2026 - JMS Mediasystem AB, Vellinge",Handlingar,24940-2026-2,,2026-08-28,PFAS-undersökning på er fastighet,Vellinge Business Park AB,CONTAMINATED_SITE_SUPERVISION,YES,Vellinge Business Park AB,COMPANY,STATE_FUNDED_SAMPLING,CONTAMINATED_LAND_PFAS,LOW,LOW,SPECIFIC,LATE,LOW,environmental consultants (contaminated land / PFAS investigation); analytical laboratories; remediation contractors,METADATA_SUFFICIENT,YES,Rule-based. State-funded PFAS/sediment sampling procured by Länsstyrelsen; landowner is not the buyer.
Skåne,24940-2026,5585998,2026-08-21,Handläggning,,"Avropsförfrågan verifierande PFAS-provtagning 2026 - JMS Mediasystem AB, Vellinge",Handlingar,24940-2026-3,,2026-08-28,Meddelande om medgivande till tillträde för undersökning,Vellinge Business Park AB,CONTAMINATED_SITE_SUPERVISION,YES,Vellinge Business Park AB,COMPANY,STATE_FUNDED_SAMPLING,CONTAMINATED_LAND_PFAS,LOW,LOW,SPECIFIC,LATE,LOW,environmental consultants (contaminated land / PFAS investigation); analytical laboratories; remediation contractors,METADATA_SUFFICIENT,YES,Rule-based. State-funded PFAS/sediment sampling procured by Länsstyrelsen; landowner is not the buyer.
Skåne,24940-2026,5585998,2026-08-21,Handläggning,,"Avropsförfrågan verifierande PFAS-provtagning 2026 - JMS Mediasystem AB, Vellinge",Handlingar,24940-2026-5,,2026-09-07,"Avrop verifierande fältundersökning för PFAS - JMS Mediasystem AB, Vellinge",Structor Miljö Öst AB,CONTAMINATED_SITE_SUPERVISION,YES,Vellinge Business Park AB,COMPANY,STATE_FUNDED_SAMPLING,CONTAMINATED_LAND_PFAS,LOW,LOW,SPECIFIC,LATE,LOW,environmental consultants (contaminated land / PFAS investigation); analytical laboratories; remediation contractors,METADATA_SUFFICIENT,YES,Rule-based. State-funded PFAS/sediment sampling procured by Länsstyrelsen; landowner is not the buyer.
Skåne,24940-2026,5585998,2026-08-21,Handläggning,,"Avropsförfrågan verifierande PFAS-provtagning 2026 - JMS Mediasystem AB, Vellinge",Handlingar,24940-2026-6,,2026-09-08,Meddelande om avropet,Personuppgift,CONTAMINATED_SITE_SUPERVISION,YES,Vellinge Business Park AB,COMPANY,STATE_FUNDED_SAMPLING,CONTAMINATED_LAND_PFAS,LOW,LOW,SPECIFIC,LATE,LOW,environmental consultants (contaminated land / PFAS investigation); analytical laboratories; remediation contractors,METADATA_SUFFICIENT,YES,Rule-based. State-funded PFAS/sediment sampling procured by Länsstyrelsen; landowner is not the buyer.
Skåne,24940-2026,5585998,2026-08-21,Handläggning,,"Avropsförfrågan verifierande PFAS-provtagning 2026 - JMS Mediasystem AB, Vellinge",Handlingar,24940-2026-7,,2026-09-16,Meddelande om förslag på startmöte,Structor Miljö Öst AB,CONTAMINATED_SITE_SUPERVISION,YES,Vellinge Business Park AB,COMPANY,STATE_FUNDED_SAMPLING,CONTAMINATED_LAND_PFAS,LOW,LOW,SPECIFIC,LATE,LOW,environmental consultants (contaminated land / PFAS investigation); analytical laboratories; remediation contractors,METADATA_SUFFICIENT,YES,Rule-based. State-funded PFAS/sediment sampling procured by Länsstyrelsen; landowner is not the buyer.
Skåne,24940-2026,5585998,2026-08-21,Handläggning,,"Avropsförfrågan verifierande PFAS-provtagning 2026 - JMS Mediasystem AB, Vellinge",Handlingar,24940-2026-8,,2026-09-23,Tjänsteanteckning från startmöte,Structor Miljö Öst AB,CONTAMINATED_SITE_SUPERVISION,YES,Vellinge Business Park AB,COMPANY,STATE_FUNDED_SAMPLING,CONTAMINATED_LAND_PFAS,LOW,LOW,SPECIFIC,LATE,LOW,environmental consultants (contaminated land / PFAS investigation); analytical laboratories; remediation contractors,METADATA_SUFFICIENT,YES,Rule-based. State-funded PFAS/sediment sampling procured by Länsstyrelsen; landowner is not the buyer.
Skåne,24945-2026,5586016,2026-08-21,Handläggning,,Avropsförfrågan verifierande PFAS-provtagning 2026 - Eslövs flygplats,Handlingar,24945-2026-2,,2026-08-28,PFAS-undersökning på er fastighet,Eslövs kommun,CONTAMINATED_SITE_SUPERVISION,YES,Eslövs kommun,PUBLIC_BODY,STATE_FUNDED_SAMPLING,CONTAMINATED_LAND_PFAS,LOW,LOW,SPECIFIC,LATE,LOW,environmental consultants (contaminated land / PFAS investigation); analytical laboratories; remediation contractors,METADATA_SUFFICIENT,YES,Rule-based. State-funded PFAS/sediment sampling procured by Länsstyrelsen; landowner is not the buyer.
Skåne,24945-2026,5586016,2026-08-21,Handläggning,,Avropsförfrågan verifierande PFAS-provtagning 2026 - Eslövs flygplats,Handlingar,24945-2026-3,,2026-09-07,Avrop verifierande fältundersökning för PFAS - Eslövs flygplats,Structor Miljö Öst AB,CONTAMINATED_SITE_SUPERVISION,YES,Eslövs kommun,PUBLIC_BODY,STATE_FUNDED_SAMPLING,CONTAMINATED_LAND_PFAS,LOW,LOW,SPECIFIC,LATE,LOW,environmental consultants (contaminated land / PFAS investigation); analytical laboratories; remediation contractors,METADATA_SUFFICIENT,YES,Rule-based. State-funded PFAS/sediment sampling procured by Länsstyrelsen; landowner is not the buyer.
Skåne,24945-2026,5586016,2026-08-21,Handläggning,,Avropsförfrågan verifierande PFAS-provtagning 2026 - Eslövs flygplats,Handlingar,24945-2026-4,,2026-09-08,Meddelande om avropet,Structor Miljö Öst AB,CONTAMINATED_SITE_SUPERVISION,YES,Eslövs kommun,PUBLIC_BODY,STATE_FUNDED_SAMPLING,CONTAMINATED_LAND_PFAS,LOW,LOW,SPECIFIC,LATE,LOW,environmental consultants (contaminated land / PFAS investigation); analytical laboratories; remediation contractors,METADATA_SUFFICIENT,YES,Rule-based. State-funded PFAS/sediment sampling procured by Länsstyrelsen; landowner is not the buyer.
Skåne,24945-2026,5586016,2026-08-21,Handläggning,,Avropsförfrågan verifierande PFAS-provtagning 2026 - Eslövs flygplats,Handlingar,24945-2026-5,,2026-09-16,Meddelande om förslag på startmöte,Structor Miljö Öst AB,CONTAMINATED_SITE_SUPERVISION,YES,Eslövs kommun,PUBLIC_BODY,STATE_FUNDED_SAMPLING,CONTAMINATED_LAND_PFAS,LOW,LOW,SPECIFIC,LATE,LOW,environmental consultants (contaminated land / PFAS investigation); analytical laboratories; remediation contractors,METADATA_SUFFICIENT,YES,Rule-based. State-funded PFAS/sediment sampling procured by Länsstyrelsen; landowner is not the buyer.
Skåne,24945-2026,5586016,2026-08-21,Handläggning,,Avropsförfrågan verifierande PFAS-provtagning 2026 - Eslövs flygplats,Handlingar,24945-2026-6,,2026-09-22,Meddelande om påminnelse om Länsstyrelsens planerade undersökning,Eslövs kommun,CONTAMINATED_SITE_SUPERVISION,YES,Eslövs kommun,PUBLIC_BODY,STATE_FUNDED_SAMPLING,CONTAMINATED_LAND_PFAS,LOW,LOW,SPECIFIC,LATE,LOW,environmental consultants (contaminated land / PFAS investigation); analytical laboratories; remediation contractors,METADATA_SUFFICIENT,YES,Rule-based. State-funded PFAS/sediment sampling procured by Länsstyrelsen; landowner is not the buyer.
Skåne,24945-2026,5586016,2026-08-21,Handläggning,,Avropsförfrågan verifierande PFAS-provtagning 2026 - Eslövs flygplats,Handlingar,24945-2026-11,,2026-09-23,Tjänsteanteckning vid samtal om verifierande PFAS-provtagning,Eslövs kommun,CONTAMINATED_SITE_SUPERVISION,YES,Eslövs kommun,PUBLIC_BODY,STATE_FUNDED_SAMPLING,CONTAMINATED_LAND_PFAS,LOW,LOW,SPECIFIC,LATE,LOW,environmental consultants (contaminated land / PFAS investigation); analytical laboratories; remediation contractors,METADATA_SUFFICIENT,YES,Rule-based. State-funded PFAS/sediment sampling procured by Länsstyrelsen; landowner is not the buyer.
Skåne,24945-2026,5586016,2026-08-21,Handläggning,,Avropsförfrågan verifierande PFAS-provtagning 2026 - Eslövs flygplats,Handlingar,24945-2026-13,,2026-09-23,Meddelande om medgivande om tillträde för undersökning,Eslövs kommun,CONTAMINATED_SITE_SUPERVISION,YES,Eslövs kommun,PUBLIC_BODY,STATE_FUNDED_SAMPLING,CONTAMINATED_LAND_PFAS,LOW,LOW,SPECIFIC,LATE,LOW,environmental consultants (contaminated land / PFAS investigation); analytical laboratories; remediation contractors,METADATA_SUFFICIENT,YES,Rule-based. State-funded PFAS/sediment sampling procured by Länsstyrelsen; landowner is not the buyer.
Skåne,24945-2026,5586016,2026-08-21,Handläggning,,Avropsförfrågan verifierande PFAS-provtagning 2026 - Eslövs flygplats,Handlingar,24945-2026-14,,2026-09-23,Meddelande om bekräftelse på besked om tillträde,Eslövs kommun,CONTAMINATED_SITE_SUPERVISION,YES,Eslövs kommun,PUBLIC_BODY,STATE_FUNDED_SAMPLING,CONTAMINATED_LAND_PFAS,LOW,LOW,SPECIFIC,LATE,LOW,environmental consultants (contaminated land / PFAS investigation); analytical laboratories; remediation contractors,METADATA_SUFFICIENT,YES,Rule-based. State-funded PFAS/sediment sampling procured by Länsstyrelsen; landowner is not the buyer.
Skåne,24945-2026,5586016,2026-08-21,Handläggning,,Avropsförfrågan verifierande PFAS-provtagning 2026 - Eslövs flygplats,Handlingar,24945-2026-15,,2026-09-23,Tjänsteanteckning från startmöte,Structor Miljö Öst AB,CONTAMINATED_SITE_SUPERVISION,YES,Eslövs kommun,PUBLIC_BODY,STATE_FUNDED_SAMPLING,CONTAMINATED_LAND_PFAS,LOW,LOW,SPECIFIC,LATE,LOW,environmental consultants (contaminated land / PFAS investigation); analytical laboratories; remediation contractors,METADATA_SUFFICIENT,YES,Rule-based. State-funded PFAS/sediment sampling procured by Länsstyrelsen; landowner is not the buyer.
Skåne,25551-2026,5591688,2026-08-25,Handläggning,,"Planerat tillsynsbesök på Orkla Foods Sverige AB, Eslövs kommun",Eslöv,25551-2026-4,,2026-09-21,Återkoppling angående villkor 5 i miljötillstånd,Orkla Foods Sverige AB,DIRECT_SUPERVISION,YES,Orkla Foods Sverige AB,COMPANY,PERMIT_CONDITION_FOLLOWUP,WASTEWATER,MEDIUM,LOW,SPECIFIC,TIMELY,LOW,"process/VA engineering consultants; treatment equipment & service (pumps, scrapers, dosing); sampling labs",DOCUMENT_REQUIRED,NO,"Rule-based classification, not individually reviewed."
Skåne,25703-2026,5592857,2026-08-31,Avslutat,2026-09-21,"Anmälan om driftsstörning vid NSR Återvinningsanläggning Helsingborg, Planerad installation på biogasanläggningen, Helsingborg kommun",Helsingborg,25703-2026-1,,2026-08-31,"Anmälan om driftsstörning vid NSR Återvinningsanläggning Helsingborg, Planerad installation på biogasanläggningen, Helsingborg kommun",Personuppgift,ENVIRONMENTAL_INCIDENT,PARTIAL,NSR AB,COMPANY,INCIDENT_REPORT,WASTE,LOW,LOW,SPECIFIC,TIMELY,LOW,waste management consultants; waste handling equipment; environmental law,DOCUMENT_WOULD_IMPROVE,NO,Rule-based. Operator self-report; corrective action usually already handled in-house or via existing service partner.
Skåne,25703-2026,5592857,2026-08-31,Avslutat,2026-09-21,"Anmälan om driftsstörning vid NSR Återvinningsanläggning Helsingborg, Planerad installation på biogasanläggningen, Helsingborg kommun",Helsingborg,25703-2026-2,,2026-09-02,Komplettering av driftsstörning,Personuppgift,ENVIRONMENTAL_INCIDENT,PARTIAL,NSR AB,COMPANY,INCIDENT_REPORT,WASTE,MEDIUM,LOW,GENERIC,TIMELY,LOW,waste management consultants; waste handling equipment; environmental law,DOCUMENT_WOULD_IMPROVE,NO,Rule-based. Operator self-report; corrective action usually already handled in-house or via existing service partner.
Skåne,25934-2026,5594686,2026-09-01,Handläggning,,"Ansökan om statsbidrag för verifierande provtagning 2027, PFAS och sediment",Handlingar,25934-2026-2,,2026-09-02,Ansökan om medel för verifierande provtagning 2027,Naturvårdsverket,CONTAMINATED_SITE_SUPERVISION,YES,,NONE,STATE_FUNDED_SAMPLING,CONTAMINATED_LAND_PFAS,LOW,LOW,SPECIFIC,LATE,LOW,environmental consultants (contaminated land / PFAS investigation); analytical laboratories; remediation contractors,METADATA_SUFFICIENT,NO,Rule-based. State-funded PFAS/sediment sampling procured by Länsstyrelsen; landowner is not the buyer.
Skåne,25951-2026,5594902,2026-08-31,Handläggning,,Förslag till kontrollprogram för NSR återvinningsanläggning Helsingborg,Helsingborg,25951-2026-1,,2026-08-31,Förslag till kontrollprogram för NSR återvinningsanläggning Helsingborg,NSR AB (Nordvästra Skånes Renhållnings AB),DIRECT_SUPERVISION,YES,NSR AB (Nordvästra Skånes Renhållnings AB),COMPANY,CONTROL_PROGRAMME,WASTE,MEDIUM,MEDIUM,SPECIFIC,LATE,LOW,waste management consultants; waste handling equipment; environmental law,DOCUMENT_WOULD_IMPROVE,NO,"Rule-based. Control-programme proposal submitted by operator, typically already prepared with consultant."
Skåne,26477-2026,5600202,2026-09-07,Handläggning,,"Anmälan om driftsstörning vid Ekebro avloppsreningsverk, Bräddrapport augusti 2026, Bjuv kommun",Bjuv,26477-2026-1,,2026-09-07,"Anmälan om driftsstörning vid Ekebro avloppsreningsverk, Bräddrapport augusti 2026, Bjuv kommun",Personuppgift,ENVIRONMENTAL_INCIDENT,PARTIAL,NSVA,ORG_NAMED,INCIDENT_REPORT,WASTEWATER,MEDIUM,LOW,SPECIFIC,TIMELY,LOW,"process/VA engineering consultants; treatment equipment & service (pumps, scrapers, dosing); sampling labs",DOCUMENT_WOULD_IMPROVE,NO,Rule-based. Operator self-report; corrective action usually already handled in-house or via existing service partner.
Skåne,26544-2026,5600858,2026-09-07,Handläggning,,"Planerat tillsynsbesök på Ystad Hamn Logistik AB, med fokus på GS-anläggningen och fordonstvätt, Ystad kommun",Ystad,26544-2026-2,,2026-09-07,Begäran om underlag inför tillsynsbesök,Ystad Hamn Logistik AB,DIRECT_SUPERVISION,YES,Ystad Hamn Logistik AB,COMPANY,SUPERVISION_VISIT_SCHEDULED,MONITORING_CONTROL,LOW,LOW,GENERIC,EARLY,LOW,environmental consultants (monitoring programmes); accredited sampling / measurement firms; labs,DOCUMENT_WOULD_IMPROVE,NO,Rule-based. Planned visit; possible pre-visit compliance need but no concrete problem in metadata.
Skåne,26544-2026,5600858,2026-09-07,Handläggning,,"Planerat tillsynsbesök på Ystad Hamn Logistik AB, med fokus på GS-anläggningen och fordonstvätt, Ystad kommun",Ystad,26544-2026-3,,2026-09-17,Tjänsteanteckning om kontrollprogram för fordonstvätt,Ystad Hamn Logistik AB,DIRECT_SUPERVISION,YES,Ystad Hamn Logistik AB,COMPANY,CONTROL_PROGRAMME,MONITORING_CONTROL,MEDIUM,MEDIUM,SPECIFIC,LATE,LOW,environmental consultants (monitoring programmes); accredited sampling / measurement firms; labs,DOCUMENT_WOULD_IMPROVE,NO,"Rule-based. Control-programme proposal submitted by operator, typically already prepared with consultant."
Skåne,26548-2026,5600916,2026-09-07,Handläggning,,"Planerat tillsynsbesök på Barsebäcksverket, Kävlinge kommun",Kävlinge,26548-2026-1,,2026-09-07,"Meddelande om planerad tillsyn vid Barsebäck Kraft AB, Kävlinge kommun",Barsebäck Kraft AB,DIRECT_SUPERVISION,YES,Barsebäck Kraft AB,COMPANY,SUPERVISION_VISIT_SCHEDULED,GENERAL_SUPERVISION,LOW,LOW,GENERIC,EARLY,LOW,environmental consultants (compliance / egenkontroll); EHS software,DOCUMENT_WOULD_IMPROVE,NO,Rule-based. Planned visit; possible pre-visit compliance need but no concrete problem in metadata.
Skåne,27332-2026,5608247,2026-09-11,Handläggning,,"Anmälan om driftsstörning vid 1283-102, Planerad utrymningsövning Solenis Helsingborgsfabrik tisdag 20260915, Helsingborg kommun",Helsingborg,27332-2026-1,,2026-09-11,"Anmälan om driftsstörning vid 1283-102, Planerad utrymningsövning Solenis Helsingborgsfabrik tisdag 20260915, Helsingborg kommun",Personuppgift,ENVIRONMENTAL_INCIDENT,PARTIAL,,NONE,INCIDENT_REPORT,UNKNOWN,LOW,LOW,SPECIFIC,TIMELY,LOW,-,DOCUMENT_WOULD_IMPROVE,NO,Rule-based. Operator self-report; corrective action usually already handled in-house or via existing service partner.
Skåne,28114-2026,5614546,2026-09-16,Handläggning,,"Planerat tillsynsbesök på Blenta AB, Stendala",Tomelilla,28114-2026-2,,2026-08-31,Egenkontrollprogram Stendala,Personuppgift,DIRECT_SUPERVISION,YES,Blenta AB,COMPANY,CONTROL_PROGRAMME,MONITORING_CONTROL,MEDIUM,MEDIUM,SPECIFIC,LATE,LOW,environmental consultants (monitoring programmes); accredited sampling / measurement firms; labs,DOCUMENT_WOULD_IMPROVE,NO,"Rule-based. Control-programme proposal submitted by operator, typically already prepared with consultant."
Skåne,28115-2026,5614548,2026-09-16,Handläggning,,"Planerat tillsynsbesök på Blenta AB, Gruvbjär",Simrishamn,28115-2026-2,,2026-08-31,Egenkontrollprogram Gruvbjär,Personuppgift,DIRECT_SUPERVISION,YES,Blenta AB,COMPANY,CONTROL_PROGRAMME,MONITORING_CONTROL,MEDIUM,MEDIUM,SPECIFIC,LATE,LOW,environmental consultants (monitoring programmes); accredited sampling / measurement firms; labs,DOCUMENT_WOULD_IMPROVE,NO,"Rule-based. Control-programme proposal submitted by operator, typically already prepared with consultant."
Skåne,28116-2026,5614550,2026-09-16,Handläggning,,"Planerat tillsynsbesök på Blenta AB, Stenvred",Sjöbo,28116-2026-2,,2026-08-31,Egenkontrollprogram Stenvred,Personuppgift,DIRECT_SUPERVISION,YES,Blenta AB,COMPANY,CONTROL_PROGRAMME,MONITORING_CONTROL,MEDIUM,MEDIUM,SPECIFIC,LATE,LOW,environmental consultants (monitoring programmes); accredited sampling / measurement firms; labs,DOCUMENT_WOULD_IMPROVE,NO,"Rule-based. Control-programme proposal submitted by operator, typically already prepared with consultant."
Skåne,28117-2026,5614553,2026-09-16,Handläggning,,"Planerat tillsynsbesök på Blenta AB, Ågerup",Sjöbo,28117-2026-2,,2026-08-31,Egenkontrollprogram Ågerup,Personuppgift,DIRECT_SUPERVISION,YES,Blenta AB,COMPANY,CONTROL_PROGRAMME,MONITORING_CONTROL,MEDIUM,MEDIUM,SPECIFIC,LATE,LOW,environmental consultants (monitoring programmes); accredited sampling / measurement firms; labs,DOCUMENT_WOULD_IMPROVE,NO,"Rule-based. Control-programme proposal submitted by operator, typically already prepared with consultant."
Skåne,28119-2026,5614555,2026-09-16,Handläggning,,"Planerat tillsynsbesök på Blenta AB, Ilstorp",Sjöbo,28119-2026-2,,2026-08-31,Egenkontrollprogram Ilstorp,Personuppgift,DIRECT_SUPERVISION,YES,Blenta AB,COMPANY,CONTROL_PROGRAMME,MONITORING_CONTROL,MEDIUM,MEDIUM,SPECIFIC,LATE,LOW,environmental consultants (monitoring programmes); accredited sampling / measurement firms; labs,DOCUMENT_WOULD_IMPROVE,NO,"Rule-based. Control-programme proposal submitted by operator, typically already prepared with consultant."
Skåne,28186-2026,5615135,2026-09-17,Handläggning,,Planerat tillsynsbesök på NSR Åstorp i Åstorps kommun,Åstorp,28186-2026-2,,2026-09-17,Information om dagordning till tillsynsbesök 29 september 2026,Personuppgift,DIRECT_SUPERVISION,YES,,FACILITY_ONLY,SUPERVISION_VISIT_SCHEDULED,GENERAL_SUPERVISION,LOW,LOW,GENERIC,EARLY,LOW,environmental consultants (compliance / egenkontroll); EHS software,DOCUMENT_WOULD_IMPROVE,NO,Rule-based. Planned visit; possible pre-visit compliance need but no concrete problem in metadata.
Skåne,28209-2026,5615341,2026-09-17,Handläggning,,"Planerad tillsyn rörande tolkning av villkor 10,12, 24 och U1 i nya tillståndet.",Eslöv,28209-2026-6,,2026-09-16,Sammanfattning av tillsynsmötet från Bolagets sida.,Personuppgift,DIRECT_SUPERVISION,YES,,NONE,SUPERVISION_VISIT_SCHEDULED,PERMIT_CONDITIONS,LOW,LOW,GENERIC,EARLY,LOW,environmental consultants (permits); environmental law,DOCUMENT_WOULD_IMPROVE,NO,Rule-based. Planned visit; possible pre-visit compliance need but no concrete problem in metadata.
Skåne,28255-2026,5615674,2026-09-17,Handläggning,,"Anmälan om driftsstörning vid Sysavs avfallsförbränningsanläggning, Förhöjd halt TOC i processavloppsvatten Linje 4, Malmö kommun",Malmö,28255-2026-2,,2026-09-18,Begäran om komplettering,Personuppgift,ENVIRONMENTAL_INCIDENT,PARTIAL,Sysav,ORG_NAMED,INFORMATION_REQUEST,WASTEWATER,MEDIUM,LOW,GENERIC,TIMELY,LOW,"process/VA engineering consultants; treatment equipment & service (pumps, scrapers, dosing); sampling labs",DOCUMENT_REQUIRED,NO,Rule-based. Request for supplementary information; content unknown.
Skåne,28474-2026,5617076,2026-09-18,Handläggning,,"Beslut om avgifter för prövning och tillsyn för Jordberga biogasanläggning, Trelleborgs kommun",Trelleborg,28474-2026-2,,2026-09-18,Förfrågan om tillsynsmyndighetens bedömning av klassningskoder,Personuppgift,DIRECT_SUPERVISION,YES,Gasum AB,COMPANY,COMPLAINT_RECEIVED,GENERAL_SUPERVISION,LOW,LOW,GENERIC,EARLY,LOW,environmental consultants (compliance / egenkontroll); EHS software,DOCUMENT_WOULD_IMPROVE,NO,Rule-based. Complaint entry; only becomes a purchase if Länsstyrelsen demands measurements or measures.
Skåne,28744-2026,5619187,2026-09-21,Handläggning,,"Förslag till kontrollprogram för Östervångsverket, Trelleborgs kommun",Trelleborg,28744-2026-1,,2026-09-21,"Förslag till kontrollprogram för Östervångsverket, Trelleborgs kommun",Adven Sverige AB,DIRECT_SUPERVISION,YES,Adven Sverige AB,COMPANY,CONTROL_PROGRAMME,MONITORING_CONTROL,MEDIUM,MEDIUM,SPECIFIC,LATE,LOW,environmental consultants (monitoring programmes); accredited sampling / measurement firms; labs,DOCUMENT_WOULD_IMPROVE,NO,"Rule-based. Control-programme proposal submitted by operator, typically already prepared with consultant."
Skåne,29013-2026,5621412,2026-09-22,Handläggning,,"Information om kommande avanmälan av Sevesoverksamhet vid Bröderna Berner AB, Malmö kommun",Malmö,29013-2026-1,,2026-09-22,Information om avanmälan av Sevesoverksamhet,Bröderna Berner AB,DIRECT_SUPERVISION,YES,Bröderna Berner AB,COMPANY,SEVESO_DOCUMENT,CHEMICALS_SEVESO,MEDIUM,LOW,SPECIFIC,LATE,LOW,Seveso / process-safety consultants; chemical storage & containment suppliers; fire protection,DOCUMENT_WOULD_IMPROVE,NO,Rule-based. Seveso programme submitted for review; already produced.
Skåne,29025-2026,5621483,2026-09-22,Handläggning,,"Information om kommande ändring av Sevesoverksamhet vid TAC - Destilleriet, Kristianstad kommun",Kristianstad,29025-2026-1,,2026-09-22,Information om kommande ändring av Sevesoverksamhet,The Absolut Company AB,DIRECT_SUPERVISION,YES,The Absolut Company AB,COMPANY,SEVESO_DOCUMENT,CHEMICALS_SEVESO,MEDIUM,LOW,SPECIFIC,LATE,LOW,Seveso / process-safety consultants; chemical storage & containment suppliers; fire protection,DOCUMENT_WOULD_IMPROVE,NO,Rule-based. Seveso programme submitted for review; already produced.
Skåne,29285-2026,5623748,2026-09-23,Handläggning,,"Anmälan om driftsstörning vid Simrishamns avloppsreningsverk, Stengården, Planerad rengöring av svalltorn och intag, Simrishamn kommun",Simrishamn,29285-2026-1,,2026-09-23,"Anmälan om driftsstörning vid Stengården, Planerad rengöring av svalltorn och intag, Simrishamn kommun",Personuppgift,ENVIRONMENTAL_INCIDENT,PARTIAL,Österlen VA,ORG_NAMED,INCIDENT_REPORT,WASTEWATER,LOW,LOW,SPECIFIC,TIMELY,LOW,"process/VA engineering consultants; treatment equipment & service (pumps, scrapers, dosing); sampling labs",DOCUMENT_WOULD_IMPROVE,NO,Rule-based. Operator self-report; corrective action usually already handled in-house or via existing service partner.
Stockholm,37648-2026,5558710,2026-07-08,Avslutat,2026-09-15,"Nytt kontrollprogram för befintlig vattenverksamhet vid Saltkajen, Frihamnen, enligt M 3049-20",Handlingar,37648-2026-3,,2026-07-16,"Reviderat kontrollprogram, Pirhustet Södra Värtan",Geosyntec Consultants AB,DIRECT_SUPERVISION,YES,Bonnier,ORG_NAMED,CONTROL_PROGRAMME,WATER_ACTIVITY,MEDIUM,MEDIUM,SPECIFIC,LATE,LOW,hydrogeology / water consultants; dam safety consultants; environmental law,DOCUMENT_WOULD_IMPROVE,YES,"Rule-based. Control-programme proposal submitted by operator, typically already prepared with consultant."
Stockholm,37648-2026,5558710,2026-07-08,Avslutat,2026-09-15,"Nytt kontrollprogram för befintlig vattenverksamhet vid Saltkajen, Frihamnen, enligt M 3049-20",Handlingar,37648-2026-4,,2026-08-11,Förslag till kontrollprogram ändringar från tidigare,Personuppgift,DIRECT_SUPERVISION,YES,Bonnier,ORG_NAMED,CONTROL_PROGRAMME,WATER_ACTIVITY,MEDIUM,MEDIUM,SPECIFIC,LATE,LOW,hydrogeology / water consultants; dam safety consultants; environmental law,DOCUMENT_WOULD_IMPROVE,YES,"Rule-based. Control-programme proposal submitted by operator, typically already prepared with consultant."
Stockholm,37648-2026,5558710,2026-07-08,Avslutat,2026-09-15,"Nytt kontrollprogram för befintlig vattenverksamhet vid Saltkajen, Frihamnen, enligt M 3049-20",Handlingar,37648-2026-5,,2026-09-14,Meddelande om synpunkter på revideringen av kontrollprogrammet,Bonnier,DIRECT_SUPERVISION,YES,Bonnier,ORG_NAMED,CONTROL_PROGRAMME,WATER_ACTIVITY,MEDIUM,MEDIUM,SPECIFIC,LATE,LOW,hydrogeology / water consultants; dam safety consultants; environmental law,DOCUMENT_WOULD_IMPROVE,YES,"Rule-based. Control-programme proposal submitted by operator, typically already prepared with consultant."
Stockholm,37648-2026,5558710,2026-07-08,Avslutat,2026-09-15,"Nytt kontrollprogram för befintlig vattenverksamhet vid Saltkajen, Frihamnen, enligt M 3049-20",Handlingar,37648-2026-7,,2026-09-15,Förslag till kontrollprogram,Bonnier,DIRECT_SUPERVISION,YES,Bonnier,ORG_NAMED,CONTROL_PROGRAMME,WATER_ACTIVITY,MEDIUM,MEDIUM,SPECIFIC,LATE,LOW,hydrogeology / water consultants; dam safety consultants; environmental law,DOCUMENT_WOULD_IMPROVE,YES,"Rule-based. Control-programme proposal submitted by operator, typically already prepared with consultant."
Stockholm,37648-2026,5558710,2026-07-08,Avslutat,2026-09-15,"Nytt kontrollprogram för befintlig vattenverksamhet vid Saltkajen, Frihamnen, enligt M 3049-20",Handlingar,37648-2026-8,,2026-09-17,Platsbesök 2026-09-16,Bonnier,DIRECT_SUPERVISION,YES,Bonnier,ORG_NAMED,INSPECTION_REPORT,WATER_ACTIVITY,MEDIUM,MEDIUM,GENERIC,LATE,LOW,hydrogeology / water consultants; dam safety consultants; environmental law,DOCUMENT_REQUIRED,YES,Reviewed. Site visit noted by the consultant (Geosyntec) acting for the operator; consultant already engaged.
Stockholm,37724-2026,5559099,2026-07-08,Avslutat,2026-07-17,"Begäran om tillsyn gällande förorening av vattendrag, Norrtälje kommun",Norrtälje,37724-2026-1,,2026-07-08,"Begäran om tillsyn gällande förorening av vattendrag, Norrtälje kommun",Personuppgift,CONTAMINATED_SITE_SUPERVISION,YES,Norrtälje kommun,PUBLIC_BODY,COMPLAINT_RECEIVED,WATER_ACTIVITY,LOW,LOW,GENERIC,EARLY,LOW,hydrogeology / water consultants; dam safety consultants; environmental law,DOCUMENT_WOULD_IMPROVE,NO,Rule-based. Complaint entry; only becomes a purchase if Länsstyrelsen demands measurements or measures.
Stockholm,37724-2026,5559099,2026-07-08,Avslutat,2026-07-17,"Begäran om tillsyn gällande förorening av vattendrag, Norrtälje kommun",Norrtälje,37724-2026-2,,2026-07-13,Komplettering av klagomål,Personuppgift,CONTAMINATED_SITE_SUPERVISION,YES,Norrtälje kommun,PUBLIC_BODY,COMPLAINT_RECEIVED,WATER_ACTIVITY,LOW,LOW,GENERIC,EARLY,LOW,hydrogeology / water consultants; dam safety consultants; environmental law,DOCUMENT_WOULD_IMPROVE,NO,Rule-based. Complaint entry; only becomes a purchase if Länsstyrelsen demands measurements or measures.
Stockholm,37962-2026,5560458,2026-07-10,Handläggning,,"Utredning av PFAS - Verifierande provtagning 2026, Deponi vid fd. Rotebro reningsverk (Gläntan), Sollentuna kommun",Sollentuna,37962-2026-2,,2026-07-10,Meddelande om verifierande PFAS-provtagning,Sollentuna kommun,CONTAMINATED_SITE_SUPERVISION,YES,Sollentuna kommun,PUBLIC_BODY,STATE_FUNDED_SAMPLING,CONTAMINATED_LAND_PFAS,LOW,LOW,SPECIFIC,LATE,LOW,environmental consultants (contaminated land / PFAS investigation); analytical laboratories; remediation contractors,METADATA_SUFFICIENT,NO,Rule-based. State-funded PFAS/sediment sampling procured by Länsstyrelsen; landowner is not the buyer.
Stockholm,37962-2026,5560458,2026-07-10,Handläggning,,"Utredning av PFAS - Verifierande provtagning 2026, Deponi vid fd. Rotebro reningsverk (Gläntan), Sollentuna kommun",Sollentuna,37962-2026-4,,2026-09-17,Redovisning av provtagningsplan,Personuppgift,CONTAMINATED_SITE_SUPERVISION,YES,Sollentuna kommun,PUBLIC_BODY,CONTROL_PROGRAMME,CONTAMINATED_LAND_PFAS,MEDIUM,MEDIUM,SPECIFIC,LATE,LOW,environmental consultants (contaminated land / PFAS investigation); analytical laboratories; remediation contractors,DOCUMENT_WOULD_IMPROVE,NO,"Rule-based. Control-programme proposal submitted by operator, typically already prepared with consultant."
Stockholm,37964-2026,5560465,2026-07-10,Handläggning,,"Utredning av PFAS - Verifierande provtagning 2026, Roteberg deponi, Sollentuna kommun",Sollentuna,37964-2026-2,,2026-07-10,Meddelande om verifierande PFAS-provtagning,Fastighets AB Norrutveckling,CONTAMINATED_SITE_SUPERVISION,YES,Fastighets AB Norrutveckling,COMPANY,STATE_FUNDED_SAMPLING,CONTAMINATED_LAND_PFAS,LOW,LOW,SPECIFIC,LATE,LOW,environmental consultants (contaminated land / PFAS investigation); analytical laboratories; remediation contractors,METADATA_SUFFICIENT,NO,Rule-based. State-funded PFAS/sediment sampling procured by Länsstyrelsen; landowner is not the buyer.
Stockholm,37964-2026,5560465,2026-07-10,Handläggning,,"Utredning av PFAS - Verifierande provtagning 2026, Roteberg deponi, Sollentuna kommun",Sollentuna,37964-2026-6,,2026-09-17,Redovisning av provtagningsplan,Personuppgift,CONTAMINATED_SITE_SUPERVISION,YES,Fastighets AB Norrutveckling,COMPANY,CONTROL_PROGRAMME,CONTAMINATED_LAND_PFAS,MEDIUM,MEDIUM,SPECIFIC,LATE,LOW,environmental consultants (contaminated land / PFAS investigation); analytical laboratories; remediation contractors,DOCUMENT_WOULD_IMPROVE,NO,"Rule-based. Control-programme proposal submitted by operator, typically already prepared with consultant."
Stockholm,38374-2026,5562668,2026-07-13,Handläggning,,"Begäran om tillsyn av Pålamalm vattentäkt, Botkyrka kommun",Botkyrka,38374-2026-1,,2026-07-13,"Begäran om tillsyn av Pålamalm vattentäkt, Botkyrka kommun",Personuppgift,COMPLAINT,PARTIAL,Botkyrka kommun,PUBLIC_BODY,COMPLAINT_RECEIVED,WATER_ACTIVITY,LOW,LOW,GENERIC,EARLY,LOW,hydrogeology / water consultants; dam safety consultants; environmental law,DOCUMENT_WOULD_IMPROVE,NO,Rule-based. Complaint entry; only becomes a purchase if Länsstyrelsen demands measurements or measures.
Stockholm,38374-2026,5562668,2026-07-13,Handläggning,,"Begäran om tillsyn av Pålamalm vattentäkt, Botkyrka kommun",Botkyrka,38374-2026-5,,2026-07-23,Begäran att sända in uppgifter,Personuppgift,COMPLAINT,PARTIAL,Botkyrka kommun,PUBLIC_BODY,INFORMATION_REQUEST,WATER_ACTIVITY,MEDIUM,LOW,GENERIC,TIMELY,LOW,hydrogeology / water consultants; dam safety consultants; environmental law,DOCUMENT_REQUIRED,NO,Rule-based. Request for supplementary information; content unknown.
Stockholm,38374-2026,5562668,2026-07-13,Handläggning,,"Begäran om tillsyn av Pålamalm vattentäkt, Botkyrka kommun",Botkyrka,38374-2026-6,,2026-07-23,38374-2026 Begäran att sända in uppgifter om uppställning av fordon inom vattenskyddsområde till senast 28 augusti,Personuppgift,COMPLAINT,PARTIAL,Botkyrka kommun,PUBLIC_BODY,INFORMATION_REQUEST,WATER_ACTIVITY,MEDIUM,LOW,GENERIC,TIMELY,LOW,hydrogeology / water consultants; dam safety consultants; environmental law,DOCUMENT_REQUIRED,NO,Rule-based. Request for supplementary information; content unknown.
Stockholm,38513-2026,5563566,2026-07-10,Handläggning,,"Förslag till kontrollprogram, revidering, för Hallstaviks kraftverk, Norrtälje kommun",Norrtälje,38513-2026-1,,2026-07-10,"Förslag till kontrollprogram, revidering, för Hallstaviks kraftverk, Norrtälje kommun",Svensk Kraftreserv AB,DIRECT_SUPERVISION,YES,Svensk Kraftreserv AB,COMPANY,CONTROL_PROGRAMME,MONITORING_CONTROL,MEDIUM,MEDIUM,SPECIFIC,LATE,LOW,environmental consultants (monitoring programmes); accredited sampling / measurement firms; labs,DOCUMENT_WOULD_IMPROVE,NO,"Rule-based. Control-programme proposal submitted by operator, typically already prepared with consultant."
Stockholm,38513-2026,5563566,2026-07-10,Handläggning,,"Förslag till kontrollprogram, revidering, för Hallstaviks kraftverk, Norrtälje kommun",Norrtälje,38513-2026-2,,2026-07-15,Meddelande om fråga med anledning av revidering av kontrollprogrammet,Svensk Kraftreserv AB,DIRECT_SUPERVISION,YES,Svensk Kraftreserv AB,COMPANY,CONTROL_PROGRAMME,MONITORING_CONTROL,MEDIUM,MEDIUM,SPECIFIC,LATE,LOW,environmental consultants (monitoring programmes); accredited sampling / measurement firms; labs,DOCUMENT_WOULD_IMPROVE,NO,"Rule-based. Control-programme proposal submitted by operator, typically already prepared with consultant."
Stockholm,38561-2026,5563792,2026-07-15,Handläggning,,"Anmälan om klagomål på pfas i dricksvattenbrunn, Sigtuna kommun",Sigtuna,38561-2026-1,,2026-07-15,"Begäran om tillsyn av vattenverksamhet avseende dricksvattenbrunn, Sigtuna kommun",Personuppgift,CONTAMINATED_SITE_SUPERVISION,YES,Swedavia AB,COMPANY,COMPLAINT_RECEIVED,CONTAMINATED_LAND_PFAS,LOW,LOW,GENERIC,EARLY,LOW,environmental consultants (contaminated land / PFAS investigation); analytical laboratories; remediation contractors,DOCUMENT_WOULD_IMPROVE,NO,Rule-based. Complaint entry; only becomes a purchase if Länsstyrelsen demands measurements or measures.
Stockholm,38561-2026,5563792,2026-07-15,Handläggning,,"Anmälan om klagomål på pfas i dricksvattenbrunn, Sigtuna kommun",Sigtuna,38561-2026-3,,2026-08-14,Begäran om komplettering,Personuppgift,CONTAMINATED_SITE_SUPERVISION,YES,Swedavia AB,COMPANY,INFORMATION_REQUEST,CONTAMINATED_LAND_PFAS,MEDIUM,LOW,GENERIC,TIMELY,LOW,environmental consultants (contaminated land / PFAS investigation); analytical laboratories; remediation contractors,DOCUMENT_REQUIRED,NO,Rule-based. Request for supplementary information; content unknown.
Stockholm,38561-2026,5563792,2026-07-15,Handläggning,,"Anmälan om klagomål på pfas i dricksvattenbrunn, Sigtuna kommun",Sigtuna,38561-2026-5,,2026-09-01,Meddelande om möjlighet att lämna synpunkter,Personuppgift,CONTAMINATED_SITE_SUPERVISION,YES,Swedavia AB,COMPANY,CONSULTATION_WITH_PARTY,CONTAMINATED_LAND_PFAS,LOW,LOW,GENERIC,TIMELY,LOW,environmental consultants (contaminated land / PFAS investigation); analytical laboratories; remediation contractors,DOCUMENT_REQUIRED,NO,"Rule-based classification, not individually reviewed."
Stockholm,38858-2026,5565229,2026-07-13,Handläggning,,Klagomål på ljudnivåer från verksamheten Deleo AB,Ekerö,38858-2026-3,,2026-08-07,Begäran om yttrande,Personuppgift,COMPLAINT,PARTIAL,Deleo AB,COMPANY,INFORMATION_REQUEST,NOISE,MEDIUM,LOW,GENERIC,TIMELY,LOW,acoustic consultants; noise abatement suppliers,DOCUMENT_REQUIRED,NO,Rule-based. Request for supplementary information; content unknown.
Stockholm,39101-2026,5566207,2026-07-13,Handläggning,,"Begäran om tillsyn av Pålamalm vattentäkt, Botkyrka kommun, Grödinge",Botkyrka,39101-2026-1,,2026-07-13,"Begäran om tillsyn av Pålamalm vattentäkt, Botkyrka kommun, Råbyvägen 7, Grödinge",Personuppgift,COMPLAINT,PARTIAL,Botkyrka kommun,PUBLIC_BODY,COMPLAINT_RECEIVED,WATER_ACTIVITY,LOW,LOW,GENERIC,EARLY,LOW,hydrogeology / water consultants; dam safety consultants; environmental law,DOCUMENT_WOULD_IMPROVE,NO,Rule-based. Complaint entry; only becomes a purchase if Länsstyrelsen demands measurements or measures.
Stockholm,39101-2026,5566207,2026-07-13,Handläggning,,"Begäran om tillsyn av Pålamalm vattentäkt, Botkyrka kommun, Grödinge",Botkyrka,39101-2026-5,,2026-07-23,Begäran om uppgifter om uppställda fordon inom vattenskyddsområde,Personuppgift,COMPLAINT,PARTIAL,Botkyrka kommun,PUBLIC_BODY,INFORMATION_REQUEST,WATER_ACTIVITY,MEDIUM,LOW,GENERIC,TIMELY,LOW,hydrogeology / water consultants; dam safety consultants; environmental law,DOCUMENT_REQUIRED,NO,Rule-based. Request for supplementary information; content unknown.
Stockholm,39696-2026,5569371,2026-07-27,Handläggning,,"Anmälan om driftstörning vid Ekebyhov ARV, Tömning av bassäng för inspektion av skrapspel, Ekerö kommun",Ekerö,39696-2026-1,,2026-07-27,"Anmälan om driftstörning vid Ekebyhov ARV, Tömning av bassäng för inspektion av skrapspel, Ekerö kommun",Personuppgift,DIRECT_SUPERVISION,YES,,FACILITY_ONLY,INCIDENT_REPORT,WASTEWATER,LOW,LOW,SPECIFIC,TIMELY,LOW,"process/VA engineering consultants; treatment equipment & service (pumps, scrapers, dosing); sampling labs",DOCUMENT_WOULD_IMPROVE,NO,Rule-based. Operator self-report; corrective action usually already handled in-house or via existing service partner.
Stockholm,40840-2026,5575662,2026-08-06,Handläggning,,"Planerat tillsynsbesök på Grödby, Nynäshamns kommun",Nynäshamn,40840-2026-2,,2026-08-10,Dagordning,Nynäs-Ösmo LBC,DIRECT_SUPERVISION,YES,Nynäs-Ösmo LBC,ORG_NAMED,SUPERVISION_VISIT_SCHEDULED,GENERAL_SUPERVISION,LOW,LOW,GENERIC,EARLY,LOW,environmental consultants (compliance / egenkontroll); EHS software,DOCUMENT_WOULD_IMPROVE,NO,Rule-based. Planned visit; possible pre-visit compliance need but no concrete problem in metadata.
Stockholm,40932-2026,5576143,2026-08-07,Handläggning,,"Planerat tillsynsbesök på Bro, Upplands-Bro kommun",Upplands-Bro,40932-2026-2,,2026-09-14,Dagordning,Heidelberg Materials Ballast Sverige AB,DIRECT_SUPERVISION,YES,Heidelberg Materials Ballast Sverige AB,COMPANY,SUPERVISION_VISIT_SCHEDULED,GENERAL_SUPERVISION,LOW,LOW,GENERIC,EARLY,LOW,environmental consultants (compliance / egenkontroll); EHS software,DOCUMENT_WOULD_IMPROVE,NO,Rule-based. Planned visit; possible pre-visit compliance need but no concrete problem in metadata.
Stockholm,41008-2026,5576581,2026-08-10,Handläggning,,"Planerat tillsynsbesök på Väggarö 2026, Nynäshamns kommun",Nynäshamn,41008-2026-2,,2026-08-10,Dagordning tillsynsbesök,Personuppgift,DIRECT_SUPERVISION,YES,Nynäs-Ösmo LBC,ORG_NAMED,SUPERVISION_VISIT_SCHEDULED,GENERAL_SUPERVISION,LOW,LOW,GENERIC,EARLY,LOW,environmental consultants (compliance / egenkontroll); EHS software,DOCUMENT_WOULD_IMPROVE,NO,Rule-based. Planned visit; possible pre-visit compliance need but no concrete problem in metadata.
Stockholm,41484-2026,5579311,2026-08-12,Handläggning,,"Händelsestyrt tillsynsbesök på Stockholms Bulkhamn, Nynäshamns kommun",Nynäshamn,41484-2026-2,,2026-08-28,Dagordning,Stockholms Bulkhamn AB,DIRECT_SUPERVISION,YES,Stockholms Bulkhamn AB,COMPANY,SUPERVISION_VISIT_SCHEDULED,GENERAL_SUPERVISION,LOW,LOW,GENERIC,EARLY,LOW,environmental consultants (compliance / egenkontroll); EHS software,DOCUMENT_WOULD_IMPROVE,NO,Rule-based. Planned visit; possible pre-visit compliance need but no concrete problem in metadata.
Stockholm,41486-2026,5579337,2026-08-12,Handläggning,,Planerat tillsynsbesök på Bro-Bålsta deponi 2026,Handlingar,41486-2026-2,,2026-09-11,Kallelse till platsbesök Bro-Bålsta deponi,Personuppgift,DIRECT_SUPERVISION,YES,NCC Industry AB,COMPANY,SUPERVISION_VISIT_SCHEDULED,WASTE,LOW,LOW,GENERIC,EARLY,LOW,waste management consultants; waste handling equipment; environmental law,DOCUMENT_WOULD_IMPROVE,NO,Rule-based. Planned visit; possible pre-visit compliance need but no concrete problem in metadata.
Stockholm,41663-2026,5580347,2026-08-14,Handläggning,,"Förslag till kontrollprogram, Sortera Materials Nykvarn, reviderat",Nykvarn,41663-2026-1,,2026-08-14,Förslag till kontrollprogram,Sortera Materials AB,DIRECT_SUPERVISION,YES,Sortera Materials AB,COMPANY,CONTROL_PROGRAMME,MONITORING_CONTROL,MEDIUM,MEDIUM,SPECIFIC,LATE,LOW,environmental consultants (monitoring programmes); accredited sampling / measurement firms; labs,DOCUMENT_WOULD_IMPROVE,NO,"Rule-based. Control-programme proposal submitted by operator, typically already prepared with consultant."
Stockholm,41787-2026,5581026,2026-08-17,Handläggning,,"Planerat tillsynsbesök på Älmsta avloppsreningsverk, Norrtälje kommun",Norrtälje,41787-2026-2,,2026-08-21,Förslag på dagordning,Personuppgift,DIRECT_SUPERVISION,YES,Norrtälje Vatten och Avfall AB,COMPANY,SUPERVISION_VISIT_SCHEDULED,WASTEWATER,LOW,LOW,GENERIC,EARLY,LOW,"process/VA engineering consultants; treatment equipment & service (pumps, scrapers, dosing); sampling labs",DOCUMENT_WOULD_IMPROVE,NO,Rule-based. Planned visit; possible pre-visit compliance need but no concrete problem in metadata.
Stockholm,42033-2026,5582284,2026-08-17,Handläggning,,Förslag till kontrollprogram för vattenverksamhet för Mässtunneln enligt dom M 1131-19,Handlingar,42033-2026-1,,2026-08-17,Förslag till kontrollprogram för vattenverksamhet för Mässtunneln enligt dom M 1131-19,Stockholm Vatten och Avfall,DIRECT_SUPERVISION,YES,Stockholm Vatten och Avfall,COMPANY,CONTROL_PROGRAMME,WATER_ACTIVITY,MEDIUM,MEDIUM,SPECIFIC,LATE,LOW,hydrogeology / water consultants; dam safety consultants; environmental law,DOCUMENT_WOULD_IMPROVE,NO,"Rule-based. Control-programme proposal submitted by operator, typically already prepared with consultant."
Stockholm,42033-2026,5582284,2026-08-17,Handläggning,,Förslag till kontrollprogram för vattenverksamhet för Mässtunneln enligt dom M 1131-19,Handlingar,42033-2026-2,,2026-08-21,Begäran om förtydliganden,Personuppgift,DIRECT_SUPERVISION,YES,Stockholm Vatten och Avfall,COMPANY,INFORMATION_REQUEST,WATER_ACTIVITY,MEDIUM,LOW,GENERIC,TIMELY,LOW,hydrogeology / water consultants; dam safety consultants; environmental law,DOCUMENT_REQUIRED,NO,Rule-based. Request for supplementary information; content unknown.
Stockholm,42033-2026,5582284,2026-08-17,Handläggning,,Förslag till kontrollprogram för vattenverksamhet för Mässtunneln enligt dom M 1131-19,Handlingar,42033-2026-4,,2026-08-28,Begäran om komplettering med karta,Personuppgift,DIRECT_SUPERVISION,YES,Stockholm Vatten och Avfall,COMPANY,INFORMATION_REQUEST,WATER_ACTIVITY,MEDIUM,LOW,GENERIC,TIMELY,LOW,hydrogeology / water consultants; dam safety consultants; environmental law,DOCUMENT_REQUIRED,NO,Rule-based. Request for supplementary information; content unknown.
Stockholm,42033-2026,5582284,2026-08-17,Handläggning,,Förslag till kontrollprogram för vattenverksamhet för Mässtunneln enligt dom M 1131-19,Handlingar,42033-2026-6,,2026-09-09,"Förslag till kontrollprogram, reviderat",Personuppgift,DIRECT_SUPERVISION,YES,Stockholm Vatten och Avfall,COMPANY,CONTROL_PROGRAMME,WATER_ACTIVITY,MEDIUM,MEDIUM,SPECIFIC,LATE,LOW,hydrogeology / water consultants; dam safety consultants; environmental law,DOCUMENT_WOULD_IMPROVE,NO,"Rule-based. Control-programme proposal submitted by operator, typically already prepared with consultant."
Stockholm,42392-2026,5583876,2026-08-19,Handläggning,,Ansökan om bidrag till verifierande provtagning av PFAS och sediment 2027,Handlingar,42392-2026-2,,2026-08-26,Bidragsansökan verifierande provtagning PFAS och Sediment,Personuppgift,CONTAMINATED_SITE_SUPERVISION,YES,,NONE,STATE_FUNDED_SAMPLING,CONTAMINATED_LAND_PFAS,LOW,LOW,SPECIFIC,LATE,LOW,environmental consultants (contaminated land / PFAS investigation); analytical laboratories; remediation contractors,METADATA_SUFFICIENT,NO,Rule-based. State-funded PFAS/sediment sampling procured by Länsstyrelsen; landowner is not the buyer.
Stockholm,42532-2026,5584704,2026-08-20,Handläggning,,"Planerat tillsynsbesök på Hallstavik avloppsreningsverk, Norrtälje kommun",Norrtälje,42532-2026-2,,2026-08-21,Information om dagordning inför tillsyn,Personuppgift,DIRECT_SUPERVISION,YES,Norrtälje Vatten och Avfall AB,COMPANY,SUPERVISION_VISIT_SCHEDULED,WASTEWATER,LOW,LOW,GENERIC,EARLY,LOW,"process/VA engineering consultants; treatment equipment & service (pumps, scrapers, dosing); sampling labs",DOCUMENT_WOULD_IMPROVE,NO,Rule-based. Planned visit; possible pre-visit compliance need but no concrete problem in metadata.
Stockholm,42532-2026,5584704,2026-08-20,Handläggning,,"Planerat tillsynsbesök på Hallstavik avloppsreningsverk, Norrtälje kommun",Norrtälje,42532-2026-3,,2026-08-21,Meddelande om dagordningar,Personuppgift,DIRECT_SUPERVISION,YES,Norrtälje Vatten och Avfall AB,COMPANY,SUPERVISION_VISIT_SCHEDULED,WASTEWATER,LOW,LOW,GENERIC,EARLY,LOW,"process/VA engineering consultants; treatment equipment & service (pumps, scrapers, dosing); sampling labs",DOCUMENT_WOULD_IMPROVE,NO,Rule-based. Planned visit; possible pre-visit compliance need but no concrete problem in metadata.
Stockholm,42538-2026,5584733,2026-08-20,Handläggning,,"Förslag till kontrollprogram för ombyggnation av dagvattensystemet vid Tangentvägen i området Kungens kurva, Huddinge kommun",Huddinge,42538-2026-1,,2026-08-20,"Förslag till kontrollprogram för ombyggnation av dagvattensystemet vid Tangentvägen i området Kungens kurva, Huddinge kommun",Stockholm Vatten AB,DIRECT_SUPERVISION,YES,Stockholm Vatten AB,COMPANY,CONTROL_PROGRAMME,STORMWATER_PROCESS_WATER,MEDIUM,MEDIUM,SPECIFIC,LATE,LOW,stormwater / water treatment consultants; oil separator & filtration suppliers; labs,DOCUMENT_WOULD_IMPROVE,NO,"Rule-based. Control-programme proposal submitted by operator, typically already prepared with consultant."
Stockholm,42538-2026,5584733,2026-08-20,Handläggning,,"Förslag till kontrollprogram för ombyggnation av dagvattensystemet vid Tangentvägen i området Kungens kurva, Huddinge kommun",Huddinge,42538-2026-2,,2026-08-28,Begäran om komplettering,Personuppgift,DIRECT_SUPERVISION,YES,Stockholm Vatten AB,COMPANY,INFORMATION_REQUEST,STORMWATER_PROCESS_WATER,MEDIUM,LOW,GENERIC,TIMELY,LOW,stormwater / water treatment consultants; oil separator & filtration suppliers; labs,DOCUMENT_REQUIRED,NO,Rule-based. Request for supplementary information; content unknown.
Stockholm,42578-2026,5584940,2026-08-20,Handläggning,,"Anmälan om driftsstörning vid Lindholmens avloppsreningsverk, Planerade åtgärder rötkammare, Norrtälje kommun",Norrtälje,42578-2026-1,,2026-08-20,"Anmälan om driftsstörning vid Lindholmens avloppsreningsverk, Planerade åtgärder rötkammare, Norrtälje kommun",Norrtälje Vatten och Avfall AB,ENVIRONMENTAL_INCIDENT,PARTIAL,Norrtälje Vatten och Avfall AB,COMPANY,INCIDENT_REPORT,WASTEWATER,LOW,LOW,SPECIFIC,TIMELY,LOW,"process/VA engineering consultants; treatment equipment & service (pumps, scrapers, dosing); sampling labs",DOCUMENT_WOULD_IMPROVE,NO,Rule-based. Operator self-report; corrective action usually already handled in-house or via existing service partner.
Stockholm,42578-2026,5584940,2026-08-20,Handläggning,,"Anmälan om driftsstörning vid Lindholmens avloppsreningsverk, Planerade åtgärder rötkammare, Norrtälje kommun",Norrtälje,42578-2026-2,,2026-09-10,Begäran om komplettering,Personuppgift,ENVIRONMENTAL_INCIDENT,PARTIAL,Norrtälje Vatten och Avfall AB,COMPANY,INFORMATION_REQUEST,WASTEWATER,MEDIUM,LOW,GENERIC,TIMELY,LOW,"process/VA engineering consultants; treatment equipment & service (pumps, scrapers, dosing); sampling labs",DOCUMENT_REQUIRED,NO,Rule-based. Request for supplementary information; content unknown.
Stockholm,42945-2026,5587063,2026-08-24,Handläggning,,"Klagomål på mottagning och lagring av farligt avfall, Stockholms Bulkhamn",Nynäshamn,42945-2026-3,,2026-09-11,Begäran om skyndsamt ställningstagande till upplagshöjderna för returflis,Personuppgift,COMPLAINT,PARTIAL,Levande Fållnäsvik,ORG_NAMED,INFORMATION_REQUEST,WASTE,MEDIUM,LOW,GENERIC,TIMELY,LOW,waste management consultants; waste handling equipment; environmental law,DOCUMENT_REQUIRED,NO,Rule-based. Request for supplementary information; content unknown.
Stockholm,43242-2026,5588479,2026-08-25,Handläggning,,"Anmälan om driftsstörning vid Rimbo Avloppsreningsverk, Risk att överskrida medel gränsvärde NH4-N, Norrtälje kommun",Norrtälje,43242-2026-1,,2026-08-25,"Anmälan om driftsstörning vid Rimbo Avloppsreningsverk, Risk att överskrida medel gränsvärde NH4-N, Norrtälje kommun",Norrtälje Vatten och Avfall AB,ENVIRONMENTAL_INCIDENT,PARTIAL,Norrtälje Vatten och Avfall AB,COMPANY,INCIDENT_REPORT,WASTEWATER,MEDIUM,LOW,SPECIFIC,TIMELY,LOW,"process/VA engineering consultants; treatment equipment & service (pumps, scrapers, dosing); sampling labs",DOCUMENT_WOULD_IMPROVE,NO,Rule-based. Operator self-report; corrective action usually already handled in-house or via existing service partner.
Stockholm,43242-2026,5588479,2026-08-25,Handläggning,,"Anmälan om driftsstörning vid Rimbo Avloppsreningsverk, Risk att överskrida medel gränsvärde NH4-N, Norrtälje kommun",Norrtälje,43242-2026-2,,2026-08-25,Komplettering av driftstörning,Personuppgift,ENVIRONMENTAL_INCIDENT,PARTIAL,Norrtälje Vatten och Avfall AB,COMPANY,INCIDENT_REPORT,WASTEWATER,MEDIUM,LOW,GENERIC,TIMELY,LOW,"process/VA engineering consultants; treatment equipment & service (pumps, scrapers, dosing); sampling labs",DOCUMENT_WOULD_IMPROVE,NO,Rule-based. Operator self-report; corrective action usually already handled in-house or via existing service partner.
Stockholm,43242-2026,5588479,2026-08-25,Handläggning,,"Anmälan om driftsstörning vid Rimbo Avloppsreningsverk, Risk att överskrida medel gränsvärde NH4-N, Norrtälje kommun",Norrtälje,43242-2026-3,,2026-08-25,Komplettering av driftstörning,Personuppgift,ENVIRONMENTAL_INCIDENT,PARTIAL,Norrtälje Vatten och Avfall AB,COMPANY,INCIDENT_REPORT,WASTEWATER,MEDIUM,LOW,GENERIC,TIMELY,LOW,"process/VA engineering consultants; treatment equipment & service (pumps, scrapers, dosing); sampling labs",DOCUMENT_WOULD_IMPROVE,NO,Rule-based. Operator self-report; corrective action usually already handled in-house or via existing service partner.
Stockholm,43242-2026,5588479,2026-08-25,Handläggning,,"Anmälan om driftsstörning vid Rimbo Avloppsreningsverk, Risk att överskrida medel gränsvärde NH4-N, Norrtälje kommun",Norrtälje,43242-2026-4,,2026-08-28,Begäran om komplettering,Personuppgift,ENVIRONMENTAL_INCIDENT,PARTIAL,Norrtälje Vatten och Avfall AB,COMPANY,INFORMATION_REQUEST,WASTEWATER,MEDIUM,LOW,GENERIC,TIMELY,LOW,"process/VA engineering consultants; treatment equipment & service (pumps, scrapers, dosing); sampling labs",DOCUMENT_REQUIRED,NO,Rule-based. Request for supplementary information; content unknown.
Stockholm,43242-2026,5588479,2026-08-25,Handläggning,,"Anmälan om driftsstörning vid Rimbo Avloppsreningsverk, Risk att överskrida medel gränsvärde NH4-N, Norrtälje kommun",Norrtälje,43242-2026-5,,2026-09-03,Komplettering av driftstörning,Personuppgift,ENVIRONMENTAL_INCIDENT,PARTIAL,Norrtälje Vatten och Avfall AB,COMPANY,INCIDENT_REPORT,WASTEWATER,MEDIUM,LOW,GENERIC,TIMELY,LOW,"process/VA engineering consultants; treatment equipment & service (pumps, scrapers, dosing); sampling labs",DOCUMENT_WOULD_IMPROVE,NO,Rule-based. Operator self-report; corrective action usually already handled in-house or via existing service partner.
Stockholm,43332-2026,5588884,2026-07-16,Handläggning,,"Begäran om akut tillsynsåtgärd gällande granskning av masshantering samt transport- och mottagningsstopp inom vattenskyddsområde, Löten, Ekerö kommun",Ekerö,43332-2026-1,,2026-07-16,"Begäran om akut tillsynsåtgärd gällande granskning av masshantering samt transport- och mottagningsstopp inom vattenskyddsområde, Löten, Ekerö kommun",Ekerö kommun,DIRECT_SUPERVISION,YES,Ekerö kommun,PUBLIC_BODY,COMPLAINT_RECEIVED,WASTE,LOW,LOW,GENERIC,EARLY,LOW,waste management consultants; waste handling equipment; environmental law,DOCUMENT_WOULD_IMPROVE,NO,Rule-based. Complaint entry; only becomes a purchase if Länsstyrelsen demands measurements or measures.
Stockholm,43493-2026,5589653,2026-08-26,Handläggning,,"Utredning av PFAS - Verifierande provtagning 2026, Brukets skidbacke",Handlingar,43493-2026-2,,2026-08-26,"Information om Verifierande provtagning PFAS, fastighetsägare",Personuppgift,CONTAMINATED_SITE_SUPERVISION,YES,,NONE,STATE_FUNDED_SAMPLING,CONTAMINATED_LAND_PFAS,LOW,LOW,SPECIFIC,LATE,LOW,environmental consultants (contaminated land / PFAS investigation); analytical laboratories; remediation contractors,METADATA_SUFFICIENT,NO,Rule-based. State-funded PFAS/sediment sampling procured by Länsstyrelsen; landowner is not the buyer.
Stockholm,43494-2026,5589654,2026-08-26,Handläggning,,"Utredning av PFAS - Verifierande provtagning 2026, Nynäshamns brandstation",Handlingar,43494-2026-2,,2026-08-26,"Information om Verifierande provtagningar av PFAS, fastighetsägare",Personuppgift,CONTAMINATED_SITE_SUPERVISION,YES,,FACILITY_ONLY,STATE_FUNDED_SAMPLING,CONTAMINATED_LAND_PFAS,LOW,LOW,SPECIFIC,LATE,LOW,environmental consultants (contaminated land / PFAS investigation); analytical laboratories; remediation contractors,METADATA_SUFFICIENT,NO,Rule-based. State-funded PFAS/sediment sampling procured by Länsstyrelsen; landowner is not the buyer.
Stockholm,43494-2026,5589654,2026-08-26,Handläggning,,"Utredning av PFAS - Verifierande provtagning 2026, Nynäshamns brandstation",Handlingar,43494-2026-3,,2026-08-26,"Information om Verifierande provtagningar av PFAS, verksamhetsutövare",Personuppgift,CONTAMINATED_SITE_SUPERVISION,YES,,FACILITY_ONLY,STATE_FUNDED_SAMPLING,CONTAMINATED_LAND_PFAS,LOW,LOW,SPECIFIC,LATE,LOW,environmental consultants (contaminated land / PFAS investigation); analytical laboratories; remediation contractors,METADATA_SUFFICIENT,NO,Rule-based. State-funded PFAS/sediment sampling procured by Länsstyrelsen; landowner is not the buyer.
Stockholm,43516-2026,5589730,2026-08-26,Handläggning,,"Anmälan om driftsstörning gällande brand i lastmaskin vid Hagby återvinningsanläggning, Täby kommun",Täby,43516-2026-3,,2026-08-26,Begäran om komplettering,SÖRAB,ENVIRONMENTAL_INCIDENT,PARTIAL,SÖRAB,ORG_NAMED,INFORMATION_REQUEST,FIRE,MEDIUM,LOW,GENERIC,TIMELY,LOW,fire protection consultants & equipment; insurance-driven remediation,DOCUMENT_REQUIRED,NO,Rule-based. Request for supplementary information; content unknown.
Stockholm,43534-2026,5589784,2026-08-26,Handläggning,,"Planerat tillsynsbesök på Nynas oljeraffinaderi, Nynäshamns kommun, IED",Nynäshamn,43534-2026-2,,2026-08-31,Dagordning,Personuppgift,DIRECT_SUPERVISION,YES,Nynas AB,COMPANY,SUPERVISION_VISIT_SCHEDULED,CONTAMINATED_LAND_PFAS,LOW,LOW,GENERIC,EARLY,LOW,environmental consultants (contaminated land / PFAS investigation); analytical laboratories; remediation contractors,DOCUMENT_WOULD_IMPROVE,NO,Rule-based. Planned visit; possible pre-visit compliance need but no concrete problem in metadata.
Stockholm,43534-2026,5589784,2026-08-26,Handläggning,,"Planerat tillsynsbesök på Nynas oljeraffinaderi, Nynäshamns kommun, IED",Nynäshamn,43534-2026-3,,2026-09-11,Komplettering med svar på checklista om PFAS,Personuppgift,DIRECT_SUPERVISION,YES,Nynas AB,COMPANY,SUPERVISION_VISIT_SCHEDULED,CONTAMINATED_LAND_PFAS,LOW,LOW,GENERIC,EARLY,LOW,environmental consultants (contaminated land / PFAS investigation); analytical laboratories; remediation contractors,DOCUMENT_WOULD_IMPROVE,NO,Rule-based. Planned visit; possible pre-visit compliance need but no concrete problem in metadata.
Stockholm,43706-2026,5590657,2026-08-27,Handläggning,,"Planerat tillsynsbesök på Tikkurila Sverige AB, Nykvarns kommun",Nykvarn,43706-2026-2,,2026-09-11,Dagordning,Personuppgift,DIRECT_SUPERVISION,YES,Tikkurila Sverige AB,COMPANY,SUPERVISION_VISIT_SCHEDULED,GENERAL_SUPERVISION,LOW,LOW,GENERIC,EARLY,LOW,environmental consultants (compliance / egenkontroll); EHS software,DOCUMENT_WOULD_IMPROVE,NO,Rule-based. Planned visit; possible pre-visit compliance need but no concrete problem in metadata.
Stockholm,43917-2026,5591802,2026-08-28,Handläggning,,"Begäran om tillsyn av vattenverksamhet, Bällstaån, Stockholms kommun",Stockholm,43917-2026-1,,2026-08-28,"Begäran om tillsyn av vattenverksamhet, Bällstaån, Stockholms kommun",Stockholms kommun,COMPLAINT,PARTIAL,Stockholms kommun,PUBLIC_BODY,COMPLAINT_RECEIVED,WATER_ACTIVITY,LOW,LOW,GENERIC,EARLY,LOW,hydrogeology / water consultants; dam safety consultants; environmental law,DOCUMENT_WOULD_IMPROVE,NO,Rule-based. Complaint entry; only becomes a purchase if Länsstyrelsen demands measurements or measures.
Stockholm,43917-2026,5591802,2026-08-28,Handläggning,,"Begäran om tillsyn av vattenverksamhet, Bällstaån, Stockholms kommun",Stockholm,43917-2026-2,,2026-09-02,Begäran om komplettering,Personuppgift,COMPLAINT,PARTIAL,Stockholms kommun,PUBLIC_BODY,INFORMATION_REQUEST,WATER_ACTIVITY,MEDIUM,LOW,GENERIC,TIMELY,LOW,hydrogeology / water consultants; dam safety consultants; environmental law,DOCUMENT_REQUIRED,NO,Rule-based. Request for supplementary information; content unknown.
Stockholm,44304-2026,5593999,2026-09-01,Handläggning,,"Planerat tillsynsbesök på Roslagsgjuteriet AB, Norrtälje kommun",Norrtälje,44304-2026-2,,2026-09-09,Kontrollprogram,Personuppgift,DIRECT_SUPERVISION,YES,Roslagsgjuteriet AB,COMPANY,CONTROL_PROGRAMME,MONITORING_CONTROL,MEDIUM,MEDIUM,SPECIFIC,LATE,LOW,environmental consultants (monitoring programmes); accredited sampling / measurement firms; labs,DOCUMENT_WOULD_IMPROVE,NO,"Rule-based. Control-programme proposal submitted by operator, typically already prepared with consultant."
Stockholm,44500-2026,5595236,2026-09-01,Handläggning,,Planerat tillsynsbesök Salmunge Avfallsanläggning 2026,Norrtälje,44500-2026-3,,2026-09-16,dagordning Salmunge,Personuppgift,DIRECT_SUPERVISION,YES,Norrtälje vatten och avfall AB,COMPANY,SUPERVISION_VISIT_SCHEDULED,WASTE,LOW,LOW,GENERIC,EARLY,LOW,waste management consultants; waste handling equipment; environmental law,DOCUMENT_WOULD_IMPROVE,NO,Rule-based. Planned visit; possible pre-visit compliance need but no concrete problem in metadata.
Stockholm,44502-2026,5595245,2026-09-01,Handläggning,,Planerat tillsynsbesök Björkholmen avfallsupplag 2026,Norrtälje,44502-2026-2,,2026-09-16,dagordning Björkholmen,Personuppgift,DIRECT_SUPERVISION,YES,Norrtälje vatten och avfall AB,COMPANY,SUPERVISION_VISIT_SCHEDULED,WASTE,LOW,LOW,GENERIC,EARLY,LOW,waste management consultants; waste handling equipment; environmental law,DOCUMENT_WOULD_IMPROVE,NO,Rule-based. Planned visit; possible pre-visit compliance need but no concrete problem in metadata.
Stockholm,45323-2026,5600648,2026-09-04,Handläggning,,"Förslag till kontrollprogram för Lidingö värmeverk, Lidingö kommun",Lidingö,45323-2026-1,,2026-09-04,"Förslag till kontrollprogram för Lidingö värmeverk, Lidingö kommun",Stockholm Exergi AB,DIRECT_SUPERVISION,YES,Stockholm Exergi AB,COMPANY,CONTROL_PROGRAMME,MONITORING_CONTROL,MEDIUM,MEDIUM,SPECIFIC,LATE,LOW,environmental consultants (monitoring programmes); accredited sampling / measurement firms; labs,DOCUMENT_WOULD_IMPROVE,NO,"Rule-based. Control-programme proposal submitted by operator, typically already prepared with consultant."
Stockholm,45323-2026,5600648,2026-09-04,Handläggning,,"Förslag till kontrollprogram för Lidingö värmeverk, Lidingö kommun",Lidingö,45323-2026-2,,2026-09-04,Meddelande om fråga om reviderat kontrollprogram,Stockholm Exergi AB,DIRECT_SUPERVISION,YES,Stockholm Exergi AB,COMPANY,CONTROL_PROGRAMME,MONITORING_CONTROL,MEDIUM,MEDIUM,SPECIFIC,LATE,LOW,environmental consultants (monitoring programmes); accredited sampling / measurement firms; labs,DOCUMENT_WOULD_IMPROVE,NO,"Rule-based. Control-programme proposal submitted by operator, typically already prepared with consultant."
Stockholm,46042-2026,5605120,2026-09-10,Handläggning,,Planerat tillsynsbesök,Norrtälje,46042-2026-3,,2026-09-10,Dagordning,Personuppgift,DIRECT_SUPERVISION,YES,DKLBC AB,COMPANY,SUPERVISION_VISIT_SCHEDULED,GENERAL_SUPERVISION,LOW,LOW,GENERIC,EARLY,LOW,environmental consultants (compliance / egenkontroll); EHS software,DOCUMENT_WOULD_IMPROVE,NO,Rule-based. Planned visit; possible pre-visit compliance need but no concrete problem in metadata.
Stockholm,46586-2026,5608179,2026-09-11,Handläggning,,"Kommunicering av uppdaterad ansvarsutredning, Nykvarns Pappersbruk",Handlingar,46586-2026-2,,2026-09-14,Meddelande om ansvarsutredning (1),Scania CV AB,DIRECT_SUPERVISION,YES,Scania CV AB,COMPANY,INVESTIGATION_REQUIRED,CONTAMINATED_LAND,HIGH,MEDIUM,SPECIFIC,LATE,LOW,environmental consultants (contaminated land); analytical laboratories; remediation / excavation contractors; environmental law,METADATA_SUFFICIENT,NO,"Rule-based classification, not individually reviewed."
Stockholm,46586-2026,5608179,2026-09-11,Handläggning,,"Kommunicering av uppdaterad ansvarsutredning, Nykvarns Pappersbruk",Handlingar,46586-2026-3,,2026-09-14,Meddelande om ansvarsutredning (2),Stora Enso AB,DIRECT_SUPERVISION,YES,Scania CV AB,COMPANY,INVESTIGATION_REQUIRED,CONTAMINATED_LAND,HIGH,MEDIUM,SPECIFIC,LATE,LOW,environmental consultants (contaminated land); analytical laboratories; remediation / excavation contractors; environmental law,METADATA_SUFFICIENT,NO,"Rule-based classification, not individually reviewed."
Stockholm,46586-2026,5608179,2026-09-11,Handläggning,,"Kommunicering av uppdaterad ansvarsutredning, Nykvarns Pappersbruk",Handlingar,46586-2026-4,,2026-09-14,Meddelande om ansvarsutredning (3),SAAB AB,DIRECT_SUPERVISION,YES,Scania CV AB,COMPANY,INVESTIGATION_REQUIRED,CONTAMINATED_LAND,HIGH,MEDIUM,SPECIFIC,LATE,LOW,environmental consultants (contaminated land); analytical laboratories; remediation / excavation contractors; environmental law,METADATA_SUFFICIENT,NO,"Rule-based classification, not individually reviewed."
Stockholm,47192-2026,5611340,2026-09-15,Handläggning,,"Planerat tillsynsbesök på Ryssjöns berg- och grustäkt, Nykvarns kommun",Nykvarn,47192-2026-2,,2026-09-15,Dagordning,Björnbergs Åkeri & Grus AB,DIRECT_SUPERVISION,YES,Björnbergs Åkeri & Grus AB,COMPANY,SUPERVISION_VISIT_SCHEDULED,GENERAL_SUPERVISION,LOW,LOW,GENERIC,EARLY,LOW,environmental consultants (compliance / egenkontroll); EHS software,DOCUMENT_WOULD_IMPROVE,NO,Rule-based. Planned visit; possible pre-visit compliance need but no concrete problem in metadata.
Stockholm,47897-2026,5615622,2026-09-17,Handläggning,,"Planerat tillsynsbesök på Solnaverket, Solna kommun, IED",Solna,47897-2026-2,,2026-09-07,Dagordning,Norrenergi AB,DIRECT_SUPERVISION,YES,Norrenergi AB,COMPANY,SUPERVISION_VISIT_SCHEDULED,GENERAL_SUPERVISION,LOW,LOW,GENERIC,EARLY,LOW,environmental consultants (compliance / egenkontroll); EHS software,DOCUMENT_WOULD_IMPROVE,NO,Rule-based. Planned visit; possible pre-visit compliance need but no concrete problem in metadata.
Stockholm,48892-2026,5622047,2026-09-22,Handläggning,,"Anmälan om efterbehandling, Huddinge kommun",Huddinge,48892-2026-2,,2026-09-23,Begäran om komplettering,Personuppgift,CONTAMINATED_SITE_SUPERVISION,YES,SRV återvinning AB,COMPANY,INFORMATION_REQUEST,CONTAMINATED_LAND,MEDIUM,LOW,GENERIC,LATE,LOW,environmental consultants (contaminated land); analytical laboratories; remediation / excavation contractors; environmental law,DOCUMENT_REQUIRED,NO,Rule-based. Request for supplementary information; content unknown.
Uppsala,5627-2026,5565728,2026-07-20,Avslutat,2026-08-24,Meddelande om eventuellt behov av tillsyn på vattennivåer i Vendelån,Handlingar,5627-2026-1,,2026-07-20,Meddelande om eventuellt behov av tillsyn på vattennivåer i Vendelån,Tierps kommun,DIRECT_SUPERVISION,YES,Tierps kommun,PUBLIC_BODY,COMPLAINT_RECEIVED,WATER_ACTIVITY,LOW,LOW,GENERIC,EARLY,LOW,hydrogeology / water consultants; dam safety consultants; environmental law,DOCUMENT_WOULD_IMPROVE,NO,Rule-based. Complaint entry; only becomes a purchase if Länsstyrelsen demands measurements or measures.
Uppsala,5745-2026,5571427,2026-07-30,Avslutat,2026-07-30,"Information om beslut skickat för kännedom från kommunen, Föreläggande om försiktighetsmått gällande anmälan om nytt varuslag, BMNau 2026-07-29",Handlingar,5745-2026-1,,2026-07-30,"Information om beslut skickat för kännedom från kommunen, Föreläggande om försiktighetsmått gällande anmälan om nytt varuslag, BMNau 2026-07-29",Östhammars kommun,DIRECT_SUPERVISION,YES,Östhammars kommun,PUBLIC_BODY,PERMIT_CONDITION_FOLLOWUP,PERMIT_CONDITIONS,MEDIUM,LOW,SPECIFIC,TIMELY,LOW,environmental consultants (permits); environmental law,DOCUMENT_REQUIRED,NO,"Rule-based classification, not individually reviewed."
Uppsala,6266-2026,5591360,2026-08-28,Handläggning,,"Planerat tillsynsbesök på Gimoverken, Östhammar",Östhammar,6266-2026-1,,2026-08-28,Meddelande om dagordning för tillsynsbesök,Personuppgift,DIRECT_SUPERVISION,YES,Gimoverken,ORG_NAMED,SUPERVISION_VISIT_SCHEDULED,GENERAL_SUPERVISION,LOW,LOW,GENERIC,EARLY,LOW,environmental consultants (compliance / egenkontroll); EHS software,DOCUMENT_WOULD_IMPROVE,NO,Rule-based. Planned visit; possible pre-visit compliance need but no concrete problem in metadata.
Uppsala,6266-2026,5591360,2026-08-28,Handläggning,,"Planerat tillsynsbesök på Gimoverken, Östhammar",Östhammar,6266-2026-2,,2026-09-08,Meddelande om dagordning för tillsynsbesök,Gimoverken,DIRECT_SUPERVISION,YES,Gimoverken,ORG_NAMED,SUPERVISION_VISIT_SCHEDULED,GENERAL_SUPERVISION,LOW,LOW,GENERIC,EARLY,LOW,environmental consultants (compliance / egenkontroll); EHS software,DOCUMENT_WOULD_IMPROVE,NO,Rule-based. Planned visit; possible pre-visit compliance need but no concrete problem in metadata.
Uppsala,6461-2026,5598671,2026-09-03,Avslutat,2026-09-10,"Förfrågan om tillsyn på dikningsmassor inom känsligt område, Uppsala kommun",Handlingar,6461-2026-1,,2026-09-03,"Förfrågan om tillsyn på dikningsmassor inom känsligt område, Uppsala kommun",Personuppgift,DIRECT_SUPERVISION,YES,,NONE,COMPLAINT_RECEIVED,WATER_ACTIVITY,LOW,LOW,GENERIC,EARLY,LOW,hydrogeology / water consultants; dam safety consultants; environmental law,DOCUMENT_WOULD_IMPROVE,NO,Rule-based. Complaint entry; only becomes a purchase if Länsstyrelsen demands measurements or measures.
Uppsala,6462-2026,5598709,2026-09-03,Avslutat,2026-09-04,"Förfrågan om tillsyn av allé, Uppsala kommun",Handlingar,6462-2026-1,,2026-09-03,"Förfrågan om tillsyn av allé, Uppsala kommun",Personuppgift,DIRECT_SUPERVISION,YES,,NONE,COMPLAINT_RECEIVED,NATURE_PROTECTION,LOW,LOW,GENERIC,EARLY,LOW,-,DOCUMENT_WOULD_IMPROVE,NO,Rule-based. Complaint entry; only becomes a purchase if Länsstyrelsen demands measurements or measures.
Uppsala,6520-2026,5601619,2026-09-04,Handläggning,,"Begäran om övertagande av tillsyn av vissa tillståndspliktiga anläggningar, Knivsta kommun",Handlingar,6520-2026-1,,2026-09-04,"Begäran om övertagande av tillsyn av vissa tillståndspliktiga anläggningar, Knivsta kommun",Knivsta kommun,DIRECT_SUPERVISION,YES,Knivsta kommun,PUBLIC_BODY,INFORMATION_REQUEST,MUNICIPAL_OVERSIGHT,MEDIUM,LOW,GENERIC,TIMELY,LOW,-,DOCUMENT_REQUIRED,NO,Rule-based. Request for supplementary information; content unknown.
Uppsala,6860-2026,5613635,2026-09-14,Handläggning,,"Ansökan om dispens från vattenskyddsföreskrifter för installation av grundvattenrör samt markprovtagning, Uppsala kommun",Handlingar,6860-2026-2,,2026-09-21,Begäran om yttrande senast den 7 okt,Personuppgift,CONTAMINATED_SITE_SUPERVISION,YES,Uppsala Vatten och Avfall AB,COMPANY,INFORMATION_REQUEST,WATER_ACTIVITY,MEDIUM,LOW,GENERIC,TIMELY,LOW,hydrogeology / water consultants; dam safety consultants; environmental law,DOCUMENT_REQUIRED,NO,Rule-based. Request for supplementary information; content unknown.
Uppsala,6860-2026,5613635,2026-09-14,Handläggning,,"Ansökan om dispens från vattenskyddsföreskrifter för installation av grundvattenrör samt markprovtagning, Uppsala kommun",Handlingar,6860-2026-3,,2026-09-21,Begäran om yttrande senast den 7 okt,Personuppgift,CONTAMINATED_SITE_SUPERVISION,YES,Uppsala Vatten och Avfall AB,COMPANY,INFORMATION_REQUEST,WATER_ACTIVITY,MEDIUM,LOW,GENERIC,TIMELY,LOW,hydrogeology / water consultants; dam safety consultants; environmental law,DOCUMENT_REQUIRED,NO,Rule-based. Request for supplementary information; content unknown.
Västernorrland,4843-2026,5553157,2026-07-01,Avslutat,2026-07-07,"Handlingsprogram, Seveso - för hur allvarliga kemikalieolyckor ska förebyggas vid bergtäkt inom fastigheterna Västerkolsta, Österkolsta och Knävland, Sundsvalls kommun",Sundsvall,4843-2026-1,,2026-07-01,"Handlingsprogram, Seveso - för hur allvarliga kemikalieolyckor ska förebyggas vid bergtäkt inom fastigheterna Västerkolsta, Österkolsta och Knävland, Sundsvalls kommun",Svevia AB,DIRECT_SUPERVISION,YES,Svevia AB,COMPANY,SEVESO_DOCUMENT,CHEMICALS_SEVESO,MEDIUM,LOW,SPECIFIC,LATE,LOW,Seveso / process-safety consultants; chemical storage & containment suppliers; fire protection,DOCUMENT_WOULD_IMPROVE,NO,Rule-based. Seveso programme submitted for review; already produced.
Västernorrland,4844-2026,5553172,2026-07-01,Avslutat,2026-07-07,"Handlingsprogram, Seveso - för hur allvarliga kemikalieolyckor ska förebyggas vid bergtäkt inom fastigheten Tjärne, Timrå kommun",Timrå,4844-2026-1,,2026-07-01,"Handlingsprogram, Seveso - för hur allvarliga kemikalieolyckor ska förebyggas vid bergtäkt inom fastigheten Tjärne, Timrå kommun",Svevia AB,DIRECT_SUPERVISION,YES,Svevia AB,COMPANY,SEVESO_DOCUMENT,CHEMICALS_SEVESO,MEDIUM,LOW,SPECIFIC,LATE,LOW,Seveso / process-safety consultants; chemical storage & containment suppliers; fire protection,DOCUMENT_WOULD_IMPROVE,NO,Rule-based. Seveso programme submitted for review; already produced.
Västernorrland,4844-2026,5553172,2026-07-01,Avslutat,2026-07-07,"Handlingsprogram, Seveso - för hur allvarliga kemikalieolyckor ska förebyggas vid bergtäkt inom fastigheten Tjärne, Timrå kommun",Timrå,4844-2026-2,,2026-07-07,Meddelande om granskat handlingsprogram,Svevia AB,DIRECT_SUPERVISION,YES,Svevia AB,COMPANY,SEVESO_DOCUMENT,CHEMICALS_SEVESO,MEDIUM,LOW,SPECIFIC,LATE,LOW,Seveso / process-safety consultants; chemical storage & containment suppliers; fire protection,DOCUMENT_WOULD_IMPROVE,NO,Rule-based. Seveso programme submitted for review; already produced.
Västernorrland,4847-2026,5553361,2026-07-01,Avslutat,2026-07-07,"Handlingsprogram, Seveso - för hur allvarliga kemikalieolyckor ska förebyggas vid bergtäkt inom fastigheten Alderlund, Sollefteå kommun",Sollefteå,4847-2026-1,,2026-07-01,"Handlingsprogram, Seveso - för hur allvarliga kemikalieolyckor ska förebyggas vid bergtäkt inom fastigheten Alderlund, Sollefteå kommun",Svevia AB,DIRECT_SUPERVISION,YES,Svevia AB,COMPANY,SEVESO_DOCUMENT,CHEMICALS_SEVESO,MEDIUM,LOW,SPECIFIC,LATE,LOW,Seveso / process-safety consultants; chemical storage & containment suppliers; fire protection,DOCUMENT_WOULD_IMPROVE,NO,Rule-based. Seveso programme submitted for review; already produced.
Västernorrland,4930-2026,5557944,2026-07-07,Handläggning,,"Anmälan om driftstörning vid SCA Massa AB, Östrands massafabrik, Utsläpp av maskinrumsolja, Timrå kommun",Timrå,4930-2026-2,,2026-07-09,Begäran om komplettering,"SCA Massa AB, Östrands massafabrik",ENVIRONMENTAL_INCIDENT,PARTIAL,"SCA Massa AB, Östrands massafabrik",COMPANY,INFORMATION_REQUEST,UNKNOWN,MEDIUM,LOW,GENERIC,TIMELY,LOW,-,DOCUMENT_REQUIRED,NO,Rule-based. Request for supplementary information; content unknown.
Västernorrland,4930-2026,5557944,2026-07-07,Handläggning,,"Anmälan om driftstörning vid SCA Massa AB, Östrands massafabrik, Utsläpp av maskinrumsolja, Timrå kommun",Timrå,4930-2026-4,,2026-07-10,Komplettering av driftstörning,Personuppgift,ENVIRONMENTAL_INCIDENT,PARTIAL,"SCA Massa AB, Östrands massafabrik",COMPANY,INCIDENT_REPORT,UNKNOWN,MEDIUM,LOW,GENERIC,TIMELY,LOW,-,DOCUMENT_WOULD_IMPROVE,NO,Rule-based. Operator self-report; corrective action usually already handled in-house or via existing service partner.
Västernorrland,4930-2026,5557944,2026-07-07,Handläggning,,"Anmälan om driftstörning vid SCA Massa AB, Östrands massafabrik, Utsläpp av maskinrumsolja, Timrå kommun",Timrå,4930-2026-5,,2026-08-11,Komplettering av driftstörning,Personuppgift,ENVIRONMENTAL_INCIDENT,PARTIAL,"SCA Massa AB, Östrands massafabrik",COMPANY,INCIDENT_REPORT,UNKNOWN,MEDIUM,LOW,GENERIC,TIMELY,LOW,-,DOCUMENT_WOULD_IMPROVE,NO,Rule-based. Operator self-report; corrective action usually already handled in-house or via existing service partner.
Västernorrland,4948-2026,5558227,2026-07-03,Handläggning,,"Anmälan om driftstörning, avvikelse från kontrollprogrammet, ingen mätning från barkpannan ÅP1",Timrå,4948-2026-1,,2026-07-03,"Anmälan om driftstörning, avvikelse från kontrollprogrammet, ingen mätning från barkpannan ÅP1",SCA Massa AB,DIRECT_SUPERVISION,YES,"SCA Massa AB, Östrands massafabrik",COMPANY,CONTROL_PROGRAMME,MONITORING_CONTROL,MEDIUM,MEDIUM,SPECIFIC,LATE,LOW,environmental consultants (monitoring programmes); accredited sampling / measurement firms; labs,DOCUMENT_WOULD_IMPROVE,NO,"Rule-based. Control-programme proposal submitted by operator, typically already prepared with consultant."
Västernorrland,4963-2026,5558364,2026-07-08,Avslutat,2026-07-28,Underrättelse inför beslut om miljösanktionsavgift,Handlingar,4963-2026-2,,2026-07-08,Underrättelse inför beslut om miljösanktionsavgift,Konkursförvaltare för 556369-0865 Ramsele Fisk Aktiebolag,DIRECT_SUPERVISION,YES,Konkursförvaltare för 556369-0865 Ramsele Fisk Aktiebolag,COMPANY,SANCTION_FEE,UNKNOWN,HIGH,LOW,SPECIFIC,TIMELY,LOW,-,DOCUMENT_WOULD_IMPROVE,NO,Reviewed. Sanction fee addressed to a bankruptcy trustee; no buyer.
Västernorrland,4972-2026,5558629,2026-07-06,Handläggning,,Förslag till kontrollprogram för täkt Näsåker Sollefteå kommun,Handlingar,4972-2026-1,,2026-07-06,Förslag till kontrollprogram för täkt Näsåker Sollefteå kommun,Tenglunds Maskin och Teknik AB,DIRECT_SUPERVISION,YES,Tenglunds Maskin och Teknik AB,COMPANY,CONTROL_PROGRAMME,MONITORING_CONTROL,MEDIUM,MEDIUM,SPECIFIC,LATE,LOW,environmental consultants (monitoring programmes); accredited sampling / measurement firms; labs,DOCUMENT_WOULD_IMPROVE,NO,"Rule-based. Control-programme proposal submitted by operator, typically already prepared with consultant."
Västernorrland,4977-2026,5558679,2026-07-08,Handläggning,,Förslag till kontrollprogram,Handlingar,4977-2026-1,,2026-07-08,Förslag till kontrollprogram,Frölén Kross AB,DIRECT_SUPERVISION,YES,Frölén Kross AB,COMPANY,CONTROL_PROGRAMME,MONITORING_CONTROL,MEDIUM,MEDIUM,SPECIFIC,LATE,LOW,environmental consultants (monitoring programmes); accredited sampling / measurement firms; labs,DOCUMENT_WOULD_IMPROVE,NO,"Rule-based. Control-programme proposal submitted by operator, typically already prepared with consultant."
Västernorrland,5164-2026,5564014,2026-07-15,Handläggning,,Samlingsärende löpande tillsyn 2026,Sundsvall,5164-2026-1,,2026-07-15,Begäran om komplettering,"Kubikenborg Aluminium AB, Sundsvall",DIRECT_SUPERVISION,YES,"Kubikenborg Aluminium AB, Sundsvall",COMPANY,INFORMATION_REQUEST,GENERAL_SUPERVISION,MEDIUM,LOW,GENERIC,TIMELY,LOW,environmental consultants (compliance / egenkontroll); EHS software,DOCUMENT_REQUIRED,NO,Rule-based. Request for supplementary information; content unknown.
Västernorrland,5205-2026,5565311,2026-07-17,Handläggning,,Planerat tillsynsbesök på miljöfarlig verksamhet,Sundsvall,5205-2026-1,,2026-07-17,Meddelande om planerad miljötillsyn,Akzo Nobel Adhesives AB,DIRECT_SUPERVISION,YES,Akzo Nobel Adhesives AB,COMPANY,SUPERVISION_VISIT_SCHEDULED,GENERAL_SUPERVISION,LOW,LOW,GENERIC,EARLY,LOW,environmental consultants (compliance / egenkontroll); EHS software,DOCUMENT_WOULD_IMPROVE,NO,Rule-based. Planned visit; possible pre-visit compliance need but no concrete problem in metadata.
Västernorrland,5335-2026,5572009,2026-07-30,Handläggning,,"Klagomål på återkommande luktstörning, Nouryon bioreningsanläggning, Domsjö, Örnsköldsviks kommun",Örnsköldsvik,5335-2026-7,,2026-07-31,Begäran om yttrande,Nouryon Functional chemicals AB,COMPLAINT,PARTIAL,Nouryon Functional chemicals AB,COMPANY,INFORMATION_REQUEST,NOISE,MEDIUM,LOW,GENERIC,TIMELY,LOW,acoustic consultants; noise abatement suppliers,DOCUMENT_REQUIRED,NO,Rule-based. Request for supplementary information; content unknown.
Västernorrland,5372-2026,5573140,2026-08-03,Handläggning,,"Anmälan om driftstörning vid Nouryon Functional Chemicals AB, Driftstörning med möjlig risk för luktstörning, Örnsköldsvik kommun",Örnsköldsvik,5372-2026-1,,2026-08-03,"Anmälan om driftstörning vid Nouryon Functional Chemicals AB, Driftstörning med möjlig risk för luktstörning, Örnsköldsvik kommun",Personuppgift,DIRECT_SUPERVISION,YES,Nouryon Functional Chemicals AB,COMPANY,COMPLAINT_RECEIVED,AIR_EMISSIONS,LOW,LOW,SPECIFIC,EARLY,LOW,emission measurement firms (accredited); flue-gas treatment & filter suppliers; process consultants,DOCUMENT_WOULD_IMPROVE,NO,Rule-based. Complaint entry; only becomes a purchase if Länsstyrelsen demands measurements or measures.
Västernorrland,5396-2026,5574745,2026-07-28,Handläggning,,Förslag till kontrollprogram för fiskundersökning,Sundsvall,5396-2026-1,,2026-07-28,Förslag till kontrollprogram för fiskundersökning,Circulose,DIRECT_SUPERVISION,YES,Circulose,ORG_NAMED,CONTROL_PROGRAMME,WATER_ACTIVITY,MEDIUM,MEDIUM,SPECIFIC,LATE,LOW,hydrogeology / water consultants; dam safety consultants; environmental law,DOCUMENT_WOULD_IMPROVE,NO,"Rule-based. Control-programme proposal submitted by operator, typically already prepared with consultant."
Västernorrland,5421-2026,5575358,2026-08-06,Avslutat,2026-08-18,Förslag till ändring i kontrollprogram gällande kontroll av diffusa utsläpp,Örnsköldsvik,5421-2026-1,,2026-08-06,Förslag till ändring i kontrollprogram gällande kontroll av diffusa utsläpp,SEKAB Biofuels and Chemicals AB,DIRECT_SUPERVISION,YES,SEKAB Biofuels and Chemicals AB,COMPANY,CONTROL_PROGRAMME,MONITORING_CONTROL,MEDIUM,MEDIUM,SPECIFIC,LATE,LOW,environmental consultants (monitoring programmes); accredited sampling / measurement firms; labs,DOCUMENT_WOULD_IMPROVE,NO,"Rule-based. Control-programme proposal submitted by operator, typically already prepared with consultant."
Västernorrland,5421-2026,5575358,2026-08-06,Avslutat,2026-08-18,Förslag till ändring i kontrollprogram gällande kontroll av diffusa utsläpp,Örnsköldsvik,5421-2026-2,,2026-08-06,Begäran om komplettering,SEKAB Biofuels and Chemicals AB,DIRECT_SUPERVISION,YES,SEKAB Biofuels and Chemicals AB,COMPANY,INFORMATION_REQUEST,MONITORING_CONTROL,MEDIUM,LOW,GENERIC,TIMELY,LOW,environmental consultants (monitoring programmes); accredited sampling / measurement firms; labs,DOCUMENT_REQUIRED,NO,Rule-based. Request for supplementary information; content unknown.
Västernorrland,5659-2026,5585872,2026-08-21,Handläggning,,"Förslag till kontrollprogram, stockvik, Sundsvalls kommun",Sundsvall,5659-2026-1,,2026-08-21,"Förslag till kontrollprogram, stockvik, Sundsvalls kommun",Nouryon Surface Chemistry AB,DIRECT_SUPERVISION,YES,Nouryon Surface Chemistry AB,COMPANY,CONTROL_PROGRAMME,MONITORING_CONTROL,MEDIUM,MEDIUM,SPECIFIC,LATE,LOW,environmental consultants (monitoring programmes); accredited sampling / measurement firms; labs,DOCUMENT_WOULD_IMPROVE,NO,"Rule-based. Control-programme proposal submitted by operator, typically already prepared with consultant."
Västernorrland,5659-2026,5585872,2026-08-21,Handläggning,,"Förslag till kontrollprogram, stockvik, Sundsvalls kommun",Sundsvall,5659-2026-2,,2026-08-24,Komplettering med bilagor till kontrollprogram,Personuppgift,DIRECT_SUPERVISION,YES,Nouryon Surface Chemistry AB,COMPANY,CONTROL_PROGRAMME,MONITORING_CONTROL,MEDIUM,MEDIUM,SPECIFIC,LATE,LOW,environmental consultants (monitoring programmes); accredited sampling / measurement firms; labs,DOCUMENT_WOULD_IMPROVE,NO,"Rule-based. Control-programme proposal submitted by operator, typically already prepared with consultant."
Västernorrland,5661-2026,5585948,2026-08-21,Avslutat,2026-09-11,"Anmälan om driftsstörning vid Kattastrand avloppsreningsverk, Kemikaliespill vid lossning, Härnösand kommun",Härnösand,5661-2026-5,,2026-09-04,Komplettering av driftsstörning,Personuppgift,ENVIRONMENTAL_INCIDENT,PARTIAL,Härnösand Energi & Miljö AB,COMPANY,INCIDENT_REPORT,CHEMICALS_SEVESO,MEDIUM,LOW,GENERIC,TIMELY,LOW,Seveso / process-safety consultants; chemical storage & containment suppliers; fire protection,DOCUMENT_WOULD_IMPROVE,NO,Rule-based. Operator self-report; corrective action usually already handled in-house or via existing service partner.
Västernorrland,5661-2026,5585948,2026-08-21,Avslutat,2026-09-11,"Anmälan om driftsstörning vid Kattastrand avloppsreningsverk, Kemikaliespill vid lossning, Härnösand kommun",Härnösand,5661-2026-7,,2026-09-11,Skickat och avslutas beslut driftstörning Kattastrand,Härnösand Energi & Miljö AB,ENVIRONMENTAL_INCIDENT,PARTIAL,Härnösand Energi & Miljö AB,COMPANY,INCIDENT_REPORT,CHEMICALS_SEVESO,MEDIUM,LOW,SPECIFIC,TIMELY,LOW,Seveso / process-safety consultants; chemical storage & containment suppliers; fire protection,DOCUMENT_WOULD_IMPROVE,NO,Rule-based. Operator self-report; corrective action usually already handled in-house or via existing service partner.
Västernorrland,5780-2026,5591909,2026-08-28,Handläggning,,"Anmälan om driftsstörning vid Nouryon Functional Chemicals AB, Driftstörning med möjlig risk för luktstörning, Örnsköldsvik kommun",Örnsköldsvik,5780-2026-1,,2026-08-28,"Anmälan om driftsstörning vid Nouryon Functional Chemicals AB, Driftstörning med möjlig risk för luktstörning, Örnsköldsvik kommun",Personuppgift,ENVIRONMENTAL_INCIDENT,PARTIAL,Nouryon Functional Chemicals AB,COMPANY,COMPLAINT_RECEIVED,AIR_EMISSIONS,LOW,LOW,SPECIFIC,EARLY,LOW,emission measurement firms (accredited); flue-gas treatment & filter suppliers; process consultants,DOCUMENT_WOULD_IMPROVE,NO,Rule-based. Complaint entry; only becomes a purchase if Länsstyrelsen demands measurements or measures.
Västernorrland,5922-2026,5597889,2026-09-03,Handläggning,,Ansökan om bidrag till verifierande fältprovtagning sediment och PFAS 2027,Handlingar,5922-2026-2,,2026-09-03,"Ansokan om bidrag till verifierande provtagning, PFAS och sediment 2027",Naturvårdsverket,CONTAMINATED_SITE_SUPERVISION,YES,,NONE,STATE_FUNDED_SAMPLING,CONTAMINATED_LAND_PFAS,LOW,LOW,SPECIFIC,LATE,LOW,environmental consultants (contaminated land / PFAS investigation); analytical laboratories; remediation contractors,METADATA_SUFFICIENT,NO,Rule-based. State-funded PFAS/sediment sampling procured by Länsstyrelsen; landowner is not the buyer.
Västernorrland,5922-2026,5597889,2026-09-03,Handläggning,,Ansökan om bidrag till verifierande fältprovtagning sediment och PFAS 2027,Handlingar,5922-2026-3,,2026-09-03,"Ansokan om bidrag till verifierande provtagning, PFAS och sediment 2027 (rättad summering i ansökan)",Naturvårdsverket,CONTAMINATED_SITE_SUPERVISION,YES,,NONE,STATE_FUNDED_SAMPLING,CONTAMINATED_LAND_PFAS,LOW,LOW,SPECIFIC,LATE,LOW,environmental consultants (contaminated land / PFAS investigation); analytical laboratories; remediation contractors,METADATA_SUFFICIENT,NO,Rule-based. State-funded PFAS/sediment sampling procured by Länsstyrelsen; landowner is not the buyer.
Västernorrland,5922-2026,5597889,2026-09-03,Handläggning,,Ansökan om bidrag till verifierande fältprovtagning sediment och PFAS 2027,Handlingar,5922-2026-4,,2026-09-03,Ansökan om bidrag till Verifierande provtagning PFAS och sediment_ Västernorrland,Naturvårdsverket,CONTAMINATED_SITE_SUPERVISION,YES,,NONE,STATE_FUNDED_SAMPLING,CONTAMINATED_LAND_PFAS,LOW,LOW,SPECIFIC,LATE,LOW,environmental consultants (contaminated land / PFAS investigation); analytical laboratories; remediation contractors,METADATA_SUFFICIENT,NO,Rule-based. State-funded PFAS/sediment sampling procured by Länsstyrelsen; landowner is not the buyer.
Västernorrland,5925-2026,5598089,2026-09-03,Handläggning,,Handlingsprogram för Sevesoverksamheten vid Circulose Ortviken i Sundsvall kommun,Sundsvall,5925-2026-1,,2026-09-03,Handlingsprogram för Sevesoverksamheten vid Circulose Ortviken i Sundsvall kommun,Circulose AB,DIRECT_SUPERVISION,YES,Circulose AB,COMPANY,SEVESO_DOCUMENT,CHEMICALS_SEVESO,MEDIUM,LOW,SPECIFIC,LATE,LOW,Seveso / process-safety consultants; chemical storage & containment suppliers; fire protection,DOCUMENT_WOULD_IMPROVE,NO,Rule-based. Seveso programme submitted for review; already produced.
Västernorrland,5925-2026,5598089,2026-09-03,Handläggning,,Handlingsprogram för Sevesoverksamheten vid Circulose Ortviken i Sundsvall kommun,Sundsvall,5925-2026-3,,2026-09-17,Begäran om komplettering,Circulose AB,DIRECT_SUPERVISION,YES,Circulose AB,COMPANY,INFORMATION_REQUEST,CHEMICALS_SEVESO,MEDIUM,LOW,GENERIC,TIMELY,LOW,Seveso / process-safety consultants; chemical storage & containment suppliers; fire protection,DOCUMENT_REQUIRED,NO,Rule-based. Request for supplementary information; content unknown.
Västernorrland,6092-2026,5605130,2026-09-03,Handläggning,,Förslag till kontrollprogram,Härnösand,6092-2026-1,,2026-09-03,Förslag till kontrollprogram,Personuppgift,DIRECT_SUPERVISION,YES,Wibax Logistics AB,COMPANY,CONTROL_PROGRAMME,MONITORING_CONTROL,MEDIUM,MEDIUM,SPECIFIC,LATE,LOW,environmental consultants (monitoring programmes); accredited sampling / measurement firms; labs,DOCUMENT_WOULD_IMPROVE,NO,"Rule-based. Control-programme proposal submitted by operator, typically already prepared with consultant."
Västernorrland,6092-2026,5605130,2026-09-03,Handläggning,,Förslag till kontrollprogram,Härnösand,6092-2026-2,,2026-09-09,Förslag till kontrollprogram ny version med rutin på hantering av driftstörning,Wibax Logistics AB,DIRECT_SUPERVISION,YES,Wibax Logistics AB,COMPANY,CONTROL_PROGRAMME,MONITORING_CONTROL,MEDIUM,MEDIUM,SPECIFIC,LATE,LOW,environmental consultants (monitoring programmes); accredited sampling / measurement firms; labs,DOCUMENT_WOULD_IMPROVE,NO,"Rule-based. Control-programme proposal submitted by operator, typically already prepared with consultant."
Västernorrland,6378-2026,5616131,2026-09-17,Handläggning,,"Anmälan om driftsstörning vid Metsä Board Husum, Underhållsstopp hösten 2026, Örnsköldsvik kommun",Örnsköldsvik,6378-2026-1,,2026-09-17,"Anmälan om driftsstörning vid Metsä Board Husum, Underhållsstopp hösten 2026, Örnsköldsvik kommun",Personuppgift,ENVIRONMENTAL_INCIDENT,PARTIAL,Metsä Board Sverige AB,COMPANY,INCIDENT_REPORT,UNKNOWN,MEDIUM,LOW,SPECIFIC,TIMELY,LOW,-,DOCUMENT_WOULD_IMPROVE,NO,Rule-based. Operator self-report; corrective action usually already handled in-house or via existing service partner.
Västernorrland,6599-2026,5624774,2026-09-22,Handläggning,,"Förslag till kontrollprogram för vindkraftpark Björkhöjden, Sollefteå och Ragunda kommuner",Handlingar,6599-2026-2,,2026-09-22,"Förslag till kontrollprogram för vindkraftpark Björkhöjden, Sollefteå och Ragunda kommuner",Statkraft Sverige AB,DIRECT_SUPERVISION,YES,Statkraft Sverige AB,COMPANY,CONTROL_PROGRAMME,MONITORING_CONTROL,MEDIUM,MEDIUM,SPECIFIC,LATE,LOW,environmental consultants (monitoring programmes); accredited sampling / measurement firms; labs,DOCUMENT_WOULD_IMPROVE,NO,"Rule-based. Control-programme proposal submitted by operator, typically already prepared with consultant."
Västra Götaland,28825-2026,5554421,2026-07-01,Handläggning,,Information om planerad provtagning vid anläggningen GKN Aerospace Sweden AB och möjlighet att lämna synpunkter i Trollhättans kommun Svar senast 2026-08-14,Trollhättan,28825-2026-1,,2026-07-01,Information om planerad provtagning vid anläggningen GKN Aerospace Sweden AB och möjlighet att lämna synpunkter i Trollhättans kommun Svar senast 2026-08-14,GKN Aerospace Sweden AB,CONTAMINATED_SITE_SUPERVISION,YES,GKN Aerospace Sweden AB,COMPANY,CONSULTATION_WITH_PARTY,MONITORING_CONTROL,LOW,LOW,GENERIC,TIMELY,LOW,environmental consultants (monitoring programmes); accredited sampling / measurement firms; labs,DOCUMENT_REQUIRED,NO,"Rule-based classification, not individually reviewed."
Västra Götaland,28825-2026,5554421,2026-07-01,Handläggning,,Information om planerad provtagning vid anläggningen GKN Aerospace Sweden AB och möjlighet att lämna synpunkter i Trollhättans kommun Svar senast 2026-08-14,Trollhättan,28825-2026-2,,2026-08-13,Meddelande om synpunkter på provtagningsplan,Personuppgift,CONTAMINATED_SITE_SUPERVISION,YES,GKN Aerospace Sweden AB,COMPANY,CONTROL_PROGRAMME,MONITORING_CONTROL,MEDIUM,MEDIUM,SPECIFIC,LATE,LOW,environmental consultants (monitoring programmes); accredited sampling / measurement firms; labs,DOCUMENT_WOULD_IMPROVE,NO,"Rule-based. Control-programme proposal submitted by operator, typically already prepared with consultant."
Västra Götaland,28946-2026,5555259,2026-07-06,Avslutat,2026-07-23,"Anmälan om driftstörning 2026-07-06 kl 11.30 ett kort stopp som kommer medföra fackling och buller vid anläggningen Perstorp OXO AB, Stenungsunds kommun",Stenungsund,28946-2026-1,,2026-07-06,"Anmälan om driftstörning 2026-07-06 kl 11.30 ett kort stopp som kommer medföra fackling och buller vid anläggningen Perstorp OXO AB, Ale kommun",Perstorp Oxo AB,DIRECT_SUPERVISION,YES,Perstorp Oxo AB,COMPANY,INCIDENT_REPORT,NOISE,LOW,LOW,SPECIFIC,TIMELY,LOW,acoustic consultants; noise abatement suppliers,DOCUMENT_WOULD_IMPROVE,NO,Rule-based. Operator self-report; corrective action usually already handled in-house or via existing service partner.
Västra Götaland,28946-2026,5555259,2026-07-06,Avslutat,2026-07-23,"Anmälan om driftstörning 2026-07-06 kl 11.30 ett kort stopp som kommer medföra fackling och buller vid anläggningen Perstorp OXO AB, Stenungsunds kommun",Stenungsund,28946-2026-2,,2026-07-06,Miljömeddelande Perstorp OXO – Fackling,Perstorp Oxo AB,DIRECT_SUPERVISION,YES,Perstorp Oxo AB,COMPANY,INCIDENT_REPORT,NOISE,LOW,LOW,GENERIC,TIMELY,LOW,acoustic consultants; noise abatement suppliers,DOCUMENT_WOULD_IMPROVE,NO,Rule-based. Operator self-report; corrective action usually already handled in-house or via existing service partner.
Västra Götaland,28989-2026,5555583,2026-07-01,Avslutat,2026-07-13,Begäran om granskning av miljötekniska markundersökningen i Trollhättans kommun,Handlingar,28989-2026-1,,2026-07-01,Begäran om granskning av miljötekniska markundersökningen i Trollhättans kommun,Trollhättans Stad,CONTAMINATED_SITE_SUPERVISION,YES,Trollhättans Stad,PUBLIC_BODY,INFORMATION_REQUEST,CONTAMINATED_LAND,MEDIUM,LOW,GENERIC,TIMELY,LOW,environmental consultants (contaminated land); analytical laboratories; remediation / excavation contractors; environmental law,DOCUMENT_REQUIRED,NO,Rule-based. Request for supplementary information; content unknown.
Västra Götaland,29377-2026,5558244,2026-07-01,Avslutat,2026-07-08,Anmälan om driftstörning 2026-06-30 inträffade ett spill av slopolja till mark vid anläggningen Preemraff i Lysekils kommun,Lysekil,29377-2026-2,,2026-07-01,Begäran om uppgifter,"VAROPreem AB, Preemraff Lysekil",ENVIRONMENTAL_INCIDENT,PARTIAL,VAROPreem Sverige AB,COMPANY,INFORMATION_REQUEST,SPILL_LEAK,MEDIUM,LOW,GENERIC,TIMELY,LOW,spill response & remediation contractors; containment equipment; environmental consultants,DOCUMENT_REQUIRED,NO,Rule-based. Request for supplementary information; content unknown.
Västra Götaland,29379-2026,5558264,2026-07-07,Avslutat,2026-07-08,Anmälan om driftstörning 2026-07-07 av fackling och buller vid anläggningen Perstorp Oxo AB i Stenungsunds kommun,Stenungsund,29379-2026-1,,2026-07-07,Anmälan om driftstörning 2026-07-07 av fackling och buller vid anläggningen Perstorp Oxo AB i Stenungsunds kommun,Perstorp Oxo AB,DIRECT_SUPERVISION,YES,Perstorp Oxo AB,COMPANY,INCIDENT_REPORT,NOISE,LOW,LOW,SPECIFIC,TIMELY,LOW,acoustic consultants; noise abatement suppliers,DOCUMENT_WOULD_IMPROVE,NO,Rule-based. Operator self-report; corrective action usually already handled in-house or via existing service partner.
Västra Götaland,29422-2026,5558529,2026-07-08,Handläggning,,Verifierande provtagning sediment objekt 8 - Simmatorpsdammen i Skara kommun,Handlingar,29422-2026-2,,2026-07-08,Meddelande om verifierande provtagning sediment och förfrågan om kontaktperson,Personuppgift,CONTAMINATED_SITE_SUPERVISION,YES,,NONE,STATE_FUNDED_SAMPLING,MONITORING_CONTROL,LOW,LOW,SPECIFIC,LATE,LOW,environmental consultants (monitoring programmes); accredited sampling / measurement firms; labs,METADATA_SUFFICIENT,NO,Rule-based. State-funded PFAS/sediment sampling procured by Länsstyrelsen; landowner is not the buyer.
Västra Götaland,29427-2026,5558551,2026-07-08,Handläggning,,Verifierande provtagning sediment objekt 9 - Stora Valsjön i Karlsborgs kommun,Handlingar,29427-2026-2,,2026-07-08,Meddelande om verifierande provtagning och förfrågan om kontaktperson,Personuppgift,CONTAMINATED_SITE_SUPERVISION,YES,,NONE,STATE_FUNDED_SAMPLING,MONITORING_CONTROL,LOW,LOW,SPECIFIC,LATE,LOW,environmental consultants (monitoring programmes); accredited sampling / measurement firms; labs,METADATA_SUFFICIENT,NO,Rule-based. State-funded PFAS/sediment sampling procured by Länsstyrelsen; landowner is not the buyer.
Västra Götaland,29429-2026,5558559,2026-07-08,Handläggning,,Verifierande provtagning sediment objekt 10 - Vättern Breviken i Karlsborgs kommun,Handlingar,29429-2026-2,,2026-07-08,Meddelande om verifierande provtagning och förfrågan om kontaktperson,Personuppgift,CONTAMINATED_SITE_SUPERVISION,YES,,NONE,STATE_FUNDED_SAMPLING,MONITORING_CONTROL,LOW,LOW,SPECIFIC,LATE,LOW,environmental consultants (monitoring programmes); accredited sampling / measurement firms; labs,METADATA_SUFFICIENT,NO,Rule-based. State-funded PFAS/sediment sampling procured by Länsstyrelsen; landowner is not the buyer.
Västra Götaland,29523-2026,5559312,2026-07-09,Handläggning,,Anmälan om driftstörning 2026-07-09 för fackling med ökat buller vid anläggningen Perstorp Oxo AB i Stenungsunds kommun,Stenungsund,29523-2026-1,,2026-07-09,Anmälan om driftstörning 2026-07-09 för fackling med ökat buller vid anläggningen Perstorp Oxo AB i Stenungsunds kommun,Perstorp Oxo AB,DIRECT_SUPERVISION,YES,Perstorp Oxo AB,COMPANY,INCIDENT_REPORT,NOISE,LOW,LOW,SPECIFIC,TIMELY,LOW,acoustic consultants; noise abatement suppliers,DOCUMENT_WOULD_IMPROVE,NO,Rule-based. Operator self-report; corrective action usually already handled in-house or via existing service partner.
Västra Götaland,29523-2026,5559312,2026-07-09,Handläggning,,Anmälan om driftstörning 2026-07-09 för fackling med ökat buller vid anläggningen Perstorp Oxo AB i Stenungsunds kommun,Stenungsund,29523-2026-2,,2026-07-09,Begäran om komplettering,Perstorp Oxo AB,DIRECT_SUPERVISION,YES,Perstorp Oxo AB,COMPANY,INFORMATION_REQUEST,NOISE,MEDIUM,LOW,GENERIC,TIMELY,LOW,acoustic consultants; noise abatement suppliers,DOCUMENT_REQUIRED,NO,Rule-based. Request for supplementary information; content unknown.
Västra Götaland,29523-2026,5559312,2026-07-09,Handläggning,,Anmälan om driftstörning 2026-07-09 för fackling med ökat buller vid anläggningen Perstorp Oxo AB i Stenungsunds kommun,Stenungsund,29523-2026-3,,2026-07-09,Komplettering av driftstörning,Perstorp Oxo AB,DIRECT_SUPERVISION,YES,Perstorp Oxo AB,COMPANY,INCIDENT_REPORT,NOISE,MEDIUM,LOW,GENERIC,TIMELY,LOW,acoustic consultants; noise abatement suppliers,DOCUMENT_WOULD_IMPROVE,NO,Rule-based. Operator self-report; corrective action usually already handled in-house or via existing service partner.
Västra Götaland,29523-2026,5559312,2026-07-09,Handläggning,,Anmälan om driftstörning 2026-07-09 för fackling med ökat buller vid anläggningen Perstorp Oxo AB i Stenungsunds kommun,Stenungsund,29523-2026-4,,2026-07-10,Begäran om ytterligare komplettering,Perstorp Oxo AB,DIRECT_SUPERVISION,YES,Perstorp Oxo AB,COMPANY,INFORMATION_REQUEST,NOISE,MEDIUM,LOW,GENERIC,TIMELY,LOW,acoustic consultants; noise abatement suppliers,DOCUMENT_REQUIRED,NO,Rule-based. Request for supplementary information; content unknown.
Västra Götaland,29523-2026,5559312,2026-07-09,Handläggning,,Anmälan om driftstörning 2026-07-09 för fackling med ökat buller vid anläggningen Perstorp Oxo AB i Stenungsunds kommun,Stenungsund,29523-2026-5,,2026-07-10,Komplettering av driftstörning,Perstorp Oxo AB,DIRECT_SUPERVISION,YES,Perstorp Oxo AB,COMPANY,INCIDENT_REPORT,NOISE,MEDIUM,LOW,GENERIC,TIMELY,LOW,acoustic consultants; noise abatement suppliers,DOCUMENT_WOULD_IMPROVE,NO,Rule-based. Operator self-report; corrective action usually already handled in-house or via existing service partner.
Västra Götaland,29940-2026,5562559,2026-07-10,Handläggning,,Begäran om tillsyn av vatten och avlopp vid Gullmarsfjorden i Munkedals kommun,Munkedal,29940-2026-1,,2026-07-10,Begäran om tillsyn av vatten och avlopp vid Gullmarsfjorden i Munkedals kommun,Styrelsen i Gårviks Badortsförening,COMPLAINT,PARTIAL,Styrelsen i Gårviks Badortsförening,ORG_NAMED,COMPLAINT_RECEIVED,WASTEWATER,LOW,LOW,GENERIC,EARLY,LOW,"process/VA engineering consultants; treatment equipment & service (pumps, scrapers, dosing); sampling labs",DOCUMENT_WOULD_IMPROVE,NO,Rule-based. Complaint entry; only becomes a purchase if Länsstyrelsen demands measurements or measures.
Västra Götaland,30288-2026,5565301,2026-07-15,Avslutat,2026-07-23,"Anmälan om tillsyn gällande asbesthantering vid badrumsrenovering, Lillekärr Norra, Göteborgs kommun",Göteborg,30288-2026-1,,2026-07-15,"Anmälan om tillsyn gällande asbesthantering vid badrumsrenovering, Lillekärr Norra, Göteborgs kommun",Personuppgift,DIRECT_SUPERVISION,YES,,NONE,COMPLAINT_RECEIVED,GENERAL_SUPERVISION,LOW,LOW,GENERIC,EARLY,LOW,environmental consultants (compliance / egenkontroll); EHS software,DOCUMENT_WOULD_IMPROVE,NO,Rule-based. Complaint entry; only becomes a purchase if Länsstyrelsen demands measurements or measures.
Västra Götaland,30288-2026,5565301,2026-07-15,Avslutat,2026-07-23,"Anmälan om tillsyn gällande asbesthantering vid badrumsrenovering, Lillekärr Norra, Göteborgs kommun",Göteborg,30288-2026-6,,2026-08-06,Begäran om tillsyn,Personuppgift,DIRECT_SUPERVISION,YES,,NONE,COMPLAINT_RECEIVED,GENERAL_SUPERVISION,LOW,LOW,GENERIC,EARLY,LOW,environmental consultants (compliance / egenkontroll); EHS software,DOCUMENT_WOULD_IMPROVE,NO,Rule-based. Complaint entry; only becomes a purchase if Länsstyrelsen demands measurements or measures.
Västra Götaland,30288-2026,5565301,2026-07-15,Avslutat,2026-07-23,"Anmälan om tillsyn gällande asbesthantering vid badrumsrenovering, Lillekärr Norra, Göteborgs kommun",Göteborg,30288-2026-7,,2026-08-07,Beslut om att avvisa begäran om tillsyn gällande asbesthantering i Brf Hisings Kärra i Göteborgs kommun,Personuppgift,DIRECT_SUPERVISION,YES,,NONE,COMPLAINT_RECEIVED,GENERAL_SUPERVISION,LOW,LOW,GENERIC,EARLY,LOW,environmental consultants (compliance / egenkontroll); EHS software,DOCUMENT_WOULD_IMPROVE,NO,Rule-based. Complaint entry; only becomes a purchase if Länsstyrelsen demands measurements or measures.
Västra Götaland,30288-2026,5565301,2026-07-15,Avslutat,2026-07-23,"Anmälan om tillsyn gällande asbesthantering vid badrumsrenovering, Lillekärr Norra, Göteborgs kommun",Göteborg,30288-2026-8,,2026-08-07,Beslut om att avvisa begäran om tillsyn gällande asbesthantering i Brf Hisings kärra i Göteborgs kommun,Personuppgift,DIRECT_SUPERVISION,YES,,NONE,COMPLAINT_RECEIVED,GENERAL_SUPERVISION,LOW,LOW,GENERIC,EARLY,LOW,environmental consultants (compliance / egenkontroll); EHS software,DOCUMENT_WOULD_IMPROVE,NO,Rule-based. Complaint entry; only becomes a purchase if Länsstyrelsen demands measurements or measures.
Västra Götaland,30972-2026,5569272,2026-07-08,Handläggning,,Förslag till kontrollprogram Omholmen avr,Sotenäs,30972-2026-1,,2026-07-08,Förslag till kontrollprogram Omholmen avr,Personuppgift,DIRECT_SUPERVISION,YES,Västvatten AB,COMPANY,CONTROL_PROGRAMME,MONITORING_CONTROL,MEDIUM,MEDIUM,SPECIFIC,LATE,LOW,environmental consultants (monitoring programmes); accredited sampling / measurement firms; labs,DOCUMENT_WOULD_IMPROVE,NO,"Rule-based. Control-programme proposal submitted by operator, typically already prepared with consultant."
Västra Götaland,30989-2026,5569418,2026-07-24,Handläggning,,"Klagomål på återkommande utsläpp av förorenat vatten, Rönnängs avloppsreningsverk, Ängholmen, Tjörns kommun",Tjörn,30989-2026-2,,2026-07-28,Begäran om yttrande,Personuppgift,ENVIRONMENTAL_INCIDENT,PARTIAL,Tjörns kommun,PUBLIC_BODY,INFORMATION_REQUEST,CONTAMINATED_LAND,MEDIUM,LOW,GENERIC,TIMELY,LOW,environmental consultants (contaminated land); analytical laboratories; remediation / excavation contractors; environmental law,DOCUMENT_REQUIRED,NO,Rule-based. Request for supplementary information; content unknown.
Västra Götaland,30989-2026,5569418,2026-07-24,Handläggning,,"Klagomål på återkommande utsläpp av förorenat vatten, Rönnängs avloppsreningsverk, Ängholmen, Tjörns kommun",Tjörn,30989-2026-3,,2026-07-29,Meddelande om driftstörningar,Personuppgift,ENVIRONMENTAL_INCIDENT,PARTIAL,Tjörns kommun,PUBLIC_BODY,INCIDENT_REPORT,CONTAMINATED_LAND,MEDIUM,LOW,GENERIC,TIMELY,LOW,environmental consultants (contaminated land); analytical laboratories; remediation / excavation contractors; environmental law,DOCUMENT_WOULD_IMPROVE,NO,Rule-based. Operator self-report; corrective action usually already handled in-house or via existing service partner.
Västra Götaland,30989-2026,5569418,2026-07-24,Handläggning,,"Klagomål på återkommande utsläpp av förorenat vatten, Rönnängs avloppsreningsverk, Ängholmen, Tjörns kommun",Tjörn,30989-2026-4,,2026-07-29,Begäran om komplettering,Tjörns kommun,ENVIRONMENTAL_INCIDENT,PARTIAL,Tjörns kommun,PUBLIC_BODY,INFORMATION_REQUEST,CONTAMINATED_LAND,MEDIUM,LOW,GENERIC,TIMELY,LOW,environmental consultants (contaminated land); analytical laboratories; remediation / excavation contractors; environmental law,DOCUMENT_REQUIRED,NO,Rule-based. Request for supplementary information; content unknown.
Västra Götaland,30989-2026,5569418,2026-07-24,Handläggning,,"Klagomål på återkommande utsläpp av förorenat vatten, Rönnängs avloppsreningsverk, Ängholmen, Tjörns kommun",Tjörn,30989-2026-5,,2026-07-30,Komplettering av driftstörning och åtgärder,Tjörns kommun,ENVIRONMENTAL_INCIDENT,PARTIAL,Tjörns kommun,PUBLIC_BODY,INCIDENT_REPORT,CONTAMINATED_LAND,MEDIUM,LOW,GENERIC,TIMELY,LOW,environmental consultants (contaminated land); analytical laboratories; remediation / excavation contractors; environmental law,DOCUMENT_WOULD_IMPROVE,NO,Rule-based. Operator self-report; corrective action usually already handled in-house or via existing service partner.
Västra Götaland,30989-2026,5569418,2026-07-24,Handläggning,,"Klagomål på återkommande utsläpp av förorenat vatten, Rönnängs avloppsreningsverk, Ängholmen, Tjörns kommun",Tjörn,30989-2026-6,,2026-08-19,Komplettering av driftstörning,Personuppgift,ENVIRONMENTAL_INCIDENT,PARTIAL,Tjörns kommun,PUBLIC_BODY,INCIDENT_REPORT,CONTAMINATED_LAND,MEDIUM,LOW,GENERIC,TIMELY,LOW,environmental consultants (contaminated land); analytical laboratories; remediation / excavation contractors; environmental law,DOCUMENT_WOULD_IMPROVE,NO,Rule-based. Operator self-report; corrective action usually already handled in-house or via existing service partner.
Västra Götaland,31723-2026,5573454,2026-08-03,Handläggning,,"Klagomål på lukt vid Rönnängs avloppsreningsverk, Ängholmen, Tjörns kommun",Tjörn,31723-2026-1,,2026-08-03,"Klagomål på lukt vid Rönnängs avloppsreningsverk, Ängholmen, Tjörns kommun",Personuppgift,COMPLAINT,PARTIAL,Tjörns kommun,PUBLIC_BODY,COMPLAINT_RECEIVED,AIR_EMISSIONS,LOW,LOW,SPECIFIC,EARLY,LOW,emission measurement firms (accredited); flue-gas treatment & filter suppliers; process consultants,DOCUMENT_WOULD_IMPROVE,NO,Rule-based. Complaint entry; only becomes a purchase if Länsstyrelsen demands measurements or measures.
Västra Götaland,31723-2026,5573454,2026-08-03,Handläggning,,"Klagomål på lukt vid Rönnängs avloppsreningsverk, Ängholmen, Tjörns kommun",Tjörn,31723-2026-2,,2026-08-04,"Begäran om komplettering, återkoppling",Personuppgift,COMPLAINT,PARTIAL,Tjörns kommun,PUBLIC_BODY,INFORMATION_REQUEST,AIR_EMISSIONS,MEDIUM,LOW,GENERIC,TIMELY,LOW,emission measurement firms (accredited); flue-gas treatment & filter suppliers; process consultants,DOCUMENT_REQUIRED,NO,Rule-based. Request for supplementary information; content unknown.
Västra Götaland,31723-2026,5573454,2026-08-03,Handläggning,,"Klagomål på lukt vid Rönnängs avloppsreningsverk, Ängholmen, Tjörns kommun",Tjörn,31723-2026-3,,2026-08-14,Meddelande om ytterligare klagomål,Tjörns kommun,COMPLAINT,PARTIAL,Tjörns kommun,PUBLIC_BODY,COMPLAINT_RECEIVED,AIR_EMISSIONS,LOW,LOW,GENERIC,EARLY,LOW,emission measurement firms (accredited); flue-gas treatment & filter suppliers; process consultants,DOCUMENT_WOULD_IMPROVE,NO,Rule-based. Complaint entry; only becomes a purchase if Länsstyrelsen demands measurements or measures.
Västra Götaland,31723-2026,5573454,2026-08-03,Handläggning,,"Klagomål på lukt vid Rönnängs avloppsreningsverk, Ängholmen, Tjörns kommun",Tjörn,31723-2026-4,,2026-08-14,Information om ytterligare klagomål,Personuppgift,COMPLAINT,PARTIAL,Tjörns kommun,PUBLIC_BODY,COMPLAINT_RECEIVED,AIR_EMISSIONS,LOW,LOW,GENERIC,EARLY,LOW,emission measurement firms (accredited); flue-gas treatment & filter suppliers; process consultants,DOCUMENT_WOULD_IMPROVE,NO,Rule-based. Complaint entry; only becomes a purchase if Länsstyrelsen demands measurements or measures.
Västra Götaland,31723-2026,5573454,2026-08-03,Handläggning,,"Klagomål på lukt vid Rönnängs avloppsreningsverk, Ängholmen, Tjörns kommun",Tjörn,31723-2026-6,,2026-08-21,"Tjänsteanteckning vid samtal, klagomål",Personuppgift,COMPLAINT,PARTIAL,Tjörns kommun,PUBLIC_BODY,COMPLAINT_RECEIVED,AIR_EMISSIONS,LOW,LOW,GENERIC,EARLY,LOW,emission measurement firms (accredited); flue-gas treatment & filter suppliers; process consultants,DOCUMENT_WOULD_IMPROVE,NO,Rule-based. Complaint entry; only becomes a purchase if Länsstyrelsen demands measurements or measures.
Västra Götaland,31723-2026,5573454,2026-08-03,Handläggning,,"Klagomål på lukt vid Rönnängs avloppsreningsverk, Ängholmen, Tjörns kommun",Tjörn,31723-2026-10,,2026-08-26,Klagomål på lukt,Tjörns kommun,COMPLAINT,PARTIAL,Tjörns kommun,PUBLIC_BODY,COMPLAINT_RECEIVED,AIR_EMISSIONS,LOW,LOW,SPECIFIC,EARLY,LOW,emission measurement firms (accredited); flue-gas treatment & filter suppliers; process consultants,DOCUMENT_WOULD_IMPROVE,NO,Rule-based. Complaint entry; only becomes a purchase if Länsstyrelsen demands measurements or measures.
Västra Götaland,31723-2026,5573454,2026-08-03,Handläggning,,"Klagomål på lukt vid Rönnängs avloppsreningsverk, Ängholmen, Tjörns kommun",Tjörn,31723-2026-12,,2026-08-28,"Begäran om komplettering, uppgifter till ärendet",Personuppgift,COMPLAINT,PARTIAL,Tjörns kommun,PUBLIC_BODY,INFORMATION_REQUEST,AIR_EMISSIONS,MEDIUM,LOW,GENERIC,TIMELY,LOW,emission measurement firms (accredited); flue-gas treatment & filter suppliers; process consultants,DOCUMENT_REQUIRED,NO,Rule-based. Request for supplementary information; content unknown.
Västra Götaland,31723-2026,5573454,2026-08-03,Handläggning,,"Klagomål på lukt vid Rönnängs avloppsreningsverk, Ängholmen, Tjörns kommun",Tjörn,31723-2026-13,,2026-09-09,Klagomål på lukt vid Rönnängs avloppsreningsverk Ängholmen,Personuppgift,COMPLAINT,PARTIAL,Tjörns kommun,PUBLIC_BODY,COMPLAINT_RECEIVED,AIR_EMISSIONS,LOW,LOW,SPECIFIC,EARLY,LOW,emission measurement firms (accredited); flue-gas treatment & filter suppliers; process consultants,DOCUMENT_WOULD_IMPROVE,NO,Rule-based. Complaint entry; only becomes a purchase if Länsstyrelsen demands measurements or measures.
Västra Götaland,31723-2026,5573454,2026-08-03,Handläggning,,"Klagomål på lukt vid Rönnängs avloppsreningsverk, Ängholmen, Tjörns kommun",Tjörn,31723-2026-14,,2026-09-22,Information om uppfyllt föreläggande,Tjörns kommun,COMPLAINT,PARTIAL,Tjörns kommun,PUBLIC_BODY,ENFORCEMENT_ORDER,AIR_EMISSIONS,HIGH,LOW,SPECIFIC,TIMELY,LOW,emission measurement firms (accredited); flue-gas treatment & filter suppliers; process consultants,METADATA_SUFFICIENT,NO,Reviewed. Municipality reports that an order has been fulfilled; no remaining purchase.
Västra Götaland,32543-2026,5579229,2026-07-09,Handläggning,,"Anmälan om avhjälpandeåtgärder, Pilotförsök precisionsapplicering av TST på lösa sediment i Viskan, Borås kommun",Borås,32543-2026-2,,2026-07-09,"Information om Provtagningsplan Pilotprojekt tunnskiktstäckning bottenfauna Viskan RAM 2025-00004IN, Borås kommun",Borås Stad,CONTAMINATED_SITE_SUPERVISION,YES,Borås Stad,PUBLIC_BODY,CONTROL_PROGRAMME,CONTAMINATED_LAND,MEDIUM,MEDIUM,SPECIFIC,LATE,LOW,environmental consultants (contaminated land); analytical laboratories; remediation / excavation contractors; environmental law,DOCUMENT_WOULD_IMPROVE,NO,"Rule-based. Control-programme proposal submitted by operator, typically already prepared with consultant."
Västra Götaland,33332-2026,5584449,2026-08-19,Avslutat,2026-09-07,"Förslag till kontrollprogram för dioxiner vid Arctic Paper Munkedals AB, Munkedals kommun",Munkedal,33332-2026-1,,2026-08-19,"Förslag till kontrollprogram för dioxiner vid Arctic Paper Munkedals AB, Munkedals kommun",Arctic Paper Munkedals AB,DIRECT_SUPERVISION,YES,Arctic Paper Munkedals AB,COMPANY,CONTROL_PROGRAMME,AIR_EMISSIONS,MEDIUM,MEDIUM,SPECIFIC,LATE,LOW,emission measurement firms (accredited); flue-gas treatment & filter suppliers; process consultants,DOCUMENT_WOULD_IMPROVE,NO,"Rule-based. Control-programme proposal submitted by operator, typically already prepared with consultant."
Västra Götaland,33332-2026,5584449,2026-08-19,Avslutat,2026-09-07,"Förslag till kontrollprogram för dioxiner vid Arctic Paper Munkedals AB, Munkedals kommun",Munkedal,33332-2026-4,,2026-09-07,Meddelande om bedömning av förslag till revidering av kontrollprogram,Personuppgift,DIRECT_SUPERVISION,YES,Arctic Paper Munkedals AB,COMPANY,CONTROL_PROGRAMME,AIR_EMISSIONS,MEDIUM,MEDIUM,SPECIFIC,LATE,LOW,emission measurement firms (accredited); flue-gas treatment & filter suppliers; process consultants,DOCUMENT_WOULD_IMPROVE,NO,"Rule-based. Control-programme proposal submitted by operator, typically already prepared with consultant."
Västra Götaland,33332-2026,5584449,2026-08-19,Avslutat,2026-09-07,"Förslag till kontrollprogram för dioxiner vid Arctic Paper Munkedals AB, Munkedals kommun",Munkedal,33332-2026-5,,2026-09-07,Meddelande om bedömning av förslag till revidering av kontrollprogram skickat på mail,Personuppgift,DIRECT_SUPERVISION,YES,Arctic Paper Munkedals AB,COMPANY,CONTROL_PROGRAMME,AIR_EMISSIONS,MEDIUM,MEDIUM,SPECIFIC,LATE,LOW,emission measurement firms (accredited); flue-gas treatment & filter suppliers; process consultants,DOCUMENT_WOULD_IMPROVE,NO,"Rule-based. Control-programme proposal submitted by operator, typically already prepared with consultant."
Västra Götaland,33561-2026,5585985,2026-08-21,Handläggning,,"Klagomål på lukt från Ellös reningsverk, Orust kommun",Handlingar,33561-2026-1,,2026-08-21,Klagomål på lukt från Ellös reningsverk,Personuppgift,COMPLAINT,PARTIAL,"Orust kommun, teknisk förvaltning",PUBLIC_BODY,COMPLAINT_RECEIVED,AIR_EMISSIONS,LOW,LOW,SPECIFIC,EARLY,LOW,emission measurement firms (accredited); flue-gas treatment & filter suppliers; process consultants,DOCUMENT_WOULD_IMPROVE,NO,Rule-based. Complaint entry; only becomes a purchase if Länsstyrelsen demands measurements or measures.
Västra Götaland,33726-2026,5587496,2026-08-23,Handläggning,,Begäran om föreläggande till Swedavia,Handlingar,33726-2026-1,,2026-08-23,Begäran om föreläggande till Swedavia,Personuppgift,DIRECT_SUPERVISION,YES,Göteborg Landvetter Airport,ORG_NAMED,INFORMATION_REQUEST,UNKNOWN,MEDIUM,LOW,GENERIC,TIMELY,LOW,-,DOCUMENT_REQUIRED,NO,Rule-based. Request for supplementary information; content unknown.
Västra Götaland,33726-2026,5587496,2026-08-23,Handläggning,,Begäran om föreläggande till Swedavia,Handlingar,33726-2026-2,,2026-08-26,Begäran om yttrande i ärende 575-33726-2026,Personuppgift,DIRECT_SUPERVISION,YES,Göteborg Landvetter Airport,ORG_NAMED,INFORMATION_REQUEST,UNKNOWN,MEDIUM,LOW,GENERIC,TIMELY,LOW,-,DOCUMENT_REQUIRED,NO,Rule-based. Request for supplementary information; content unknown.
Västra Götaland,33726-2026,5587496,2026-08-23,Handläggning,,Begäran om föreläggande till Swedavia,Handlingar,33726-2026-4,,2026-09-04,För kännedom och eventuellt yttrande i ärende 575-33726-2026,Personuppgift,DIRECT_SUPERVISION,YES,Göteborg Landvetter Airport,ORG_NAMED,CONSULTATION_WITH_PARTY,UNKNOWN,LOW,LOW,GENERIC,TIMELY,LOW,-,DOCUMENT_REQUIRED,NO,"Rule-based classification, not individually reviewed."
Västra Götaland,34425-2026,5592375,2026-08-28,Handläggning,,"Förslag till kontrollprogram för Energihamnen, Göteborgs kommun",Göteborg,34425-2026-1,,2026-08-28,"Förslag till kontrollprogram för Energihamnen, Göteborgs kommun",Göteborgs Hamn AB,DIRECT_SUPERVISION,YES,Göteborgs Hamn AB,COMPANY,CONTROL_PROGRAMME,MONITORING_CONTROL,MEDIUM,MEDIUM,SPECIFIC,LATE,LOW,environmental consultants (monitoring programmes); accredited sampling / measurement firms; labs,DOCUMENT_WOULD_IMPROVE,NO,"Rule-based. Control-programme proposal submitted by operator, typically already prepared with consultant."
Västra Götaland,34476-2026,5592772,2026-08-31,Handläggning,,Planerat tillsynsbesök på Borealis Polyeten,Stenungsund,34476-2026-1,,2026-08-31,Förslag på agenda tillsynsbesök,Personuppgift,DIRECT_SUPERVISION,YES,Borealis AB,COMPANY,SUPERVISION_VISIT_SCHEDULED,GENERAL_SUPERVISION,LOW,LOW,GENERIC,EARLY,LOW,environmental consultants (compliance / egenkontroll); EHS software,DOCUMENT_WOULD_IMPROVE,NO,Rule-based. Planned visit; possible pre-visit compliance need but no concrete problem in metadata.
Västra Götaland,34682-2026,5594231,2026-08-31,Handläggning,,"Förslag till kontrollprogram för deponier vid f.d. Fåglaviks glasbruk, Herrljunga kommun",Herrljunga,34682-2026-1,,2026-08-31,"Förslag till kontrollprogram för deponier vid f.d. Fåglaviks glasbruk, Herrljunga kommun",Herrljunga kommun,DIRECT_SUPERVISION,YES,Herrljunga kommun,PUBLIC_BODY,CONTROL_PROGRAMME,CONTAMINATED_LAND,MEDIUM,MEDIUM,SPECIFIC,LATE,LOW,environmental consultants (contaminated land); analytical laboratories; remediation / excavation contractors; environmental law,DOCUMENT_WOULD_IMPROVE,NO,"Rule-based. Control-programme proposal submitted by operator, typically already prepared with consultant."
Västra Götaland,34799-2026,5594827,2026-09-01,Handläggning,,"Planerad tillsyn IED 2026, Nynas Raffinaderi",Göteborg,34799-2026-1,,2026-09-01,"Planerad tillsyn IED 2026, Nynas Raffinaderi",Nynas Raffinaderi,DIRECT_SUPERVISION,YES,Nynas Raffinaderi,ORG_NAMED,SUPERVISION_VISIT_SCHEDULED,GENERAL_SUPERVISION,LOW,LOW,GENERIC,EARLY,LOW,environmental consultants (compliance / egenkontroll); EHS software,DOCUMENT_WOULD_IMPROVE,NO,Rule-based. Planned visit; possible pre-visit compliance need but no concrete problem in metadata.
Västra Götaland,35453-2026,5599401,2026-09-04,Handläggning,,Ansökan om medel för verifierande PFAS och Sedimentprovtagning,Handlingar,35453-2026-2,,2026-09-04,Ansökan om medel för verifierande PFAS och Sedimentprovtagning,Naturvårdsverket,CONTAMINATED_SITE_SUPERVISION,YES,,NONE,STATE_FUNDED_SAMPLING,CONTAMINATED_LAND_PFAS,LOW,LOW,SPECIFIC,LATE,LOW,environmental consultants (contaminated land / PFAS investigation); analytical laboratories; remediation contractors,METADATA_SUFFICIENT,NO,Rule-based. State-funded PFAS/sediment sampling procured by Länsstyrelsen; landowner is not the buyer.
Västra Götaland,35701-2026,5601008,2026-09-04,Handläggning,,"Förslag till kontrollprogram för Riskullaverket, Mölndals kommun",Mölndal,35701-2026-1,,2026-09-04,"Förslag till kontrollprogram för Riskullaverket, Mölndals kommun",Mölndal Energi AB,DIRECT_SUPERVISION,YES,Mölndal Energi AB,COMPANY,CONTROL_PROGRAMME,MONITORING_CONTROL,MEDIUM,MEDIUM,SPECIFIC,LATE,LOW,environmental consultants (monitoring programmes); accredited sampling / measurement firms; labs,DOCUMENT_WOULD_IMPROVE,NO,"Rule-based. Control-programme proposal submitted by operator, typically already prepared with consultant."
Västra Götaland,36849-2026,5608002,2026-09-09,Handläggning,,Klagomål på damm från Vargön Alloys AB,Vänersborg,36849-2026-1,,2026-09-09,Klagomål på damm från Vargön Alloys AB,Personuppgift,COMPLAINT,PARTIAL,Vargön Alloys AB,COMPANY,COMPLAINT_RECEIVED,WATER_ACTIVITY,LOW,LOW,SPECIFIC,EARLY,LOW,hydrogeology / water consultants; dam safety consultants; environmental law,DOCUMENT_WOULD_IMPROVE,NO,Rule-based. Complaint entry; only becomes a purchase if Länsstyrelsen demands measurements or measures.
Västra Götaland,37320-2026,5611186,2026-09-14,Handläggning,,"Anmälan om driftstörning, läckage, 2026-09-14, Göteborgs kommun",Göteborg,37320-2026-2,,2026-09-14,Begäran om komplettering,Personuppgift,ENVIRONMENTAL_INCIDENT,PARTIAL,Gryaab AB,COMPANY,INFORMATION_REQUEST,SPILL_LEAK,MEDIUM,LOW,GENERIC,TIMELY,LOW,spill response & remediation contractors; containment equipment; environmental consultants,DOCUMENT_REQUIRED,NO,Rule-based. Request for supplementary information; content unknown.
Västra Götaland,37321-2026,5611191,2026-09-14,Handläggning,,"Begäran om ändring av försiktighetsmått i föreläggande avseende installation av gasmotor på Arvidstorps avloppsreningsverk, Trollhättans kommun",Trollhättan,37321-2026-1,,2026-09-14,"Begäran om ändring av försiktighetsmått i föreläggande avseende installation av gasmotor på Arvidstorps avloppsreningsverk, Trollhättans kommun",Trollhättan Energi AB,DIRECT_SUPERVISION,YES,Trollhättan Energi AB,COMPANY,INFORMATION_REQUEST,WASTEWATER,MEDIUM,LOW,GENERIC,TIMELY,LOW,"process/VA engineering consultants; treatment equipment & service (pumps, scrapers, dosing); sampling labs",DOCUMENT_REQUIRED,NO,Rule-based. Request for supplementary information; content unknown.
Västra Götaland,37365-2026,5611463,2026-09-14,Handläggning,,"Ansökan om bidrag till efterbehandling av föroreningsskador, Älmestads sågverk, Ulricehamns kommun",Ulricehamn,37365-2026-2,,2026-09-17,Begäran om komplettering,Personuppgift,CONTAMINATED_SITE_SUPERVISION,YES,Ulricehamns kommun,PUBLIC_BODY,INFORMATION_REQUEST,CONTAMINATED_LAND,MEDIUM,LOW,GENERIC,TIMELY,LOW,environmental consultants (contaminated land); analytical laboratories; remediation / excavation contractors; environmental law,DOCUMENT_REQUIRED,NO,Rule-based. Request for supplementary information; content unknown.
Västra Götaland,38081-2026,5615734,2026-09-17,Handläggning,,"Förslag till kontrollprogram, Borealis Krackeranläggning, Stenungsunds kommun",Stenungsund,38081-2026-1,,2026-09-17,"Förslag till kontrollprogram, Borealis Krackeranläggning, Stenungsunds kommun",Borealis AB,DIRECT_SUPERVISION,YES,Borealis AB,COMPANY,CONTROL_PROGRAMME,MONITORING_CONTROL,MEDIUM,MEDIUM,SPECIFIC,LATE,LOW,environmental consultants (monitoring programmes); accredited sampling / measurement firms; labs,DOCUMENT_WOULD_IMPROVE,NO,"Rule-based. Control-programme proposal submitted by operator, typically already prepared with consultant."
Västra Götaland,38575-2026,5618771,2026-09-21,Handläggning,,Handlingsprogram för Sevesoverksamheten vid Gunnar Dafgård AB i Götene kommun,Götene,38575-2026-1,,2026-09-21,Handlingsprogram för Sevesoverksamheten vid Gunnar Dafgård AB i Götene kommun,Personuppgift,DIRECT_SUPERVISION,YES,Gunnar Dafgård AB,COMPANY,SEVESO_DOCUMENT,CHEMICALS_SEVESO,MEDIUM,LOW,SPECIFIC,LATE,LOW,Seveso / process-safety consultants; chemical storage & containment suppliers; fire protection,DOCUMENT_WOULD_IMPROVE,NO,Rule-based. Seveso programme submitted for review; already produced.
Västra Götaland,38575-2026,5618771,2026-09-21,Handläggning,,Handlingsprogram för Sevesoverksamheten vid Gunnar Dafgård AB i Götene kommun,Götene,38575-2026-2,,2026-09-21,Begäran om yttrande handlingsprogram Gunnar Dafgård_ dnr 38575-2026,Räddningstjänsten mellersta Skaraborg,DIRECT_SUPERVISION,YES,Gunnar Dafgård AB,COMPANY,INFORMATION_REQUEST,CHEMICALS_SEVESO,MEDIUM,LOW,GENERIC,TIMELY,LOW,Seveso / process-safety consultants; chemical storage & containment suppliers; fire protection,DOCUMENT_REQUIRED,NO,Rule-based. Request for supplementary information; content unknown.
Västra Götaland,38666-2026,5619413,2026-09-21,Handläggning,,Handlingsprogram för Sevesoverksamheten vid Edet bruk i Lilla Edets kommun,Lilla Edet,38666-2026-1,,2026-09-21,Handlingsprogram för Sevesoverksamheten vid Edet bruk i Lilla Edets kommun,Essity Hygiene & Health AB,DIRECT_SUPERVISION,YES,Essity Hygiene & Health AB,COMPANY,SEVESO_DOCUMENT,CHEMICALS_SEVESO,MEDIUM,LOW,SPECIFIC,LATE,LOW,Seveso / process-safety consultants; chemical storage & containment suppliers; fire protection,DOCUMENT_WOULD_IMPROVE,NO,Rule-based. Seveso programme submitted for review; already produced.
Västra Götaland,39139-2026,5622806,2026-09-22,Handläggning,,Redovisning av resultatet från 2025 års inventering inom det biologiska kontrollprogrammet för Natura 2000-området Klasborgs och Våmbs ängar i Skövde kommun,Skövde,39139-2026-1,,2026-09-22,Redovisning av resultatet från 2025 års inventering inom det biologiska kontrollprogrammet för Natura 2000-området Klasborgs och Våmbs ängar i Skövde kommun,Heidelberg Materials Cement Sverige AB,DIRECT_SUPERVISION,YES,Heidelberg Materials Cement Sverige AB,COMPANY,CONTROL_PROGRAMME,NATURE_PROTECTION,MEDIUM,LOW,SPECIFIC,LATE,LOW,-,DOCUMENT_WOULD_IMPROVE,NO,"Rule-based. Control-programme proposal submitted by operator, typically already prepared with consultant."
Västra Götaland,39454-2026,5624553,2026-09-24,Avslutat,2026-09-24,"Planerat tillsynsbesök, Bouroge International, Polyeten",Handlingar,39454-2026-1,,2026-09-24,"Planerat tillsynsbesök, Bouroge International, Polyeten","Bouroge International, Borealis Polyeten",DIRECT_SUPERVISION,YES,"Bouroge International, Borealis Polyeten",ORG_NAMED,SUPERVISION_VISIT_SCHEDULED,GENERAL_SUPERVISION,LOW,LOW,GENERIC,EARLY,LOW,environmental consultants (compliance / egenkontroll); EHS software,DOCUMENT_WOULD_IMPROVE,NO,Rule-based. Planned visit; possible pre-visit compliance need but no concrete problem in metadata.
Västra Götaland,39590-2026,5625304,2026-09-24,Handläggning,,Planerad tillsyn av Trafikverket - Uppföljning av villkor 11,Handlingar,39590-2026-1,,2026-09-24,Uppföljning av villkor 11,Trafikverket,DIRECT_SUPERVISION,YES,Trafikverket,PUBLIC_BODY,PERMIT_CONDITION_FOLLOWUP,PERMIT_CONDITIONS,MEDIUM,LOW,SPECIFIC,TIMELY,LOW,environmental consultants (permits); environmental law,DOCUMENT_REQUIRED,NO,"Rule-based classification, not individually reviewed."
Östergötland,11954-2026,5553935,2026-07-02,Handläggning,,"Anmälan om ändring av Sevesoverksamhet, Trinseo Sverige AB",Norrköping,11954-2026-1,,2026-07-02,"Anmälan om ändring av Sevesoverksamhet, Trinseo Sverige AB",Personuppgift,DIRECT_SUPERVISION,YES,Trinseo Sverige AB,COMPANY,SEVESO_DOCUMENT,CHEMICALS_SEVESO,MEDIUM,LOW,SPECIFIC,LATE,LOW,Seveso / process-safety consultants; chemical storage & containment suppliers; fire protection,DOCUMENT_WOULD_IMPROVE,NO,Rule-based. Seveso programme submitted for review; already produced.
Östergötland,11954-2026,5553935,2026-07-02,Handläggning,,"Anmälan om ändring av Sevesoverksamhet, Trinseo Sverige AB",Norrköping,11954-2026-3,,2026-08-10,Begäran om komplettering,Personuppgift,DIRECT_SUPERVISION,YES,Trinseo Sverige AB,COMPANY,INFORMATION_REQUEST,CHEMICALS_SEVESO,MEDIUM,LOW,GENERIC,TIMELY,LOW,Seveso / process-safety consultants; chemical storage & containment suppliers; fire protection,DOCUMENT_REQUIRED,NO,Rule-based. Request for supplementary information; content unknown.
Östergötland,12643-2026,5567403,2026-07-22,Avslutat,2026-08-31,Planerat tillsynsbesök,Vadstena,12643-2026-1,,2026-07-22,Meddelande om tillsynsbesök,Personuppgift,DIRECT_SUPERVISION,YES,,NONE,SUPERVISION_VISIT_SCHEDULED,GENERAL_SUPERVISION,LOW,LOW,GENERIC,EARLY,LOW,environmental consultants (compliance / egenkontroll); EHS software,DOCUMENT_WOULD_IMPROVE,NO,Rule-based. Planned visit; possible pre-visit compliance need but no concrete problem in metadata.
Östergötland,13246-2026,5576737,2026-08-10,Handläggning,,"Planerad tillsyn enligt Sevesolagstiftningen, Swed Handling AB",Norrköping,13246-2026-5,,2026-08-28,Föreläggande om att lämna in uppgifter,Personuppgift,DIRECT_SUPERVISION,YES,Swed Handling AB,COMPANY,ENFORCEMENT_ORDER,CHEMICALS_SEVESO,HIGH,LOW,SPECIFIC,TIMELY,LOW,Seveso / process-safety consultants; chemical storage & containment suppliers; fire protection,METADATA_SUFFICIENT,NO,Reviewed. Order to submit information after Seveso inspection; response is in-house paperwork.
Östergötland,13249-2026,5576760,2026-08-10,Handläggning,,"Planerad tillsyn enligt miljöbalken, Stena Recycling AB",Mjölby,13249-2026-2,,2026-08-17,Meddelande om dagordning inför tillsyn enligt miljöbalken,Personuppgift,DIRECT_SUPERVISION,YES,Stena Recycling AB,COMPANY,SUPERVISION_VISIT_SCHEDULED,GENERAL_SUPERVISION,LOW,LOW,GENERIC,EARLY,LOW,environmental consultants (compliance / egenkontroll); EHS software,DOCUMENT_WOULD_IMPROVE,NO,Rule-based. Planned visit; possible pre-visit compliance need but no concrete problem in metadata.
Östergötland,13485-2026,5580747,2026-08-14,Handläggning,,"Förslag till kontrollprogram, Saab AB",Linköping,13485-2026-2,,2026-08-14,Förslag till kontrollprogram,Personuppgift,DIRECT_SUPERVISION,YES,Saab AB,COMPANY,CONTROL_PROGRAMME,MONITORING_CONTROL,MEDIUM,MEDIUM,SPECIFIC,LATE,LOW,environmental consultants (monitoring programmes); accredited sampling / measurement firms; labs,DOCUMENT_WOULD_IMPROVE,NO,"Rule-based. Control-programme proposal submitted by operator, typically already prepared with consultant."
Östergötland,13681-2026,5583787,2026-08-17,Avslutat,2026-08-25,"Förslag till kontrollprogram Meva Energy AB, Kinda kommun",Kinda,13681-2026-1,,2026-08-17,Förslag till kontrollprogram,Personuppgift,DIRECT_SUPERVISION,YES,Meva Energy AB,COMPANY,CONTROL_PROGRAMME,MONITORING_CONTROL,MEDIUM,MEDIUM,SPECIFIC,LATE,LOW,environmental consultants (monitoring programmes); accredited sampling / measurement firms; labs,DOCUMENT_WOULD_IMPROVE,NO,"Rule-based. Control-programme proposal submitted by operator, typically already prepared with consultant."
Östergötland,13718-2026,5584318,2026-08-20,Avslutat,2026-09-18,"Planerat tillsynsbesök på Slottshagens avloppsreningsverk, Norrköpings kommun",Handlingar,13718-2026-1,,2026-08-20,Meddelande om tillsynsbesök,Personuppgift,DIRECT_SUPERVISION,YES,,FACILITY_ONLY,SUPERVISION_VISIT_SCHEDULED,WASTEWATER,LOW,LOW,GENERIC,EARLY,LOW,"process/VA engineering consultants; treatment equipment & service (pumps, scrapers, dosing); sampling labs",DOCUMENT_WOULD_IMPROVE,NO,Rule-based. Planned visit; possible pre-visit compliance need but no concrete problem in metadata.
Östergötland,13799-2026,5585810,2026-08-21,Handläggning,,"Anmälan om driftsstörning vid Lantmännen Biorefineries AB, Misstänkt högt värde COD från reningsverk för processavloppsvatten, Norrköping kommun",Norrköping,13799-2026-1,,2026-08-21,"Anmälan om driftsstörning vid Lantmännen Biorefineries AB, Misstänkt högt värde COD från reningsverk för processavloppsvatten, Norrköping kommun",Personuppgift,ENVIRONMENTAL_INCIDENT,PARTIAL,Lantmännen Biorefineries AB,COMPANY,INCIDENT_REPORT,WASTEWATER,MEDIUM,LOW,SPECIFIC,TIMELY,LOW,"process/VA engineering consultants; treatment equipment & service (pumps, scrapers, dosing); sampling labs",DOCUMENT_WOULD_IMPROVE,NO,Rule-based. Operator self-report; corrective action usually already handled in-house or via existing service partner.
Östergötland,13799-2026,5585810,2026-08-21,Handläggning,,"Anmälan om driftsstörning vid Lantmännen Biorefineries AB, Misstänkt högt värde COD från reningsverk för processavloppsvatten, Norrköping kommun",Norrköping,13799-2026-2,,2026-09-21,Komplettering av driftsstörning,Personuppgift,ENVIRONMENTAL_INCIDENT,PARTIAL,Lantmännen Biorefineries AB,COMPANY,INCIDENT_REPORT,WASTEWATER,MEDIUM,LOW,GENERIC,TIMELY,LOW,"process/VA engineering consultants; treatment equipment & service (pumps, scrapers, dosing); sampling labs",DOCUMENT_WOULD_IMPROVE,NO,Rule-based. Operator self-report; corrective action usually already handled in-house or via existing service partner.
Östergötland,14148-2026,5591466,2026-08-28,Avslutat,2026-09-21,"Planerad tillsyn enligt miljöbalken, Lantmännen Biorefineries",Norrköping,14148-2026-2,,2026-09-01,Meddelande om dagordning inför tillsyn enligt miljöbalken,Personuppgift,DIRECT_SUPERVISION,YES,,NONE,SUPERVISION_VISIT_SCHEDULED,GENERAL_SUPERVISION,LOW,LOW,GENERIC,EARLY,LOW,environmental consultants (compliance / egenkontroll); EHS software,DOCUMENT_WOULD_IMPROVE,NO,Rule-based. Planned visit; possible pre-visit compliance need but no concrete problem in metadata.
Östergötland,14148-2026,5591466,2026-08-28,Avslutat,2026-09-21,"Planerad tillsyn enligt miljöbalken, Lantmännen Biorefineries",Norrköping,14148-2026-3,,2026-09-03,Meddelande om fråga om agenda för tillsynsbesök,Personuppgift,DIRECT_SUPERVISION,YES,,NONE,SUPERVISION_VISIT_SCHEDULED,GENERAL_SUPERVISION,LOW,LOW,GENERIC,EARLY,LOW,environmental consultants (compliance / egenkontroll); EHS software,DOCUMENT_WOULD_IMPROVE,NO,Rule-based. Planned visit; possible pre-visit compliance need but no concrete problem in metadata.
Östergötland,14148-2026,5591466,2026-08-28,Avslutat,2026-09-21,"Planerad tillsyn enligt miljöbalken, Lantmännen Biorefineries",Norrköping,14148-2026-4,,2026-09-04,Meddelande om utökad dagodning,Personuppgift,DIRECT_SUPERVISION,YES,,NONE,SUPERVISION_VISIT_SCHEDULED,GENERAL_SUPERVISION,LOW,LOW,GENERIC,EARLY,LOW,environmental consultants (compliance / egenkontroll); EHS software,DOCUMENT_WOULD_IMPROVE,NO,Rule-based. Planned visit; possible pre-visit compliance need but no concrete problem in metadata.
Östergötland,14329-2026,5593824,2026-08-28,Handläggning,,"Planerad tillsyn enligt miljöbalken, Vindkraft i Grevekulla AB",Ydre,14329-2026-2,,2026-09-01,Dagordning för tillsynsbesök,Personuppgift,DIRECT_SUPERVISION,YES,Grevekulla AB,COMPANY,SUPERVISION_VISIT_SCHEDULED,GENERAL_SUPERVISION,LOW,LOW,GENERIC,EARLY,LOW,environmental consultants (compliance / egenkontroll); EHS software,DOCUMENT_WOULD_IMPROVE,NO,Rule-based. Planned visit; possible pre-visit compliance need but no concrete problem in metadata.
Östergötland,14532-2026,5597390,2026-09-03,Handläggning,,"Planerad tillsyn enligt Miljöbalken, Navirum Energi",Norrköping,14532-2026-1,,2026-09-03,Meddelande om dagordning inför tillsyn enligt Miljöbalken,Personuppgift,DIRECT_SUPERVISION,YES,,NONE,SUPERVISION_VISIT_SCHEDULED,GENERAL_SUPERVISION,LOW,LOW,GENERIC,EARLY,LOW,environmental consultants (compliance / egenkontroll); EHS software,DOCUMENT_WOULD_IMPROVE,NO,Rule-based. Planned visit; possible pre-visit compliance need but no concrete problem in metadata.
Östergötland,14572-2026,5597940,2026-09-03,Handläggning,,Beställning av provtagning på ramavtal med nummer 577-5443-2024,Handlingar,14572-2026-1,,2026-09-03,"Beställning verifierande provtagning PFAS, 3 avrop: FÄ Södra, Norra och MKBV",Personuppgift,CONTAMINATED_SITE_SUPERVISION,YES,,NONE,STATE_FUNDED_SAMPLING,CONTAMINATED_LAND_PFAS,LOW,LOW,SPECIFIC,LATE,LOW,environmental consultants (contaminated land / PFAS investigation); analytical laboratories; remediation contractors,METADATA_SUFFICIENT,NO,Rule-based. State-funded PFAS/sediment sampling procured by Länsstyrelsen; landowner is not the buyer.
Östergötland,14742-2026,5600265,2026-09-07,Handläggning,,"Planerad tillsyn enligt miljöbalken, Bravikens pappersbruk",Norrköping,14742-2026-2,,2026-09-16,Meddelande om dagordning inför tillsyn enligt miljöbalken,Personuppgift,DIRECT_SUPERVISION,YES,,FACILITY_ONLY,SUPERVISION_VISIT_SCHEDULED,GENERAL_SUPERVISION,LOW,LOW,GENERIC,EARLY,LOW,environmental consultants (compliance / egenkontroll); EHS software,DOCUMENT_WOULD_IMPROVE,NO,Rule-based. Planned visit; possible pre-visit compliance need but no concrete problem in metadata.
Östergötland,14744-2026,5600269,2026-09-07,Handläggning,,"Planerad tillsyn enligt miljöbalken, Nordic Brass Gusum AB",Valdemarsvik,14744-2026-2,,2026-09-11,Meddelande om dagordning inför tillsyn enligt miljöbalken,Personuppgift,DIRECT_SUPERVISION,YES,Nordic Brass Gusum AB,COMPANY,SUPERVISION_VISIT_SCHEDULED,GENERAL_SUPERVISION,LOW,LOW,GENERIC,EARLY,LOW,environmental consultants (compliance / egenkontroll); EHS software,DOCUMENT_WOULD_IMPROVE,NO,Rule-based. Planned visit; possible pre-visit compliance need but no concrete problem in metadata.
Östergötland,14920-2026,5603145,2026-09-08,Handläggning,,Tillsyn enligt miljöbalken,Finspång,14920-2026-2,,2026-09-08,Meddelande om dagordning tillsynsbesök Finspångs värmeverk,Personuppgift,DIRECT_SUPERVISION,YES,,NONE,SUPERVISION_VISIT_SCHEDULED,GENERAL_SUPERVISION,LOW,LOW,GENERIC,EARLY,LOW,environmental consultants (compliance / egenkontroll); EHS software,DOCUMENT_WOULD_IMPROVE,NO,Rule-based. Planned visit; possible pre-visit compliance need but no concrete problem in metadata.
Östergötland,15128-2026,5606879,2026-09-11,Avslutat,2026-09-16,"Planerat tillsynsbesök på Hästakuten, Åtvidabergs kommun",Handlingar,15128-2026-1,,2026-09-11,"Planerat tillsynsbesök på Hästakuten, Åtvidabergs kommun",Personuppgift,DIRECT_SUPERVISION,YES,,FACILITY_ONLY,SUPERVISION_VISIT_SCHEDULED,GENERAL_SUPERVISION,LOW,LOW,GENERIC,EARLY,LOW,environmental consultants (compliance / egenkontroll); EHS software,DOCUMENT_WOULD_IMPROVE,NO,Rule-based. Planned visit; possible pre-visit compliance need but no concrete problem in metadata.
Östergötland,15186-2026,5608036,2026-09-11,Handläggning,,Planerad tillsyn enligt miljöbalken,Handlingar,15186-2026-1,,2026-09-11,Planerad tillsyn enligt miljöbalken,Personuppgift,DIRECT_SUPERVISION,YES,,NONE,SUPERVISION_VISIT_SCHEDULED,GENERAL_SUPERVISION,LOW,LOW,GENERIC,EARLY,LOW,environmental consultants (compliance / egenkontroll); EHS software,DOCUMENT_WOULD_IMPROVE,NO,Rule-based. Planned visit; possible pre-visit compliance need but no concrete problem in metadata.
Östergötland,15445-2026,5612342,2026-09-14,Handläggning,,Ansökan om statsbidrag för verifierande fältprovtagning för PFAS-förorenade och förorenade sedimentområden för budgetår 2027,Handlingar,15445-2026-1,,2026-09-14,Ansökan om statsbidrag för verifierande fältprovtagning för PFAS-förorenade och förorenade sedimentområden för budgetår 2027,Personuppgift,CONTAMINATED_SITE_SUPERVISION,YES,,NONE,STATE_FUNDED_SAMPLING,CONTAMINATED_LAND_PFAS,LOW,LOW,SPECIFIC,LATE,LOW,environmental consultants (contaminated land / PFAS investigation); analytical laboratories; remediation contractors,METADATA_SUFFICIENT,NO,Rule-based. State-funded PFAS/sediment sampling procured by Länsstyrelsen; landowner is not the buyer.
Östergötland,16063-2026,5622236,2026-08-31,Handläggning,,"Anmälan om driftstörning, brand i barkhög, Holmen Board and Paper AB",Norrköping,16063-2026-1,,2026-08-31,Underrättelse om driftstörning,Personuppgift,ENVIRONMENTAL_INCIDENT,PARTIAL,Paper AB,COMPANY,INCIDENT_REPORT,FIRE,MEDIUM,LOW,GENERIC,TIMELY,LOW,fire protection consultants & equipment; insurance-driven remediation,DOCUMENT_WOULD_IMPROVE,NO,Rule-based. Operator self-report; corrective action usually already handled in-house or via existing service partner.
Dalarna,7734-2026,5602720,2026-09-08,Handläggning,,Beslut om översiktlig miljöteknisk markundersökning,Handlingar,7734-2026-2,,2026-09-11,Föreläggande om översiktlig miljöteknisk markundersökning,Personuppgift,CONTAMINATED_SITE_SUPERVISION,YES,,NONE,ENFORCEMENT_ORDER,CONTAMINATED_LAND,HIGH,HIGH,SPECIFIC,TIMELY,UNKNOWN,environmental consultants (contaminated land); analytical laboratories; remediation / excavation contractors; environmental law,METADATA_SUFFICIENT,NO,"Rule-based classification, not individually reviewed."
Dalarna,8081-2026,5614888,2026-09-17,Handläggning,,"Anmälan om driftsstörning vid EcoDC Borlänge, överskridande länsvatten, Borlänge kommun",Borlänge,8081-2026-1,,2026-09-17,"Anmälan om driftsstörning vid EcoDC Borlänge, Överskridande länsvatten, Borlänge kommun",Personuppgift,ENVIRONMENTAL_INCIDENT,PARTIAL,,FACILITY_ONLY,INCIDENT_REPORT,STORMWATER_PROCESS_WATER,MEDIUM,MEDIUM,SPECIFIC,TIMELY,UNKNOWN,stormwater / water treatment consultants; oil separator & filtration suppliers; labs,DOCUMENT_WOULD_IMPROVE,NO,Rule-based. Operator self-report; corrective action usually already handled in-house or via existing service partner.
Halland,6406-2026,5609460,2026-09-13,Handläggning,,Meddelande om klagomål på lukt,Handlingar,6406-2026-2,,2026-09-18,Tjänsteanteckning om platsbesök,Länsstyrelsen i Hallands län,COMPLAINT,PARTIAL,,NONE,INSPECTION_REPORT,AIR_EMISSIONS,MEDIUM,MEDIUM,GENERIC,TIMELY,UNKNOWN,emission measurement firms (accredited); flue-gas treatment & filter suppliers; process consultants,DOCUMENT_REQUIRED,NO,"Rule-based. Inspection report content (deficiencies, demands) not visible in metadata; document required."
Jönköping,6383-2026,5589933,2026-08-26,Handläggning,,"Anmälan om avhjälpandeåtgärder enligt § 28 förordning 1998:899 (FMH) gällande fastighet, Nässjö kommun, EBH id 195205",Nässjö,6383-2026-1,,2026-08-26,"Anmälan om avhjälpandeåtgärder enligt § 28 förordning 1998:899 (FMH) gällande fastighet, Nässjö kommun, EBH id 195205",Personuppgift,CONTAMINATED_SITE_SUPERVISION,YES,,NONE,REMEDIATION_NOTIFIED,CONTAMINATED_LAND,HIGH,HIGH,SPECIFIC,LATE,UNKNOWN,environmental consultants (contaminated land); analytical laboratories; remediation / excavation contractors; environmental law,METADATA_SUFFICIENT,NO,Rule-based. 28 § remediation notification: consultant and contractor already engaged when notified.
Jönköping,6383-2026,5589933,2026-08-26,Handläggning,,"Anmälan om avhjälpandeåtgärder enligt § 28 förordning 1998:899 (FMH) gällande fastighet, Nässjö kommun, EBH id 195205",Nässjö,6383-2026-2,,2026-08-27,Begäran om yttrande,Personuppgift,CONTAMINATED_SITE_SUPERVISION,YES,,NONE,INFORMATION_REQUEST,CONTAMINATED_LAND,MEDIUM,LOW,GENERIC,LATE,UNKNOWN,environmental consultants (contaminated land); analytical laboratories; remediation / excavation contractors; environmental law,DOCUMENT_REQUIRED,NO,Rule-based. Request for supplementary information; content unknown.
Jönköping,6383-2026,5589933,2026-08-26,Handläggning,,"Anmälan om avhjälpandeåtgärder enligt § 28 förordning 1998:899 (FMH) gällande fastighet, Nässjö kommun, EBH id 195205",Nässjö,6383-2026-6,,2026-09-22,Begäran om komplettering av anmälan enligt 28 § i förordningen (1998:899) om miljöfarlig verksamhet och hälsoskydd,Personuppgift,CONTAMINATED_SITE_SUPERVISION,YES,,NONE,INFORMATION_REQUEST,CONTAMINATED_LAND,MEDIUM,LOW,GENERIC,LATE,UNKNOWN,environmental consultants (contaminated land); analytical laboratories; remediation / excavation contractors; environmental law,DOCUMENT_REQUIRED,NO,Rule-based. Request for supplementary information; content unknown.
Jönköping,6386-2026,5590186,2026-08-27,Handläggning,,"Anmälan om driftsstörning vid Flishults avfallsanläggning, Felaktig deponering, Vetlanda kommun",Vetlanda,6386-2026-1,,2026-08-27,"Anmälan om driftsstörning vid Flishults avfallsanläggning, Felaktig deponering, Vetlanda kommun",Personuppgift,ENVIRONMENTAL_INCIDENT,PARTIAL,,FACILITY_ONLY,INCIDENT_REPORT,WASTE,MEDIUM,LOW,SPECIFIC,TIMELY,UNKNOWN,waste management consultants; waste handling equipment; environmental law,DOCUMENT_WOULD_IMPROVE,NO,Rule-based. Operator self-report; corrective action usually already handled in-house or via existing service partner.
Jönköping,6400-2026,5590570,2026-08-27,Handläggning,,"Anmälan om driftsstörning vid Djupadal ARV, ökat fosfor utsläpp, Sävsjö kommun",Sävsjö,6400-2026-1,,2026-08-27,"Anmälan om driftsstörning vid Djupadal ARV, ökat fosfor utsläpp, Sävsjö kommun",Personuppgift,ENVIRONMENTAL_INCIDENT,PARTIAL,,FACILITY_ONLY,INCIDENT_REPORT,WASTEWATER,MEDIUM,MEDIUM,SPECIFIC,TIMELY,UNKNOWN,"process/VA engineering consultants; treatment equipment & service (pumps, scrapers, dosing); sampling labs",DOCUMENT_WOULD_IMPROVE,NO,Rule-based. Operator self-report; corrective action usually already handled in-house or via existing service partner.
Jönköping,6431-2026,5591716,2026-08-28,Handläggning,,"Anmälan om driftsstörning vid Flishults avfallsanläggning, Brand på ifa-deponin, Vetlanda kommun",Vetlanda,6431-2026-1,,2026-08-28,"Anmälan om driftsstörning vid Flishults avfallsanläggning, Brand på ifa-deponin, Vetlanda kommun",Personuppgift,ENVIRONMENTAL_INCIDENT,PARTIAL,,FACILITY_ONLY,INCIDENT_REPORT,FIRE,MEDIUM,MEDIUM,SPECIFIC,TIMELY,UNKNOWN,fire protection consultants & equipment; insurance-driven remediation,DOCUMENT_WOULD_IMPROVE,NO,Rule-based. Operator self-report; corrective action usually already handled in-house or via existing service partner.
Jönköping,6431-2026,5591716,2026-08-28,Handläggning,,"Anmälan om driftsstörning vid Flishults avfallsanläggning, Brand på ifa-deponin, Vetlanda kommun",Vetlanda,6431-2026-2,,2026-09-16,Begäran om komplettering,Personuppgift,ENVIRONMENTAL_INCIDENT,PARTIAL,,FACILITY_ONLY,INFORMATION_REQUEST,FIRE,MEDIUM,LOW,GENERIC,TIMELY,UNKNOWN,fire protection consultants & equipment; insurance-driven remediation,DOCUMENT_REQUIRED,NO,Rule-based. Request for supplementary information; content unknown.
Jönköping,6431-2026,5591716,2026-08-28,Handläggning,,"Anmälan om driftsstörning vid Flishults avfallsanläggning, Brand på ifa-deponin, Vetlanda kommun",Vetlanda,6431-2026-3,,2026-09-18,Komplettering av driftstörning,Personuppgift,ENVIRONMENTAL_INCIDENT,PARTIAL,,FACILITY_ONLY,INCIDENT_REPORT,FIRE,MEDIUM,LOW,GENERIC,TIMELY,UNKNOWN,fire protection consultants & equipment; insurance-driven remediation,DOCUMENT_WOULD_IMPROVE,NO,Rule-based. Operator self-report; corrective action usually already handled in-house or via existing service partner.
Jönköping,6435-2026,5591830,2026-08-27,Avslutat,2026-09-04,"Rapport efter tillsynsbesök, Vaggeryds kommun",Vaggeryd,6435-2026-2,,2026-09-04,Tillsynsrapport,Personuppgift,DIRECT_SUPERVISION,YES,,NONE,INSPECTION_REPORT,GENERAL_SUPERVISION,MEDIUM,MEDIUM,GENERIC,TIMELY,UNKNOWN,environmental consultants (compliance / egenkontroll); EHS software,DOCUMENT_REQUIRED,NO,"Rule-based. Inspection report content (deficiencies, demands) not visible in metadata; document required."
Jönköping,6436-2026,5591834,2026-08-27,Avslutat,2026-09-04,"Rapport efter tillsynsbesök, Vaggeryds kommun",Vaggeryd,6436-2026-2,,2026-09-04,Tillsynsrapport,Personuppgift,DIRECT_SUPERVISION,YES,,NONE,INSPECTION_REPORT,GENERAL_SUPERVISION,MEDIUM,MEDIUM,GENERIC,TIMELY,UNKNOWN,environmental consultants (compliance / egenkontroll); EHS software,DOCUMENT_REQUIRED,NO,"Rule-based. Inspection report content (deficiencies, demands) not visible in metadata; document required."
Jönköping,6462-2026,5593128,2026-08-31,Handläggning,,"Anmälan om driftsstörning vid Habo avloppsreningsverk, Bräddning inkommande, Habo kommun",Habo,6462-2026-1,,2026-08-31,"Anmälan om driftsstörning vid Habo avloppsreningsverk, Bräddning inkommande, Habo kommun",Personuppgift,ENVIRONMENTAL_INCIDENT,PARTIAL,,FACILITY_ONLY,INCIDENT_REPORT,WASTEWATER,MEDIUM,LOW,SPECIFIC,TIMELY,UNKNOWN,"process/VA engineering consultants; treatment equipment & service (pumps, scrapers, dosing); sampling labs",DOCUMENT_WOULD_IMPROVE,NO,Rule-based. Operator self-report; corrective action usually already handled in-house or via existing service partner.
Jönköping,6484-2026,5594006,2026-08-31,Handläggning,,Information om kontrollprogram för avloppsreningsverket i Gislaved,Gislaved,6484-2026-1,,2026-08-31,Information om kontrollprogram för avloppsreningsverket i Gislaved,Personuppgift,DIRECT_SUPERVISION,YES,,FACILITY_ONLY,CONTROL_PROGRAMME,WASTEWATER,MEDIUM,MEDIUM,SPECIFIC,LATE,UNKNOWN,"process/VA engineering consultants; treatment equipment & service (pumps, scrapers, dosing); sampling labs",DOCUMENT_WOULD_IMPROVE,NO,"Rule-based. Control-programme proposal submitted by operator, typically already prepared with consultant."
Jönköping,6485-2026,5594010,2026-08-31,Handläggning,,Information om kontrollprogram,Gislaved,6485-2026-1,,2026-08-31,Information om kontrollprogram,Personuppgift,DIRECT_SUPERVISION,YES,,NONE,CONTROL_PROGRAMME,MONITORING_CONTROL,MEDIUM,MEDIUM,SPECIFIC,LATE,UNKNOWN,environmental consultants (monitoring programmes); accredited sampling / measurement firms; labs,DOCUMENT_WOULD_IMPROVE,NO,"Rule-based. Control-programme proposal submitted by operator, typically already prepared with consultant."
Jönköping,7037-2026,5611432,2026-09-15,Avslutat,2026-09-21,"Underrättelse om tillsyn enligt miljöbalken, Aneby kommun",Handlingar,7037-2026-2,,2026-09-21,Underrättelse om brister i miljöbalkstillsynen,Personuppgift,DIRECT_SUPERVISION,YES,,NONE,INVESTIGATION_REQUIRED,GENERAL_SUPERVISION,HIGH,HIGH,SPECIFIC,EARLY,UNKNOWN,environmental consultants (compliance / egenkontroll); EHS software,METADATA_SUFFICIENT,NO,"Rule-based classification, not individually reviewed."
Skåne,23703-2026,5574546,2026-08-05,Avslutat,2026-09-08,Ansökan om undantag från krav på kontroll av avloppsvatten gällande felaktig provtagning,Bromölla,23703-2026-1,,2026-08-05,"Anmälan om driftstörning vid Bromölla avloppsreningsverk, Omanalys av COD-Cr, fosfor, kväve, nitratkväve och ammoniumkväve bekräftar inom mätosäkerheten de ursprungliga resultaten",Personuppgift,CONTAMINATED_SITE_SUPERVISION,YES,,NONE,INCIDENT_REPORT,WASTEWATER,MEDIUM,LOW,SPECIFIC,TIMELY,UNKNOWN,"process/VA engineering consultants; treatment equipment & service (pumps, scrapers, dosing); sampling labs",DOCUMENT_WOULD_IMPROVE,NO,Rule-based. Operator self-report; corrective action usually already handled in-house or via existing service partner.
Skåne,24835-2026,5585155,2026-08-20,Avslutat,2026-08-25,"Planerat tillsynsbesök på Blackatorpamossen, Osby kommun",Handlingar,24835-2026-2,,2026-08-25,Tillsynsrapport efter tillsynsbesök den 2026-08-19,Personuppgift,DIRECT_SUPERVISION,YES,,FACILITY_ONLY,INSPECTION_REPORT,GENERAL_SUPERVISION,MEDIUM,MEDIUM,GENERIC,TIMELY,UNKNOWN,environmental consultants (compliance / egenkontroll); EHS software,DOCUMENT_REQUIRED,NO,"Rule-based. Inspection report content (deficiencies, demands) not visible in metadata; document required."
Skåne,24885-2026,5585668,2026-08-21,Avslutat,2026-09-18,"Planerat tillsynsbesök på Hagnarpsmossen, Hässleholm kommun",Hässleholm,24885-2026-2,,2026-09-18,Tillsynsrapport efter tillsynsbesök 2026-08-19,Personuppgift,DIRECT_SUPERVISION,YES,,FACILITY_ONLY,INSPECTION_REPORT,GENERAL_SUPERVISION,MEDIUM,MEDIUM,GENERIC,TIMELY,UNKNOWN,environmental consultants (compliance / egenkontroll); EHS software,DOCUMENT_REQUIRED,NO,"Rule-based. Inspection report content (deficiencies, demands) not visible in metadata; document required."
Skåne,25166-2026,5587895,2026-08-24,Avslutat,2026-08-25,"Förslag till kontrollprogram för Blackatorpamossen, Osby kommun",Handlingar,25166-2026-1,,2026-08-24,Förslag till kontrollprogram,Personuppgift,DIRECT_SUPERVISION,YES,,NONE,CONTROL_PROGRAMME,MONITORING_CONTROL,MEDIUM,MEDIUM,SPECIFIC,LATE,UNKNOWN,environmental consultants (monitoring programmes); accredited sampling / measurement firms; labs,DOCUMENT_WOULD_IMPROVE,NO,"Rule-based. Control-programme proposal submitted by operator, typically already prepared with consultant."
Skåne,25166-2026,5587895,2026-08-24,Avslutat,2026-08-25,"Förslag till kontrollprogram för Blackatorpamossen, Osby kommun",Handlingar,25166-2026-2,,2026-08-25,Beslut angående redovisat kontrollprogram Blackatorp,Personuppgift,DIRECT_SUPERVISION,YES,,NONE,CONTROL_PROGRAMME,MONITORING_CONTROL,MEDIUM,MEDIUM,SPECIFIC,LATE,UNKNOWN,environmental consultants (monitoring programmes); accredited sampling / measurement firms; labs,DOCUMENT_WOULD_IMPROVE,NO,"Rule-based. Control-programme proposal submitted by operator, typically already prepared with consultant."
Skåne,25444-2026,5591033,2026-08-27,Handläggning,,"Beslut om kompletterande bidrag till åtgärdsförberedelser, F d kemtvätt på Blekingegatan, Helsingborg",Handlingar,25444-2026-2,,2026-09-09,Beslut om bidrag 2026,SGU,DIRECT_SUPERVISION,YES,,FACILITY_ONLY,GRANT_APPLICATION,CONTAMINATED_LAND,LOW,MEDIUM,SPECIFIC,EARLY,UNKNOWN,environmental consultants (contaminated land); analytical laboratories; remediation / excavation contractors; environmental law,DOCUMENT_WOULD_IMPROVE,NO,Rule-based. Municipal grant application for contaminated-land work.
Skåne,27169-2026,5607046,2026-09-10,Handläggning,,Begäran om uppföljning av åtgärdsplan för växtskyddsmedel svar senast 2026-10-12,Handlingar,27169-2026-1,,2026-09-10,Begäran om uppföljning av åtgärdsplan för växtskyddsmedel svar senast 2026-10-12,Jordbruksverket,CONTAMINATED_SITE_SUPERVISION,YES,,NONE,INFORMATION_REQUEST,UNKNOWN,MEDIUM,MEDIUM,SPECIFIC,TIMELY,UNKNOWN,-,DOCUMENT_WOULD_IMPROVE,NO,Rule-based. Request for supplementary information; content unknown.
Skåne,28209-2026,5615341,2026-09-17,Handläggning,,"Planerad tillsyn rörande tolkning av villkor 10,12, 24 och U1 i nya tillståndet.",Eslöv,28209-2026-2,,2026-09-07,Angående Örtoftas tolkning av villkor 10 i nya tillståndet,Personuppgift,DIRECT_SUPERVISION,YES,,NONE,PERMIT_CONDITION_FOLLOWUP,PERMIT_CONDITIONS,MEDIUM,LOW,SPECIFIC,TIMELY,UNKNOWN,environmental consultants (permits); environmental law,DOCUMENT_REQUIRED,NO,"Rule-based classification, not individually reviewed."
Skåne,28209-2026,5615341,2026-09-17,Handläggning,,"Planerad tillsyn rörande tolkning av villkor 10,12, 24 och U1 i nya tillståndet.",Eslöv,28209-2026-3,,2026-09-09,Örtoftas tolkning av villkor i nytt miljötillstånd - komplettering.,Personuppgift,DIRECT_SUPERVISION,YES,,NONE,PERMIT_CONDITION_FOLLOWUP,PERMIT_CONDITIONS,MEDIUM,LOW,SPECIFIC,TIMELY,UNKNOWN,environmental consultants (permits); environmental law,DOCUMENT_REQUIRED,NO,"Rule-based classification, not individually reviewed."
Skåne,28209-2026,5615341,2026-09-17,Handläggning,,"Planerad tillsyn rörande tolkning av villkor 10,12, 24 och U1 i nya tillståndet.",Eslöv,28209-2026-5,,2026-09-16,Frågeställningar villkor 10 samt skissförslag för struktur till villkor 12,Personuppgift,DIRECT_SUPERVISION,YES,,NONE,PERMIT_CONDITION_FOLLOWUP,PERMIT_CONDITIONS,MEDIUM,LOW,SPECIFIC,TIMELY,UNKNOWN,environmental consultants (permits); environmental law,DOCUMENT_REQUIRED,NO,"Rule-based classification, not individually reviewed."
Skåne,29004-2026,5621342,2026-09-16,Handläggning,,Uppföljning av Sjöbo kommuns tillsyn enligt miljöbalken,Handlingar,29004-2026-2,,2026-09-22,Begäran om uppgift,Personuppgift,DIRECT_SUPERVISION,YES,,NONE,INFORMATION_REQUEST,MUNICIPAL_OVERSIGHT,MEDIUM,LOW,GENERIC,TIMELY,UNKNOWN,-,DOCUMENT_REQUIRED,NO,Rule-based. Request for supplementary information; content unknown.
Skåne,29009-2026,5621371,2026-09-16,Handläggning,,Uppföljning av Ystad-Österlenregionens miljöförbunds tillsyn enligt miljöbalken,Handlingar,29009-2026-2,,2026-09-22,Begäran om uppgift,Personuppgift,DIRECT_SUPERVISION,YES,,NONE,INFORMATION_REQUEST,MUNICIPAL_OVERSIGHT,MEDIUM,LOW,GENERIC,TIMELY,UNKNOWN,-,DOCUMENT_REQUIRED,NO,Rule-based. Request for supplementary information; content unknown.
Stockholm,39499-2026,5568329,2026-07-23,Handläggning,,"Anmälan om driftstörning vid Salmunge avfallsanläggning, Mindre incident med oljespill, Norrtälje kommun",Norrtälje,39499-2026-1,,2026-07-23,"Anmälan om driftstörning vid Salmunge avfallsanläggning, Mindre incident med oljespill, Norrtälje kommun",Personuppgift,ENVIRONMENTAL_INCIDENT,PARTIAL,,FACILITY_ONLY,INCIDENT_REPORT,SPILL_LEAK,MEDIUM,MEDIUM,SPECIFIC,TIMELY,UNKNOWN,spill response & remediation contractors; containment equipment; environmental consultants,DOCUMENT_WOULD_IMPROVE,NO,Rule-based. Operator self-report; corrective action usually already handled in-house or via existing service partner.
Stockholm,39696-2026,5569371,2026-07-27,Handläggning,,"Anmälan om driftstörning vid Ekebyhov ARV, Tömning av bassäng för inspektion av skrapspel, Ekerö kommun",Ekerö,39696-2026-2,,2026-07-31,Meddelande om driftstörning åtgärdad,Personuppgift,DIRECT_SUPERVISION,YES,,FACILITY_ONLY,INCIDENT_REPORT,WASTEWATER,MEDIUM,LOW,GENERIC,TIMELY,UNKNOWN,"process/VA engineering consultants; treatment equipment & service (pumps, scrapers, dosing); sampling labs",DOCUMENT_WOULD_IMPROVE,NO,Rule-based. Operator self-report; corrective action usually already handled in-house or via existing service partner.
Stockholm,43493-2026,5589653,2026-08-26,Handläggning,,"Utredning av PFAS - Verifierande provtagning 2026, Brukets skidbacke",Handlingar,43493-2026-3,,2026-09-17,Redovisning av provtagningsplan,Personuppgift,CONTAMINATED_SITE_SUPERVISION,YES,,NONE,CONTROL_PROGRAMME,CONTAMINATED_LAND_PFAS,MEDIUM,MEDIUM,SPECIFIC,LATE,UNKNOWN,environmental consultants (contaminated land / PFAS investigation); analytical laboratories; remediation contractors,DOCUMENT_WOULD_IMPROVE,NO,"Rule-based. Control-programme proposal submitted by operator, typically already prepared with consultant."
Stockholm,44292-2026,5593936,2026-08-31,Handläggning,,Förslag till uppdaterat kontrollprogram för Sturegallerian,Stockholm,44292-2026-1,,2026-08-31,Förslag till uppdaterat kontrollprogram för Sturegallerian,Sturegallerian AB: ombud: Sweco,DIRECT_SUPERVISION,YES,,NONE,CONTROL_PROGRAMME,MONITORING_CONTROL,MEDIUM,MEDIUM,SPECIFIC,LATE,UNKNOWN,environmental consultants (monitoring programmes); accredited sampling / measurement firms; labs,DOCUMENT_WOULD_IMPROVE,YES,"Rule-based. Control-programme proposal submitted by operator, typically already prepared with consultant."
Stockholm,44292-2026,5593936,2026-08-31,Handläggning,,Förslag till uppdaterat kontrollprogram för Sturegallerian,Stockholm,44292-2026-3,,2026-09-07,Meddelande om synpunkter på kontrollprogram,Sturegallerian AB: ombud: Sweco,DIRECT_SUPERVISION,YES,,NONE,CONTROL_PROGRAMME,MONITORING_CONTROL,MEDIUM,MEDIUM,SPECIFIC,LATE,UNKNOWN,environmental consultants (monitoring programmes); accredited sampling / measurement firms; labs,DOCUMENT_WOULD_IMPROVE,YES,"Rule-based. Control-programme proposal submitted by operator, typically already prepared with consultant."
Stockholm,46496-2026,5607643,2026-09-11,Handläggning,,"Beslut om föreläggande om framtagande av provtagningsplan, Turinge-Berga skrot, Nykvarns kommun",Handlingar,46496-2026-2,,2026-09-11,Meddelande om förslag till föreläggande om framtagande av provtagningsplan (1),Personuppgift,CONTAMINATED_SITE_SUPERVISION,YES,,NONE,ENFORCEMENT_ORDER_PROPOSED,WASTE,HIGH,HIGH,SPECIFIC,TIMELY,UNKNOWN,waste management consultants; waste handling equipment; environmental law,METADATA_SUFFICIENT,NO,"Rule-based classification, not individually reviewed."
Stockholm,46496-2026,5607643,2026-09-11,Handläggning,,"Beslut om föreläggande om framtagande av provtagningsplan, Turinge-Berga skrot, Nykvarns kommun",Handlingar,46496-2026-3,,2026-09-11,Meddelande om förslag till föreläggande om framtagande av provtagningsplan (2),Personuppgift,CONTAMINATED_SITE_SUPERVISION,YES,,NONE,ENFORCEMENT_ORDER_PROPOSED,WASTE,HIGH,HIGH,SPECIFIC,TIMELY,UNKNOWN,waste management consultants; waste handling equipment; environmental law,METADATA_SUFFICIENT,NO,"Rule-based classification, not individually reviewed."
Uppsala,6246-2026,5590534,2026-08-25,Handläggning,,Förslag till kontrollprogram,Handlingar,6246-2026-1,,2026-08-25,Förslag till kontrollprogram,Personuppgift,DIRECT_SUPERVISION,YES,,NONE,CONTROL_PROGRAMME,MONITORING_CONTROL,MEDIUM,MEDIUM,SPECIFIC,LATE,UNKNOWN,environmental consultants (monitoring programmes); accredited sampling / measurement firms; labs,DOCUMENT_WOULD_IMPROVE,NO,"Rule-based. Control-programme proposal submitted by operator, typically already prepared with consultant."
Uppsala,6246-2026,5590534,2026-08-25,Handläggning,,Förslag till kontrollprogram,Handlingar,6246-2026-2,,2026-08-27,Begäran om komplettering av kontrollprogram,Personuppgift,DIRECT_SUPERVISION,YES,,NONE,CONTROL_PROGRAMME,MONITORING_CONTROL,MEDIUM,MEDIUM,SPECIFIC,TIMELY,UNKNOWN,environmental consultants (monitoring programmes); accredited sampling / measurement firms; labs,DOCUMENT_WOULD_IMPROVE,NO,"Rule-based. Control-programme proposal submitted by operator, typically already prepared with consultant."
Uppsala,6246-2026,5590534,2026-08-25,Handläggning,,Förslag till kontrollprogram,Handlingar,6246-2026-3,,2026-09-07,Förslag till kontrollprogram (nytt),Personuppgift,DIRECT_SUPERVISION,YES,,NONE,CONTROL_PROGRAMME,MONITORING_CONTROL,MEDIUM,MEDIUM,SPECIFIC,LATE,UNKNOWN,environmental consultants (monitoring programmes); accredited sampling / measurement firms; labs,DOCUMENT_WOULD_IMPROVE,NO,"Rule-based. Control-programme proposal submitted by operator, typically already prepared with consultant."
Uppsala,6246-2026,5590534,2026-08-25,Handläggning,,Förslag till kontrollprogram,Handlingar,6246-2026-4,,2026-09-11,Begäran om yttrande,Personuppgift,DIRECT_SUPERVISION,YES,,NONE,INFORMATION_REQUEST,MONITORING_CONTROL,MEDIUM,LOW,GENERIC,TIMELY,UNKNOWN,environmental consultants (monitoring programmes); accredited sampling / measurement firms; labs,DOCUMENT_REQUIRED,NO,Rule-based. Request for supplementary information; content unknown.
Uppsala,6246-2026,5590534,2026-08-25,Handläggning,,Förslag till kontrollprogram,Handlingar,6246-2026-5,,2026-09-14,Yttrande över att kontrollprogrammet är nu justerat efter önskemål från UVA,Personuppgift,DIRECT_SUPERVISION,YES,,NONE,CONTROL_PROGRAMME,MONITORING_CONTROL,MEDIUM,MEDIUM,SPECIFIC,LATE,UNKNOWN,environmental consultants (monitoring programmes); accredited sampling / measurement firms; labs,DOCUMENT_WOULD_IMPROVE,NO,"Rule-based. Control-programme proposal submitted by operator, typically already prepared with consultant."
Uppsala,6301-2026,5592682,2026-08-13,Handläggning,,"Tillsyn över kommunal miljönämnd, Uppsala kommun",Handlingar,6301-2026-2,,2026-09-01,Begäran om uppgifter,"Uppsala kommun, Miljöförvaltningen",DIRECT_SUPERVISION,YES,,NONE,INFORMATION_REQUEST,MUNICIPAL_OVERSIGHT,MEDIUM,LOW,GENERIC,TIMELY,UNKNOWN,-,DOCUMENT_REQUIRED,NO,Rule-based. Request for supplementary information; content unknown.
Uppsala,6406-2026,5596363,2026-09-02,Handläggning,,Ansvarsutredningar för Sågdammsdeponin och Salabacketvätten Skomakargatan,Handlingar,6406-2026-4,,2026-09-11,Förfrågan om kostnader för genomförda utredningar vid Sågdammsdeponin inför skälighetsavvägning,Personuppgift,DIRECT_SUPERVISION,YES,,FACILITY_ONLY,INFORMATION_REQUEST,CONTAMINATED_LAND,MEDIUM,MEDIUM,SPECIFIC,TIMELY,UNKNOWN,environmental consultants (contaminated land); analytical laboratories; remediation / excavation contractors; environmental law,DOCUMENT_WOULD_IMPROVE,NO,Rule-based. Request for supplementary information; content unknown.
Uppsala,6406-2026,5596363,2026-09-02,Handläggning,,Ansvarsutredningar för Sågdammsdeponin och Salabacketvätten Skomakargatan,Handlingar,6406-2026-5,,2026-09-11,Förfrågan om kostnader för genomförda utredningar vid Sågdammsdeponin inför skälighetsavvägning,Personuppgift,DIRECT_SUPERVISION,YES,,FACILITY_ONLY,INFORMATION_REQUEST,CONTAMINATED_LAND,MEDIUM,MEDIUM,SPECIFIC,TIMELY,UNKNOWN,environmental consultants (contaminated land); analytical laboratories; remediation / excavation contractors; environmental law,DOCUMENT_WOULD_IMPROVE,NO,Rule-based. Request for supplementary information; content unknown.
Västernorrland,4894-2026,5555455,2026-07-06,Avslutat,2026-07-06,Tillsyn av Nybroprojektets arbete i och vid vatten,Handlingar,4894-2026-2,,2026-07-06,Nybron tillsyn 2026-06-25,Personuppgift,DIRECT_SUPERVISION,YES,,NONE,INSPECTION_REPORT,WATER_ACTIVITY,MEDIUM,MEDIUM,GENERIC,TIMELY,UNKNOWN,hydrogeology / water consultants; dam safety consultants; environmental law,DOCUMENT_REQUIRED,NO,"Rule-based. Inspection report content (deficiencies, demands) not visible in metadata; document required."
Västernorrland,4894-2026,5555455,2026-07-06,Avslutat,2026-07-06,Tillsyn av Nybroprojektets arbete i och vid vatten,Handlingar,4894-2026-3,,2026-07-06,Följebrev med tillsynsrapporten enligt sändlista,Personuppgift,DIRECT_SUPERVISION,YES,,NONE,INSPECTION_REPORT,WATER_ACTIVITY,MEDIUM,MEDIUM,GENERIC,TIMELY,UNKNOWN,hydrogeology / water consultants; dam safety consultants; environmental law,DOCUMENT_REQUIRED,NO,"Rule-based. Inspection report content (deficiencies, demands) not visible in metadata; document required."
Västernorrland,5206-2026,5565328,2026-07-17,Avslutat,2026-07-17,Tillsyn 2026-07-14 av genomfört trumbyte Masugnsbäcken,Handlingar,5206-2026-1,,2026-07-17,Tillsyn 2026-07-14 av genomfört trumbyte Masugnsbäcken,Personuppgift,DIRECT_SUPERVISION,YES,,NONE,INSPECTION_REPORT,GENERAL_SUPERVISION,MEDIUM,MEDIUM,GENERIC,TIMELY,UNKNOWN,environmental consultants (compliance / egenkontroll); EHS software,DOCUMENT_REQUIRED,NO,"Rule-based. Inspection report content (deficiencies, demands) not visible in metadata; document required."
Västernorrland,5303-2026,5570212,2026-07-28,Handläggning,,"Information om genomförandet av tillsynsvägledande och uppföljande Sevesomöte samt begäran om handlingar, inskickas senast 3 september 2026, MCF 2026-12236",Handlingar,5303-2026-1,,2026-07-28,"Information om genomförandet av tillsynsvägledande och uppföljande Sevesomöte samt begäran om handlingar, inskickas senast 3 september 2026, MCF 2026-12236",Myndigheten för civilt försvar MCF,DIRECT_SUPERVISION,YES,,NONE,SEVESO_DOCUMENT,CHEMICALS_SEVESO,MEDIUM,LOW,SPECIFIC,LATE,UNKNOWN,Seveso / process-safety consultants; chemical storage & containment suppliers; fire protection,DOCUMENT_WOULD_IMPROVE,NO,Rule-based. Seveso programme submitted for review; already produced.
Västernorrland,5303-2026,5570212,2026-07-28,Handläggning,,"Information om genomförandet av tillsynsvägledande och uppföljande Sevesomöte samt begäran om handlingar, inskickas senast 3 september 2026, MCF 2026-12236",Handlingar,5303-2026-3,,2026-09-02,Yttrande över Västernorrlands arbete med Sevesolagen,Myndigheten för civilt försvar MCF,DIRECT_SUPERVISION,YES,,NONE,SEVESO_DOCUMENT,CHEMICALS_SEVESO,MEDIUM,LOW,SPECIFIC,LATE,UNKNOWN,Seveso / process-safety consultants; chemical storage & containment suppliers; fire protection,DOCUMENT_WOULD_IMPROVE,NO,Rule-based. Seveso programme submitted for review; already produced.
Västernorrland,5303-2026,5570212,2026-07-28,Handläggning,,"Information om genomförandet av tillsynsvägledande och uppföljande Sevesomöte samt begäran om handlingar, inskickas senast 3 september 2026, MCF 2026-12236",Handlingar,5303-2026-4,,2026-09-10,Information om dagordning,Myndigheten för civilt försvar MCF,DIRECT_SUPERVISION,YES,,NONE,SUPERVISION_VISIT_SCHEDULED,CHEMICALS_SEVESO,LOW,MEDIUM,GENERIC,EARLY,UNKNOWN,Seveso / process-safety consultants; chemical storage & containment suppliers; fire protection,DOCUMENT_WOULD_IMPROVE,NO,Rule-based. Planned visit; possible pre-visit compliance need but no concrete problem in metadata.
Västernorrland,5326-2026,5571494,2026-07-30,Handläggning,,Anmälan om klagomål om buller gällande täktverksamhet Kittjärn,Handlingar,5326-2026-2,,2026-07-30,Begäran om yttrande över klagomål,Personuppgift,COMPLAINT,PARTIAL,,NONE,COMPLAINT_RECEIVED,NOISE,LOW,MEDIUM,GENERIC,EARLY,UNKNOWN,acoustic consultants; noise abatement suppliers,DOCUMENT_WOULD_IMPROVE,NO,Rule-based. Complaint entry; only becomes a purchase if Länsstyrelsen demands measurements or measures.
Västernorrland,5910-2026,5597285,2026-09-03,Handläggning,,Uppföljning och utvärdering över Kramfors kommuns tillsyn enligt miljöbalken,Handlingar,5910-2026-2,,2026-09-03,Begäran om handlingar samt datum för bokning av besök,Personuppgift,DIRECT_SUPERVISION,YES,,NONE,INFORMATION_REQUEST,MUNICIPAL_OVERSIGHT,MEDIUM,LOW,GENERIC,TIMELY,UNKNOWN,-,DOCUMENT_REQUIRED,NO,Rule-based. Request for supplementary information; content unknown.
Västernorrland,5955-2026,5599463,2026-09-02,Beslutat,2026-09-11,"§ 28 anmälan om efterbehandlingsåtgärder (pilotförsök) vid Sundsvall-Timrå Airport, Timrå kommun",Handlingar,5955-2026-1,,2026-09-02,"§ 28 anmälan om efterbehandlingsåtgärder (pilotförsök) vid Sundsvall-Timrå Airport, Timrå kommun",Sveriges geologiska undersökning SGU,CONTAMINATED_SITE_SUPERVISION,YES,,FACILITY_ONLY,REMEDIATION_NOTIFIED,CONTAMINATED_LAND,HIGH,HIGH,SPECIFIC,LATE,UNKNOWN,environmental consultants (contaminated land); analytical laboratories; remediation / excavation contractors; environmental law,METADATA_SUFFICIENT,NO,Rule-based. 28 § remediation notification: consultant and contractor already engaged when notified.
Västernorrland,5955-2026,5599463,2026-09-02,Beslutat,2026-09-11,"§ 28 anmälan om efterbehandlingsåtgärder (pilotförsök) vid Sundsvall-Timrå Airport, Timrå kommun",Handlingar,5955-2026-2,,2026-09-08,Begäran om komplettering,Sveriges geologiska undersökning SGU,CONTAMINATED_SITE_SUPERVISION,YES,,FACILITY_ONLY,INFORMATION_REQUEST,CONTAMINATED_LAND,MEDIUM,LOW,GENERIC,LATE,UNKNOWN,environmental consultants (contaminated land); analytical laboratories; remediation / excavation contractors; environmental law,DOCUMENT_REQUIRED,NO,Rule-based. Request for supplementary information; content unknown.
Västra Götaland,28499-2026,5552442,2026-07-02,Handläggning,,Ansökan till Naturvårdsverket om statligt stöd enligt förordningen (2004:100) om avhjälpande av föroreningsskador vid,Handlingar,28499-2026-1,,2026-07-02,Ansökan till NV om statligt stöd enligt förordningen (2022:98) om avhjälpande av föroreningsskador vid Älmestads sågverk,Personuppgift,CONTAMINATED_SITE_SUPERVISION,YES,,FACILITY_ONLY,GRANT_APPLICATION,CONTAMINATED_LAND,LOW,MEDIUM,SPECIFIC,EARLY,UNKNOWN,environmental consultants (contaminated land); analytical laboratories; remediation / excavation contractors; environmental law,DOCUMENT_WOULD_IMPROVE,NO,Rule-based. Municipal grant application for contaminated-land work.
Västra Götaland,29422-2026,5558529,2026-07-08,Handläggning,,Verifierande provtagning sediment objekt 8 - Simmatorpsdammen i Skara kommun,Handlingar,29422-2026-4,,2026-08-24,Förslag till provtagningsplan,Personuppgift,CONTAMINATED_SITE_SUPERVISION,YES,,NONE,CONTROL_PROGRAMME,MONITORING_CONTROL,MEDIUM,MEDIUM,SPECIFIC,LATE,UNKNOWN,environmental consultants (monitoring programmes); accredited sampling / measurement firms; labs,DOCUMENT_WOULD_IMPROVE,NO,"Rule-based. Control-programme proposal submitted by operator, typically already prepared with consultant."
Västra Götaland,29422-2026,5558529,2026-07-08,Handläggning,,Verifierande provtagning sediment objekt 8 - Simmatorpsdammen i Skara kommun,Handlingar,29422-2026-5,,2026-08-26,Meddelande om synpunkter på provtagningsplan,Personuppgift,CONTAMINATED_SITE_SUPERVISION,YES,,NONE,CONTROL_PROGRAMME,MONITORING_CONTROL,MEDIUM,MEDIUM,SPECIFIC,LATE,UNKNOWN,environmental consultants (monitoring programmes); accredited sampling / measurement firms; labs,DOCUMENT_WOULD_IMPROVE,NO,"Rule-based. Control-programme proposal submitted by operator, typically already prepared with consultant."
Västra Götaland,29422-2026,5558529,2026-07-08,Handläggning,,Verifierande provtagning sediment objekt 8 - Simmatorpsdammen i Skara kommun,Handlingar,29422-2026-7,,2026-09-07,Meddelande om provtagningsplan,Personuppgift,CONTAMINATED_SITE_SUPERVISION,YES,,NONE,CONTROL_PROGRAMME,MONITORING_CONTROL,MEDIUM,MEDIUM,SPECIFIC,LATE,UNKNOWN,environmental consultants (monitoring programmes); accredited sampling / measurement firms; labs,DOCUMENT_WOULD_IMPROVE,NO,"Rule-based. Control-programme proposal submitted by operator, typically already prepared with consultant."
Västra Götaland,29422-2026,5558529,2026-07-08,Handläggning,,Verifierande provtagning sediment objekt 8 - Simmatorpsdammen i Skara kommun,Handlingar,29422-2026-8,,2026-09-02,Meddelande om provtagningsplan,Personuppgift,CONTAMINATED_SITE_SUPERVISION,YES,,NONE,CONTROL_PROGRAMME,MONITORING_CONTROL,MEDIUM,MEDIUM,SPECIFIC,LATE,UNKNOWN,environmental consultants (monitoring programmes); accredited sampling / measurement firms; labs,DOCUMENT_WOULD_IMPROVE,NO,"Rule-based. Control-programme proposal submitted by operator, typically already prepared with consultant."
Västra Götaland,29427-2026,5558551,2026-07-08,Handläggning,,Verifierande provtagning sediment objekt 9 - Stora Valsjön i Karlsborgs kommun,Handlingar,29427-2026-3,,2026-07-13,Förslag till provtagningsplan - fastställd,Personuppgift,CONTAMINATED_SITE_SUPERVISION,YES,,NONE,CONTROL_PROGRAMME,MONITORING_CONTROL,MEDIUM,MEDIUM,SPECIFIC,LATE,UNKNOWN,environmental consultants (monitoring programmes); accredited sampling / measurement firms; labs,DOCUMENT_WOULD_IMPROVE,NO,"Rule-based. Control-programme proposal submitted by operator, typically already prepared with consultant."
Västra Götaland,29429-2026,5558559,2026-07-08,Handläggning,,Verifierande provtagning sediment objekt 10 - Vättern Breviken i Karlsborgs kommun,Handlingar,29429-2026-3,,2026-07-13,Förslag till provtagningsplan - fastställd,Personuppgift,CONTAMINATED_SITE_SUPERVISION,YES,,NONE,CONTROL_PROGRAMME,MONITORING_CONTROL,MEDIUM,MEDIUM,SPECIFIC,LATE,UNKNOWN,environmental consultants (monitoring programmes); accredited sampling / measurement firms; labs,DOCUMENT_WOULD_IMPROVE,NO,"Rule-based. Control-programme proposal submitted by operator, typically already prepared with consultant."
Västra Götaland,29533-2026,5559404,2026-07-09,Handläggning,,Verifierande provtagning sediment objekt 7 - Ryrsjön i Vänersborgs kommun,Handlingar,29533-2026-3,,2026-07-13,Förslag till provtagningsplan - fastställd,Personuppgift,CONTAMINATED_SITE_SUPERVISION,YES,,NONE,CONTROL_PROGRAMME,MONITORING_CONTROL,MEDIUM,MEDIUM,SPECIFIC,LATE,UNKNOWN,environmental consultants (monitoring programmes); accredited sampling / measurement firms; labs,DOCUMENT_WOULD_IMPROVE,NO,"Rule-based. Control-programme proposal submitted by operator, typically already prepared with consultant."
Västra Götaland,31946-2026,5574814,2026-08-05,Avslutat,2026-08-13,Anmälan om driftstörning vattenprovtagning ur funktion i huvudavloppet,Göteborg,31946-2026-1,,2026-08-05,Anmälan om driftstörning vattenprovtagning ur funktion i huvudavloppet,Personuppgift,CONTAMINATED_SITE_SUPERVISION,YES,,NONE,INCIDENT_REPORT,MONITORING_CONTROL,MEDIUM,MEDIUM,SPECIFIC,TIMELY,UNKNOWN,environmental consultants (monitoring programmes); accredited sampling / measurement firms; labs,DOCUMENT_WOULD_IMPROVE,NO,Rule-based. Operator self-report; corrective action usually already handled in-house or via existing service partner.
Västra Götaland,32322-2026,5577581,2026-08-10,Avslutat,2026-08-17,Anmälan om buller och avgaser vid verksamhet på Lidköping/Hovby flygplats i Lidköpings kommun,Handlingar,32322-2026-1,,2026-08-10,Anmälan om buller och avgaser vid verksamhet på Lidköping/Hovby flygplats i Lidköpings kommun,Personuppgift,DIRECT_SUPERVISION,YES,,FACILITY_ONLY,COMPLAINT_RECEIVED,NOISE,LOW,MEDIUM,SPECIFIC,EARLY,UNKNOWN,acoustic consultants; noise abatement suppliers,DOCUMENT_WOULD_IMPROVE,NO,Rule-based. Complaint entry; only becomes a purchase if Länsstyrelsen demands measurements or measures.
Västra Götaland,33436-2026,5585192,2026-08-20,Handläggning,,Tillsynsbesök enligt Sevesolagstiftningen,Handlingar,33436-2026-1,,2026-08-20,Tillsynsbesök enligt Sevesolagstiftningen,Personuppgift,DIRECT_SUPERVISION,YES,,NONE,SUPERVISION_VISIT_SCHEDULED,CHEMICALS_SEVESO,LOW,MEDIUM,GENERIC,EARLY,UNKNOWN,Seveso / process-safety consultants; chemical storage & containment suppliers; fire protection,DOCUMENT_WOULD_IMPROVE,NO,Rule-based. Planned visit; possible pre-visit compliance need but no concrete problem in metadata.
Västra Götaland,33436-2026,5585192,2026-08-20,Handläggning,,Tillsynsbesök enligt Sevesolagstiftningen,Handlingar,33436-2026-2,,2026-08-20,Kallelse till tillsynsbesök,Personuppgift,DIRECT_SUPERVISION,YES,,NONE,SUPERVISION_VISIT_SCHEDULED,CHEMICALS_SEVESO,LOW,MEDIUM,GENERIC,EARLY,UNKNOWN,Seveso / process-safety consultants; chemical storage & containment suppliers; fire protection,DOCUMENT_WOULD_IMPROVE,NO,Rule-based. Planned visit; possible pre-visit compliance need but no concrete problem in metadata.
Västra Götaland,34166-2026,5590560,2026-08-27,Handläggning,,Förslag till kontrollprogram Volvo Cars Torslandaområdet för 2026 Göteborg Kommun,Göteborg,34166-2026-1,,2026-08-27,Förslag till kontrollprogram Volvo Cars Torslandaområdet för 2026 Göteborg Kommun,Personuppgift,DIRECT_SUPERVISION,YES,,NONE,CONTROL_PROGRAMME,MONITORING_CONTROL,MEDIUM,MEDIUM,SPECIFIC,LATE,UNKNOWN,environmental consultants (monitoring programmes); accredited sampling / measurement firms; labs,DOCUMENT_WOULD_IMPROVE,NO,"Rule-based. Control-programme proposal submitted by operator, typically already prepared with consultant."
Västra Götaland,35672-2026,5600864,2026-09-07,Handläggning,,"Anmälan om incident, läckage av smörjolja vid lastning av tankbil",Handlingar,35672-2026-1,,2026-09-07,"Anmälan om incident, läckage av smörjolja vid lastning av tankbil",Personuppgift,ENVIRONMENTAL_INCIDENT,PARTIAL,,NONE,INCIDENT_REPORT,SPILL_LEAK,MEDIUM,MEDIUM,SPECIFIC,TIMELY,UNKNOWN,spill response & remediation contractors; containment equipment; environmental consultants,DOCUMENT_WOULD_IMPROVE,NO,Rule-based. Operator self-report; corrective action usually already handled in-house or via existing service partner.
Västra Götaland,35672-2026,5600864,2026-09-07,Handläggning,,"Anmälan om incident, läckage av smörjolja vid lastning av tankbil",Handlingar,35672-2026-2,,2026-09-07,"Återkoppling på anmälan om incident, läckage av smörjolja vid lastning av tankbil",Personuppgift,ENVIRONMENTAL_INCIDENT,PARTIAL,,NONE,INCIDENT_REPORT,SPILL_LEAK,MEDIUM,MEDIUM,SPECIFIC,TIMELY,UNKNOWN,spill response & remediation contractors; containment equipment; environmental consultants,DOCUMENT_WOULD_IMPROVE,NO,Rule-based. Operator self-report; corrective action usually already handled in-house or via existing service partner.
Västra Götaland,36071-2026,5603474,2026-09-09,Handläggning,,"Anmälan om driftsstörning vid Hovhultsverket, Axelbrott rökgasboosterfläkt, Uddevalla kommun",Uddevalla,36071-2026-1,,2026-09-09,"Anmälan om driftsstörning vid Hovhultsverket, Axelbrott rökgasboosterfläkt, Uddevalla kommun",Personuppgift,ENVIRONMENTAL_INCIDENT,PARTIAL,,FACILITY_ONLY,INCIDENT_REPORT,AIR_EMISSIONS,MEDIUM,MEDIUM,SPECIFIC,TIMELY,UNKNOWN,emission measurement firms (accredited); flue-gas treatment & filter suppliers; process consultants,DOCUMENT_WOULD_IMPROVE,NO,Rule-based. Operator self-report; corrective action usually already handled in-house or via existing service partner.
Västra Götaland,36071-2026,5603474,2026-09-09,Handläggning,,"Anmälan om driftsstörning vid Hovhultsverket, Axelbrott rökgasboosterfläkt, Uddevalla kommun",Uddevalla,36071-2026-2,,2026-09-14,Komplettering av driftsstörning,Personuppgift,ENVIRONMENTAL_INCIDENT,PARTIAL,,FACILITY_ONLY,INCIDENT_REPORT,AIR_EMISSIONS,MEDIUM,LOW,GENERIC,TIMELY,UNKNOWN,emission measurement firms (accredited); flue-gas treatment & filter suppliers; process consultants,DOCUMENT_WOULD_IMPROVE,NO,Rule-based. Operator self-report; corrective action usually already handled in-house or via existing service partner.
Västra Götaland,36083-2026,5603620,2026-09-01,Handläggning,,Förfrågan kring granskning av provtagningsplan,Handlingar,36083-2026-1,,2026-09-01,Förfrågan kring granskning av provtagningsplan,Personuppgift,CONTAMINATED_SITE_SUPERVISION,YES,,NONE,CONTROL_PROGRAMME,MONITORING_CONTROL,MEDIUM,MEDIUM,SPECIFIC,LATE,UNKNOWN,environmental consultants (monitoring programmes); accredited sampling / measurement firms; labs,DOCUMENT_WOULD_IMPROVE,NO,"Rule-based. Control-programme proposal submitted by operator, typically already prepared with consultant."
Västra Götaland,36218-2026,5604580,2026-09-09,Handläggning,,Tillsynsrapport efter tillsynsbesök IED,Handlingar,36218-2026-1,,2026-09-09,Tillsynsrapport efter tillsynsbesök IED,Personuppgift,DIRECT_SUPERVISION,YES,,NONE,INSPECTION_REPORT,GENERAL_SUPERVISION,MEDIUM,MEDIUM,GENERIC,TIMELY,UNKNOWN,environmental consultants (compliance / egenkontroll); EHS software,DOCUMENT_REQUIRED,NO,"Rule-based. Inspection report content (deficiencies, demands) not visible in metadata; document required."
Västra Götaland,36391-2026,5605691,2026-09-10,Handläggning,,Tillsynsbesök enligt Sevesolagstiftningen,Handlingar,36391-2026-2,,2026-09-10,Kallelse med dagordning,Personuppgift,DIRECT_SUPERVISION,YES,,NONE,SUPERVISION_VISIT_SCHEDULED,CHEMICALS_SEVESO,LOW,MEDIUM,GENERIC,EARLY,UNKNOWN,Seveso / process-safety consultants; chemical storage & containment suppliers; fire protection,DOCUMENT_WOULD_IMPROVE,NO,Rule-based. Planned visit; possible pre-visit compliance need but no concrete problem in metadata.
Västra Götaland,37426-2026,5611835,2026-09-15,Handläggning,,"Anmälan om driftsstörning vid Reningsverket Älvängen, Utebliven ekoflock, Ale kommun",Ale,37426-2026-1,,2026-09-15,"Anmälan om driftsstörning vid Reningsverket Älvängen, Utebliven ekoflock, Ale kommun",Personuppgift,ENVIRONMENTAL_INCIDENT,PARTIAL,,FACILITY_ONLY,INCIDENT_REPORT,WASTEWATER,MEDIUM,LOW,SPECIFIC,TIMELY,UNKNOWN,"process/VA engineering consultants; treatment equipment & service (pumps, scrapers, dosing); sampling labs",DOCUMENT_WOULD_IMPROVE,NO,Rule-based. Operator self-report; corrective action usually already handled in-house or via existing service partner.
Västra Götaland,38428-2026,5617949,2026-09-18,Handläggning,,Sevesotillsyn 2026 planerat,Handlingar,38428-2026-1,,2026-09-18,Kallelse med dagordning,Personuppgift,DIRECT_SUPERVISION,YES,,NONE,SUPERVISION_VISIT_SCHEDULED,CHEMICALS_SEVESO,LOW,MEDIUM,GENERIC,EARLY,UNKNOWN,Seveso / process-safety consultants; chemical storage & containment suppliers; fire protection,DOCUMENT_WOULD_IMPROVE,NO,Rule-based. Planned visit; possible pre-visit compliance need but no concrete problem in metadata.
Västra Götaland,38758-2026,5620003,2026-09-21,Avslutat,2026-09-21,Tillsynsrapport efter digitalt möte,Handlingar,38758-2026-2,,2026-09-21,Tillsynsrapport efter digitalt möte,Personuppgift,DIRECT_SUPERVISION,YES,,NONE,INSPECTION_REPORT,GENERAL_SUPERVISION,MEDIUM,MEDIUM,GENERIC,TIMELY,UNKNOWN,environmental consultants (compliance / egenkontroll); EHS software,DOCUMENT_REQUIRED,NO,"Rule-based. Inspection report content (deficiencies, demands) not visible in metadata; document required."
Västra Götaland,38767-2026,5620037,2026-09-21,Handläggning,,"Anmälan om driftsstörning vid Energi- och Miljöcenter Sobacken, explosion vid samrötningen, Borås kommun",Borås,38767-2026-1,,2026-09-21,"Anmälan om driftsstörning vid Energi- och Miljöcenter Sobacken, explosion vid samrötningen, Borås kommun",Personuppgift,ENVIRONMENTAL_INCIDENT,PARTIAL,,FACILITY_ONLY,INCIDENT_REPORT,UNKNOWN,MEDIUM,LOW,SPECIFIC,TIMELY,UNKNOWN,-,DOCUMENT_WOULD_IMPROVE,NO,Rule-based. Operator self-report; corrective action usually already handled in-house or via existing service partner.
Östergötland,11846-2026,5551679,2026-07-01,Avslutat,2026-08-18,"Anmälan om driftstörning, brand i bränsleinmatning Panna 5 Gärstadverket, Linköpings kommun",Linköping,11846-2026-1,,2026-07-01,"Anmälan om driftstörning, brand i bränsleinmatning Panna 5 Gärstadverket, Linköpings kommun",Personuppgift,ENVIRONMENTAL_INCIDENT,PARTIAL,,FACILITY_ONLY,INCIDENT_REPORT,FIRE,MEDIUM,MEDIUM,SPECIFIC,TIMELY,UNKNOWN,fire protection consultants & equipment; insurance-driven remediation,DOCUMENT_WOULD_IMPROVE,NO,Rule-based. Operator self-report; corrective action usually already handled in-house or via existing service partner.
Östergötland,12082-2026,5556416,2026-07-07,Handläggning,,"Anmälan om avhjälpandeåtgärder, OFA-ledning, Oljehamnen, Norrköpings kommun",Norrköping,12082-2026-6,,2026-07-10,Underrättelse om Anmälan om avhjälpandeåtgärder vid Norrköpingshamn AB (1/1),Personuppgift,CONTAMINATED_SITE_SUPERVISION,YES,,FACILITY_ONLY,REMEDIATION_NOTIFIED,CONTAMINATED_LAND,HIGH,HIGH,SPECIFIC,LATE,UNKNOWN,environmental consultants (contaminated land); analytical laboratories; remediation / excavation contractors; environmental law,METADATA_SUFFICIENT,NO,Rule-based. 28 § remediation notification: consultant and contractor already engaged when notified.
Östergötland,12082-2026,5556416,2026-07-07,Handläggning,,"Anmälan om avhjälpandeåtgärder, OFA-ledning, Oljehamnen, Norrköpings kommun",Norrköping,12082-2026-7,,2026-07-07,"Anmälan om avhjälpandeåtgärder, OFA-ledning, Oljehamnen, Norrköpings kommun",Personuppgift,CONTAMINATED_SITE_SUPERVISION,YES,,FACILITY_ONLY,REMEDIATION_NOTIFIED,CONTAMINATED_LAND,HIGH,HIGH,SPECIFIC,LATE,UNKNOWN,environmental consultants (contaminated land); analytical laboratories; remediation / excavation contractors; environmental law,METADATA_SUFFICIENT,NO,Rule-based. 28 § remediation notification: consultant and contractor already engaged when notified.
Östergötland,12082-2026,5556416,2026-07-07,Handläggning,,"Anmälan om avhjälpandeåtgärder, OFA-ledning, Oljehamnen, Norrköpings kommun",Norrköping,12082-2026-9,,2026-07-16,"Beslut - Svar på anmälan om avhjälpandeåtgärder, OFA-ledning, Oljehamnen, Norrköpings kommun",Personuppgift,CONTAMINATED_SITE_SUPERVISION,YES,,FACILITY_ONLY,REMEDIATION_NOTIFIED,CONTAMINATED_LAND,HIGH,HIGH,SPECIFIC,LATE,UNKNOWN,environmental consultants (contaminated land); analytical laboratories; remediation / excavation contractors; environmental law,METADATA_SUFFICIENT,NO,Rule-based. 28 § remediation notification: consultant and contractor already engaged when notified.
Östergötland,12089-2026,5556527,2026-07-07,Handläggning,,Fråga om buller från Norrköpings flygplats,Norrköping,12089-2026-1,,2026-07-07,Fråga om buller från Norrköpings flygplats,Personuppgift,DIRECT_SUPERVISION,YES,,FACILITY_ONLY,COMPLAINT_RECEIVED,NOISE,LOW,MEDIUM,SPECIFIC,EARLY,UNKNOWN,acoustic consultants; noise abatement suppliers,DOCUMENT_WOULD_IMPROVE,NO,Rule-based. Complaint entry; only becomes a purchase if Länsstyrelsen demands measurements or measures.
Östergötland,12160-2026,5557879,2026-07-02,Avslutat,2026-07-15,"Information om anmälan om efterbehandling, kalktäkt i Ljung, Linköpings kommun",Linköping,12160-2026-1,,2026-07-02,"Information om anmälan om efterbehandling, kalktäkt i Ljung, Linköpings kommun",Personuppgift,CONTAMINATED_SITE_SUPERVISION,YES,,NONE,REMEDIATION_NOTIFIED,CONTAMINATED_LAND,HIGH,HIGH,SPECIFIC,LATE,UNKNOWN,environmental consultants (contaminated land); analytical laboratories; remediation / excavation contractors; environmental law,METADATA_SUFFICIENT,NO,Rule-based. 28 § remediation notification: consultant and contractor already engaged when notified.
Östergötland,12209-2026,5559002,2026-07-03,Avslutat,2026-08-11,"Anmälan om PCB sanering av fogmassor, Linköpings kommun",Linköping,12209-2026-1,,2026-07-03,"Anmälan om PCB sanering av fogmassor, Linköpings kommun",Personuppgift,CONTAMINATED_SITE_SUPERVISION,YES,,NONE,REMEDIATION_NOTIFIED,CONTAMINATED_LAND,HIGH,HIGH,SPECIFIC,LATE,UNKNOWN,environmental consultants (contaminated land); analytical laboratories; remediation / excavation contractors; environmental law,METADATA_SUFFICIENT,NO,Rule-based. 28 § remediation notification: consultant and contractor already engaged when notified.
Östergötland,12643-2026,5567403,2026-07-22,Avslutat,2026-08-31,Planerat tillsynsbesök,Vadstena,12643-2026-2,,2026-08-31,Tillsynsrapport efter tillsynsbesök,Personuppgift,DIRECT_SUPERVISION,YES,,NONE,INSPECTION_REPORT,GENERAL_SUPERVISION,MEDIUM,MEDIUM,GENERIC,TIMELY,UNKNOWN,environmental consultants (compliance / egenkontroll); EHS software,DOCUMENT_REQUIRED,NO,"Rule-based. Inspection report content (deficiencies, demands) not visible in metadata; document required."
Östergötland,13247-2026,5576756,2026-08-10,Avslutat,2026-09-04,"Planerad tillsyn enligt Sevesolagstiftningen, Circle K",Norrköping,13247-2026-2,,2026-08-25,Meddelande om dagordning,Personuppgift,DIRECT_SUPERVISION,YES,,NONE,SUPERVISION_VISIT_SCHEDULED,CHEMICALS_SEVESO,LOW,MEDIUM,GENERIC,EARLY,UNKNOWN,Seveso / process-safety consultants; chemical storage & containment suppliers; fire protection,DOCUMENT_WOULD_IMPROVE,NO,Rule-based. Planned visit; possible pre-visit compliance need but no concrete problem in metadata.
Östergötland,13247-2026,5576756,2026-08-10,Avslutat,2026-09-04,"Planerad tillsyn enligt Sevesolagstiftningen, Circle K",Norrköping,13247-2026-3,,2026-09-04,Tillsynsrapport efter tillsynsbesök,Personuppgift,DIRECT_SUPERVISION,YES,,NONE,INSPECTION_REPORT,CHEMICALS_SEVESO,MEDIUM,MEDIUM,GENERIC,TIMELY,UNKNOWN,Seveso / process-safety consultants; chemical storage & containment suppliers; fire protection,DOCUMENT_REQUIRED,NO,"Rule-based. Inspection report content (deficiencies, demands) not visible in metadata; document required."
Östergötland,13718-2026,5584318,2026-08-20,Avslutat,2026-09-18,"Planerat tillsynsbesök på Slottshagens avloppsreningsverk, Norrköpings kommun",Handlingar,13718-2026-2,,2026-09-17,"Rapport från miljötillsyn av Slottshagens ARV, Norrköpings kommun",Personuppgift,DIRECT_SUPERVISION,YES,,FACILITY_ONLY,INSPECTION_REPORT,WASTEWATER,MEDIUM,MEDIUM,GENERIC,TIMELY,UNKNOWN,"process/VA engineering consultants; treatment equipment & service (pumps, scrapers, dosing); sampling labs",DOCUMENT_REQUIRED,NO,"Rule-based. Inspection report content (deficiencies, demands) not visible in metadata; document required."
Östergötland,13725-2026,5584396,2026-08-20,Avslutat,2026-08-20,Meddelande om kontrollprogram,Handlingar,13725-2026-2,,2026-08-20,Kopia av NCC_s kontrollprogram gällande täkten Dala och Björkeskog (1/1),Personuppgift,DIRECT_SUPERVISION,YES,,NONE,CONTROL_PROGRAMME,MONITORING_CONTROL,MEDIUM,MEDIUM,SPECIFIC,LATE,UNKNOWN,environmental consultants (monitoring programmes); accredited sampling / measurement firms; labs,DOCUMENT_WOULD_IMPROVE,NO,"Rule-based. Control-programme proposal submitted by operator, typically already prepared with consultant."
Östergötland,13725-2026,5584396,2026-08-20,Avslutat,2026-08-20,Meddelande om kontrollprogram,Handlingar,13725-2026-3,,2026-08-20,Re_ Kopia av NCC_s kontrollprogram gällande täkten Dala och Björkeskog (1/1),Personuppgift,DIRECT_SUPERVISION,YES,,NONE,CONTROL_PROGRAMME,MONITORING_CONTROL,MEDIUM,MEDIUM,SPECIFIC,LATE,UNKNOWN,environmental consultants (monitoring programmes); accredited sampling / measurement firms; labs,DOCUMENT_WOULD_IMPROVE,NO,"Rule-based. Control-programme proposal submitted by operator, typically already prepared with consultant."
Östergötland,13726-2026,5584406,2026-08-19,Avslutat,2026-08-28,"Information om förorenade områden, Ödeshögs kommun",Handlingar,13726-2026-1,,2026-08-19,"Anmälan om avhjälpandeåtgärder avseende sanering av oljeförorening, Ödeshögs kommun",Personuppgift,CONTAMINATED_SITE_SUPERVISION,YES,,NONE,REMEDIATION_NOTIFIED,CONTAMINATED_LAND,HIGH,HIGH,SPECIFIC,LATE,UNKNOWN,environmental consultants (contaminated land); analytical laboratories; remediation / excavation contractors; environmental law,METADATA_SUFFICIENT,NO,Rule-based. 28 § remediation notification: consultant and contractor already engaged when notified.
Östergötland,13807-2026,5586015,2026-08-12,Handläggning,,Redovisning av åtgärd och efterkontroll av Valdemarsviken,Handlingar,13807-2026-1,,2026-08-12,Begäran om komplettering av slutredovisning,Personuppgift,DIRECT_SUPERVISION,YES,,NONE,INFORMATION_REQUEST,UNKNOWN,MEDIUM,LOW,GENERIC,TIMELY,UNKNOWN,-,DOCUMENT_REQUIRED,NO,Rule-based. Request for supplementary information; content unknown.
Östergötland,14019-2026,5589316,2026-08-26,Handläggning,,"Anmälan om driftsstörning vid Fiskeby bruk, Mätbortfall Opsis, Norrköping kommun",Norrköping,14019-2026-1,,2026-08-26,"Anmälan om driftsstörning vid Fiskeby bruk, Mätbortfall Opsis, Norrköping kommun",Personuppgift,ENVIRONMENTAL_INCIDENT,PARTIAL,,FACILITY_ONLY,INCIDENT_REPORT,UNKNOWN,MEDIUM,LOW,SPECIFIC,TIMELY,UNKNOWN,-,DOCUMENT_WOULD_IMPROVE,NO,Rule-based. Operator self-report; corrective action usually already handled in-house or via existing service partner.
Östergötland,14148-2026,5591466,2026-08-28,Avslutat,2026-09-21,"Planerad tillsyn enligt miljöbalken, Lantmännen Biorefineries",Norrköping,14148-2026-5,,2026-09-09,Tjänsteanteckning vid besiktning/tillsyn,Personuppgift,DIRECT_SUPERVISION,YES,,NONE,INSPECTION_REPORT,GENERAL_SUPERVISION,MEDIUM,MEDIUM,GENERIC,TIMELY,UNKNOWN,environmental consultants (compliance / egenkontroll); EHS software,DOCUMENT_REQUIRED,NO,"Rule-based. Inspection report content (deficiencies, demands) not visible in metadata; document required."
Östergötland,14148-2026,5591466,2026-08-28,Avslutat,2026-09-21,"Planerad tillsyn enligt miljöbalken, Lantmännen Biorefineries",Norrköping,14148-2026-6,,2026-09-15,Tillsynsrapport efter tillsynsbesök,Personuppgift,DIRECT_SUPERVISION,YES,,NONE,INSPECTION_REPORT,GENERAL_SUPERVISION,MEDIUM,MEDIUM,GENERIC,TIMELY,UNKNOWN,environmental consultants (compliance / egenkontroll); EHS software,DOCUMENT_REQUIRED,NO,"Rule-based. Inspection report content (deficiencies, demands) not visible in metadata; document required."
Östergötland,14148-2026,5591466,2026-08-28,Avslutat,2026-09-21,"Planerad tillsyn enligt miljöbalken, Lantmännen Biorefineries",Norrköping,14148-2026-8,,2026-09-21,Tillsynsrapport efter tillsynsbesök,Personuppgift,DIRECT_SUPERVISION,YES,,NONE,INSPECTION_REPORT,GENERAL_SUPERVISION,MEDIUM,MEDIUM,GENERIC,TIMELY,UNKNOWN,environmental consultants (compliance / egenkontroll); EHS software,DOCUMENT_REQUIRED,NO,"Rule-based. Inspection report content (deficiencies, demands) not visible in metadata; document required."
Östergötland,14446-2026,5595967,2026-09-02,Avslutat,2026-09-07,Hydrogeologisk utredning klorerade alifater,Mjölby,14446-2026-1,,2026-09-02,Hydrogeologisk utredning klorerade alifater,Personuppgift,DIRECT_SUPERVISION,YES,,NONE,INVESTIGATION_REQUIRED,CONTAMINATED_LAND,HIGH,MEDIUM,SPECIFIC,LATE,UNKNOWN,environmental consultants (contaminated land); analytical laboratories; remediation / excavation contractors; environmental law,METADATA_SUFFICIENT,NO,"Rule-based classification, not individually reviewed."
Östergötland,14446-2026,5595967,2026-09-02,Avslutat,2026-09-07,Hydrogeologisk utredning klorerade alifater,Mjölby,14446-2026-2,,2026-09-07,Svar Hydrogeologisk utredning,Personuppgift,DIRECT_SUPERVISION,YES,,NONE,INVESTIGATION_REQUIRED,CONTAMINATED_LAND,HIGH,MEDIUM,SPECIFIC,LATE,UNKNOWN,environmental consultants (contaminated land); analytical laboratories; remediation / excavation contractors; environmental law,METADATA_SUFFICIENT,NO,"Rule-based classification, not individually reviewed."
Östergötland,15128-2026,5606879,2026-09-11,Avslutat,2026-09-16,"Planerat tillsynsbesök på Hästakuten, Åtvidabergs kommun",Handlingar,15128-2026-3,,2026-09-16,"Rapport från miljötillsyn av Hästakuten, Åtvidabergs kommun",Personuppgift,DIRECT_SUPERVISION,YES,,FACILITY_ONLY,INSPECTION_REPORT,GENERAL_SUPERVISION,MEDIUM,MEDIUM,GENERIC,TIMELY,UNKNOWN,environmental consultants (compliance / egenkontroll); EHS software,DOCUMENT_REQUIRED,NO,"Rule-based. Inspection report content (deficiencies, demands) not visible in metadata; document required."
Östergötland,16243-2026,5625374,2026-09-24,Handläggning,,Information om påträffad oljeförorening,Linköping,16243-2026-2,,2026-09-24,Information om påträffad oljeförorening vid ledningar vid bergrummet på KV1,Personuppgift,CONTAMINATED_SITE_SUPERVISION,YES,,NONE,CONTAMINATION_DISCOVERED,UNKNOWN,HIGH,HIGH,SPECIFIC,EARLY,UNKNOWN,-,DOCUMENT_WOULD_IMPROVE,NO,"Rule-based classification, not individually reviewed."
