source_event_id,decision_date,published_lag_days_est,organisation_number,organisation_name,applicant_type_guess,municipality,county,measure_category,project_description,status,end_date,grant_amount_sek,investment_amount_sek,implied_investment_sek_low,implied_investment_sek_high,investment_family,supplier_categories_hypothesis,external_supplier_likelihood,supplier_selection_risk,timing_confidence,manual_supplier_already_selected,manual_open_procurement,manual_notes
NV-25-045969,2026-06-25,12,,Lidköping Energi AB,energy/utility company (often municipal),Lidköping,Västra Götalands län,Energieffektivisering,20GWh säsongslager för tillvaratagande av spillvärme,Pågående åtgärd,2029-03-31,26055000,,37221429,130275000,heat_recovery_storage,Heat exchangers; HVAC; piping; storage; controls; energy engineering,HIGH,LIKELY_OPEN,low,,,
NV-25-045283,2026-06-15,22,,Nolby gård lantbruk AB,company,Kil,Värmlands län,Energikonvertering,Byte till flispanna,Pågående åtgärd,2027-03-31,272975,,389964,1364875,heating_conversion_building,HVAC / heat pump installers; geothermal drilling; pellet and chip boiler suppliers; district heating connection,LOW,LIKELY_SELECTED,medium,,,
NV-26-004994,2026-06-11,26,,"Sjöbo, Västergatan 61 Fastighets AB",company,Sjöbo,Skåne län,Energikonvertering,Luft/vattenvärmepump med FTX i Sjöbo.,Pågående åtgärd,2026-12-31,328250,,468929,1641250,heating_conversion_building,HVAC / heat pump installers; geothermal drilling; pellet and chip boiler suppliers; district heating connection,LOW,LIKELY_SELECTED,medium,,,
NV-25-046034,2026-06-11,26,,Linde Gas AB,company,Borlänge,Dalarnas län,Övrigt,Utökad kapacitet för produktion av grön vätgas i Borlänge,Pågående åtgärd,2027-12-31,17943750,,25633929,89718750,hydrogen,Electrolysers; compressors and storage; electrical/grid; civil works; engineering,HIGH,UNCERTAIN,low,,,
NV-25-045734,2026-06-11,26,,Skövde Energi,energy/utility company (often municipal),Skövde,Västra Götalands län,Transport,Vätgasproduktion i Skövde,Pågående åtgärd,2028-12-31,110204688,,157435269,551023440,hydrogen,Electrolysers; compressors and storage; electrical/grid; civil works; engineering,HIGH,UNCERTAIN,low,,,
NV-26-004959,2026-06-04,33,,Fastighetsbolaget Bälgen 13 i Motala AB,company,Motala,Östergötlands län,Energikonvertering,Byte av energislag för uppvärmning av lokaler från fossilt till fossilfritt,Pågående åtgärd,2026-12-31,735000,,1050000,3675000,heating_conversion_building,HVAC / heat pump installers; geothermal drilling; pellet and chip boiler suppliers; district heating connection,LOW,LIKELY_SELECTED,medium,,,
NV-26-004596,2026-06-04,33,,Ragunda kommun,public body,Ragunda,Jämtlands län,Energikonvertering,Bergvärme elevboende,Pågående åtgärd,2026-12-31,346437,,494910,1732185,heating_conversion_building,HVAC / heat pump installers; geothermal drilling; pellet and chip boiler suppliers; district heating connection,LOW,UNCERTAIN,low,,,
NV-26-005034,2026-05-28,40,,Findus Sverige AB,company,Västervik,Kalmar län,Energikonvertering,Byte till fossilfritt värmesystem i Loftahammar,Pågående åtgärd,2027-12-31,1796437,,2566339,8982185,heating_conversion_building,HVAC / heat pump installers; geothermal drilling; pellet and chip boiler suppliers; district heating connection,MEDIUM,LIKELY_SELECTED,medium,,,
NV-26-004145,2026-05-26,42,,NSS Real Estate AB,company,Örnsköldsvik,Västernorrlands län,Energikonvertering,Konvertering Olja till Bergvärme,Pågående åtgärd,2026-11-30,235768,,336811,1178840,heating_conversion_building,HVAC / heat pump installers; geothermal drilling; pellet and chip boiler suppliers; district heating connection,LOW,LIKELY_SELECTED,medium,,,
NV-25-045823,2026-05-26,42,,Skramsö Förvaltning AB,company,Tingsryd,Kronobergs län,Energikonvertering,Konvertering uppvärmning kycklingstallar,Pågående åtgärd,2027-05-31,1105000,,1578571,5525000,farm_electrification,Agricultural equipment dealers; electrical contractors for grid extension,LOW,LIKELY_SELECTED,medium,,,
NV-26-004850,2026-05-21,47,,Månsuddens Lantbruk Ab,company,Vadstena,Östergötlands län,Energikonvertering,Flispanna på Piltorp,Pågående åtgärd,2026-12-31,149500,,213571,747500,heating_conversion_building,HVAC / heat pump installers; geothermal drilling; pellet and chip boiler suppliers; district heating connection,LOW,LIKELY_SELECTED,medium,,,
NV-25-043316,2026-05-21,47,,Biogasbolaget i Mellansverige AB,company,Karlskoga,Örebro län,Produktion biogas,Produktion av flytande biogas vid Biogasbolaget i Mellansverige AB:s biogasanläggning i Karlskoga,Pågående åtgärd,2029-05-21,114750000,,163928571,573750000,biogas_production,"Biogas process equipment (digesters, upgrading, liquefaction, CHP); tanks; pumps; civil works; electrical; automation; gas grid connection",HIGH,UNCERTAIN,low,,,
NV-26-004837,2026-05-20,48,,VÄSTRA SVERIGES ARBETARES FOLKHÖGSKOLA,association / foundation,Borås,Västra Götalands län,Energikonvertering,Byte från oljepanna till pelletspannor,Pågående åtgärd,2026-12-31,2983750,,4262500,14918750,heating_conversion_building,HVAC / heat pump installers; geothermal drilling; pellet and chip boiler suppliers; district heating connection,MEDIUM,LIKELY_SELECTED,medium,,,
NV-25-046236,2026-05-20,48,,Käppalaförbundet,public body,Lidingö,Stockholms län,Gasutsläpp,Mätning och minimering av lustgasutsläpp på Käppalaverkets MBBR-linjer,Pågående åtgärd,2027-09-01,539175,,770250,2695875,gas_abatement,Process measurement; wastewater process equipment; landfill gas systems; consultants,MEDIUM,LIKELY_OPEN,medium,,,
NV-25-046092,2026-05-20,48,,Gryaab AB,energy/utility company (often municipal),Göteborg,Västra Götalands län,Gasutsläpp,Minska lustgasutsläpp på Ryaverket,Pågående åtgärd,2027-09-30,543200,,776000,2716000,gas_abatement,Process measurement; wastewater process equipment; landfill gas systems; consultants,MEDIUM,LIKELY_OPEN,medium,,,
NV-25-046077,2026-05-20,48,,Stockholm Vatten AB,energy/utility company (often municipal),Nacka,Stockholms län,Gasutsläpp,Minska utsläppen av lustgas från Henriksdals avloppsreningsverk,Pågående åtgärd,2027-05-31,1596000,,2280000,7980000,gas_abatement,Process measurement; wastewater process equipment; landfill gas systems; consultants,MEDIUM,LIKELY_OPEN,medium,,,
NV-25-045717,2026-05-20,48,,Haninge kommun,public body,Haninge,Stockholms län,Gasutsläpp,Reduktion av lustgasutsläpp från Fors reningsverk,Pågående åtgärd,2027-05-31,566000,,808571,2830000,gas_abatement,Process measurement; wastewater process equipment; landfill gas systems; consultants,MEDIUM,LIKELY_OPEN,medium,,,
NV-26-005106,2026-05-18,50,,Bernhard Antonsson,sole trader / unclassified,Orust,Västra Götalands län,Energikonvertering,Flispanna på Myckleby Övergård,Pågående åtgärd,2028-01-31,403000,,575714,2015000,heating_conversion_building,HVAC / heat pump installers; geothermal drilling; pellet and chip boiler suppliers; district heating connection,LOW,LIKELY_SELECTED,medium,,,
NV-26-005107,2026-05-13,55,,Wiskans Svets & Maskin AB,company,Sundsvall,Västernorrlands län,Energikonvertering,Energikonvertering Wiskans Svets & Maskin,Pågående åtgärd,2026-12-31,224500,,320714,1122500,industrial_process_conversion,"Industrial energy engineering; boilers, furnaces, ovens, dryers; electric process heat; piping; electrical contractors; industrial automation; installation and commissioning",MEDIUM,UNCERTAIN,low,,,
NV-26-005092,2026-05-13,55,,Familjen Westerberg Krokeksfastigheter AB,company,Norrköping,Östergötlands län,Energikonvertering,Byte av energisystem,Pågående åtgärd,2026-10-02,504000,,720000,2520000,heating_conversion_building,HVAC / heat pump installers; geothermal drilling; pellet and chip boiler suppliers; district heating connection,LOW,LIKELY_SELECTED,medium,,,
NV-26-004593,2026-05-13,55,,AB Bruzaholms Bruk,company,Eksjö,Jönköpings län,Energikonvertering,Pelletspanna,Pågående åtgärd,2027-03-30,1914000,,2734286,9570000,heating_conversion_building,HVAC / heat pump installers; geothermal drilling; pellet and chip boiler suppliers; district heating connection,MEDIUM,LIKELY_SELECTED,medium,,,
NV-25-045976,2026-05-13,55,,Holma Spinning Mill AB,company,Hudiksvall,Gävleborgs län,Avfall,Från avfall till garn: Sveriges första spinninglinje för återvunna textilfibrer,Pågående åtgärd,2028-12-31,77350423,,110500604,386752115,circular_recycling,"Specialised process machinery (sorting, textile, screening); conveyors; buildings and installation; electrical; automation",HIGH,UNCERTAIN,low,,,
NV-25-045882,2026-05-13,55,,Småländska Bränslen AB,company,Vaggeryd,Jönköpings län,Transport,Biogastankställe i Vaggeryd,Pågående åtgärd,2027-12-31,10424155,,14891650,52120775,fuel_station,"Compressors, dispensers, storage; civil works; electrical",MEDIUM,UNCERTAIN,low,,,
NV-25-045871,2026-05-13,55,,Småländska Bränslen AB,company,Hässleholm,Skåne län,Transport,Biogastankställe i Hässleholm,Pågående åtgärd,2027-12-31,10436839,,14909770,52184195,fuel_station,"Compressors, dispensers, storage; civil works; electrical",MEDIUM,UNCERTAIN,low,,,
NV-25-045856,2026-05-13,55,,Småländska Bränslen AB,company,Älmhult,Kronobergs län,Transport,Biogastankställe i Älmhult,Pågående åtgärd,2027-12-31,11504339,,16434770,57521695,fuel_station,"Compressors, dispensers, storage; civil works; electrical",MEDIUM,UNCERTAIN,low,,,
NV-25-045838,2026-05-13,55,,Småländska Bränslen AB,company,Växjö,Kronobergs län,Transport,Biogastankställe i Växjö,Pågående åtgärd,2027-12-31,11037439,,15767770,55187195,fuel_station,"Compressors, dispensers, storage; civil works; electrical",MEDIUM,UNCERTAIN,low,,,
NV-25-044611,2026-05-13,55,,Skottorps Energi AB,energy/utility company (often municipal),Laholm,Hallands län,Produktion biogas,Produktion och uppgradering av biogas på Skottorps Energi,Pågående åtgärd,2030-03-31,178750000,,255357143,893750000,biogas_production,"Biogas process equipment (digesters, upgrading, liquefaction, CHP); tanks; pumps; civil works; electrical; automation; gas grid connection",HIGH,UNCERTAIN,low,,,
NV-26-004803,2026-05-11,57,,Jan Johansson,sole trader / unclassified,Karlstad,Värmlands län,Energikonvertering,Byte av oljepanna till flispanna.,Pågående åtgärd,2026-12-31,341250,,487500,1706250,heating_conversion_building,HVAC / heat pump installers; geothermal drilling; pellet and chip boiler suppliers; district heating connection,LOW,LIKELY_SELECTED,medium,,,
NV-26-005119,2026-05-07,61,,Sebastian Gård,company (no legal form in name),Säffle,Värmlands län,Energikonvertering,Gödselhantering Tolerud Gård,Pågående åtgärd,2026-12-31,212230,,303186,1061150,farm_electrification,Agricultural equipment dealers; electrical contractors for grid extension,LOW,LIKELY_SELECTED,medium,,,
NV-26-004971,2026-05-07,61,,Västra Fornås Entreprenad AB,company,Motala,Östergötlands län,Energikonvertering,Spannmålstorkning utan olja,Pågående åtgärd,2027-02-28,76880,,109829,384400,farm_electrification,Agricultural equipment dealers; electrical contractors for grid extension,LOW,LIKELY_SELECTED,medium,,,
NV-26-004720,2026-05-07,61,,Magnus Johansson,sole trader / unclassified,Gislaved,Jönköpings län,Energikonvertering,Energikonvertera till pelletspanna,Pågående åtgärd,2027-12-31,272350,,389071,1361750,heating_conversion_building,HVAC / heat pump installers; geothermal drilling; pellet and chip boiler suppliers; district heating connection,LOW,LIKELY_SELECTED,medium,,,
NV-26-004582,2026-05-07,61,,Erling Larsson,sole trader / unclassified,Lund,Skåne län,Energikonvertering,Ersätta traktordriven strömaskin med elektrisk,Pågående åtgärd,2026-12-31,248590,,355129,1242950,farm_electrification,Agricultural equipment dealers; electrical contractors for grid extension,LOW,LIKELY_SELECTED,medium,,,
NV-25-045343,2026-05-07,61,,Kävlinge Fjärrvärme AB,energy/utility company (often municipal),Kävlinge,Skåne län,Infrastruktur,Fjärrvärmeutbyggnad i Löddeköpinge centrum,Pågående åtgärd,2026-11-30,3588000,,5125714,17940000,district_heating,Pipe and civil contractors; pre-insulated pipe; substations; utility engineering,MEDIUM,LIKELY_OPEN,medium,,,
NV-25-042979,2026-05-07,61,,Brf Ajax 5,association / foundation,Stockholm,Stockholms län,Energikonvertering,Byte från oljeeldning till luftvatten-värmepump för uppvärmning i Bostadsrättsföreningen Ajax 5,Pågående åtgärd,2026-12-31,233134,,333049,1165670,heating_conversion_building,HVAC / heat pump installers; geothermal drilling; pellet and chip boiler suppliers; district heating connection,LOW,LIKELY_SELECTED,medium,,,
NV-25-045684,2026-05-04,64,,Gustav Skog,sole trader / unclassified,Uppsala,Uppsala län,Energikonvertering,byte av panna till spannmålstork från eldningsolja till pellets,Pågående åtgärd,2026-12-31,411775,,588250,2058875,farm_electrification,Agricultural equipment dealers; electrical contractors for grid extension,LOW,LIKELY_SELECTED,medium,,,
NV-25-045477,2026-05-04,64,,Magnus Johansson,sole trader / unclassified,Enköping,Uppsala län,Energikonvertering,Flispanna för att ersätta fossil energi,Pågående åtgärd,2026-12-31,474500,,677857,2372500,heating_conversion_building,HVAC / heat pump installers; geothermal drilling; pellet and chip boiler suppliers; district heating connection,LOW,LIKELY_SELECTED,medium,,,
NV-25-044557,2026-05-04,64,,Fänestad Lantbruk AB,company,Värnamo,Jönköpings län,Energikonvertering,Elektrifierad gödselflytning på Fänestad Lantbruk AB,Pågående åtgärd,2026-10-31,640140,,914486,3200700,farm_electrification,Agricultural equipment dealers; electrical contractors for grid extension,LOW,LIKELY_SELECTED,medium,,,
NV-25-043327,2026-05-04,64,,Rikard Olofsson,sole trader / unclassified,Hörby,Skåne län,Energikonvertering,Ersätta oljepanna med flispanna,Pågående åtgärd,2027-03-19,315960,,451371,1579800,heating_conversion_building,HVAC / heat pump installers; geothermal drilling; pellet and chip boiler suppliers; district heating connection,LOW,LIKELY_SELECTED,medium,,,
NV-26-005053,2026-04-30,68,,Stubberud Lantbruk AB,company,Kristinehamn,Värmlands län,Energikonvertering,Energikonvertering av utfodring på Stubberuds Lantbruk,Pågående åtgärd,2027-06-30,760000,,1085714,3800000,farm_electrification,Agricultural equipment dealers; electrical contractors for grid extension,LOW,LIKELY_SELECTED,medium,,,
NV-26-004835,2026-04-30,68,,Saga Group AB,company,Motala,Östergötlands län,Energikonvertering,Utbyte av eldningsolja till värmepump,Pågående åtgärd,2026-12-31,567300,,810429,2836500,heating_conversion_building,HVAC / heat pump installers; geothermal drilling; pellet and chip boiler suppliers; district heating connection,LOW,LIKELY_SELECTED,medium,,,
NV-26-004812,2026-04-30,68,,B&P Lantbruk AB,company,Boden,Norrbottens län,Energikonvertering,Investering i elektrisk fodermixer till mjölkkor.,Pågående åtgärd,2026-12-31,600000,,857143,3000000,farm_electrification,Agricultural equipment dealers; electrical contractors for grid extension,LOW,LIKELY_SELECTED,medium,,,
NV-26-004618,2026-04-30,68,,Brf Radhus,association / foundation,Kristinehamn,Värmlands län,Energikonvertering,Installation av bergvärmeanläggning,Pågående åtgärd,2026-12-31,790000,,1128571,3950000,farm_electrification,Agricultural equipment dealers; electrical contractors for grid extension,LOW,LIKELY_SELECTED,medium,,,
NV-26-004147,2026-04-30,68,,Vedums Gräs AB,company,Vara,Västra Götalands län,Energikonvertering,Elektrifiering av bevattningspump,Pågående åtgärd,2027-01-30,381950,,545643,1909750,farm_electrification,Agricultural equipment dealers; electrical contractors for grid extension,LOW,LIKELY_SELECTED,medium,,,
NV-25-046158,2026-04-30,68,,Aluminium Casting Unnaryd,company (no legal form in name),Hylte,Hallands län,Energikonvertering,Flexibel smältning för pressgjuten aluminium med lågt klimatavtryck genom användning av biogas,Pågående åtgärd,2030-04-30,28351705,,40502436,141758525,industrial_process_conversion,"Industrial energy engineering; boilers, furnaces, ovens, dryers; electric process heat; piping; electrical contractors; industrial automation; installation and commissioning",HIGH,UNCERTAIN,low,,,
NV-25-046098,2026-04-30,68,,Optigas Energy Sweden AB,company,Malmö,Skåne län,Produktion biogas,Avfallshantering sand/sediment från biogasproduktion -> Ökad produktion & minskade driftsstopp,Pågående åtgärd,2027-04-30,11673000,,16675714,58365000,biogas_production,"Biogas process equipment (digesters, upgrading, liquefaction, CHP); tanks; pumps; civil works; electrical; automation; gas grid connection",HIGH,UNCERTAIN,low,,,
NV-25-045916,2026-04-30,68,,Laholms Fjärrvärme,energy/utility company (often municipal),Laholm,Hallands län,Infrastruktur,Fjärrvärmeutbyggnad i Laholm,Pågående åtgärd,2027-01-31,3150000,,4500000,15750000,district_heating,Pipe and civil contractors; pre-insulated pipe; substations; utility engineering,MEDIUM,LIKELY_OPEN,medium,,,
NV-25-046123,2026-04-29,69,,Renasens AB,company,Borås,Västra Götalands län,Avfall,Textilåtervinning av textilavfall med blandat material (polyester och bomull),Pågående åtgärd,2027-07-31,19472160,,27817371,97360800,circular_recycling,"Specialised process machinery (sorting, textile, screening); conveyors; buildings and installation; electrical; automation",HIGH,UNCERTAIN,low,,,
NV-26-005079,2026-04-27,71,,AB Verntofta Gård,company,Trelleborg,Skåne län,Energikonvertering,Från att elda med olja till uppvärmning med halm,Pågående åtgärd,2026-11-01,1332500,,1903571,6662500,farm_electrification,Agricultural equipment dealers; electrical contractors for grid extension,LOW,LIKELY_SELECTED,medium,,,
NV-25-042738,2026-04-27,71,,Magnus Colliander,sole trader / unclassified,Skövde,Västra Götalands län,Energikonvertering,Automatiserat eldrivet utfodringssystem,Pågående åtgärd,2027-12-31,1100000,,1571429,5500000,farm_electrification,Agricultural equipment dealers; electrical contractors for grid extension,LOW,LIKELY_SELECTED,medium,,,
NV-26-005055,2026-04-23,75,,Region Gotland,public body,Gotland,Gotlands län,Energikonvertering,Energikonvertering Nygårds 3:1,Pågående åtgärd,2028-03-31,998157,,1425939,4990785,farm_electrification,Agricultural equipment dealers; electrical contractors for grid extension,LOW,UNCERTAIN,low,,,
NV-26-004949,2026-04-23,75,,Ullfabriken Östersund AB,company,Nordanstig,Gävleborgs län,Energikonvertering,Ersätta oljepanna med flis- och pelletspanna.,Pågående åtgärd,2026-12-31,885412,,1264874,4427060,heating_conversion_building,HVAC / heat pump installers; geothermal drilling; pellet and chip boiler suppliers; district heating connection,LOW,LIKELY_SELECTED,medium,,,
NV-26-004144,2026-04-23,75,,Aktiebolaget Maskinarbeten,company,Alvesta,Kronobergs län,Energikonvertering,Energikonvertering på Maskinarbeten i Alvesta,Pågående åtgärd,2027-03-31,4140000,,5914286,20700000,heating_conversion_building,HVAC / heat pump installers; geothermal drilling; pellet and chip boiler suppliers; district heating connection,MEDIUM,LIKELY_SELECTED,medium,,,
NV-26-005046,2026-04-22,76,,Magnus Hagelsås,sole trader / unclassified,Vetlanda,Jönköpings län,Energikonvertering,Investering i eldriven gödselpump,Pågående åtgärd,2027-06-30,85723,,122461,428615,farm_electrification,Agricultural equipment dealers; electrical contractors for grid extension,LOW,LIKELY_SELECTED,medium,,,
NV-26-004847,2026-04-22,76,,Tolarp Kyckling AB,company,Halmstad,Hallands län,Energikonvertering,Energikonvertering lantbruk,Pågående åtgärd,2027-12-31,1260000,,1800000,6300000,farm_electrification,Agricultural equipment dealers; electrical contractors for grid extension,LOW,LIKELY_SELECTED,medium,,,
NV-25-045786,2026-04-22,76,,Långhult biogas AB,company,Habo,Jönköpings län,Transport,Etablering av tankstation för gårdsbaserad LBG,Pågående åtgärd,2027-04-30,1400000,,2000000,7000000,fuel_station,"Compressors, dispensers, storage; civil works; electrical",MEDIUM,UNCERTAIN,low,,,
NV-26-005069,2026-04-21,77,,Ingelsbo Lantbruk AB,company,Tranås,Jönköpings län,Energikonvertering,Utbyte från oljepanna till halmeldat varmluftsbatteri till spannmålstork.,Pågående åtgärd,2026-09-01,192939,,275627,964695,farm_electrification,Agricultural equipment dealers; electrical contractors for grid extension,LOW,LIKELY_SELECTED,medium,,,
NV-26-004953,2026-04-21,77,,Anders Bertilsson,sole trader / unclassified,Falkenberg,Hallands län,Energikonvertering,Elektrifiering av två gödselpumpar,Pågående åtgärd,2026-12-31,196675,,280964,983375,farm_electrification,Agricultural equipment dealers; electrical contractors for grid extension,LOW,LIKELY_SELECTED,medium,,,
NV-25-045672,2026-04-20,78,,Tockarps Lantbruk AB,company,Aneby,Jönköpings län,Energikonvertering,Eldriven foderblandare,Pågående åtgärd,2027-08-31,480000,,685714,2400000,farm_electrification,Agricultural equipment dealers; electrical contractors for grid extension,LOW,LIKELY_SELECTED,medium,,,
NV-25-043081,2026-04-20,78,,ADR Holding Sverige 24 AB,company,Nacka,Stockholms län,Energikonvertering,Oljepanna till Bergvärme,Pågående åtgärd,2026-09-30,543290,,776129,2716450,heating_conversion_building,HVAC / heat pump installers; geothermal drilling; pellet and chip boiler suppliers; district heating connection,LOW,LIKELY_SELECTED,medium,,,
NV-25-045970,2026-04-17,81,,Hushållningssällskapet Sjuhärad,association / foundation,Svenljunga,Västra Götalands län,Energikonvertering,Värme från Biokol till Undervisningen,Pågående åtgärd,2027-12-31,4692000,,6702857,23460000,heating_conversion_building,HVAC / heat pump installers; geothermal drilling; pellet and chip boiler suppliers; district heating connection,MEDIUM,LIKELY_SELECTED,medium,,,
NV-26-005121,2026-04-15,83,,Fröstorps Mjölk AB,company,Herrljunga,Västra Götalands län,Energikonvertering,Eldriven foderblandare,Pågående åtgärd,2026-12-31,781036,,1115766,3905180,farm_electrification,Agricultural equipment dealers; electrical contractors for grid extension,LOW,LIKELY_SELECTED,medium,,,
NV-25-044699,2026-04-15,83,,Gunnarshögs Gård AB,company,Simrishamn,Skåne län,Övrigt,Innovativ pressningsteknik för minskad användning av rapsfrö,Pågående åtgärd,2027-06-30,5646880,,8066971,28234400,industrial_process_conversion,"Industrial energy engineering; boilers, furnaces, ovens, dryers; electric process heat; piping; electrical contractors; industrial automation; installation and commissioning",HIGH,UNCERTAIN,low,,,
NV-25-045138,2026-04-13,85,,St1 Sverige AB,company,Göteborg,Västra Götalands län,Avfall,BPU- Rening av matfettsavfall,Pågående åtgärd,2027-12-31,12061665,,17230950,60308325,circular_recycling,"Specialised process machinery (sorting, textile, screening); conveyors; buildings and installation; electrical; automation",HIGH,UNCERTAIN,low,,,
NV-25-044605,2026-04-13,85,,Bostadsrättsföreningen Tranebo,association / foundation,Stockholm,Stockholms län,Energikonvertering,BRF Tranebo: Mer energieffektivt uppvärmningssystem med eliminering av fossila bränslen (olja),Pågående åtgärd,2026-08-23,239425,,342036,1197125,heating_conversion_building,HVAC / heat pump installers; geothermal drilling; pellet and chip boiler suppliers; district heating connection,LOW,LIKELY_SELECTED,medium,,,
NV-25-042347,2026-04-13,85,,Äppelbo Gästgiveri AB,company,Vansbro,Dalarnas län,Energikonvertering,Markvärmepump,Pågående åtgärd,2026-12-31,204276,,291823,1021380,heating_conversion_building,HVAC / heat pump installers; geothermal drilling; pellet and chip boiler suppliers; district heating connection,LOW,LIKELY_SELECTED,medium,,,
NV-25-042268,2026-04-09,89,,Biogas Västra Skaraborg AB,company,Vara,Västra Götalands län,Produktion biogas,Förvätskning av koldioxid från biogasproduktion,Pågående åtgärd,2027-06-30,27000000,,38571429,135000000,biogas_production,"Biogas process equipment (digesters, upgrading, liquefaction, CHP); tanks; pumps; civil works; electrical; automation; gas grid connection",HIGH,UNCERTAIN,low,,,
NV-25-043140,2026-04-02,96,,Renahav Sverige AB,company,Sotenäs,Västra Götalands län,Produktion biogas,Utökning av befintlig biogasproduktion samt uppgradering till biometan,Pågående åtgärd,2027-12-31,54600000,,78000000,273000000,biogas_production,"Biogas process equipment (digesters, upgrading, liquefaction, CHP); tanks; pumps; civil works; electrical; automation; gas grid connection",HIGH,UNCERTAIN,low,,,
NV-26-004848,2026-03-30,99,,Näs Andersgård AB,company,Jönköping,Jönköpings län,Energikonvertering,Energikonvertering från oljepanna till flispanna,Pågående åtgärd,2027-10-01,947676,,1353823,4738380,heating_conversion_building,HVAC / heat pump installers; geothermal drilling; pellet and chip boiler suppliers; district heating connection,LOW,LIKELY_SELECTED,medium,,,
NV-25-045464,2026-03-30,99,,Bergeke Entreprenad AB,company,Vara,Västra Götalands län,Energikonvertering,Pellets panna,Pågående åtgärd,2026-10-31,889850,,1271214,4449250,heating_conversion_building,HVAC / heat pump installers; geothermal drilling; pellet and chip boiler suppliers; district heating connection,LOW,LIKELY_SELECTED,medium,,,
NV-25-043349,2026-03-30,99,,A&G Hansson AB,company,Staffanstorp,Skåne län,Energikonvertering,Konvertering från diesel till eldriven bevattning,Pågående åtgärd,2027-03-31,219909,,314156,1099545,farm_electrification,Agricultural equipment dealers; electrical contractors for grid extension,LOW,LIKELY_SELECTED,medium,,,
NV-25-045896,2026-03-26,103,,Bogott förvaltnings AB,company,Höör,Skåne län,Energikonvertering,Konvertering från oljepanna till värmepumpslösning samt klimatskalsanpassningar,Pågående åtgärd,2026-12-31,586826,,838323,2934130,heating_conversion_building,HVAC / heat pump installers; geothermal drilling; pellet and chip boiler suppliers; district heating connection,LOW,LIKELY_SELECTED,medium,,,
NV-26-005071,2026-03-23,106,,Michael Kastegård,company (no legal form in name),Mjölby,Östergötlands län,Energikonvertering,Ellastmaskin,Pågående åtgärd,2026-12-31,244000,,348571,1220000,farm_electrification,Agricultural equipment dealers; electrical contractors for grid extension,LOW,LIKELY_SELECTED,medium,,,
NV-25-042796,2026-03-23,106,,Furumossen lantbruk AB,company,Hässleholm,Skåne län,Energikonvertering,Energi konvertering fordon,Pågående åtgärd,2026-10-15,357500,,510714,1787500,heating_conversion_building,HVAC / heat pump installers; geothermal drilling; pellet and chip boiler suppliers; district heating connection,LOW,LIKELY_SELECTED,medium,,,
NV-25-042492,2026-03-20,109,,Benders Sverige AB,company,Vara,Västra Götalands län,Övrigt,Edsvära Takpannor,Pågående åtgärd,2028-07-01,13728097,,19611567,68640485,industrial_process_conversion,"Industrial energy engineering; boilers, furnaces, ovens, dryers; electric process heat; piping; electrical contractors; industrial automation; installation and commissioning",HIGH,UNCERTAIN,low,,,
NV-26-005585,2026-03-19,110,,Vitaklippan Lantbruks AB,company,Laholm,Hallands län,Energikonvertering,Batteridriven foderputtare,Pågående åtgärd,2026-12-31,103000,,147143,515000,farm_electrification,Agricultural equipment dealers; electrical contractors for grid extension,LOW,LIKELY_SELECTED,medium,,,
NV-26-004973,2026-03-19,110,,Christian Johansson,sole trader / unclassified,Söderköping,Östergötlands län,Energikonvertering,Investering i eldriven kompaktlastare,Pågående åtgärd,2026-12-01,117800,,168286,589000,farm_electrification,Agricultural equipment dealers; electrical contractors for grid extension,LOW,LIKELY_SELECTED,medium,,,
NV-26-004960,2026-03-19,110,,Christer Karlman,sole trader / unclassified,Växjö,Kronobergs län,Energikonvertering,Ersätta traktordriven mixer med elektrisk minilastare på kviggård,Pågående åtgärd,2026-09-30,332500,,475000,1662500,farm_electrification,Agricultural equipment dealers; electrical contractors for grid extension,LOW,LIKELY_SELECTED,medium,,,
NV-25-046137,2026-03-19,110,,Växthuset 365 AB,company,Helsingborg,Skåne län,Energikonvertering,Konvertering till biobränslepanna,Pågående åtgärd,2026-12-31,3068000,,4382857,15340000,heating_conversion_building,HVAC / heat pump installers; geothermal drilling; pellet and chip boiler suppliers; district heating connection,MEDIUM,LIKELY_SELECTED,medium,,,
NV-25-045887,2026-03-19,110,,Åkerholmens Lantbruk AB,company,Falköping,Västra Götalands län,Produktion biogas,CBG Åkerholmens Lantbruk,Pågående åtgärd,2028-10-31,49205000,,70292857,246025000,biogas_production,"Biogas process equipment (digesters, upgrading, liquefaction, CHP); tanks; pumps; civil works; electrical; automation; gas grid connection",HIGH,UNCERTAIN,low,,,
NV-25-043259,2026-03-19,110,,Stiftelsen Eric Sahlström Institutet,association / foundation,Tierp,Uppsala län,Energikonvertering,Ersättning av befintlig anläggning,Pågående åtgärd,2026-09-30,1210625,,1729464,6053125,other,Unknown until description is read,UNKNOWN,UNCERTAIN,low,,,
NV-26-005116,2026-03-17,112,,Christian Johansson,sole trader / unclassified,Söderköping,Östergötlands län,Energikonvertering,Eldrivet arbetsfordon som ersätter dieseltraktor,Pågående åtgärd,2026-12-01,90000,,128571,450000,farm_electrification,Agricultural equipment dealers; electrical contractors for grid extension,LOW,LIKELY_SELECTED,medium,,,
NV-26-005097,2026-03-17,112,,Madeleine Eriksson,sole trader / unclassified,Hudiksvall,Gävleborgs län,Energikonvertering,Eldriven utfodringsanläggning för nötkreatur,Pågående åtgärd,2027-12-31,349150,,498786,1745750,farm_electrification,Agricultural equipment dealers; electrical contractors for grid extension,LOW,LIKELY_SELECTED,medium,,,
NV-25-045826,2026-03-17,112,,Ängagården Lantbruk AB,company,Svedala,Skåne län,Energikonvertering,Eldriven utfodring,Pågående åtgärd,2028-12-31,1564825,,2235464,7824125,farm_electrification,Agricultural equipment dealers; electrical contractors for grid extension,LOW,LIKELY_SELECTED,medium,,,
NV-25-045796,2026-03-17,112,,Övlandehults Gård AB,company,Vetlanda,Jönköpings län,Energikonvertering,Investering i eldriven utfodring,Pågående åtgärd,2026-12-31,788519,,1126456,3942595,farm_electrification,Agricultural equipment dealers; electrical contractors for grid extension,LOW,LIKELY_SELECTED,medium,,,
NV-25-045670,2026-03-17,112,,Kjulsta Mjölk AB,company,Nyköping,Södermanlands län,Energikonvertering,Framdragning av el för att minska dieselförbrukning,Pågående åtgärd,2027-02-28,142500,,203571,712500,other,Unknown until description is read,UNKNOWN,UNCERTAIN,low,,,
NV-25-045593,2026-03-17,112,,Henrik Petersson,sole trader / unclassified,Ronneby,Blekinge län,Energikonvertering,Flispanna för att ersätta fossil energi,Pågående åtgärd,2026-12-31,715000,,1021429,3575000,heating_conversion_building,HVAC / heat pump installers; geothermal drilling; pellet and chip boiler suppliers; district heating connection,LOW,LIKELY_SELECTED,medium,,,
NV-25-043201,2026-03-17,112,,Sälboda Mjölk AB,company,Arvika,Värmlands län,Energikonvertering,Investering liten elhjullastare.,Pågående åtgärd,2026-12-31,495100,,707286,2475500,farm_electrification,Agricultural equipment dealers; electrical contractors for grid extension,LOW,LIKELY_SELECTED,medium,,,
NV-25-045465,2026-03-12,117,,Evergreen Garden Care Sverige AB,company,Norrköping,Östergötlands län,Avfall,Träfiberullmaskin för jordtillverkning Evergreen Garden Care i Åby,Pågående åtgärd,2027-03-01,4008013,,5725733,20040065,circular_recycling,"Specialised process machinery (sorting, textile, screening); conveyors; buildings and installation; electrical; automation",HIGH,UNCERTAIN,low,,,
NV-25-045359,2026-03-12,117,,SG INVEST i VELLINGE AB,company,Ljusnarsberg,Örebro län,Energikonvertering,Bergvärme ersätter oljepanna,Pågående åtgärd,2026-09-30,821080,,1172971,4105400,heating_conversion_building,HVAC / heat pump installers; geothermal drilling; pellet and chip boiler suppliers; district heating connection,LOW,LIKELY_SELECTED,medium,,,
NV-25-043338,2026-03-12,117,,Sandahls Grus & Asfalt AB,company,Värnamo,Jönköpings län,Energikonvertering,Konvertering från diesel till eldrift i bergtäkt,Pågående åtgärd,2026-12-31,621630,,888043,3108150,quarry_electrification,"Electrical contractors; grid connection; electric crushers, conveyors and drives; transformers",MEDIUM,UNCERTAIN,low,,,
NV-25-043332,2026-03-12,117,,Sandahls Grus & Asfalt AB,company,Hylte,Hallands län,Energikonvertering,Konvertering från diesel till elkraft i bergtäkt,Pågående åtgärd,2026-12-31,947298,,1353283,4736490,quarry_electrification,"Electrical contractors; grid connection; electric crushers, conveyors and drives; transformers",MEDIUM,UNCERTAIN,low,,,
NV-25-043279,2026-03-12,117,,Betongbolaget Sweden AB,company,Värnamo,Jönköpings län,Avfall,Silo för alternativa bindemedel i fabriksbetong,Pågående åtgärd,2027-06-30,512000,,731429,2560000,circular_recycling,"Specialised process machinery (sorting, textile, screening); conveyors; buildings and installation; electrical; automation",HIGH,UNCERTAIN,low,,,
NV-25-042317,2026-03-12,117,,Norra Hälsinglands Travsällskap,association / foundation,Hudiksvall,Gävleborgs län,Energikonvertering,Energikonvertering Arena Hagmyren,Pågående åtgärd,2026-12-31,847600,,1210857,4238000,heating_conversion_building,HVAC / heat pump installers; geothermal drilling; pellet and chip boiler suppliers; district heating connection,LOW,LIKELY_SELECTED,medium,,,
NV-25-043069,2026-03-06,123,,Solör Bioenergi Värme AB,energy/utility company (often municipal),Värnamo,Jönköpings län,Energikonvertering,Konvertera från gasol till träpellets Bewi Värnamo.,Pågående åtgärd,2027-06-01,17584200,,25120286,87921000,industrial_process_conversion,"Industrial energy engineering; boilers, furnaces, ovens, dryers; electric process heat; piping; electrical contractors; industrial automation; installation and commissioning",HIGH,UNCERTAIN,low,,,
NV-25-046183,2026-03-05,124,,Fibu AB,company,Hallstahammar,Västmanlands län,Avfall,Kapacitetsökning för produktion av träfiber skum: fossilfritt alternativ till plastbaserade skummate,Pågående åtgärd,2026-12-31,4260000,,6085714,21300000,circular_recycling,"Specialised process machinery (sorting, textile, screening); conveyors; buildings and installation; electrical; automation",HIGH,UNCERTAIN,low,,,
NV-25-046078,2026-03-05,124,,Fårösund Energi AB,energy/utility company (often municipal),Gotland,Gotlands län,Energikonvertering,Fårösund Energi – lokal värme för Sveriges energiberedskap - energikonvertering Olja till Värmepump,Pågående åtgärd,2027-02-28,2600000,,3714286,13000000,heating_conversion_building,HVAC / heat pump installers; geothermal drilling; pellet and chip boiler suppliers; district heating connection,MEDIUM,LIKELY_SELECTED,medium,,,
NV-25-046025,2026-03-05,124,,Tegelmöllan AB,company,Katrineholm,Södermanlands län,Avfall,Etablering av tegelåterbruk i Sköldinge,Pågående åtgärd,2028-06-30,20310000,,29014286,101550000,circular_recycling,"Specialised process machinery (sorting, textile, screening); conveyors; buildings and installation; electrical; automation",HIGH,UNCERTAIN,low,,,
NV-25-045963,2026-03-05,124,,Företagsparken i Emtunga AB,company,Vara,Västra Götalands län,Energikonvertering,Konvertering från olja till värmepump Emtunga,Pågående åtgärd,2026-09-30,877500,,1253571,4387500,heating_conversion_building,HVAC / heat pump installers; geothermal drilling; pellet and chip boiler suppliers; district heating connection,LOW,LIKELY_SELECTED,medium,,,
NV-25-043203,2026-03-05,124,,Swerock AB,company,Sundsvall,Västernorrlands län,Avfall,Silo för alternativa bindemedel till Sundsvalls betongfabrik,Pågående åtgärd,2027-02-28,278400,,397714,1392000,circular_recycling,"Specialised process machinery (sorting, textile, screening); conveyors; buildings and installation; electrical; automation",HIGH,UNCERTAIN,low,,,
NV-25-044624,2026-03-02,127,,Ignagården AB,company,Hässleholm,Skåne län,Energikonvertering,Byta ut traktordriven pump mot elpump för bevattning,Pågående åtgärd,2026-06-30,182900,,261286,914500,farm_electrification,Agricultural equipment dealers; electrical contractors for grid extension,LOW,LIKELY_SELECTED,medium,,,
NV-25-042734,2026-03-02,127,,Stäme Lantbruks Aktiebolag,company,Laholm,Hallands län,Energikonvertering,Eldriven utgödslingsrobot på Stäme,Pågående åtgärd,2026-12-31,245000,,350000,1225000,other,Unknown until description is read,UNKNOWN,UNCERTAIN,low,,,
NV-25-042380,2026-03-02,127,,Anders Persson,sole trader / unclassified,Kalmar,Kalmar län,Energikonvertering,Eldriven bevattning,Pågående åtgärd,2027-04-30,113110,,161586,565550,farm_electrification,Agricultural equipment dealers; electrical contractors for grid extension,LOW,LIKELY_SELECTED,medium,,,
NV-25-042324,2026-03-02,127,,Siluett of Sweden AB,company,Kristinehamn,Värmlands län,Energikonvertering,Konvertering av värmesystem från olja till bergvärme,Pågående åtgärd,2026-08-31,3397500,,4853571,16987500,heating_conversion_building,HVAC / heat pump installers; geothermal drilling; pellet and chip boiler suppliers; district heating connection,MEDIUM,LIKELY_SELECTED,medium,,,
NV-25-045763,2026-02-26,131,,Alvesta Biogas AB,company,Alvesta,Kronobergs län,Produktion biogas,Utbyggnad Biogasanläggning,Pågående åtgärd,2028-06-30,29097900,,41568429,145489500,biogas_production,"Biogas process equipment (digesters, upgrading, liquefaction, CHP); tanks; pumps; civil works; electrical; automation; gas grid connection",HIGH,UNCERTAIN,low,,,
NV-25-044904,2026-02-26,131,,Falk Biogas AB,company,Borgholm,Kalmar län,Produktion biogas,FALK Biogas,Pågående åtgärd,2028-07-30,221297050,,316138643,1106485250,biogas_production,"Biogas process equipment (digesters, upgrading, liquefaction, CHP); tanks; pumps; civil works; electrical; automation; gas grid connection",HIGH,UNCERTAIN,low,,,
NV-25-045468,2026-02-25,132,,Bo Pettersson,sole trader / unclassified,Borgholm,Kalmar län,Energikonvertering,Eldriven Weidermann,Pågående åtgärd,2026-09-30,310000,,442857,1550000,farm_electrification,Agricultural equipment dealers; electrical contractors for grid extension,LOW,LIKELY_SELECTED,medium,,,
NV-25-045082,2026-02-25,132,,Johan Svantesson,sole trader / unclassified,Säffle,Värmlands län,Energikonvertering,Elektrifiering av gården steg 2,Pågående åtgärd,2026-12-31,775519,,1107884,3877595,farm_electrification,Agricultural equipment dealers; electrical contractors for grid extension,LOW,LIKELY_SELECTED,medium,,,
NV-25-043261,2026-02-25,132,,Solörbioenergi Värme AB,energy/utility company (often municipal),Värmdö,Stockholms län,Energikonvertering,Konvertera från olja sommartid till en elpanna.,Pågående åtgärd,2026-08-01,172596,,246566,862980,heating_conversion_building,HVAC / heat pump installers; geothermal drilling; pellet and chip boiler suppliers; district heating connection,LOW,LIKELY_SELECTED,medium,,,
NV-25-042958,2026-02-25,132,,Swerock AB,company,Stockholm,Stockholms län,Energikonvertering,Konvertering till fjärrvärme för Rosersbergs betongfabrik,Pågående åtgärd,2026-10-01,1777500,,2539286,8887500,industrial_process_conversion,"Industrial energy engineering; boilers, furnaces, ovens, dryers; electric process heat; piping; electrical contractors; industrial automation; installation and commissioning",HIGH,UNCERTAIN,low,,,
NV-25-045469,2026-02-19,138,,Gustav Thuresson Lantbruk AB,company,Linköping,Östergötlands län,Energikonvertering,Stationär eldriven fodermixer,Pågående åtgärd,2026-12-31,790500,,1129286,3952500,farm_electrification,Agricultural equipment dealers; electrical contractors for grid extension,LOW,LIKELY_SELECTED,medium,,,
NV-25-042316,2026-02-19,138,,Stäme Lantbruks Aktiebolag,company,Laholm,Hallands län,Energikonvertering,Eldriven foderblandare samt utfodringsrobot på Stäme lantbruk,Pågående åtgärd,2028-03-31,1495000,,2135714,7475000,farm_electrification,Agricultural equipment dealers; electrical contractors for grid extension,LOW,LIKELY_SELECTED,medium,,,
NV-25-046036,2026-02-16,141,,Marc Thomasson,sole trader / unclassified,Gotland,Gotlands län,Energikonvertering,Energikonvertering från diesel till elektrisk bevattning i Alva,Pågående åtgärd,2027-04-30,525000,,750000,2625000,farm_electrification,Agricultural equipment dealers; electrical contractors for grid extension,LOW,LIKELY_SELECTED,medium,,,
NV-25-045864,2026-02-16,141,,Sojdungs Gård & Betong AB,company,Gotland,Gotlands län,Energikonvertering,"Investering i eldriven foderblandare och utfodringsanläggning,",Pågående åtgärd,2026-12-31,1109250,,1584643,5546250,farm_electrification,Agricultural equipment dealers; electrical contractors for grid extension,LOW,LIKELY_SELECTED,medium,,,
NV-25-045779,2026-02-16,141,,Thomas Nilsson,sole trader / unclassified,Gotland,Gotlands län,Energikonvertering,Eldrift i stället för dieselpumpar,Pågående åtgärd,2027-12-31,789322,,1127603,3946610,farm_electrification,Agricultural equipment dealers; electrical contractors for grid extension,LOW,LIKELY_SELECTED,medium,,,
NV-25-043143,2026-02-16,141,,Dammens Kvarns Lantbruk AB,company,Vaggeryd,Jönköpings län,Energikonvertering,Energikonvertering till eldriven bevattningspump,Pågående åtgärd,2026-11-30,91869,,131241,459345,farm_electrification,Agricultural equipment dealers; electrical contractors for grid extension,LOW,LIKELY_SELECTED,medium,,,
NV-25-046014,2026-02-12,145,,Scan Sverige AB,company,Skara,Västra Götalands län,Energikonvertering,Energikonvertering industri,Pågående åtgärd,2028-06-30,4590000,,6557143,22950000,industrial_process_conversion,"Industrial energy engineering; boilers, furnaces, ovens, dryers; electric process heat; piping; electrical contractors; industrial automation; installation and commissioning",HIGH,UNCERTAIN,low,,,
NV-25-045923,2026-02-12,145,,Persson Båt AB,company,Malå,Västerbottens län,Energikonvertering,Konvertering till Bergvärme industrihuset Adak,Pågående åtgärd,2026-10-31,1112800,,1589714,5564000,industrial_process_conversion,"Industrial energy engineering; boilers, furnaces, ovens, dryers; electric process heat; piping; electrical contractors; industrial automation; installation and commissioning",HIGH,UNCERTAIN,low,,,
NV-25-045897,2026-02-12,145,,Reelab AB,company,Gislaved,Jönköpings län,Avfall,Maskinutrustning för att göra återvunnen plastråvara livsmedelsgodkänd,Pågående åtgärd,2028-03-31,6325000,,9035714,31625000,circular_recycling,"Specialised process machinery (sorting, textile, screening); conveyors; buildings and installation; electrical; automation",HIGH,UNCERTAIN,low,,,
NV-25-045350,2026-02-12,145,,Kristinehamns kommun,public body,Kristinehamn,Värmlands län,Energikonvertering,Ny elpanna som ersättning till oljepanna på avloppsreningsverk,Pågående åtgärd,2028-06-01,620287,,886124,3101435,heating_conversion_building,HVAC / heat pump installers; geothermal drilling; pellet and chip boiler suppliers; district heating connection,LOW,UNCERTAIN,low,,,
NV-25-045349,2026-02-12,145,,Söderhalls Renhållningsverk Aktiebolag (SÖRAB),energy/utility company (often municipal),Sigtuna,Stockholms län,Avfall,Optisk utsortering av plast från restavfall,Pågående åtgärd,2028-03-31,9997856,,14282651,49989280,circular_recycling,"Specialised process machinery (sorting, textile, screening); conveyors; buildings and installation; electrical; automation",HIGH,UNCERTAIN,low,,,
NV-25-045746,2026-02-10,147,,Anders Lindahl,sole trader / unclassified,Perstorp,Skåne län,Energikonvertering,Byte till elektrisk stationär mixer,Pågående åtgärd,2026-08-30,693600,,990857,3468000,farm_electrification,Agricultural equipment dealers; electrical contractors for grid extension,LOW,LIKELY_SELECTED,medium,,,
NV-25-046149,2026-02-09,148,,Digital Asset Management Malmö AB,company,Hagfors,Värmlands län,Energikonvertering,Energikonvertering - Ersätta oljepanna i flerbostadshus,Pågående åtgärd,2026-09-30,877500,,1253571,4387500,heating_conversion_building,HVAC / heat pump installers; geothermal drilling; pellet and chip boiler suppliers; district heating connection,LOW,LIKELY_SELECTED,medium,,,
NV-25-045335,2026-02-09,148,,Enköpings Lantbruksservice Aktiebolag,company,Enköping,Uppsala län,Energikonvertering,Flisvärme på Wappa,Pågående åtgärd,2027-10-31,2269812,,3242589,11349060,heating_conversion_building,HVAC / heat pump installers; geothermal drilling; pellet and chip boiler suppliers; district heating connection,MEDIUM,LIKELY_SELECTED,medium,,,
NV-25-046069,2026-02-05,152,,Skanska Industrial Solutions AB,company,Gävle,Gävleborgs län,Avfall,Våtsikt Sälgsjön,Pågående åtgärd,2027-11-30,19680000,,28114286,98400000,circular_recycling,"Specialised process machinery (sorting, textile, screening); conveyors; buildings and installation; electrical; automation",HIGH,UNCERTAIN,low,,,
NV-25-046019,2026-02-05,152,,Deleo AB,company,Ekerö,Stockholms län,Energikonvertering,Konvertering från olja till biogas,Pågående åtgärd,2026-12-31,2751497,,3930710,13757485,heating_conversion_building,HVAC / heat pump installers; geothermal drilling; pellet and chip boiler suppliers; district heating connection,MEDIUM,LIKELY_SELECTED,medium,,,
NV-25-046012,2026-02-05,152,,Skanska Industrial Solutions AB,company,Botkyrka,Stockholms län,Avfall,Våtsikt Eriksberg,Pågående åtgärd,2029-06-30,16880000,,24114286,84400000,circular_recycling,"Specialised process machinery (sorting, textile, screening); conveyors; buildings and installation; electrical; automation",HIGH,UNCERTAIN,low,,,
NV-25-045491,2026-02-05,152,,Deje Egendom AB,company,Forshaga,Värmlands län,Energikonvertering,Flispanna för att ersätta fossil energi,Pågående åtgärd,2026-12-31,987187,,1410267,4935935,heating_conversion_building,HVAC / heat pump installers; geothermal drilling; pellet and chip boiler suppliers; district heating connection,LOW,LIKELY_SELECTED,medium,,,
NV-25-045805,2026-02-02,155,,Bo Averhäll,sole trader / unclassified,Nybro,Kalmar län,Energikonvertering,Eldriven foderblandare,Pågående åtgärd,2026-09-17,272500,,389286,1362500,farm_electrification,Agricultural equipment dealers; electrical contractors for grid extension,LOW,LIKELY_SELECTED,medium,,,
NV-25-045683,2026-02-02,155,,Karl Gruvebäck,sole trader / unclassified,Åtvidaberg,Östergötlands län,Energikonvertering,Vattenpump Grävsätter,Pågående åtgärd,2026-10-31,223627,,319467,1118135,farm_electrification,Agricultural equipment dealers; electrical contractors for grid extension,LOW,LIKELY_SELECTED,medium,,,
NV-25-045448,2026-02-02,155,,Risinge Hereford AB,company,Mörbylånga,Kalmar län,Energikonvertering,Framdragning av el till bevattningsdamm,Pågående åtgärd,2027-04-30,464385,,663407,2321925,farm_electrification,Agricultural equipment dealers; electrical contractors for grid extension,LOW,LIKELY_SELECTED,medium,,,
NV-25-044998,2026-02-02,155,,Opensten Bondgård AB,company,Tranemo,Västra Götalands län,Energikonvertering,konvertera utgödslingsystem,Pågående åtgärd,2026-12-01,560000,,800000,2800000,other,Unknown until description is read,UNKNOWN,UNCERTAIN,low,,,
NV-25-043193,2026-02-02,155,,Lars Nilsson,sole trader / unclassified,Jönköping,Jönköpings län,Energikonvertering,Eldriven bevattning,Pågående åtgärd,2026-09-30,249133,,355904,1245665,farm_electrification,Agricultural equipment dealers; electrical contractors for grid extension,LOW,LIKELY_SELECTED,medium,,,
NV-25-042223,2026-02-02,155,,Finja Betong AB,company,Hässleholm,Skåne län,Energikonvertering,Energikonvertering Industri,Pågående åtgärd,2027-09-30,4326693,,6180990,21633465,industrial_process_conversion,"Industrial energy engineering; boilers, furnaces, ovens, dryers; electric process heat; piping; electrical contractors; industrial automation; installation and commissioning",HIGH,UNCERTAIN,low,,,
NV-25-045639,2026-01-30,158,,Johnny Sohlberg,sole trader / unclassified,Grästorp,Västra Götalands län,Energikonvertering,Flispanna för att ersätta fossil energi,Pågående åtgärd,2026-12-31,819000,,1170000,4095000,heating_conversion_building,HVAC / heat pump installers; geothermal drilling; pellet and chip boiler suppliers; district heating connection,LOW,LIKELY_SELECTED,medium,,,
NV-25-045390,2026-01-29,159,,Vänersborgshem Sanden AB,company,Vänersborg,Västra Götalands län,Energikonvertering,Installation av värmepump,Slutförd åtgärd,2026-03-03,67593,,96561,337965,farm_electrification,Agricultural equipment dealers; electrical contractors for grid extension,LOW,LIKELY_SELECTED,medium,,,
NV-25-042639,2026-01-29,159,,Runlack Industrilackering AB,company,Ängelholm,Skåne län,Energikonvertering,Konvertering från naturgas till fjärrvärme i våtlackeringslinje,Pågående åtgärd,2027-03-31,546000,,780000,2730000,industrial_process_conversion,"Industrial energy engineering; boilers, furnaces, ovens, dryers; electric process heat; piping; electrical contractors; industrial automation; installation and commissioning",MEDIUM,UNCERTAIN,low,,,
NV-25-046107,2026-01-22,166,,Bönekullen 8 AB,company,Göteborg,Västra Götalands län,Energikonvertering,Energikonvertering,Pågående åtgärd,2026-09-30,3120000,,4457143,15600000,heating_conversion_building,HVAC / heat pump installers; geothermal drilling; pellet and chip boiler suppliers; district heating connection,MEDIUM,LIKELY_SELECTED,medium,,,
NV-25-045302,2026-01-22,166,,Sharpness XET AB,company,Nacka,Stockholms län,Energikonvertering,Konvertering Luft/vattenvärmepump i Saltsjö-Boo,Pågående åtgärd,2026-12-31,396500,,566429,1982500,heating_conversion_building,HVAC / heat pump installers; geothermal drilling; pellet and chip boiler suppliers; district heating connection,LOW,LIKELY_SELECTED,medium,,,
NV-25-046203,2026-01-19,169,,Ziedenborg AB,company,Trelleborg,Skåne län,Energikonvertering,Byte av värmesystem,Pågående åtgärd,2026-06-30,345600,,493714,1728000,heating_conversion_building,HVAC / heat pump installers; geothermal drilling; pellet and chip boiler suppliers; district heating connection,LOW,LIKELY_SELECTED,medium,,,
NV-25-042852,2026-01-15,173,,Iso-panel AB,company,Kristinehamn,Värmlands län,Energikonvertering,Energikonvertering oljepanna till värmepump,Pågående åtgärd,2026-10-30,724035,,1034336,3620175,heating_conversion_building,HVAC / heat pump installers; geothermal drilling; pellet and chip boiler suppliers; district heating connection,LOW,LIKELY_SELECTED,medium,,,
NV-25-042481,2026-01-15,173,,Genova Minnet Fastighet AB,company,Stockholm,Stockholms län,Energikonvertering,Energikonvertering genom byte av uppvärmningskälla från oljepanna till bergvärmepumpsanläggning.,Pågående åtgärd,2026-12-31,607500,,867857,3037500,heating_conversion_building,HVAC / heat pump installers; geothermal drilling; pellet and chip boiler suppliers; district heating connection,LOW,LIKELY_SELECTED,medium,,,
NV-25-046128,2026-01-12,176,,Rundelen Ekoägg AB,company,Linköping,Östergötlands län,Energikonvertering,Gödselomrörning med el istället för diesel,Pågående åtgärd,2026-12-31,60000,,85714,300000,farm_electrification,Agricultural equipment dealers; electrical contractors for grid extension,LOW,LIKELY_SELECTED,medium,,,
NV-25-042286,2026-01-12,176,,Equinus AB,company,Aneby,Jönköpings län,Energikonvertering,Klimatsmart arbetsmaskin för djurskötsel,Pågående åtgärd,2026-07-31,372500,,532143,1862500,farm_electrification,Agricultural equipment dealers; electrical contractors for grid extension,LOW,LIKELY_SELECTED,medium,,,
NV-25-046130,2026-01-08,180,,Sharpman Fastighet AB,company,Mjölby,Östergötlands län,Energikonvertering,Konvertera olja till fjärrvärme,Pågående åtgärd,2027-09-30,312000,,445714,1560000,heating_conversion_building,HVAC / heat pump installers; geothermal drilling; pellet and chip boiler suppliers; district heating connection,LOW,LIKELY_SELECTED,medium,,,
NV-25-043344,2026-01-08,180,,Guma Fastighets AB,company,Alvesta,Kronobergs län,Energikonvertering,Energikonvertering,Pågående åtgärd,2026-06-30,312650,,446643,1563250,heating_conversion_building,HVAC / heat pump installers; geothermal drilling; pellet and chip boiler suppliers; district heating connection,LOW,LIKELY_SELECTED,medium,,,
NV-25-043268,2026-01-08,180,,Kvarnagård Fastigheter AB,company,Värnamo,Jönköpings län,Energikonvertering,Utökad kapacitet av värmepump,Pågående åtgärd,2026-12-31,354250,,506071,1771250,heating_conversion_building,HVAC / heat pump installers; geothermal drilling; pellet and chip boiler suppliers; district heating connection,LOW,LIKELY_SELECTED,medium,,,
NV-25-045020,2025-12-22,16,,Bröttjestad Eko AB,company,Linköping,Östergötlands län,Energikonvertering,Eldrivna gödselskrapor,Pågående åtgärd,2026-12-31,192500,,275000,962500,farm_electrification,Agricultural equipment dealers; electrical contractors for grid extension,LOW,LIKELY_SELECTED,medium,,,
NV-25-045329,2025-12-18,20,,Biogas Nordöstra Skaraborg AB,company,Tibro,Västra Götalands län,Produktion biogas,Biogasproduktion i Tibro.,Pågående åtgärd,2030-04-30,298679238,,426684626,1493396190,biogas_production,"Biogas process equipment (digesters, upgrading, liquefaction, CHP); tanks; pumps; civil works; electrical; automation; gas grid connection",HIGH,UNCERTAIN,low,,,
NV-25-043146,2025-12-18,20,,Orkla Snacks Sverige AB,company,Filipstad,Värmlands län,Energikonvertering,Energikonvertering industri,Pågående åtgärd,2028-04-01,45900000,,65571429,229500000,industrial_process_conversion,"Industrial energy engineering; boilers, furnaces, ovens, dryers; electric process heat; piping; electrical contractors; industrial automation; installation and commissioning",HIGH,UNCERTAIN,low,,,
NV-25-042486,2025-12-18,20,,Poppels Bryggeri AB (publ),company,Partille,Västra Götalands län,Avfall,Installation av kolsyreåtervinningsanläggning,Pågående åtgärd,2026-09-30,472320,,674743,2361600,circular_recycling,"Specialised process machinery (sorting, textile, screening); conveyors; buildings and installation; electrical; automation",HIGH,UNCERTAIN,low,,,
NV-25-046244,2025-12-17,21,,Svevia AB,company,Strängnäs,Södermanlands län,Avfall,Asfalt med Lignin,Pågående åtgärd,2026-08-31,3739020,,5341457,18695100,circular_recycling,"Specialised process machinery (sorting, textile, screening); conveyors; buildings and installation; electrical; automation",HIGH,UNCERTAIN,low,,,
NV-25-046112,2025-12-17,21,,Marcus Kraft,sole trader / unclassified,Linköping,Östergötlands län,Energikonvertering,Strömaskin,Pågående åtgärd,2027-12-31,253082,,361546,1265410,farm_electrification,Agricultural equipment dealers; electrical contractors for grid extension,LOW,LIKELY_SELECTED,medium,,,
NV-25-045966,2025-12-17,21,,Prästhyttans Golfbana AB,company,Hedemora,Dalarnas län,Energikonvertering,Byte till luft-vatten uppvärmning,Pågående åtgärd,2026-08-31,128700,,183857,643500,heating_conversion_building,HVAC / heat pump installers; geothermal drilling; pellet and chip boiler suppliers; district heating connection,LOW,LIKELY_SELECTED,medium,,,
NV-25-045900,2025-12-17,21,,Marcus Kraft,sole trader / unclassified,Linköping,Östergötlands län,Energikonvertering,Eldriven utfodringsanläggning för nötkreatur,Pågående åtgärd,2027-12-31,522500,,746429,2612500,farm_electrification,Agricultural equipment dealers; electrical contractors for grid extension,LOW,LIKELY_SELECTED,medium,,,
NV-25-045381,2025-12-17,21,,Mariehem & Granelund jordbruks HB,company,Tomelilla,Skåne län,Energikonvertering,Byte av bevattningspump från diesel till eldrift,Pågående åtgärd,2026-06-15,108609,,155156,543045,farm_electrification,Agricultural equipment dealers; electrical contractors for grid extension,LOW,LIKELY_SELECTED,medium,,,
NV-25-043073,2025-12-17,21,,Skanska Industrial Solutions AB,company,Ale,Västra Götalands län,Energikonvertering,Elektrifiering Ale bergtäkt,Pågående åtgärd,2027-09-30,2625000,,3750000,13125000,quarry_electrification,"Electrical contractors; grid connection; electric crushers, conveyors and drives; transformers",MEDIUM,UNCERTAIN,low,,,
NV-25-043068,2025-12-17,21,,Ingvar Karlsson,sole trader / unclassified,Högsby,Kalmar län,Energikonvertering,Eldrivet fodersystem,Pågående åtgärd,2026-09-30,761000,,1087143,3805000,farm_electrification,Agricultural equipment dealers; electrical contractors for grid extension,LOW,LIKELY_SELECTED,medium,,,
NV-25-042876,2025-12-17,21,,Botans Lantbruk AB,company,Rättvik,Dalarnas län,Energikonvertering,Modernt eldrivet fodersystem,Pågående åtgärd,2027-12-31,1574195,,2248850,7870975,farm_electrification,Agricultural equipment dealers; electrical contractors for grid extension,LOW,LIKELY_SELECTED,medium,,,
NV-25-042850,2025-12-17,21,,Österfors Gård AB,company,Gagnef,Dalarnas län,Energikonvertering,Uppgradering med elektriskt utfodringssystem,Pågående åtgärd,2027-01-01,1426161,,2037373,7130805,farm_electrification,Agricultural equipment dealers; electrical contractors for grid extension,LOW,LIKELY_SELECTED,medium,,,
NV-25-042646,2025-12-17,21,,Skanska Industrial Solutions AB,company,Hallsberg,Örebro län,Energikonvertering,Elektrifiering Hallsberg bergtäkt,Pågående åtgärd,2027-08-30,3360000,,4800000,16800000,quarry_electrification,"Electrical contractors; grid connection; electric crushers, conveyors and drives; transformers",MEDIUM,UNCERTAIN,low,,,
NV-25-042431,2025-12-17,21,,Nijo Produkter,company (no legal form in name),Jönköping,Jönköpings län,Energikonvertering,Konvertering från olja till luft/luftvärmepump,Slutförd åtgärd,2026-03-01,65910,,94157,329550,heating_conversion_building,HVAC / heat pump installers; geothermal drilling; pellet and chip boiler suppliers; district heating connection,LOW,LIKELY_SELECTED,medium,,,
NV-25-046008,2025-12-15,23,,Eke Fastighetsbolag AB,company,Växjö,Kronobergs län,Energikonvertering,"Inköp av ny värmekälla, flispanna med installation.",Pågående åtgärd,2026-07-01,913410,,1304871,4567050,farm_electrification,Agricultural equipment dealers; electrical contractors for grid extension,LOW,LIKELY_SELECTED,medium,,,
NV-25-045690,2025-12-15,23,,Elis Textil Service AB,company,Vaggeryd,Jönköpings län,Energikonvertering,Pelletspanna Vaggeryd,Pågående åtgärd,2027-05-01,5332815,,7618307,26664075,heating_conversion_building,HVAC / heat pump installers; geothermal drilling; pellet and chip boiler suppliers; district heating connection,MEDIUM,LIKELY_SELECTED,medium,,,
NV-25-043214,2025-12-15,23,,"Dahlberg, Thomas",sole trader / unclassified,Ängelholm,Skåne län,Energikonvertering,Eldriven utfodring,Pågående åtgärd,2027-12-31,387500,,553571,1937500,farm_electrification,Agricultural equipment dealers; electrical contractors for grid extension,LOW,LIKELY_SELECTED,medium,,,
NV-25-043172,2025-12-15,23,,ISKCON Stockholm,association / foundation,Stockholm,Stockholms län,Energikonvertering,Fasa ut fossilbränsle helt - ersättning av oljepanna med bergvärmepump,Pågående åtgärd,2026-12-31,809250,,1156071,4046250,heating_conversion_building,HVAC / heat pump installers; geothermal drilling; pellet and chip boiler suppliers; district heating connection,LOW,LIKELY_SELECTED,medium,,,
NV-25-042469,2025-12-15,23,,S:t Eriks AB,company,Vänersborg,Västra Götalands län,Energikonvertering,Byte från oljepanna till bergvärme i Vänersborg,Pågående åtgärd,2026-12-31,1340100,,1914429,6700500,heating_conversion_building,HVAC / heat pump installers; geothermal drilling; pellet and chip boiler suppliers; district heating connection,LOW,LIKELY_SELECTED,medium,,,
NV-25-042263,2025-12-15,23,,Daniel Kjellberg,sole trader / unclassified,Eksjö,Jönköpings län,Energikonvertering,Investering i klimatsmart utfodring,Pågående åtgärd,2026-08-31,532500,,760714,2662500,farm_electrification,Agricultural equipment dealers; electrical contractors for grid extension,LOW,LIKELY_SELECTED,medium,,,
NV-25-044942,2025-12-11,27,,Alufluor AB,company,Helsingborg,Skåne län,Energikonvertering,Gas ersätts med fjärrvärme,Pågående åtgärd,2027-03-31,2362422,,3374889,11812110,heating_conversion_building,HVAC / heat pump installers; geothermal drilling; pellet and chip boiler suppliers; district heating connection,MEDIUM,LIKELY_SELECTED,medium,,,
NV-25-043056,2025-12-11,27,,Skanska Industrial Solutions AB,company,Botkyrka,Stockholms län,Energikonvertering,Elektrifiering Eriksberg bergtäkt,Pågående åtgärd,2027-12-31,1920000,,2742857,9600000,quarry_electrification,"Electrical contractors; grid connection; electric crushers, conveyors and drives; transformers",MEDIUM,UNCERTAIN,low,,,
NV-25-042657,2025-12-11,27,,Skanska Industrial Solutions AB,company,Eskilstuna,Södermanlands län,Energikonvertering,Elektrifiering Eskilstuna bergtäkt,Pågående åtgärd,2028-05-31,1530000,,2185714,7650000,quarry_electrification,"Electrical contractors; grid connection; electric crushers, conveyors and drives; transformers",MEDIUM,UNCERTAIN,low,,,
NV-25-042642,2025-12-11,27,,Skanska Industrial Solutions AB,company,Söderhamn,Gävleborgs län,Energikonvertering,Elektrifiering Renskalla bergtäkt,Pågående åtgärd,2028-09-30,2010000,,2871429,10050000,quarry_electrification,"Electrical contractors; grid connection; electric crushers, conveyors and drives; transformers",MEDIUM,UNCERTAIN,low,,,
NV-25-042591,2025-12-11,27,,Skanska Industrial Solutions AB,company,Sollefteå,Västernorrlands län,Energikonvertering,Elektrifiering Skärvsta bergtäkt,Pågående åtgärd,2028-09-30,1845000,,2635714,9225000,quarry_electrification,"Electrical contractors; grid connection; electric crushers, conveyors and drives; transformers",MEDIUM,UNCERTAIN,low,,,
NV-25-042511,2025-12-11,27,,Skanska Industrial Solutions AB,company,Borlänge,Dalarnas län,Energikonvertering,Elektrifiering Fågelmyra bergtäkt,Pågående åtgärd,2027-12-31,1275000,,1821429,6375000,quarry_electrification,"Electrical contractors; grid connection; electric crushers, conveyors and drives; transformers",MEDIUM,UNCERTAIN,low,,,
NV-25-042503,2025-12-11,27,,NCC Industry AB,company,Norrköping,Östergötlands län,Avfall,Återvinningsring på torktrumma för asfalttillverkning,Pågående åtgärd,2027-03-31,4400000,,6285714,22000000,circular_recycling,"Specialised process machinery (sorting, textile, screening); conveyors; buildings and installation; electrical; automation",HIGH,UNCERTAIN,low,,,
NV-25-042502,2025-12-11,27,,NCC Industry AB,company,Karlstad,Värmlands län,Avfall,Återvinningsring på torktrumma för asfalttillverkning,Pågående åtgärd,2026-12-31,4400000,,6285714,22000000,circular_recycling,"Specialised process machinery (sorting, textile, screening); conveyors; buildings and installation; electrical; automation",HIGH,UNCERTAIN,low,,,
NV-25-042342,2025-12-11,27,,Skorpvägen Förvaltning AB,company,Sölvesborg,Blekinge län,Energikonvertering,Ersätta befintliga tunnelugnar mot nya energieffektiva,Pågående åtgärd,2027-09-26,7273920,,10391314,36369600,industrial_process_conversion,"Industrial energy engineering; boilers, furnaces, ovens, dryers; electric process heat; piping; electrical contractors; industrial automation; installation and commissioning",HIGH,UNCERTAIN,low,,,
NV-25-042416,2025-12-08,30,,Erik Danielsson,sole trader / unclassified,Årjäng,Värmlands län,Energikonvertering,Eldriven foderhantering,Pågående åtgärd,2026-12-31,256000,,365714,1280000,farm_electrification,Agricultural equipment dealers; electrical contractors for grid extension,LOW,LIKELY_SELECTED,medium,,,
NV-25-045662,2025-12-04,34,,GUSTAVPRODUKTION AB,company,Linköping,Östergötlands län,Energikonvertering,Flispanna för att ersätta fossil energi,Pågående åtgärd,2026-12-31,204750,,292500,1023750,heating_conversion_building,HVAC / heat pump installers; geothermal drilling; pellet and chip boiler suppliers; district heating connection,LOW,LIKELY_SELECTED,medium,,,
NV-25-043230,2025-12-04,34,,Skanska Industrial Solutions AB,company,Mariestad,Västra Götalands län,Energikonvertering,Elektrifiering Jättaberget bergtäkt,Pågående åtgärd,2027-12-31,1470000,,2100000,7350000,quarry_electrification,"Electrical contractors; grid connection; electric crushers, conveyors and drives; transformers",MEDIUM,UNCERTAIN,low,,,
NV-25-045816,2025-12-01,37,,Glassbacka Mjölk AB,company,Falkenberg,Hallands län,Energikonvertering,Rälshängd foderrobot,Pågående åtgärd,2026-12-30,703226,,1004609,3516130,farm_electrification,Agricultural equipment dealers; electrical contractors for grid extension,LOW,LIKELY_SELECTED,medium,,,
NV-25-042466,2025-12-01,37,,Cristianssons Västergård AB,company,Simrishamn,Skåne län,Energikonvertering,Eldriven gödselomrörning,Pågående åtgärd,2026-03-31,71555,,102221,357775,farm_electrification,Agricultural equipment dealers; electrical contractors for grid extension,LOW,LIKELY_SELECTED,medium,,,
NV-25-046124,2025-11-27,41,,Emet Fastigheter AB,company,Kristinehamn,Värmlands län,Energikonvertering,Konvertering från oljeuppvärmning till bergvärme,Pågående åtgärd,2026-04-30,524062,,748660,2620310,heating_conversion_building,HVAC / heat pump installers; geothermal drilling; pellet and chip boiler suppliers; district heating connection,LOW,LIKELY_SELECTED,medium,,,
NV-25-043034,2025-11-27,41,,Skanska Industrial Solutions AB,company,Norrköping,Östergötlands län,Energikonvertering,Elektrifiering Ludden bergtäkt,Pågående åtgärd,2027-08-30,1980000,,2828571,9900000,quarry_electrification,"Electrical contractors; grid connection; electric crushers, conveyors and drives; transformers",MEDIUM,UNCERTAIN,low,,,
NV-25-042680,2025-11-27,41,,Duvehed 2:16 AB,company,Kungsbacka,Hallands län,Energikonvertering,Energikonvertering,Slutförd åtgärd,2026-05-18,702000,,1002857,3510000,heating_conversion_building,HVAC / heat pump installers; geothermal drilling; pellet and chip boiler suppliers; district heating connection,LOW,LIKELY_SELECTED,medium,,,
NV-25-042669,2025-11-27,41,,Skanska Industrial Solutions AB,company,Norrköping,Östergötlands län,Energikonvertering,Elektrifiering Häradsudden bergtäkt,Pågående åtgärd,2028-09-30,2145000,,3064286,10725000,quarry_electrification,"Electrical contractors; grid connection; electric crushers, conveyors and drives; transformers",MEDIUM,UNCERTAIN,low,,,
NV-25-042640,2025-11-27,41,,Skanska Industrial Solutions AB,company,Avesta,Dalarnas län,Energikonvertering,Elektrifiering Rembo bergtäkt,Pågående åtgärd,2029-12-31,2850000,,4071429,14250000,quarry_electrification,"Electrical contractors; grid connection; electric crushers, conveyors and drives; transformers",MEDIUM,UNCERTAIN,low,,,
NV-25-042611,2025-11-24,44,,Adolfsson Erik,sole trader / unclassified,Vårgårda,Västra Götalands län,Energikonvertering,Klimateffektivisera dikoproduktionen,Pågående åtgärd,2026-12-01,341200,,487429,1706000,farm_electrification,Agricultural equipment dealers; electrical contractors for grid extension,LOW,LIKELY_SELECTED,medium,,,
NV-25-045163,2025-11-20,48,,J Strömbergs mekaniska,sole trader / unclassified,Laholm,Hallands län,Energikonvertering,Ersättning av oljepanna med värmepump i hyresfastighet,Pågående åtgärd,2026-12-31,189150,,270214,945750,heating_conversion_building,HVAC / heat pump installers; geothermal drilling; pellet and chip boiler suppliers; district heating connection,LOW,LIKELY_SELECTED,medium,,,
NV-25-043205,2025-11-20,48,,SVEVIA AB,company,Norrköping,Östergötlands län,Energikonvertering,Elektrifiera krossning,Pågående åtgärd,2027-03-31,2115000,,3021429,10575000,quarry_electrification,"Electrical contractors; grid connection; electric crushers, conveyors and drives; transformers",MEDIUM,UNCERTAIN,low,,,
NV-25-037780,2025-09-04,125,,Lhyfe Vaggeryd AB,company,Vaggeryd,Jönköpings län,Infrastruktur,Förnybar vätgasproduktion i Vaggeryd,Pågående åtgärd,2029-12-31,130000000,,185714286,650000000,hydrogen,Electrolysers; compressors and storage; electrical/grid; civil works; engineering,HIGH,UNCERTAIN,low,,,
NV-24-035412,2025-05-23,45,,Thuressons Hönseri AB,company,Mörbylånga,Kalmar län,Energikonvertering,Biokolvärme till Thuressons Hönseri,Slutförd åtgärd,2025-08-31,3147500,,4496429,15737500,farm_electrification,Agricultural equipment dealers; electrical contractors for grid extension,LOW,LIKELY_SELECTED,medium,,,
NV-24-035507,2025-04-25,73,,Falan gård,company (no legal form in name),Karlskrona,Blekinge län,Energikonvertering,Installation av flispanna,Slutförd åtgärd,2025-07-28,1067690,,1525271,5338450,farm_electrification,Agricultural equipment dealers; electrical contractors for grid extension,LOW,LIKELY_SELECTED,medium,,,
NV-25-001552,2025-04-17,81,,Sojdungs Gård Aktiebolag,company,Gotland,Gotlands län,Energikonvertering,Strömaskin,Slutförd åtgärd,2025-08-29,664558,,949369,3322790,farm_electrification,Agricultural equipment dealers; electrical contractors for grid extension,LOW,LIKELY_SELECTED,medium,,,
NV-24-035568,2025-04-16,82,,Br. Lindby Fastigheter Aktiebolag,company,Gotland,Gotlands län,Energikonvertering,Investering parallelltrumma,Slutförd åtgärd,2025-08-29,2040750,,2915357,10203750,other,Unknown until description is read,UNKNOWN,UNCERTAIN,low,,,
NV-25-001126,2025-04-15,83,,Torsboda Industricenter AB,company,Timrå,Västernorrlands län,Energikonvertering,Konvertering från el/olja till bergvärme,Pågående åtgärd,2025-08-31,6695000,,9564286,33475000,heating_conversion_building,HVAC / heat pump installers; geothermal drilling; pellet and chip boiler suppliers; district heating connection,MEDIUM,LIKELY_SELECTED,medium,,,
NV-25-001433,2025-04-14,84,,Bodagårdens Charolais AB,company,Östersund,Jämtlands län,Energieffektivisering,Investering i Gödselcontainer,Slutförd åtgärd,2025-08-28,187000,,267143,935000,farm_electrification,Agricultural equipment dealers; electrical contractors for grid extension,LOW,LIKELY_SELECTED,medium,,,
NV-25-001383,2025-04-14,84,,Sörby gård i kil AB,company,Kil,Värmlands län,Energikonvertering,Klimatinvestering i foderhantering.,Slutförd åtgärd,2025-08-25,105000,,150000,525000,farm_electrification,Agricultural equipment dealers; electrical contractors for grid extension,LOW,LIKELY_SELECTED,medium,,,
NV-25-001204,2025-04-14,84,,Mjälgårds Mjölk & Maskin AB,company,Ulricehamn,Västra Götalands län,Energieffektivisering,Effektivare foderblandning genom kortare strålängd,Slutförd åtgärd,2025-07-15,280000,,400000,1400000,farm_electrification,Agricultural equipment dealers; electrical contractors for grid extension,LOW,LIKELY_SELECTED,medium,,,
NV-25-001610,2025-04-10,88,,Erik Ohlsson,sole trader / unclassified,Ovanåker,Gävleborgs län,Energikonvertering,Konvertering till eldrivet helautomatiserat utfodringssystem,Slutförd åtgärd,2025-08-28,1072500,,1532143,5362500,farm_electrification,Agricultural equipment dealers; electrical contractors for grid extension,LOW,LIKELY_SELECTED,medium,,,
NV-25-001483,2025-04-10,88,,Fryksdalens Fastigheter AB,company,Sunne,Värmlands län,Energieffektivisering,Utbyte av värmepump för att ta bort oljeberoende,Slutförd åtgärd,2025-08-27,104000,,148571,520000,heating_conversion_building,HVAC / heat pump installers; geothermal drilling; pellet and chip boiler suppliers; district heating connection,LOW,LIKELY_SELECTED,medium,,,
NV-25-001400,2025-04-10,88,,Lantegendomen i Christinelund AB,company,Kalmar,Kalmar län,Energikonvertering,Elektrifiering av gårdsarbeten,Slutförd åtgärd,2025-08-28,332000,,474286,1660000,farm_electrification,Agricultural equipment dealers; electrical contractors for grid extension,LOW,LIKELY_SELECTED,medium,,,
NV-25-001549,2025-04-07,91,,Ola Axelsson,sole trader / unclassified,Säffle,Värmlands län,Energieffektivisering,Minimerad jordbearbetning.,Slutförd åtgärd,2025-08-31,738210,,1054586,3691050,farm_electrification,Agricultural equipment dealers; electrical contractors for grid extension,LOW,LIKELY_SELECTED,medium,,,
NV-25-001167,2025-04-04,94,,Grusfix Sverige AB,company,Vara,Västra Götalands län,Energikonvertering,Elektrifiering av krossverk,Slutförd åtgärd,2025-08-21,4938500,,7055000,24692500,quarry_electrification,"Electrical contractors; grid connection; electric crushers, conveyors and drives; transformers",MEDIUM,UNCERTAIN,low,,,
NV-25-001065,2025-04-04,94,,Södertälje Mullvaden Förvaltning AB,company,Södertälje,Stockholms län,Energikonvertering,Energientreprenad - Konvertering från OLJE/EL till processåtervinning.,Slutförd åtgärd,2025-08-11,400000,,571429,2000000,circular_recycling,"Specialised process machinery (sorting, textile, screening); conveyors; buildings and installation; electrical; automation",HIGH,UNCERTAIN,low,,,
NV-25-000894,2025-04-04,94,,Fylla Gård AB,company,Vadstena,Östergötlands län,Energikonvertering,Effektivare torkstyrning,Slutförd åtgärd,2025-05-31,135750,,193929,678750,other,Unknown until description is read,UNKNOWN,UNCERTAIN,low,,,
NV-25-000873,2025-04-03,95,,Fredriksbyggtjänst,company (no legal form in name),Sjöbo,Skåne län,Fordon,Eldrivna arbetsmaskiner,Slutförd åtgärd,2025-06-25,186750,,266786,933750,vehicles_transport_other,Machinery dealers; civil contractors,LOW,UNCERTAIN,low,,,
NV-25-001070,2025-04-02,96,,Per Carlsson Enskild Firma,sole trader,Hjo,Västra Götalands län,Energieffektivisering,Större och färre lass,Slutförd åtgärd,2025-08-31,259500,,370714,1297500,other,Unknown until description is read,UNKNOWN,UNCERTAIN,low,,,
NV-25-001583,2025-04-01,97,,Johanna Catoni J & A Fastigheter Enskild firma,sole trader,Skara,Västra Götalands län,Energikonvertering,Fiberströanläggning Klimatklivet,Slutförd åtgärd,2025-08-30,1655578,,2365111,8277890,farm_electrification,Agricultural equipment dealers; electrical contractors for grid extension,LOW,LIKELY_SELECTED,medium,,,
NV-25-001436,2025-04-01,97,,Henrik Nyqvist,sole trader / unclassified,Sävsjö,Jönköpings län,Övrigt,Strömaskin,Slutförd åtgärd,2025-08-21,225276,,321823,1126380,farm_electrification,Agricultural equipment dealers; electrical contractors for grid extension,LOW,LIKELY_SELECTED,medium,,,
NV-25-001545,2025-03-27,102,,Oskar Palm,sole trader / unclassified,Gislaved,Jönköpings län,Energieffektivisering,Plansilo,Slutförd åtgärd,2025-08-29,1014000,,1448571,5070000,farm_electrification,Agricultural equipment dealers; electrical contractors for grid extension,LOW,LIKELY_SELECTED,medium,,,
NV-25-001405,2025-03-27,102,,Jakob Ansén,sole trader / unclassified,Gotland,Gotlands län,Energikonvertering,Eldrift i stället för traktordriven dieselpump,Slutförd åtgärd,2025-08-29,598388,,854840,2991940,farm_electrification,Agricultural equipment dealers; electrical contractors for grid extension,LOW,LIKELY_SELECTED,medium,,,
NV-25-001391,2025-03-27,102,,Skanska Industrial Solutions AB,company,Varberg,Hallands län,Energikonvertering,Elektrifiering Valinge,Slutförd åtgärd,2025-08-29,897058,,1281511,4485290,other,Unknown until description is read,UNKNOWN,UNCERTAIN,low,,,
NV-25-001202,2025-03-27,102,,Mjälgårds mjölk & Maskin AB,company,Ulricehamn,Västra Götalands län,Energieffektivisering,Byte av arbetsmaskin vid lantbruk,Slutförd åtgärd,2025-05-07,335000,,478571,1675000,farm_electrification,Agricultural equipment dealers; electrical contractors for grid extension,LOW,LIKELY_SELECTED,medium,,,
NV-25-001055,2025-03-27,102,,Patric`s Bygg & Alltjänst,company (no legal form in name),Västervik,Kalmar län,Energikonvertering,Energikonvertering industrifastighet,Slutförd åtgärd,2025-08-29,383500,,547857,1917500,industrial_process_conversion,"Industrial energy engineering; boilers, furnaces, ovens, dryers; electric process heat; piping; electrical contractors; industrial automation; installation and commissioning",MEDIUM,UNCERTAIN,low,,,
NV-25-000952,2025-03-27,102,,Kronogården Mjölk AB,company,Mark,Västra Götalands län,Energikonvertering,Byte av lastmaskin för utgödsling mot 2 st eldrivna gödselrobotar,Slutförd åtgärd,2025-08-29,429000,,612857,2145000,farm_electrification,Agricultural equipment dealers; electrical contractors for grid extension,LOW,LIKELY_SELECTED,medium,,,
NV-24-035594,2025-03-27,102,,Sörby gård i kil AB,company,Kil,Värmlands län,Energikonvertering,Klimatinvestering Gödselhantering,Slutförd åtgärd,2025-08-29,399650,,570929,1998250,farm_electrification,Agricultural equipment dealers; electrical contractors for grid extension,LOW,LIKELY_SELECTED,medium,,,
NV-25-001352,2025-03-24,105,,Boklunds åkeri,company (no legal form in name),Mariestad,Västra Götalands län,Energikonvertering,Energikonvertering industri,Slutförd åtgärd,2025-08-30,1335000,,1907143,6675000,industrial_process_conversion,"Industrial energy engineering; boilers, furnaces, ovens, dryers; electric process heat; piping; electrical contractors; industrial automation; installation and commissioning",HIGH,UNCERTAIN,low,,,
NV-25-001630,2025-03-21,108,,BJÄLBO TRÄDGÅRD AB,company,Mjölby,Östergötlands län,Energikonvertering,Bergvärme för att ersätta el och diesel,Slutförd åtgärd,2025-08-25,325000,,464286,1625000,heating_conversion_building,HVAC / heat pump installers; geothermal drilling; pellet and chip boiler suppliers; district heating connection,LOW,LIKELY_SELECTED,medium,,,
NV-25-001535,2025-03-20,109,,Hagman Nordic AB,company,Vara,Västra Götalands län,Energikonvertering,Ersätta oljepanna med värmepump,Slutförd åtgärd,2025-08-29,441900,,631286,2209500,heating_conversion_building,HVAC / heat pump installers; geothermal drilling; pellet and chip boiler suppliers; district heating connection,LOW,LIKELY_SELECTED,medium,,,
NV-25-001515,2025-03-20,109,,Forsbacka Terminal AB,company,Gävle,Gävleborgs län,Infrastruktur,Järnvägsterminal - Kombiterminal,Slutförd åtgärd,2025-08-31,17635789,,25193984,88178945,vehicles_transport_other,Machinery dealers; civil contractors,MEDIUM,UNCERTAIN,low,,,
NV-25-001147,2025-03-20,109,,Tessans i Sillre Älggårdsberget,company (no legal form in name),Ragunda,Jämtlands län,Energikonvertering,Utbyte Eldningsoljepanna mot Bergvärmeanläggning,Slutförd åtgärd,2025-08-31,1518400,,2169143,7592000,heating_conversion_building,HVAC / heat pump installers; geothermal drilling; pellet and chip boiler suppliers; district heating connection,MEDIUM,LIKELY_SELECTED,medium,,,
NV-25-000937,2025-03-20,109,,Frömansgården i Dala-Järna AB,company,Vansbro,Dalarnas län,Energikonvertering,Utbyte av foderblandare från dieseldrift till eldrift,Slutförd åtgärd,2025-08-31,927853,,1325504,4639265,farm_electrification,Agricultural equipment dealers; electrical contractors for grid extension,LOW,LIKELY_SELECTED,medium,,,
NV-25-001435,2025-03-19,110,,SAAB Barracuda AB,company,Västervik,Kalmar län,Energikonvertering,Bränslebyte och produktionssäkring på industrianläggning,Slutförd åtgärd,2025-08-31,3937500,,5625000,19687500,industrial_process_conversion,"Industrial energy engineering; boilers, furnaces, ovens, dryers; electric process heat; piping; electrical contractors; industrial automation; installation and commissioning",HIGH,UNCERTAIN,low,,,
NV-25-001432,2025-03-19,110,,Nils Eld,sole trader / unclassified,Örebro,Örebro län,Energikonvertering,Utgödsling ladugård,Slutförd åtgärd,2025-09-10,185000,,264286,925000,other,Unknown until description is read,UNKNOWN,UNCERTAIN,low,,,
NV-25-001421,2025-03-19,110,,Kjulsta Mjölk AB,company,Nyköping,Södermanlands län,Energikonvertering,Effektiviserad flytgödselspridning,Slutförd åtgärd,2025-07-15,380000,,542857,1900000,farm_electrification,Agricultural equipment dealers; electrical contractors for grid extension,LOW,LIKELY_SELECTED,medium,,,
NV-25-001389,2025-03-19,110,,Johan Linderkers,sole trader / unclassified,Lindesberg,Örebro län,Energieffektivisering,Elektrifierad Utfodringsanläggning,Slutförd åtgärd,2025-08-31,419250,,598929,2096250,farm_electrification,Agricultural equipment dealers; electrical contractors for grid extension,LOW,LIKELY_SELECTED,medium,,,
NV-25-001341,2025-03-19,110,,Åkerholmens Lantbruk AB,company,Falköping,Västra Götalands län,Energikonvertering,Rälshängd strömaskin,Pågående åtgärd,2026-08-31,851972,,1217103,4259860,farm_electrification,Agricultural equipment dealers; electrical contractors for grid extension,LOW,LIKELY_SELECTED,medium,,,
NV-25-001299,2025-03-19,110,,Österplana Agriturismo AB,company,Götene,Västra Götalands län,Energikonvertering,Energikonvertering i Österplana kyrka – Från olja till bergvärme,Slutförd åtgärd,2025-08-29,787670,,1125243,3938350,heating_conversion_building,HVAC / heat pump installers; geothermal drilling; pellet and chip boiler suppliers; district heating connection,LOW,LIKELY_SELECTED,medium,,,
NV-25-001159,2025-03-17,112,,Anders Birgersson,sole trader / unclassified,Linköping,Östergötlands län,Energikonvertering,Inköp av slang för gödselpumpning,Slutförd åtgärd,2025-08-31,115400,,164857,577000,farm_electrification,Agricultural equipment dealers; electrical contractors for grid extension,LOW,LIKELY_SELECTED,medium,,,
NV-25-001637,2025-03-14,115,,Nystedts Fastigheter AB,company,Eskilstuna,Södermanlands län,Energikonvertering,Konvertering från oljeeldad uppvärmning till bergvärme samt ventilation med värmepump,Slutförd åtgärd,2025-08-29,3270335,,4671907,16351675,heating_conversion_building,HVAC / heat pump installers; geothermal drilling; pellet and chip boiler suppliers; district heating connection,MEDIUM,LIKELY_SELECTED,medium,,,
NV-25-001508,2025-03-14,115,,Gyllene Kalvens Lantbruk c/o Olof Göransson Ziedén,company (no legal form in name),Tranås,Jönköpings län,Övrigt,Elektrifiering av fodersystem,Slutförd åtgärd,2025-08-16,462100,,660143,2310500,farm_electrification,Agricultural equipment dealers; electrical contractors for grid extension,LOW,LIKELY_SELECTED,medium,,,
NV-25-001454,2025-03-14,115,,Bondgården Fredrikslund AB,company,Säter,Dalarnas län,Fordon,MIni-lastmaskin,Slutförd åtgärd,2025-08-31,326500,,466429,1632500,vehicles_transport_other,Machinery dealers; civil contractors,LOW,UNCERTAIN,low,,,
NV-25-001452,2025-03-14,115,,S:t Eriks AB,company,Hallsberg,Örebro län,Energikonvertering,Byte från oljepanna till fjärrvärme i Hallsberg,Slutförd åtgärd,2025-08-15,151080,,215829,755400,heating_conversion_building,HVAC / heat pump installers; geothermal drilling; pellet and chip boiler suppliers; district heating connection,LOW,LIKELY_SELECTED,medium,,,
NV-25-000970,2025-03-14,115,,Göran Lagerstedt (enskild firma),sole trader,Varberg,Hallands län,Energieffektivisering,Bygge av gödselbrunn för att minska transporter av gödsel,Slutförd åtgärd,2025-06-24,312500,,446429,1562500,farm_electrification,Agricultural equipment dealers; electrical contractors for grid extension,LOW,LIKELY_SELECTED,medium,,,
NV-25-001546,2025-03-13,116,,SG:s Potatis AB,company,Hedemora,Dalarnas län,Energikonvertering,Köp av elpump och stamledning för bevattning av grödor!,Slutförd åtgärd,2025-07-31,95002,,135717,475010,farm_electrification,Agricultural equipment dealers; electrical contractors for grid extension,LOW,LIKELY_SELECTED,medium,,,
NV-25-001533,2025-03-13,116,,Byberg & Nordin Busstrafik AB,company,Kramfors,Västernorrlands län,Energikonvertering,Konvertering från oljepanna till bergvärmeanläggning.,Slutförd åtgärd,2025-08-22,476055,,680079,2380275,heating_conversion_building,HVAC / heat pump installers; geothermal drilling; pellet and chip boiler suppliers; district heating connection,LOW,LIKELY_SELECTED,medium,,,
NV-25-001654,2025-03-11,118,,Stansgårds Lantbruk AB,company,Svalöv,Skåne län,Energikonvertering,Bevattnings anläggnning,Slutförd åtgärd,2025-08-18,218042,,311489,1090210,farm_electrification,Agricultural equipment dealers; electrical contractors for grid extension,LOW,LIKELY_SELECTED,medium,,,
NV-25-001398,2025-03-11,118,,Johan Danielsson,sole trader / unclassified,Gotland,Gotlands län,Energikonvertering,investera i foderhantering,Slutförd åtgärd,2025-08-31,1111120,,1587314,5555600,farm_electrification,Agricultural equipment dealers; electrical contractors for grid extension,LOW,LIKELY_SELECTED,medium,,,
NV-25-001157,2025-03-11,118,,Johan Hensing AB,company,Mjölby,Östergötlands län,Energikonvertering,Bevattning med eldrift,Slutförd åtgärd,2025-06-30,95000,,135714,475000,farm_electrification,Agricultural equipment dealers; electrical contractors for grid extension,LOW,LIKELY_SELECTED,medium,,,
NV-24-035506,2025-03-11,118,,Stjernsunds Gård i Askersund AB,company,Örebro,Örebro län,Energikonvertering,Bevattning med eldrift,Slutförd åtgärd,2025-08-10,600000,,857143,3000000,farm_electrification,Agricultural equipment dealers; electrical contractors for grid extension,LOW,LIKELY_SELECTED,medium,,,
NV-24-003974,2025-03-11,118,,Valle Blästring AB,company,Skara,Västra Götalands län,Energikonvertering,Byta ut Oljepannor,Slutförd åtgärd,2025-08-01,449150,,641643,2245750,heating_conversion_building,HVAC / heat pump installers; geothermal drilling; pellet and chip boiler suppliers; district heating connection,LOW,LIKELY_SELECTED,medium,,,
NV-25-001589,2025-03-06,123,,AB CA Cedergren,company,Mönsterås,Kalmar län,Energikonvertering,Byte av panna för uppvärmning.,Slutförd åtgärd,2025-08-30,6809000,,9727143,34045000,heating_conversion_building,HVAC / heat pump installers; geothermal drilling; pellet and chip boiler suppliers; district heating connection,MEDIUM,LIKELY_SELECTED,medium,,,
NV-25-001417,2025-03-06,123,,Daniel Germundsson,sole trader / unclassified,Linköping,Östergötlands län,Energikonvertering,Energikonvertering gödselpump,Slutförd åtgärd,2025-08-31,83500,,119286,417500,farm_electrification,Agricultural equipment dealers; electrical contractors for grid extension,LOW,LIKELY_SELECTED,medium,,,
NV-25-002565,2025-03-05,124,,Malmar AB,company,Simrishamn,Skåne län,Energikonvertering,Konvertering av värmepanna,Slutförd åtgärd,2025-08-20,779701,,1113859,3898505,heating_conversion_building,HVAC / heat pump installers; geothermal drilling; pellet and chip boiler suppliers; district heating connection,LOW,LIKELY_SELECTED,medium,,,
NV-25-001414,2025-03-05,124,,Hargs Bruk AB,company,Östhammar,Uppsala län,Energikonvertering,Elektrifiering Parksjön för bevattning,Slutförd åtgärd,2025-05-27,267447,,382067,1337235,farm_electrification,Agricultural equipment dealers; electrical contractors for grid extension,LOW,LIKELY_SELECTED,medium,,,
NV-25-001248,2025-03-05,124,,ÅKERSTORP LANTBRUK AB,company,Linköping,Östergötlands län,Energieffektivisering,Halmrivare för minskad dieselförbrukning,Slutförd åtgärd,2025-05-20,125000,,178571,625000,farm_electrification,Agricultural equipment dealers; electrical contractors for grid extension,LOW,LIKELY_SELECTED,medium,,,
NV-25-001194,2025-03-05,124,,Harpsundsnämnden,public body,Flen,Södermanlands län,Energikonvertering,Eldriven foderblandare,Slutförd åtgärd,2025-05-29,524564,,749377,2622820,farm_electrification,Agricultural equipment dealers; electrical contractors for grid extension,LOW,UNCERTAIN,low,,,
NV-25-001087,2025-03-05,124,,J.E.A.R Fastigheter Dombäck AB,company,Örnsköldsvik,Västernorrlands län,Energikonvertering,Byte av oljepanna,Slutförd åtgärd,2025-07-01,487500,,696429,2437500,heating_conversion_building,HVAC / heat pump installers; geothermal drilling; pellet and chip boiler suppliers; district heating connection,LOW,LIKELY_SELECTED,medium,,,
NV-24-035462,2025-03-05,124,,Lundgrens Nyåkra AB,company,Ystad,Skåne län,Energikonvertering,Konvertering Bevattning,Slutförd åtgärd,2025-08-31,175000,,250000,875000,farm_electrification,Agricultural equipment dealers; electrical contractors for grid extension,LOW,LIKELY_SELECTED,medium,,,
NV-24-009655,2025-03-05,124,,Qvantenburgs SÄteri AB,company,Mellerud,Västra Götalands län,Energikonvertering,Qvantenburgs elomrörning,Slutförd åtgärd,2025-08-29,216000,,308571,1080000,farm_electrification,Agricultural equipment dealers; electrical contractors for grid extension,LOW,LIKELY_SELECTED,medium,,,
NV-25-001537,2025-03-03,126,,Kabbarps Trädgård AB,company,Staffanstorp,Skåne län,Energikonvertering,Byta oljepanna till pelletspanna,Slutförd åtgärd,2025-08-13,2198468,,3140669,10992340,heating_conversion_building,HVAC / heat pump installers; geothermal drilling; pellet and chip boiler suppliers; district heating connection,MEDIUM,LIKELY_SELECTED,medium,,,
NV-25-001493,2025-03-03,126,,Rundarve Varplöse Lantbruk AB,company,Gotland,Gotlands län,Energieffektivisering,Investering i elektrisk gödselomrörare,Slutförd åtgärd,2025-08-31,125050,,178643,625250,farm_electrification,Agricultural equipment dealers; electrical contractors for grid extension,LOW,LIKELY_SELECTED,medium,,,
NV-25-001482,2025-03-03,126,,GÅRDEN OLOF LARS AB,company,Varberg,Hallands län,Energikonvertering,Eldrift av gödselpump och omrörare,Slutförd åtgärd,2025-08-25,435000,,621429,2175000,farm_electrification,Agricultural equipment dealers; electrical contractors for grid extension,LOW,LIKELY_SELECTED,medium,,,
NV-25-001428,2025-03-03,126,,Jonas Rudman,sole trader / unclassified,Mörbylånga,Kalmar län,Energikonvertering,Inköp av elektrisk gödselpump,Slutförd åtgärd,2025-04-09,104480,,149257,522400,farm_electrification,Agricultural equipment dealers; electrical contractors for grid extension,LOW,LIKELY_SELECTED,medium,,,
NV-25-001412,2025-03-03,126,,Kjulsta Mjölk AB,company,Nyköping,Södermanlands län,Energikonvertering,Gödselomrörning med el,Slutförd åtgärd,2025-08-15,73745,,105350,368725,farm_electrification,Agricultural equipment dealers; electrical contractors for grid extension,LOW,LIKELY_SELECTED,medium,,,
NV-25-001407,2025-03-03,126,,Rosdala HB,company,Simrishamn,Skåne län,Energikonvertering,Gödselomrörning med el istället för diesel,Slutförd åtgärd,2025-08-28,81878,,116969,409390,farm_electrification,Agricultural equipment dealers; electrical contractors for grid extension,LOW,LIKELY_SELECTED,medium,,,
NV-25-001351,2025-03-03,126,,Åkerholmens Lantbruk AB,company,Falköping,Västra Götalands län,Energikonvertering,Byte till eldriven gödselpump med omrörning till eldriven pump med separat elomrörning,Slutförd åtgärd,2025-08-05,151543,,216490,757715,farm_electrification,Agricultural equipment dealers; electrical contractors for grid extension,LOW,LIKELY_SELECTED,medium,,,
NV-25-001309,2025-03-03,126,,Sölvatorp Lantbruk AB,company,Vårgårda,Västra Götalands län,Energikonvertering,Klimatklivet elomrörare,Slutförd åtgärd,2025-08-31,54290,,77557,271450,farm_electrification,Agricultural equipment dealers; electrical contractors for grid extension,LOW,LIKELY_SELECTED,medium,,,
NV-25-001229,2025-03-03,126,,Kjell Sandahl enskild firma,sole trader,Vetlanda,Jönköpings län,Energikonvertering,Klimateffektivare gödselhantering,Slutförd åtgärd,2025-08-31,300846,,429780,1504230,farm_electrification,Agricultural equipment dealers; electrical contractors for grid extension,LOW,LIKELY_SELECTED,medium,,,
NV-25-001013,2025-03-03,126,,ALKARP LANTBRUK AB,company,Mjölby,Östergötlands län,Energikonvertering,Bevattning med eldrift,Slutförd åtgärd,2025-06-15,135000,,192857,675000,farm_electrification,Agricultural equipment dealers; electrical contractors for grid extension,LOW,LIKELY_SELECTED,medium,,,
NV-25-000885,2025-03-03,126,,Tjurit AB,company,Sävsjö,Jönköpings län,Produktion biogas,Gödsel till biogasverk istället för direkt ut på åkern,Slutförd åtgärd,2025-08-31,108877,,155539,544385,biogas_production,"Biogas process equipment (digesters, upgrading, liquefaction, CHP); tanks; pumps; civil works; electrical; automation; gas grid connection",HIGH,UNCERTAIN,low,,,
NV-24-035441,2025-03-03,126,,Unihome,sole trader / unclassified,Nacka,Stockholms län,Energikonvertering,Konvertering Luft/vattenvärmepump i Saltsjö-Boo,Slutförd åtgärd,2025-08-31,401050,,572929,2005250,heating_conversion_building,HVAC / heat pump installers; geothermal drilling; pellet and chip boiler suppliers; district heating connection,LOW,LIKELY_SELECTED,medium,,,
NV-25-001356,2025-03-02,127,,Karlshamn Energi AB,energy/utility company (often municipal),Karlshamn,Blekinge län,Infrastruktur,Konvertering EO1-FV KEAB,Slutförd åtgärd,2025-08-09,325488,,464983,1627440,other,Unknown until description is read,UNKNOWN,UNCERTAIN,low,,,
NV-25-001579,2025-02-27,130,,Nils Larsson,sole trader / unclassified,Nora,Örebro län,Energikonvertering,Installation av pelletspanna,Slutförd åtgärd,2025-07-09,434850,,621214,2174250,farm_electrification,Agricultural equipment dealers; electrical contractors for grid extension,LOW,LIKELY_SELECTED,medium,,,
NV-25-001490,2025-02-27,130,,Per Daniel Lindkvister,sole trader / unclassified,Karlstad,Värmlands län,Energikonvertering,Installation - utbyte foderblandare i mjölkproduktion,Slutförd åtgärd,2025-06-18,265000,,378571,1325000,farm_electrification,Agricultural equipment dealers; electrical contractors for grid extension,LOW,LIKELY_SELECTED,medium,,,
NV-25-001409,2025-02-27,130,,Torebo Gård AB,company,Falkenberg,Hallands län,Energikonvertering,Eldriven kompaktlastare,Slutförd åtgärd,2025-06-10,247500,,353571,1237500,farm_electrification,Agricultural equipment dealers; electrical contractors for grid extension,LOW,LIKELY_SELECTED,medium,,,
NV-25-001364,2025-02-27,130,,Gustav Gärskog,sole trader / unclassified,Vaggeryd,Jönköpings län,Energikonvertering,Klimateffektiv foderblandning,Slutförd åtgärd,2025-08-20,469057,,670081,2345285,farm_electrification,Agricultural equipment dealers; electrical contractors for grid extension,LOW,LIKELY_SELECTED,medium,,,
NV-25-001284,2025-02-27,130,,Anders Lönnåker,sole trader / unclassified,Hässleholm,Skåne län,Energikonvertering,Eldriven bevattning,Slutförd åtgärd,2025-08-29,265938,,379911,1329690,farm_electrification,Agricultural equipment dealers; electrical contractors for grid extension,LOW,LIKELY_SELECTED,medium,,,
NV-25-001062,2025-02-27,130,,Granhill Lantbruks AB,company,Ystad,Skåne län,Energikonvertering,Elanlsutning för eldriven bevattning,Slutförd åtgärd,2025-08-20,113356,,161937,566780,farm_electrification,Agricultural equipment dealers; electrical contractors for grid extension,LOW,LIKELY_SELECTED,medium,,,
NV-25-001026,2025-02-27,130,,Egon Stenseke,sole trader / unclassified,Vårgårda,Västra Götalands län,Energikonvertering,Strömaskin,Slutförd åtgärd,2025-04-15,181714,,259591,908570,farm_electrification,Agricultural equipment dealers; electrical contractors for grid extension,LOW,LIKELY_SELECTED,medium,,,
NV-25-000992,2025-02-27,130,,Mathias Börjesson,sole trader / unclassified,Varberg,Hallands län,Energikonvertering,Lely Vector,Slutförd åtgärd,2025-08-25,1379500,,1970714,6897500,farm_electrification,Agricultural equipment dealers; electrical contractors for grid extension,LOW,LIKELY_SELECTED,medium,,,
NV-25-000982,2025-02-27,130,,Hanson Ranch Aktiebolag,company,Ystad,Skåne län,Energikonvertering,Byta dieseldrivna pumpar mot elpumpar för bevattning,Slutförd åtgärd,2025-08-31,281990,,402843,1409950,farm_electrification,Agricultural equipment dealers; electrical contractors for grid extension,LOW,LIKELY_SELECTED,medium,,,
NV-25-000968,2025-02-27,130,,Andreas Sjöberg,sole trader / unclassified,Ydre,Östergötlands län,Energikonvertering,Eldriven bevattning,Slutförd åtgärd,2025-08-31,189184,,270263,945920,farm_electrification,Agricultural equipment dealers; electrical contractors for grid extension,LOW,LIKELY_SELECTED,medium,,,
NV-25-000902,2025-02-27,130,,JB Beef AB,company,Mjölby,Östergötlands län,Energikonvertering,Ny eldriven mixer,Slutförd åtgärd,2025-08-31,587500,,839286,2937500,farm_electrification,Agricultural equipment dealers; electrical contractors for grid extension,LOW,LIKELY_SELECTED,medium,,,
NV-25-000879,2025-02-27,130,,Kristian Petersson Enskild firma,sole trader,Västervik,Kalmar län,Energikonvertering,Eldriven bevattningsanläggning,Slutförd åtgärd,2025-08-29,195332,,279046,976660,farm_electrification,Agricultural equipment dealers; electrical contractors for grid extension,LOW,LIKELY_SELECTED,medium,,,
NV-24-035533,2025-02-27,130,,Ler & Lava Agro AB,company,Söderköping,Östergötlands län,Energikonvertering,smart och automatisk ströning,Slutförd åtgärd,2025-08-25,254130,,363043,1270650,farm_electrification,Agricultural equipment dealers; electrical contractors for grid extension,LOW,LIKELY_SELECTED,medium,,,
NV-24-035478,2025-02-27,130,,Rolf Nyman,sole trader / unclassified,Uppsala,Uppsala län,Energikonvertering,mini el-lastare,Slutförd åtgärd,2025-03-26,121887,,174124,609435,farm_electrification,Agricultural equipment dealers; electrical contractors for grid extension,LOW,LIKELY_SELECTED,medium,,,
NV-24-035461,2025-02-27,130,,JLS Förvaltning AB,company,Falkenberg,Hallands län,Energikonvertering,Byte av oljepannor till en ny luft/vatten värmepump,Slutförd åtgärd,2025-08-20,292500,,417857,1462500,heating_conversion_building,HVAC / heat pump installers; geothermal drilling; pellet and chip boiler suppliers; district heating connection,LOW,LIKELY_SELECTED,medium,,,
NV-25-001585,2025-02-26,131,,F:a Magnus Gunnarsson,sole trader,Laholm,Hallands län,Energikonvertering,"Konvertering av verkstadsuppvärmning i Ålstorp, Laholm",Slutförd åtgärd,2025-08-31,19980,,28543,99900,heating_conversion_building,HVAC / heat pump installers; geothermal drilling; pellet and chip boiler suppliers; district heating connection,LOW,LIKELY_SELECTED,medium,,,
NV-25-001430,2025-02-26,131,,Förbo Aktiebolag,company,Härryda,Västra Götalands län,Energikonvertering,Byte av värmekälla till värmepumpar,Slutförd åtgärd,2025-08-22,1260000,,1800000,6300000,farm_electrification,Agricultural equipment dealers; electrical contractors for grid extension,LOW,LIKELY_SELECTED,medium,,,
NV-25-001308,2025-02-26,131,,Vagabond P1 Varberg AB,company,Varberg,Hallands län,Energikonvertering,Energikonvertering,Slutförd åtgärd,2025-08-15,134550,,192214,672750,heating_conversion_building,HVAC / heat pump installers; geothermal drilling; pellet and chip boiler suppliers; district heating connection,LOW,LIKELY_SELECTED,medium,,,
NV-25-001297,2025-02-26,131,,M1 Exit East AB,company,Falkenberg,Hallands län,Energikonvertering,Energikonvertering Oljepanna i Varberg,Slutförd åtgärd,2025-08-15,107250,,153214,536250,heating_conversion_building,HVAC / heat pump installers; geothermal drilling; pellet and chip boiler suppliers; district heating connection,LOW,LIKELY_SELECTED,medium,,,
NV-25-001221,2025-02-26,131,,PTG Förvaltnings AB,company,Hudiksvall,Gävleborgs län,Energikonvertering,Konvertering olja Furulund 5:1,Slutförd åtgärd,2025-08-25,538720,,769600,2693600,heating_conversion_building,HVAC / heat pump installers; geothermal drilling; pellet and chip boiler suppliers; district heating connection,LOW,LIKELY_SELECTED,medium,,,
NV-25-001212,2025-02-26,131,,EJAX AB,company,Hudiksvall,Gävleborgs län,Energikonvertering,Konvertering värmesystem F5:4,Slutförd åtgärd,2025-08-25,814125,,1163036,4070625,heating_conversion_building,HVAC / heat pump installers; geothermal drilling; pellet and chip boiler suppliers; district heating connection,LOW,LIKELY_SELECTED,medium,,,
NV-25-001063,2025-02-26,131,,Rakama AB,company,Munkedal,Västra Götalands län,Energikonvertering,Rakama tar bort oljeeldningen.,Slutförd åtgärd,2025-05-15,379500,,542143,1897500,heating_conversion_building,HVAC / heat pump installers; geothermal drilling; pellet and chip boiler suppliers; district heating connection,LOW,LIKELY_SELECTED,medium,,,
NV-25-000866,2025-02-26,131,,Filipstads Specialmaskiner Aktiebolag,company,Filipstad,Värmlands län,Energikonvertering,"Konvertering av värmesystem, olja till bergvärme",Slutförd åtgärd,2025-08-12,701155,,1001650,3505775,heating_conversion_building,HVAC / heat pump installers; geothermal drilling; pellet and chip boiler suppliers; district heating connection,LOW,LIKELY_SELECTED,medium,,,
NV-24-035610,2025-02-26,131,,Askliden AB,company,Trelleborg,Skåne län,Energikonvertering,Biobränsle till tork,Slutförd åtgärd,2025-08-31,650000,,928571,3250000,heating_conversion_building,HVAC / heat pump installers; geothermal drilling; pellet and chip boiler suppliers; district heating connection,LOW,LIKELY_SELECTED,medium,,,
NV-24-035584,2025-02-26,131,,Kågegården Lantbruks AB,company,Skellefteå,Västerbottens län,Energikonvertering,Lantbruk energikonvertering,Slutförd åtgärd,2025-08-30,2160000,,3085714,10800000,farm_electrification,Agricultural equipment dealers; electrical contractors for grid extension,LOW,LIKELY_SELECTED,medium,,,
NV-24-035575,2025-02-26,131,,Linde Energi Värme  AB,energy/utility company (often municipal),Lindesberg,Örebro län,Energikonvertering,"Förnybar fjärrvärme i Frövi,  pannanläggning",Slutförd åtgärd,2025-12-31,1609445,,2299207,8047225,district_heating,Pipe and civil contractors; pre-insulated pipe; substations; utility engineering,MEDIUM,LIKELY_OPEN,medium,,,
NV-24-035342,2025-02-26,131,,Tvetens Gård AB,company,Vänersborg,Västra Götalands län,Energikonvertering,Investering i biobränslepanna på Tvetens gård.,Slutförd åtgärd,2025-06-30,962520,,1375029,4812600,heating_conversion_building,HVAC / heat pump installers; geothermal drilling; pellet and chip boiler suppliers; district heating connection,LOW,LIKELY_SELECTED,medium,,,
NV-25-001557,2025-02-25,132,,Vårgårda Herrljunga Biogas AB,company,Vårgårda,Västra Götalands län,Produktion biogas,Rötgaskammare 4,Slutförd åtgärd,2025-08-31,7736591,,11052273,38682955,biogas_production,"Biogas process equipment (digesters, upgrading, liquefaction, CHP); tanks; pumps; civil works; electrical; automation; gas grid connection",HIGH,UNCERTAIN,low,,,
NV-25-001166,2025-02-24,133,,Daniel Carlsson,sole trader / unclassified,Skövde,Västra Götalands län,Energikonvertering,Flispanna för att ersätta fossil energi,Slutförd åtgärd,2025-08-25,497750,,711071,2488750,heating_conversion_building,HVAC / heat pump installers; geothermal drilling; pellet and chip boiler suppliers; district heating connection,LOW,LIKELY_SELECTED,medium,,,
NV-24-035517,2025-02-24,133,,Ekets Precision AB,company,Örkelljunga,Skåne län,Energikonvertering,Bergvärme installation,Slutförd åtgärd,2025-08-28,1430000,,2042857,7150000,farm_electrification,Agricultural equipment dealers; electrical contractors for grid extension,LOW,LIKELY_SELECTED,medium,,,
NV-24-035473,2025-02-24,133,,Titab Pac AB,company,Norrköping,Östergötlands län,Avfall,Minskning av CO2 genom inhouse produktion,Slutförd åtgärd,2025-08-30,6500000,,9285714,32500000,circular_recycling,"Specialised process machinery (sorting, textile, screening); conveyors; buildings and installation; electrical; automation",HIGH,UNCERTAIN,low,,,
NV-25-001649,2025-02-20,137,,Byberg & Nordin Buss AB,company,Ånge,Västernorrlands län,Energikonvertering,Konvertering från oljepanna till bergvärmeanläggning.,Slutförd åtgärd,2025-08-24,294184,,420263,1470920,heating_conversion_building,HVAC / heat pump installers; geothermal drilling; pellet and chip boiler suppliers; district heating connection,LOW,LIKELY_SELECTED,medium,,,
NV-25-001588,2025-02-20,137,,Wilson & Lantz Byggnadsvård AB,company,Malmö,Skåne län,Energikonvertering,Byte av oljepanna till luftvärmepump i fastighet,Slutförd åtgärd,2025-08-15,275362,,393374,1376810,heating_conversion_building,HVAC / heat pump installers; geothermal drilling; pellet and chip boiler suppliers; district heating connection,LOW,LIKELY_SELECTED,medium,,,
NV-25-001517,2025-02-20,137,,Ola Eriksson,sole trader / unclassified,Lilla Edet,Västra Götalands län,Energikonvertering,Utbyte av oljepanna till biobränslepanna för torkning av spannmål,Slutförd åtgärd,2025-08-29,891424,,1273463,4457120,farm_electrification,Agricultural equipment dealers; electrical contractors for grid extension,LOW,LIKELY_SELECTED,medium,,,
NV-25-001431,2025-02-20,137,,Alingsås kommun,public body,Alingsås,Västra Götalands län,Gasutsläpp,Minskning av metanutsläpp från Bälinge deponi.,Slutförd åtgärd,2025-08-31,318400,,454857,1592000,gas_abatement,Process measurement; wastewater process equipment; landfill gas systems; consultants,MEDIUM,LIKELY_OPEN,medium,,,
NV-25-001222,2025-02-20,137,,GislaTorp Allégatan AB,company,Gislaved,Jönköpings län,Energikonvertering,Byte av uppvärmningssystem på fastigheten Allégatan 6 i Anderstorp.,Slutförd åtgärd,2025-08-31,507812,,725446,2539060,heating_conversion_building,HVAC / heat pump installers; geothermal drilling; pellet and chip boiler suppliers; district heating connection,LOW,LIKELY_SELECTED,medium,,,
NV-25-001153,2025-02-20,137,,AB Hundra Fastighetsförvaltning AB,company,Kungsbacka,Hallands län,Energikonvertering,Energikonvertering,Slutförd åtgärd,2025-06-16,523250,,747500,2616250,heating_conversion_building,HVAC / heat pump installers; geothermal drilling; pellet and chip boiler suppliers; district heating connection,LOW,LIKELY_SELECTED,medium,,,
NV-24-035480,2025-02-20,137,,Kristian Schentz,sole trader / unclassified,Lessebo,Kronobergs län,Energikonvertering,Anpassning av vattenförsörjningssystem till el,Slutförd åtgärd,2025-08-29,105500,,150714,527500,other,Unknown until description is read,UNKNOWN,UNCERTAIN,low,,,
NV-25-001596,2025-02-19,138,,Kärrdala Handelsbolag,company,Kristianstad,Skåne län,Energikonvertering,Konvertering från oljeuppvärmning till värmepump,Slutförd åtgärd,2025-07-10,84000,,120000,420000,heating_conversion_building,HVAC / heat pump installers; geothermal drilling; pellet and chip boiler suppliers; district heating connection,LOW,LIKELY_SELECTED,medium,,,
NV-25-001574,2025-02-19,138,,Sollidens Handelsträdgård Aktiebolag,company,Sotenäs,Västra Götalands län,Energikonvertering,Ersättning av befintligt uppvärmningssystem,Slutförd åtgärd,2025-08-29,485803,,694004,2429015,heating_conversion_building,HVAC / heat pump installers; geothermal drilling; pellet and chip boiler suppliers; district heating connection,LOW,LIKELY_SELECTED,medium,,,
NV-25-001502,2025-02-19,138,,Vitemölla Badhotell AB,company,Simrishamn,Skåne län,Energikonvertering,Byte från eldningsolja till bergvärme på Vitemölla Badhotell på Österlen,Slutförd åtgärd,2025-07-25,1300000,,1857143,6500000,heating_conversion_building,HVAC / heat pump installers; geothermal drilling; pellet and chip boiler suppliers; district heating connection,LOW,LIKELY_SELECTED,medium,,,
NV-25-001495,2025-02-19,138,,Kjell & Co AB,company,Karlstad,Värmlands län,Energikonvertering,Flispanna för att ersätta olja,Slutförd åtgärd,2025-08-31,1045000,,1492857,5225000,heating_conversion_building,HVAC / heat pump installers; geothermal drilling; pellet and chip boiler suppliers; district heating connection,LOW,LIKELY_SELECTED,medium,,,
NV-25-001404,2025-02-19,138,,Växthuset 365 AB,company,Helsingborg,Skåne län,Energikonvertering,Konvertering till pelletspanna,Slutförd åtgärd,2025-08-22,2015000,,2878571,10075000,heating_conversion_building,HVAC / heat pump installers; geothermal drilling; pellet and chip boiler suppliers; district heating connection,MEDIUM,LIKELY_SELECTED,medium,,,
NV-25-001275,2025-02-19,138,,VÄNGE RINGATORP LANTBRUKS AB,company,Linköping,Östergötlands län,Energikonvertering,Luftvärmepump för att ersätta diesel,Slutförd åtgärd,2025-07-04,45500,,65000,227500,heating_conversion_building,HVAC / heat pump installers; geothermal drilling; pellet and chip boiler suppliers; district heating connection,LOW,LIKELY_SELECTED,medium,,,
NV-25-001171,2025-02-19,138,,Östavalls Fastigheter AB,company,Ånge,Västernorrlands län,Energikonvertering,Bergvärmeinstallation,Slutförd åtgärd,2025-03-24,340600,,486571,1703000,farm_electrification,Agricultural equipment dealers; electrical contractors for grid extension,LOW,LIKELY_SELECTED,medium,,,
NV-25-001160,2025-02-19,138,,Björn Roland,sole trader / unclassified,Lidköping,Västra Götalands län,Energikonvertering,Pelletspanna Björklunda,Slutförd åtgärd,2025-08-12,260000,,371429,1300000,heating_conversion_building,HVAC / heat pump installers; geothermal drilling; pellet and chip boiler suppliers; district heating connection,LOW,LIKELY_SELECTED,medium,,,
NV-25-001014,2025-02-19,138,,Fredrik Hilmersson,sole trader / unclassified,Tingsryd,Kronobergs län,Produktion biogas,Komplettering med ytterligare omrörare i befintlig biogasanläggning,Slutförd åtgärd,2025-08-25,70263,,100376,351315,biogas_production,"Biogas process equipment (digesters, upgrading, liquefaction, CHP); tanks; pumps; civil works; electrical; automation; gas grid connection",HIGH,UNCERTAIN,low,,,
NV-25-000788,2025-02-19,138,,Bobe Plast AB,company,Vansbro,Dalarnas län,Energikonvertering,Energikonvertering till bergvärme,Slutförd åtgärd,2025-06-18,327340,,467629,1636700,heating_conversion_building,HVAC / heat pump installers; geothermal drilling; pellet and chip boiler suppliers; district heating connection,LOW,LIKELY_SELECTED,medium,,,
NV-24-035621,2025-02-19,138,,Piebe Wester,sole trader / unclassified,Laholm,Hallands län,Övrigt,I love the smell of shit in the morning,Slutförd åtgärd,2025-08-29,766800,,1095429,3834000,farm_electrification,Agricultural equipment dealers; electrical contractors for grid extension,LOW,LIKELY_SELECTED,medium,,,
NV-24-035587,2025-02-19,138,,Bostadsrättsföreningen Stensjöpärlan,association / foundation,Västerås,Västmanlands län,Energikonvertering,Konvertering från oljeeldning till värmepump,Slutförd åtgärd,2025-06-22,360750,,515357,1803750,heating_conversion_building,HVAC / heat pump installers; geothermal drilling; pellet and chip boiler suppliers; district heating connection,LOW,LIKELY_SELECTED,medium,,,
NV-24-035447,2025-02-19,138,,S:t Eriks AB,company,Säter,Dalarnas län,Energikonvertering,Byte av oljepanna till el-ångpanna och bergvärmepump i Trollbo,Slutförd åtgärd,2025-08-28,1715564,,2450806,8577820,industrial_process_conversion,"Industrial energy engineering; boilers, furnaces, ovens, dryers; electric process heat; piping; electrical contractors; industrial automation; installation and commissioning",HIGH,UNCERTAIN,low,,,
NV-25-001615,2025-02-13,144,,Västbo Lantbruksentreprenad AB,company,Gnosjö,Jönköpings län,Energikonvertering,Investering i en elektrisk gödselpump,Slutförd åtgärd,2025-08-20,92000,,131429,460000,farm_electrification,Agricultural equipment dealers; electrical contractors for grid extension,LOW,LIKELY_SELECTED,medium,,,
NV-25-001612,2025-02-13,144,,Eda Bostads AB,company,Eda,Värmlands län,Energikonvertering,Utbyte Oljepanna,Slutförd åtgärd,2025-08-25,409500,,585000,2047500,heating_conversion_building,HVAC / heat pump installers; geothermal drilling; pellet and chip boiler suppliers; district heating connection,LOW,LIKELY_SELECTED,medium,,,
NV-25-001529,2025-02-13,144,,Gustafskorv AB,company,Säter,Dalarnas län,Energikonvertering,Konvertering av oljepanna till värmepump för värme och varmvatten.,Slutförd åtgärd,2025-08-31,966000,,1380000,4830000,heating_conversion_building,HVAC / heat pump installers; geothermal drilling; pellet and chip boiler suppliers; district heating connection,LOW,LIKELY_SELECTED,medium,,,
NV-25-001511,2025-02-13,144,,Åhns Lantbruk AB,company,Åre,Jämtlands län,Energieffektivisering,Investering i elektrisk fodermixer och bandfoderfördelare.,Slutförd åtgärd,2025-08-31,576400,,823429,2882000,farm_electrification,Agricultural equipment dealers; electrical contractors for grid extension,LOW,LIKELY_SELECTED,medium,,,
NV-25-001471,2025-02-13,144,,Martin Björn,sole trader / unclassified,Vaggeryd,Jönköpings län,Energikonvertering,"Fossilfrifoderblandare på Bratteborg, om korna själva får välja",Slutförd åtgärd,2025-08-31,469942,,671346,2349710,farm_electrification,Agricultural equipment dealers; electrical contractors for grid extension,LOW,LIKELY_SELECTED,medium,,,
NV-25-001424,2025-02-13,144,,Jonas Rudman,sole trader / unclassified,Mörbylånga,Kalmar län,Energikonvertering,Inköp av elektrisk fodermixer,Slutförd åtgärd,2025-08-31,861898,,1231283,4309490,farm_electrification,Agricultural equipment dealers; electrical contractors for grid extension,LOW,LIKELY_SELECTED,medium,,,
NV-25-001386,2025-02-13,144,,Renova Miljö AB,company,Göteborg,Västra Götalands län,Gasutsläpp,Oskadliggörande av lustgasflaskor och minskat läckage av N20 till atmosfären,Slutförd åtgärd,2025-08-31,2257880,,3225543,11289400,gas_abatement,Process measurement; wastewater process equipment; landfill gas systems; consultants,MEDIUM,LIKELY_OPEN,medium,,,
NV-25-001295,2025-02-13,144,,Ulf Broo,sole trader / unclassified,Mariestad,Västra Götalands län,Energikonvertering,Utbyte av mixervagn från dieseldrift till eldrift.,Slutförd åtgärd,2025-08-30,730000,,1042857,3650000,farm_electrification,Agricultural equipment dealers; electrical contractors for grid extension,LOW,LIKELY_SELECTED,medium,,,
NV-25-001250,2025-02-13,144,,FREDRIK ÖSTENSSON,company (no legal form in name),Heby,Uppsala län,Energikonvertering,Flispanna för att ersätta fossil energi,Slutförd åtgärd,2025-08-25,468000,,668571,2340000,heating_conversion_building,HVAC / heat pump installers; geothermal drilling; pellet and chip boiler suppliers; district heating connection,LOW,LIKELY_SELECTED,medium,,,
NV-25-000925,2025-02-13,144,,Hille i Laholm AB,company,Laholm,Hallands län,Energikonvertering,Eldriven bevattningspump,Slutförd åtgärd,2025-12-16,82211,,117444,411055,farm_electrification,Agricultural equipment dealers; electrical contractors for grid extension,LOW,LIKELY_SELECTED,medium,,,
NV-25-000886,2025-02-13,144,,Vallerstad Mjölk AB,company,Värnamo,Jönköpings län,Energikonvertering,Byte av foderblandare från dieseldrift till el.,Slutförd åtgärd,2025-04-29,511990,,731414,2559950,farm_electrification,Agricultural equipment dealers; electrical contractors for grid extension,LOW,LIKELY_SELECTED,medium,,,
NV-25-000860,2025-02-13,144,,Källtorps gård,company (no legal form in name),Örebro,Örebro län,Energikonvertering,Biobränsletork för spannmål på Källtorp,Slutförd åtgärd,2025-07-31,780000,,1114286,3900000,farm_electrification,Agricultural equipment dealers; electrical contractors for grid extension,LOW,LIKELY_SELECTED,medium,,,
NV-25-000851,2025-02-13,144,,Brynåsa AB,company,Lidköping,Västra Götalands län,Energikonvertering,Pelletspanna Brynåsa,Slutförd åtgärd,2025-07-31,1105000,,1578571,5525000,heating_conversion_building,HVAC / heat pump installers; geothermal drilling; pellet and chip boiler suppliers; district heating connection,LOW,LIKELY_SELECTED,medium,,,
NV-25-000811,2025-02-13,144,,Wallingstams fastigheter AB,company,Sala,Västmanlands län,Energikonvertering,Byte från oljepannor till fjärrvärme.,Slutförd åtgärd,2025-08-29,501918,,717026,2509590,heating_conversion_building,HVAC / heat pump installers; geothermal drilling; pellet and chip boiler suppliers; district heating connection,LOW,LIKELY_SELECTED,medium,,,
NV-24-035301,2025-02-13,144,,Toleruds hästfoder och maskin AB,company,Kil,Värmlands län,Energieffektivisering,Klimatinvestering Fältvagn,Slutförd åtgärd,2025-07-30,425000,,607143,2125000,farm_electrification,Agricultural equipment dealers; electrical contractors for grid extension,LOW,LIKELY_SELECTED,medium,,,
NV-25-001277,2025-02-11,146,,Varvs Maskinstation AB,company,Motala,Östergötlands län,Energikonvertering,Flispanna för att ersätta olja,Slutförd åtgärd,2025-06-30,337870,,482671,1689350,heating_conversion_building,HVAC / heat pump installers; geothermal drilling; pellet and chip boiler suppliers; district heating connection,LOW,LIKELY_SELECTED,medium,,,
NV-24-035389,2025-02-11,146,,Progatec AB,company,Norrköping,Östergötlands län,Energikonvertering,Konvertera från olja till värmepump,Slutförd åtgärd,2025-08-17,2175973,,3108533,10879865,heating_conversion_building,HVAC / heat pump installers; geothermal drilling; pellet and chip boiler suppliers; district heating connection,MEDIUM,LIKELY_SELECTED,medium,,,
NV-24-035374,2025-02-11,146,,Kullander Karl-Johan,sole trader / unclassified,Säffle,Värmlands län,Energieffektivisering,Energieffektivisering Fältvagn,Slutförd åtgärd,2025-08-31,484000,,691429,2420000,farm_electrification,Agricultural equipment dealers; electrical contractors for grid extension,LOW,LIKELY_SELECTED,medium,,,
NV-24-035346,2025-02-11,146,,Höörs kommun,public body,Höör,Skåne län,Energieffektivisering,"Energieffektivisering, Spillvärme",Slutförd åtgärd,2025-08-31,808096,,1154423,4040480,heat_recovery_storage,Heat exchangers; HVAC; piping; storage; controls; energy engineering,MEDIUM,LIKELY_OPEN,low,,,
NV-24-035304,2025-02-11,146,,Prestando i Trelleborg AB,company,Trelleborg,Skåne län,Energikonvertering,Energikonvertering för en mer klimatsmart tillverkningsindustri i Trelleborg,Slutförd åtgärd,2025-08-19,2378750,,3398214,11893750,industrial_process_conversion,"Industrial energy engineering; boilers, furnaces, ovens, dryers; electric process heat; piping; electrical contractors; industrial automation; installation and commissioning",HIGH,UNCERTAIN,low,,,
NV-25-001569,2025-02-10,147,,Fredrik Karlsson,sole trader / unclassified,Essunga,Västra Götalands län,Energikonvertering,Utbyte av oljeeldad varmluftspanna till pelletspanna,Slutförd åtgärd,2025-08-04,257400,,367714,1287000,heating_conversion_building,HVAC / heat pump installers; geothermal drilling; pellet and chip boiler suppliers; district heating connection,LOW,LIKELY_SELECTED,medium,,,
NV-25-001565,2025-02-06,151,,Tosterups Gård AB,company,Tomelilla,Skåne län,Energikonvertering,Konvertering från oljeeldad till halmeldad spannmålstork,Slutförd åtgärd,2025-07-22,306000,,437143,1530000,farm_electrification,Agricultural equipment dealers; electrical contractors for grid extension,LOW,LIKELY_SELECTED,medium,,,
NV-25-001252,2025-02-06,151,,"BENGTSSON, SVEN-ARNE",sole trader / unclassified,Varberg,Hallands län,Energikonvertering,Byte av panna,Slutförd åtgärd,2025-07-15,260000,,371429,1300000,heating_conversion_building,HVAC / heat pump installers; geothermal drilling; pellet and chip boiler suppliers; district heating connection,LOW,LIKELY_SELECTED,medium,,,
NV-24-035457,2025-02-06,151,,Oscar Pålsson,sole trader / unclassified,Laholm,Hallands län,Energikonvertering,Energi konvertering,Slutförd åtgärd,2025-07-31,107967,,154239,539835,heating_conversion_building,HVAC / heat pump installers; geothermal drilling; pellet and chip boiler suppliers; district heating connection,LOW,LIKELY_SELECTED,medium,,,
NV-25-000892,2025-02-03,154,,Jord & Skog i Asker AB,company,Örebro,Örebro län,Energikonvertering,Investering i biobränsle på Malgräva 217,Slutförd åtgärd,2025-07-08,1024920,,1464171,5124600,heating_conversion_building,HVAC / heat pump installers; geothermal drilling; pellet and chip boiler suppliers; district heating connection,LOW,LIKELY_SELECTED,medium,,,
NV-24-035648,2025-02-03,154,,Brf Sandstenen 8,association / foundation,Stockholm,Stockholms län,Energikonvertering,Installation av bergvärmepumpsanläggning,Slutförd åtgärd,2025-08-28,629709,,899584,3148545,farm_electrification,Agricultural equipment dealers; electrical contractors for grid extension,LOW,LIKELY_SELECTED,medium,,,
NV-24-035557,2025-02-03,154,,Vagle lantbruk AB,company,Östersund,Jämtlands län,Produktion biogas,Biogasproduktion Vagle Lantbruk,Slutförd åtgärd,2025-08-31,2054000,,2934286,10270000,biogas_production,"Biogas process equipment (digesters, upgrading, liquefaction, CHP); tanks; pumps; civil works; electrical; automation; gas grid connection",HIGH,UNCERTAIN,low,,,
NV-24-035427,2025-01-31,157,,Bärsta Gård AB,company,Nyköping,Södermanlands län,Energikonvertering,Biovärme,Slutförd åtgärd,2025-08-30,1072999,,1532856,5364995,heating_conversion_building,HVAC / heat pump installers; geothermal drilling; pellet and chip boiler suppliers; district heating connection,LOW,LIKELY_SELECTED,medium,,,
NV-24-035271,2025-01-31,157,,Kobani AB,company,Kalmar,Kalmar län,Energikonvertering,Utbyte av oljepanna till värmepump,Slutförd åtgärd,2025-06-30,136565,,195093,682825,heating_conversion_building,HVAC / heat pump installers; geothermal drilling; pellet and chip boiler suppliers; district heating connection,LOW,LIKELY_SELECTED,medium,,,
KKL-11760-2023,2025-01-30,158,,Mathias Jonsson,sole trader / unclassified,Västervik,Kalmar län,Energikonvertering,Nya elpumpar och stamledningsnät,Slutförd åtgärd,2025-08-31,452491,,646416,2262455,farm_electrification,Agricultural equipment dealers; electrical contractors for grid extension,LOW,LIKELY_SELECTED,medium,,,
NV-24-009704,2025-01-20,168,,BJÄLBO TRÄDGÅRD AB,company,Mjölby,Östergötlands län,Energikonvertering,Ersätta dieseldriven vattenpump,Slutförd åtgärd,2025-05-13,149480,,213543,747400,farm_electrification,Agricultural equipment dealers; electrical contractors for grid extension,LOW,LIKELY_SELECTED,medium,,,
