case_diary_number,case_recno,case_start,case_closed,case_title,document_date,document_description,document_category,inspection_result_wording,classification,asset_type,asset_identifiers,asset_count,property_designation,address,district,later_approved_in_case,source_case_url
2025-13181,1304019,2025-09-01,2026-06-12,Anmaning att låta åtgärda hiss samt utföra förnyad besiktning,2025-09-02,"Intyg återkommande besiktning, ej godkänt, L3485364",Skrivelse In,ej godkänt,DETERMINISTIC_FAILURE,LIFT,L3485364,1,Primusköket 1,Essinge Brogata 2,Lilla Essingen,YES,https://etjanster.stockholm.se/Byggochplantjansten/arende/arende/1304019?dataSource=Active
2025-13183,1304021,2025-09-01,2026-05-19,Anmaning att låta åtgärda hiss samt utföra förnyad besiktning,2025-09-02,"Intyg återkommande besiktning, ej godkänt, L3110756",Skrivelse In,ej godkänt,DETERMINISTIC_FAILURE,LIFT,L3110756,1,Rekryten 4,Gyllenstiernsgatan 18,Östermalm,YES,https://etjanster.stockholm.se/Byggochplantjansten/arende/arende/1304021?dataSource=Active
2025-13184,1304022,2025-09-01,2026-05-19,Anmaning att låta åtgärda hiss samt utföra förnyad besiktning,2025-09-02,"Intyg återkommande besiktning, ej godkänt, L1142264",Skrivelse In,ej godkänt,DETERMINISTIC_FAILURE,LIFT,L1142264,1,Piloten 2,Gondolgatan 16,Skarpnäcks Gård,YES,https://etjanster.stockholm.se/Byggochplantjansten/arende/arende/1304022?dataSource=Active
2025-13202,1304040,2025-09-02,,Anmaning att låta åtgärda hissar samt utföra förnyad besiktning,2025-09-02,"Intyg återkommande besiktning, ej godkänt, 76186, 76187, 76188, 76189",Skrivelse In,ej godkänt,DETERMINISTIC_FAILURE,LIFT,76186 76187 76188 76189,4,Ledarö 3,Lysviksgatan 48,Farsta,YES,https://etjanster.stockholm.se/Byggochplantjansten/arende/arende/1304040?dataSource=Active
2025-13205,1304043,2025-09-02,2026-06-02,Anmaning att låta åtgärda hiss samt utföra förnyad besiktning,2025-09-02,"Intyg återkommande besiktning, ej godkänt, 24090",Skrivelse In,ej godkänt,DETERMINISTIC_FAILURE,LIFT,24090,1,Katthuvudet 28,Tavastgatan 22,Södermalm,YES,https://etjanster.stockholm.se/Byggochplantjansten/arende/arende/1304043?dataSource=Active
2025-13206,1304044,2025-09-02,,Anmaning att låta åtgärda hiss samt utföra förnyad besiktning,2025-09-02,"Intyg återkommande besiktning, ej godkänt, 47552",Skrivelse In,ej godkänt,DETERMINISTIC_FAILURE,LIFT,47552,1,Kusen 2,Väpnargatan 1,Östermalm,NO,https://etjanster.stockholm.se/Byggochplantjansten/arende/arende/1304044?dataSource=Active
2025-13207,1304045,2025-09-02,2026-05-27,Anmaning att låta åtgärda hiss samt utföra förnyad besiktning,2025-09-02,"Intyg återkommande besiktning, ej godkänt, 27079",Skrivelse In,ej godkänt,DETERMINISTIC_FAILURE,LIFT,27079,1,Veterinären 13,Skeppargatan 74,Östermalm,YES,https://etjanster.stockholm.se/Byggochplantjansten/arende/arende/1304045?dataSource=Active
2025-13329,1304167,2025-09-04,2026-05-19,Anmaning att låta åtgärda hiss samt utföra förnyad besiktning,2025-09-04,"Intyg återkommande besiktning, ej godkänt, 28326",Skrivelse In,ej godkänt,DETERMINISTIC_FAILURE,LIFT,28326,1,Hägerberget 39,Döbelnsgatan 4A,Norrmalm,YES,https://etjanster.stockholm.se/Byggochplantjansten/arende/arende/1304167?dataSource=Active
2025-13334,1304172,2025-09-04,,Anmaning att låta åtgärda hiss samt utföra förnyad besiktning,2025-09-04,"Intyg återkommande besiktning, ej godkänt, D1466764",Skrivelse In,ej godkänt,DETERMINISTIC_FAILURE,LIFT,D1466764,1,Charkuteristen 1,Hallvägen 27,Johanneshov,NO,https://etjanster.stockholm.se/Byggochplantjansten/arende/arende/1304172?dataSource=Active
2025-13360,1304198,2025-09-04,,Anmaning att låta åtgärda hiss samt utföra förnyad besiktning,2025-09-04,"Intyg återkommande besiktning, ej godkänt, D1618461",Skrivelse In,ej godkänt,DETERMINISTIC_FAILURE,LIFT,D1618461,1,Riksby 1:47,"Information saknas för ""Adress""",Riksby,YES,https://etjanster.stockholm.se/Byggochplantjansten/arende/arende/1304198?dataSource=Active
2025-13545,1304383,2025-09-09,2026-05-19,Anmaning att låta åtgärda hiss samt utföra förnyad besiktning,2025-09-09,"Intyg återkommande besiktning, ej godkänt, S297603",Skrivelse In,ej godkänt,DETERMINISTIC_FAILURE,LIFT,S297603,1,Bullandö 1,Larsbodavägen 110,Larsboda,YES,https://etjanster.stockholm.se/Byggochplantjansten/arende/arende/1304383?dataSource=Active
2025-13546,1304384,2025-09-05,2026-05-19,Anmaning att låta åtgärda hiss samt utföra förnyad besiktning,2025-09-09,"Intyg återkommande besiktning, ej godkänt, L2562507",Skrivelse In,ej godkänt,DETERMINISTIC_FAILURE,LIFT,L2562507,1,Reningsverket 1,"Information saknas för ""Adress""",Södra Hammarbyhamnen,YES,https://etjanster.stockholm.se/Byggochplantjansten/arende/arende/1304384?dataSource=Active
2025-13547,1304385,2025-09-05,2026-05-28,Anmaning att låta åtgärda hiss samt utföra förnyad besiktning,2025-09-09,"Intyg återkommande besiktning, ej godkänt, L2968445",Skrivelse In,ej godkänt,DETERMINISTIC_FAILURE,LIFT,L2968445,1,Duvan 6,Klara Södra Kyrkogata 1,Norrmalm,YES,https://etjanster.stockholm.se/Byggochplantjansten/arende/arende/1304385?dataSource=Active
2025-13549,1304387,2025-09-05,2025-12-02,Anmaning att låta åtgärda hissar samt utföra förnyad besiktning,2025-09-09,"Intyg återkommande besiktning, ej godkänt, L2983768, L2984632, L2984758, L2994756",Skrivelse In,ej godkänt,DETERMINISTIC_FAILURE,LIFT,L2983768 L2984632 L2984758 L2994756,4,Varmfronten 1,"Skarpnäcks Allé 64, Skarpnäcks Allé 72, Skarpnäcks Allé 74, Varmfrontsgatan 8",Skarpnäcks Gård,YES,https://etjanster.stockholm.se/Byggochplantjansten/arende/arende/1304387?dataSource=Active
2025-13559,1304397,2025-09-08,2026-06-04,Anmaning att låta åtgärda hiss samt utföra förnyad besiktning,2025-09-09,"Intyg återkommande besiktning, ej godkänt, D1703900",Skrivelse In,ej godkänt,DETERMINISTIC_FAILURE,LIFT,D1703900,1,Kantjärnet 4,Skebokvarnsvägen 370,Högdalen,YES,https://etjanster.stockholm.se/Byggochplantjansten/arende/arende/1304397?dataSource=Active
2025-13560,1304398,2025-09-08,,Anmaning att låta åtgärda hiss samt utföra förnyad besiktning,2025-09-09,"Intyg återkommande besiktning, ej godkänt, D1617339",Skrivelse In,ej godkänt,DETERMINISTIC_FAILURE,LIFT,D1617339,1,Rökhuven 1,Högdalsgången 30,Högdalen,NO,https://etjanster.stockholm.se/Byggochplantjansten/arende/arende/1304398?dataSource=Active
2025-13561,1304399,2025-09-08,2026-05-19,Anmaning att låta åtgärda hiss samt utföra förnyad besiktning,2025-09-09,"Intyg återkommande besiktning, ej godkänt, D1765309",Skrivelse In,ej godkänt,DETERMINISTIC_FAILURE,LIFT,D1765309,1,Krysstaket 7,Skebokvarnsvägen 55,Bandhagen,YES,https://etjanster.stockholm.se/Byggochplantjansten/arende/arende/1304399?dataSource=Active
2025-13566,1304404,2025-09-08,2026-05-19,Anmaning att låta åtgärda hiss samt utföra förnyad besiktning,2025-09-09,"Intyg återkommande besiktning, ej godkänt, D1770902",Skrivelse In,ej godkänt,DETERMINISTIC_FAILURE,LIFT,D1770902,1,Stillbilden 6,Stallarholmsvägen 20,Högdalen,YES,https://etjanster.stockholm.se/Byggochplantjansten/arende/arende/1304404?dataSource=Active
2025-13572,1304410,2025-09-08,,Anmaning att låta åtgärda hiss samt utföra förnyad besiktning,2025-09-09,"Intyg återkommande besiktning, ej godkänt, L7894702",Skrivelse In,ej godkänt,DETERMINISTIC_FAILURE,LIFT,L7894702,1,Kullagulla 1,Dartanjangs Gata 56,Mariehäll,NO,https://etjanster.stockholm.se/Byggochplantjansten/arende/arende/1304410?dataSource=Active
2025-13574,1304412,2025-09-08,,Anmaning att låta åtgärda hiss samt utföra förnyad besiktning,2025-09-09,"Intyg återkommande besiktning, ej godkänt, L7902578",Skrivelse In,ej godkänt,DETERMINISTIC_FAILURE,LIFT,L7902578,1,Lasse Liten 1,Pippi Långstrumps Gata 36,Mariehäll,NO,https://etjanster.stockholm.se/Byggochplantjansten/arende/arende/1304412?dataSource=Active
2025-13575,1304413,2025-09-08,,Anmaning att låta åtgärda hiss samt utföra förnyad besiktning,2025-09-09,"Intyg återkommande besiktning, ej godkänt, L7902587",Skrivelse In,ej godkänt,DETERMINISTIC_FAILURE,LIFT,L7902587,1,Lasse Liten 1,Pippi Långstrumps Gata 38,Mariehäll,NO,https://etjanster.stockholm.se/Byggochplantjansten/arende/arende/1304413?dataSource=Active
2025-13577,1304415,2025-09-08,2026-05-26,Anmaning att låta åtgärda hiss samt utföra förnyad besiktning,2025-09-09,"Intyg återkommande besiktning, ej godkänt, D1668854",Skrivelse In,ej godkänt,DETERMINISTIC_FAILURE,LIFT,D1668854,1,Dramat 7,Thespisvägen 21,Nockeby,YES,https://etjanster.stockholm.se/Byggochplantjansten/arende/arende/1304415?dataSource=Active
2025-13578,1304416,2025-09-08,2025-11-12,Anmaning att låta åtgärda hiss samt utföra förnyad besiktning,2025-09-09,"Intyg återkommande besiktning, ej godkänt, D1667706",Skrivelse In,ej godkänt,DETERMINISTIC_FAILURE,LIFT,D1667706,1,Halsringen 23,Beckombergavägen 56,Norra Ängby,YES,https://etjanster.stockholm.se/Byggochplantjansten/arende/arende/1304416?dataSource=Active
2025-13580,1304418,2025-09-08,2026-05-26,Anmaning att låta åtgärda hiss samt utföra förnyad besiktning,2025-09-09,"Intyg återkommande besiktning, ej godkänt, D1608036",Skrivelse In,ej godkänt,DETERMINISTIC_FAILURE,LIFT,D1608036,1,Vedskjulet 4,Godsägarvägen 23,Enskede Gård,YES,https://etjanster.stockholm.se/Byggochplantjansten/arende/arende/1304418?dataSource=Active
2025-13583,1304421,2025-09-08,,Anmaning att låta åtgärda hiss samt utföra förnyad besiktning,2025-09-09,"Intyg återkommande besiktning, ej godkänt, L7141042",Skrivelse In,ej godkänt,DETERMINISTIC_FAILURE,LIFT,L7141042,1,Dalen 6,Åsgärdevägen 99,Gamla Enskede,NO,https://etjanster.stockholm.se/Byggochplantjansten/arende/arende/1304421?dataSource=Active
2025-13588,1304426,2025-09-08,2026-06-04,Anmaning att låta åtgärda hiss samt utföra förnyad besiktning,2025-09-09,"Intyg återkommande besiktning, ej godkänt, L7141060, L7141051",Skrivelse In,ej godkänt,DETERMINISTIC_FAILURE,LIFT,L7141060 L7141051,2,Dalen 6,"Åsgärdevägen 105, Åsgärdevägen 107",Gamla Enskede,YES,https://etjanster.stockholm.se/Byggochplantjansten/arende/arende/1304426?dataSource=Active
2025-13590,1304428,2025-09-08,,Anmaning att låta åtgärda trapphiss samt utföra förnyad besiktning,2025-09-09,"Intyg återkommande besiktning, ej godkänt, D1670630",Skrivelse In,ej godkänt,DETERMINISTIC_FAILURE,LIFT,D1670630,1,Järflotta 3,Kilsgatan 6,Farsta,NO,https://etjanster.stockholm.se/Byggochplantjansten/arende/arende/1304428?dataSource=Active
2025-13591,1304429,2025-09-08,2026-05-19,Anmaning att låta åtgärda hiss samt utföra förnyad besiktning,2025-09-09,"Intyg återkommande besiktning, ej godkänt, D1673762",Skrivelse In,ej godkänt,DETERMINISTIC_FAILURE,LIFT,D1673762,1,Elektra 11,Västberga Allé 40,Västberga,YES,https://etjanster.stockholm.se/Byggochplantjansten/arende/arende/1304429?dataSource=Active
2025-13594,1304432,2025-09-08,,Anmaning att låta åtgärda trapphiss samt utföra förnyad besiktning,2025-09-09,"Intyg återkommande besiktning, ej godkänt, D1608167",Skrivelse In,ej godkänt,DETERMINISTIC_FAILURE,LIFT,D1608167,1,Stenskvättan 16,Schlytersvägen 67,Aspudden,NO,https://etjanster.stockholm.se/Byggochplantjansten/arende/arende/1304432?dataSource=Active
2025-13595,1304433,2025-09-08,2026-05-19,Anmaning att låta åtgärda hiss samt utföra förnyad besiktning,2025-09-09,"Intyg återkommande besiktning, ej godkänt, L2504972",Skrivelse In,ej godkänt,DETERMINISTIC_FAILURE,LIFT,L2504972,1,Gubben Noak 6,Selmedalsvägen 2,Hägersten,YES,https://etjanster.stockholm.se/Byggochplantjansten/arende/arende/1304433?dataSource=Active
2025-13596,1304434,2025-09-08,,Anmaning att låta åtgärda trapphiss samt utföra förnyad besiktning,2025-09-09,"Intyg återkommande besiktning, ej godkänt, D1606272",Skrivelse In,ej godkänt,DETERMINISTIC_FAILURE,LIFT,D1606272,1,Lövsalen 2,Maltesholmsvägen 63,Hässelby Gård,NO,https://etjanster.stockholm.se/Byggochplantjansten/arende/arende/1304434?dataSource=Active
2025-13598,1304436,2025-09-08,2026-05-19,Anmaning att låta åtgärda port samt utföra förnyad besiktning,2025-09-09,"Intyg återkommande besiktning, ej godkänt, L7114698",Skrivelse In,ej godkänt,DETERMINISTIC_FAILURE,POWERED_GATE_OR_DOOR,L7114698,1,Vassen 3,"Information saknas för ""Adress""",Hässelby Strand,YES,https://etjanster.stockholm.se/Byggochplantjansten/arende/arende/1304436?dataSource=Active
2025-13613,1304451,2025-09-08,2026-06-02,Anmaning att låta åtgärda hissar samt utföra förnyad besiktning,2025-09-09,"Intyg återkommande besiktning, ej godkänt, L7066964",Skrivelse In,ej godkänt,DETERMINISTIC_FAILURE,LIFT,L7066964,1,Eldflugan 1,Kalmgatan 29,Hammarbyhöjden,YES,https://etjanster.stockholm.se/Byggochplantjansten/arende/arende/1304451?dataSource=Active
2025-13616,1304454,2025-09-08,2026-07-10,Anmaning att låta åtgärda hissar samt utföra förnyad besiktning,2025-09-09,"Intyg återkommande besiktning, ej godkänt, L2576109",Skrivelse In,ej godkänt,DETERMINISTIC_FAILURE,LIFT,L2576109,1,Kastrup 12,Kastrupgatan 7,Kista,YES,https://etjanster.stockholm.se/Byggochplantjansten/arende/arende/1304454?dataSource=Active
2025-13620,1304458,2025-09-08,,Anmaning att låta åtgärda port samt utföra förnyad besiktning,2025-09-09,"Intyg återkommande besiktning, ej godkänt, D1764796",Skrivelse In,ej godkänt,DETERMINISTIC_FAILURE,POWERED_GATE_OR_DOOR,D1764796,1,Hangaren 3,Postflygsgatan 8B,Skarpnäcks Gård,YES,https://etjanster.stockholm.se/Byggochplantjansten/arende/arende/1304458?dataSource=Active
2025-13621,1304459,2025-09-08,2026-05-19,Anmaning att låta åtgärda hiss samt utföra förnyad besiktning,2025-09-09,"Intyg återkommande besiktning, ej godkänt, L7142256",Skrivelse In,ej godkänt,DETERMINISTIC_FAILURE,LIFT,L7142256,1,Storholmen 5,Storholmsbackarna 30,Vårberg,YES,https://etjanster.stockholm.se/Byggochplantjansten/arende/arende/1304459?dataSource=Active
2025-13623,1304461,2025-09-08,2026-06-23,Anmaning att låta åtgärda hiss samt utföra förnyad besiktning,2025-09-09,"Intyg återkommande besiktning, ej godkänt, L7142238",Skrivelse In,ej godkänt,DETERMINISTIC_FAILURE,LIFT,L7142238,1,Storholmen 3,Storholmsbackarna 16,Vårberg,YES,https://etjanster.stockholm.se/Byggochplantjansten/arende/arende/1304461?dataSource=Active
2025-13624,1304462,2025-09-08,,Anmaning att låta åtgärda hissar samt utföra förnyad besiktning,2025-09-09,"Intyg återkommande besiktning, ej godkänt, L2520918",Skrivelse In,ej godkänt,DETERMINISTIC_FAILURE,LIFT,L2520918,1,Odde 1,Kista Alléväg 60,Kista,NO,https://etjanster.stockholm.se/Byggochplantjansten/arende/arende/1304462?dataSource=Active
2025-13626,1304464,2025-09-08,2026-05-19,Anmaning att låta åtgärda hissar samt utföra förnyad besiktning,2025-09-09,"Intyg återkommande besiktning, ej godkänt, L7671336",Skrivelse In,ej godkänt,DETERMINISTIC_FAILURE,LIFT,L7671336,1,Helsingör 3,Helsingörsgatan 34,Kista,YES,https://etjanster.stockholm.se/Byggochplantjansten/arende/arende/1304464?dataSource=Active
2025-13627,1304465,2025-09-09,2026-05-19,Anmaning att låta åtgärda hiss samt utföra förnyad besiktning,2025-09-09,"Intyg återkommande besiktning, ej godkänt, 57310",Skrivelse In,ej godkänt,DETERMINISTIC_FAILURE,LIFT,57310,1,Kolmilan 1,Skyllbergsgatan 9,Hagsätra,YES,https://etjanster.stockholm.se/Byggochplantjansten/arende/arende/1304465?dataSource=Active
2025-13629,1304467,2025-09-09,2026-05-19,Anmaning att låta åtgärda hiss samt utföra förnyad besiktning,2025-09-09,"Intyg återkommande besiktning, ej godkänt, 65255",Skrivelse In,ej godkänt,DETERMINISTIC_FAILURE,LIFT,65255,1,Trollhättan 30,Hamngatan 37,Norrmalm,YES,https://etjanster.stockholm.se/Byggochplantjansten/arende/arende/1304467?dataSource=Active
2025-13632,1304470,2025-09-08,,Anmaning att låta åtgärda port samt utföra förnyad besiktning,2025-09-09,"Intyg återkommande besiktning, ej godkänt, L6703213",Skrivelse In,ej godkänt,DETERMINISTIC_FAILURE,POWERED_GATE_OR_DOOR,L6703213,1,Murmästare-ämbetet 3,Murmästarvägen 1,Bredäng,NO,https://etjanster.stockholm.se/Byggochplantjansten/arende/arende/1304470?dataSource=Active
2025-13633,1304471,2025-09-09,2025-12-18,Anmaning att låta åtgärda hiss samt utföra förnyad besiktning,2025-09-09,"Intyg återkommande besiktning, ej godkänt, 26743",Skrivelse In,ej godkänt,DETERMINISTIC_FAILURE,LIFT,26743,1,Byggledaren 1,Fredsborgsgatan 4,Liljeholmen,YES,https://etjanster.stockholm.se/Byggochplantjansten/arende/arende/1304471?dataSource=Active
2025-13634,1304472,2025-09-08,,Anmaning att låta åtgärda port samt utföra förnyad besiktning,2025-09-09,"Intyg återkommande besiktning, ej godkänt, D1683717, L6703419",Skrivelse In,ej godkänt,DETERMINISTIC_FAILURE,POWERED_GATE_OR_DOOR,D1683717 L6703419,2,Murmästare-ämbetet 1,"Murmästarvägen 33, Murmästarvägen 43",Bredäng,NO,https://etjanster.stockholm.se/Byggochplantjansten/arende/arende/1304472?dataSource=Active
2025-13635,1304473,2025-09-08,2026-05-26,Anmaning att låta åtgärda trapphiss samt utföra förnyad besiktning,2025-09-09,"Intyg återkommande besiktning, ej godkänt, D1605096",Skrivelse In,ej godkänt,DETERMINISTIC_FAILURE,LIFT,D1605096,1,Aspsätra 1,Aspsätravägen 29,Sätra,YES,https://etjanster.stockholm.se/Byggochplantjansten/arende/arende/1304473?dataSource=Active
2025-13637,1304475,2025-09-09,2026-06-11,Anmaning att låta åtgärda port samt utföra förnyad besiktning,2025-09-09,"Intyg återkommande besiktning, ej godkänt, D1548687",Skrivelse In,ej godkänt,DETERMINISTIC_FAILURE,POWERED_GATE_OR_DOOR,D1548687,1,Domnarvet 4,Domnarvsgatan 29,Lunda,YES,https://etjanster.stockholm.se/Byggochplantjansten/arende/arende/1304475?dataSource=Active
2025-13639,1304477,2025-09-09,2026-05-19,Anmaning att låta åtgärda hiss samt utföra förnyad besiktning,2025-09-09,"Intyg återkommande besiktning, ej godkänt, L7894935",Skrivelse In,ej godkänt,DETERMINISTIC_FAILURE,LIFT,L7894935,1,Hedvig 22,Spånga Stationsväg 79,Solhem,YES,https://etjanster.stockholm.se/Byggochplantjansten/arende/arende/1304477?dataSource=Active
2025-13640,1304478,2025-09-09,2026-05-19,Anmaning att låta åtgärda hiss samt utföra förnyad besiktning,2025-09-09,"Intyg återkommande besiktning, ej godkänt, D1666808",Skrivelse In,ej godkänt,DETERMINISTIC_FAILURE,LIFT,D1666808,1,Murmästaren 3,Hantverkargatan 29,Kungsholmen,YES,https://etjanster.stockholm.se/Byggochplantjansten/arende/arende/1304478?dataSource=Active
2025-13641,1304479,2025-09-09,2026-05-19,Anmaning att låta åtgärda hiss samt utföra förnyad besiktning,2025-09-09,"Intyg återkommande besiktning, ej godkänt, D1741778",Skrivelse In,ej godkänt,DETERMINISTIC_FAILURE,LIFT,D1741778,1,Stigbygeln 5,Sergels Torg 12,Norrmalm,YES,https://etjanster.stockholm.se/Byggochplantjansten/arende/arende/1304479?dataSource=Active
2025-13642,1304480,2025-09-09,,Anmaning att låta åtgärda hiss samt utföra förnyad besiktning,2025-09-09,"Intyg återkommande besiktning, ej godkänt, D1704015",Skrivelse In,ej godkänt,DETERMINISTIC_FAILURE,LIFT,D1704015,1,Rotterdam 1,Hamburgsvägen 7,Ladugårdsgärdet,NO,https://etjanster.stockholm.se/Byggochplantjansten/arende/arende/1304480?dataSource=Active
2025-13643,1304481,2025-09-09,2026-06-03,Anmaning att låta åtgärda hiss samt utföra förnyad besiktning,2025-09-09,"Intyg återkommande besiktning, ej godkänt, D1741823",Skrivelse In,ej godkänt,DETERMINISTIC_FAILURE,LIFT,D1741823,1,Stigbygeln 5,Sergels Torg 12,Norrmalm,YES,https://etjanster.stockholm.se/Byggochplantjansten/arende/arende/1304481?dataSource=Active
2025-13645,1304483,2025-09-09,,Anmaning att låta åtgärda hiss samt utföra förnyad besiktning,2025-09-09,"Intyg återkommande besiktning, ej godkänt, D1767041",Skrivelse In,ej godkänt,DETERMINISTIC_FAILURE,LIFT,D1767041,1,Trollhättan 30,Hamngatan 37,Norrmalm,NO,https://etjanster.stockholm.se/Byggochplantjansten/arende/arende/1304483?dataSource=Active
2025-13646,1304484,2025-09-09,2026-06-05,Anmaning att låta åtgärda hiss samt utföra förnyad besiktning,2025-09-09,"Intyg återkommande besiktning, ej godkänt, L2507291",Skrivelse In,ej godkänt,DETERMINISTIC_FAILURE,LIFT,L2507291,1,Eldaren 8,Birkagatan 21A,Vasastaden,YES,https://etjanster.stockholm.se/Byggochplantjansten/arende/arende/1304484?dataSource=Active
2025-13647,1304485,2025-09-08,,Anmaning att låta åtgärda hissar samt utföra förnyad besiktning,2025-09-09,"Intyg återkommande besiktning, ej godkänt, L7894882",Skrivelse In,ej godkänt,DETERMINISTIC_FAILURE,LIFT,L7894882,1,Hedvig 22,Spånga Stationsväg 69,Solhem,NO,https://etjanster.stockholm.se/Byggochplantjansten/arende/arende/1304485?dataSource=Active
2025-13648,1304486,2025-09-09,2026-05-19,Anmaning att låta åtgärda hiss samt utföra förnyad besiktning,2025-09-09,"Intyg återkommande besiktning, ej godkänt, L2541780",Skrivelse In,ej godkänt,DETERMINISTIC_FAILURE,LIFT,L2541780,1,Bananen 5,Pipersgatan 4,Kungsholmen,YES,https://etjanster.stockholm.se/Byggochplantjansten/arende/arende/1304486?dataSource=Active
2025-13649,1304487,2025-09-08,2026-05-19,Anmaning att låta åtgärda hissar samt utföra förnyad besiktning,2025-09-09,"Intyg återkommande besiktning, ej godkänt, L7894891",Skrivelse In,ej godkänt,DETERMINISTIC_FAILURE,LIFT,L7894891,1,Hedvig 22,Spånga Stationsväg 71,Solhem,YES,https://etjanster.stockholm.se/Byggochplantjansten/arende/arende/1304487?dataSource=Active
2025-13650,1304488,2025-09-08,,Anmaning att låta åtgärda hissar samt utföra förnyad besiktning,2025-09-09,"Intyg återkommande besiktning, ej godkänt,",Skrivelse In,ej godkänt,DETERMINISTIC_FAILURE,LIFT,,0,Hedvig 22,Spånga Stationsväg 77,Solhem,NO,https://etjanster.stockholm.se/Byggochplantjansten/arende/arende/1304488?dataSource=Active
2025-13652,1304490,2025-09-09,,Anmaning att låta åtgärda hiss samt utföra förnyad besiktning,2025-09-09,"Intyg återkommande besiktning, ej godkänt, L7043943",Skrivelse In,ej godkänt,DETERMINISTIC_FAILURE,LIFT,L7043943,1,Italien Större 16,Snickarbacken 2,Norrmalm,NO,https://etjanster.stockholm.se/Byggochplantjansten/arende/arende/1304490?dataSource=Active
2025-13653,1304491,2025-09-09,2025-11-24,Anmaning att låta åtgärda hiss samt utföra förnyad besiktning,2025-09-09,"Intyg återkommande besiktning, ej godkänt, L7447981",Skrivelse In,ej godkänt,DETERMINISTIC_FAILURE,LIFT,L7447981,1,Hägerberget 56,Kammakargatan 12,Norrmalm,YES,https://etjanster.stockholm.se/Byggochplantjansten/arende/arende/1304491?dataSource=Active
2025-13654,1304492,2025-09-08,,Anmaning att låta åtgärda hissar samt utföra förnyad besiktning,2025-09-09,"Intyg återkommande besiktning, ej godkänt, D1540174",Skrivelse In,ej godkänt,DETERMINISTIC_FAILURE,LIFT,D1540174,1,Gudbjörn 6,Sörgårdsvägen 48,Solhem,NO,https://etjanster.stockholm.se/Byggochplantjansten/arende/arende/1304492?dataSource=Active
2025-13656,1304494,2025-09-09,2026-05-19,Anmaning att låta åtgärda port samt utföra förnyad besiktning,2025-09-09,"Intyg återkommande besiktning, ej godkänt, D1303252",Skrivelse In,ej godkänt,DETERMINISTIC_FAILURE,POWERED_GATE_OR_DOOR,D1303252,1,Sockerbetan 1,Närkesgatan 1,Södermalm,YES,https://etjanster.stockholm.se/Byggochplantjansten/arende/arende/1304494?dataSource=Active
2025-13657,1304495,2025-09-09,2026-06-03,Anmaning att låta åtgärda port samt utföra förnyad besiktning,2025-09-09,"Intyg återkommande besiktning, ej godkänt, L2946094",Skrivelse In,ej godkänt,DETERMINISTIC_FAILURE,POWERED_GATE_OR_DOOR,L2946094,1,Kofoten 1,Heleneborgsgatan 2A,Södermalm,YES,https://etjanster.stockholm.se/Byggochplantjansten/arende/arende/1304495?dataSource=Active
2025-13660,1304498,2025-09-09,,Anmaning att låta åtgärda hiss samt utföra förnyad besiktning,2025-09-09,"Intyg återkommande besiktning, ej godkänt, D1604908",Skrivelse In,ej godkänt,DETERMINISTIC_FAILURE,LIFT,D1604908,1,Pelarbacken Större 4,Götgatan 37,Södermalm,NO,https://etjanster.stockholm.se/Byggochplantjansten/arende/arende/1304498?dataSource=Active
2025-13661,1304499,2025-09-09,,Anmaning att låta åtgärda port samt utföra förnyad besiktning,2025-09-09,"Intyg återkommande besiktning, ej godkänt, L7671229",Skrivelse In,ej godkänt,DETERMINISTIC_FAILURE,POWERED_GATE_OR_DOOR,L7671229,1,Dagskiftet 5,Elektravägen 2,Västberga,NO,https://etjanster.stockholm.se/Byggochplantjansten/arende/arende/1304499?dataSource=Active
2025-13663,1304501,2025-09-09,,Anmaning att låta åtgärda hiss samt utföra förnyad besiktning,2025-09-09,"Intyg återkommande besiktning, ej godkänt, D1606229",Skrivelse In,ej godkänt,DETERMINISTIC_FAILURE,LIFT,D1606229,1,Norra Djurgården 1:1,Södra Fiskartorpsvägen 15A,Norra Djurgården,NO,https://etjanster.stockholm.se/Byggochplantjansten/arende/arende/1304501?dataSource=Active
2025-13664,1304502,2025-09-09,2026-05-26,Anmaning att låta åtgärda hiss samt utföra förnyad besiktning,2025-09-09,"Intyg återkommande besiktning, ej godkänt, D1608812",Skrivelse In,ej godkänt,DETERMINISTIC_FAILURE,LIFT,D1608812,1,Tjurberget 4,Ringvägen 107A,Södermalm,YES,https://etjanster.stockholm.se/Byggochplantjansten/arende/arende/1304502?dataSource=Active
2025-13665,1304503,2025-09-09,2026-06-03,Anmaning att låta åtgärda hiss samt utföra förnyad besiktning,2025-09-09,"Intyg återkommande besiktning, ej godkänt, L7142265",Skrivelse In,ej godkänt,DETERMINISTIC_FAILURE,LIFT,L7142265,1,Storholmen 5,Storholmsbackarna 38,Vårberg,YES,https://etjanster.stockholm.se/Byggochplantjansten/arende/arende/1304503?dataSource=Active
2025-13666,1304504,2025-09-09,,Anmaning att låta åtgärda hiss samt utföra förnyad besiktning,2025-09-09,"Intyg återkommande besiktning, ej godkänt, L2985159",Skrivelse In,ej godkänt,DETERMINISTIC_FAILURE,LIFT,L2985159,1,Kontorsskylten 8,Solursgränd 6,Vällingby,NO,https://etjanster.stockholm.se/Byggochplantjansten/arende/arende/1304504?dataSource=Active
2025-13668,1304506,2025-09-08,2026-05-19,Anmaning att låta åtgärda hiss samt utföra förnyad besiktning,2025-09-09,"Intyg återkommande besiktning, ej godkänt, D1618992",Skrivelse In,ej godkänt,DETERMINISTIC_FAILURE,LIFT,D1618992,1,Tysslingen 1,Storsjövägen 35,Årsta,YES,https://etjanster.stockholm.se/Byggochplantjansten/arende/arende/1304506?dataSource=Active
2025-13669,1304507,2025-09-08,,Anmaning att låta åtgärda hiss samt utföra förnyad besiktning,2025-09-09,"Intyg återkommande besiktning, ej godkänt, L7902603",Skrivelse In,ej godkänt,DETERMINISTIC_FAILURE,LIFT,L7902603,1,Jordfräsen 1,Rabattvägen 31,Vinsta,NO,https://etjanster.stockholm.se/Byggochplantjansten/arende/arende/1304507?dataSource=Active
2025-13670,1304508,2025-09-09,2026-03-06,Anmaning att låta åtgärda hiss samt utföra förnyad besiktning,2025-09-09,"Intyg återkommande besiktning, ej godkänt, L9058764",Skrivelse In,ej godkänt,DETERMINISTIC_FAILURE,LIFT,L9058764,1,Hägern Större 14,Klarabergsgatan 23,Norrmalm,YES,https://etjanster.stockholm.se/Byggochplantjansten/arende/arende/1304508?dataSource=Active
2025-13671,1304509,2025-09-09,2026-05-19,Anmaning att låta åtgärda hiss samt utföra förnyad besiktning,2025-09-09,"Intyg återkommande besiktning, ej godkänt, 31383",Skrivelse In,ej godkänt,DETERMINISTIC_FAILURE,LIFT,31383,1,Kåkenhusen 25,Kungsgatan 12,Norrmalm,YES,https://etjanster.stockholm.se/Byggochplantjansten/arende/arende/1304509?dataSource=Active
2025-13672,1304510,2025-09-09,2026-05-19,Anmaning att låta åtgärda hiss samt utföra förnyad besiktning,2025-09-09,"Intyg återkommande besiktning, ej godkänt, 35037",Skrivelse In,ej godkänt,DETERMINISTIC_FAILURE,LIFT,35037,1,Timmermannen 31,Bondegatan 7,Södermalm,YES,https://etjanster.stockholm.se/Byggochplantjansten/arende/arende/1304510?dataSource=Active
2025-13673,1304511,2025-09-09,2026-05-19,Anmaning att låta åtgärda port samt utföra förnyad besiktning,2025-09-09,"Intyg återkommande besiktning, ej godkänt, L9022435",Skrivelse In,ej godkänt,DETERMINISTIC_FAILURE,POWERED_GATE_OR_DOOR,L9022435,1,Norra Djurgården 1:53,Gustafsborgsvägen 8,Norra Djurgården,YES,https://etjanster.stockholm.se/Byggochplantjansten/arende/arende/1304511?dataSource=Active
2025-13674,1304512,2025-09-08,,Anmaning att låta åtgärda hiss samt utföra förnyad besiktning,2025-09-09,"Intyg återkommande besiktning, ej godkänt, L7895087",Skrivelse In,ej godkänt,DETERMINISTIC_FAILURE,LIFT,L7895087,1,Stämpelfärgen 3,Härjedalsgatan 17,Vällingby,NO,https://etjanster.stockholm.se/Byggochplantjansten/arende/arende/1304512?dataSource=Active
2025-13675,1304513,2025-09-09,2026-05-19,Anmaning att låta åtgärda hissar samt utföra förnyad besiktning,2025-09-09,"Intyg återkommande besiktning, ej godkänt, L6703571",Skrivelse In,ej godkänt,DETERMINISTIC_FAILURE,LIFT,L6703571,1,Ostmästaren 5,Ostmästargränd 5,Enskedefältet,YES,https://etjanster.stockholm.se/Byggochplantjansten/arende/arende/1304513?dataSource=Active
2025-13677,1304515,2025-09-08,,Anmaning att låta åtgärda port samt utföra förnyad besiktning,2025-09-09,"Intyg återkommande besiktning, ej godkänt, L6703633",Skrivelse In,ej godkänt,DETERMINISTIC_FAILURE,POWERED_GATE_OR_DOOR,L6703633,1,Ostmästaren 3,Ostmästargränd 8,Enskedefältet,NO,https://etjanster.stockholm.se/Byggochplantjansten/arende/arende/1304515?dataSource=Active
2025-13682,1304520,2025-09-08,,Anmaning att låta åtgärda hissar samt utföra förnyad besiktning,2025-09-09,"Intyg återkommande besiktning, ej godkänt, D1601234",Skrivelse In,ej godkänt,DETERMINISTIC_FAILURE,LIFT,D1601234,1,Stången 7,Hyltingevägen 30,Örby,NO,https://etjanster.stockholm.se/Byggochplantjansten/arende/arende/1304520?dataSource=Active
2025-13746,1304584,2025-09-10,2025-11-10,Anmaning att låta åtgärda hissar samt utföra förnyad besiktning,2025-09-11,"Intyg återkommande besiktning, ej godkänt, L6960330",Skrivelse In,ej godkänt,DETERMINISTIC_FAILURE,LIFT,L6960330,1,Tjockan 1,Ystadsvägen 125,Björkhagen,NO,https://etjanster.stockholm.se/Byggochplantjansten/arende/arende/1304584?dataSource=Active
2025-13806,1304644,2025-09-11,,Anmaning att låta åtgärda hissar samt utföra förnyad besiktning,2025-09-11,"Intyg återkommande besiktning, ej godkänt, L7139895",Skrivelse In,ej godkänt,DETERMINISTIC_FAILURE,LIFT,L7139895,1,Dalen 3,Grusåsgränd 1,Gamla Enskede,NO,https://etjanster.stockholm.se/Byggochplantjansten/arende/arende/1304644?dataSource=Active
2025-13834,1304672,2025-09-11,2026-05-19,Anmaning att låta åtgärda hiss samt utföra förnyad besiktning,2025-09-11,"Intyg återkommande besiktning, ej godkänt, L2983642",Skrivelse In,ej godkänt,DETERMINISTIC_FAILURE,LIFT,L2983642,1,Fribiljetten 7,Börjesonsvägen 49,Södra Ängby,YES,https://etjanster.stockholm.se/Byggochplantjansten/arende/arende/1304672?dataSource=Active
2025-13835,1304673,2025-09-11,2026-06-03,Anmaning att låta åtgärda hissar samt utföra förnyad besiktning,2025-09-11,"Intyg återkommande besiktning, ej godkänt, S156628",Skrivelse In,ej godkänt,DETERMINISTIC_FAILURE,LIFT,S156628,1,Västberga Gård 3,Västberga Gårdsväg 52,Västberga,YES,https://etjanster.stockholm.se/Byggochplantjansten/arende/arende/1304673?dataSource=Active
2025-13836,1304674,2025-09-11,2026-07-08,Anmaning att låta åtgärda hissar samt utföra förnyad besiktning,2025-09-11,"Intyg återkommande besiktning, ej godkänt, S929382",Skrivelse In,ej godkänt,DETERMINISTIC_FAILURE,LIFT,S929382,1,Kattuntryckeriet 1,Wivalliusgatan 21,Marieberg,YES,https://etjanster.stockholm.se/Byggochplantjansten/arende/arende/1304674?dataSource=Active
2025-13838,1304676,2025-09-11,2025-12-16,Anmaning att låta åtgärda hissar samt utföra förnyad besiktning,2025-09-11,"Intyg återkommande besiktning, ej godkänt, S848751",Skrivelse In,ej godkänt,DETERMINISTIC_FAILURE,LIFT,S848751,1,Skranket 1,Västerled 53,Äppelviken,YES,https://etjanster.stockholm.se/Byggochplantjansten/arende/arende/1304676?dataSource=Active
2025-13839,1304677,2025-09-11,2026-06-03,Anmaning att låta åtgärda hissar samt utföra förnyad besiktning,2025-09-11,"Intyg återkommande besiktning, ej godkänt, L4078713",Skrivelse In,ej godkänt,DETERMINISTIC_FAILURE,LIFT,L4078713,1,Formannen 16,Åsögatan 113,Södermalm,YES,https://etjanster.stockholm.se/Byggochplantjansten/arende/arende/1304677?dataSource=Active
2025-13186,1304024,2025-09-01,2025-11-10,Anmaning att låta åtgärda hiss samt utföra förnyad besiktning,2025-09-12,"Intyg återkommande besiktning, ej godkänt, L9116211",Skrivelse In,ej godkänt,DETERMINISTIC_FAILURE,LIFT,L9116211,1,Geografiboken 1,Abrahamsbergsvägen 89,Abrahamsberg,NO,https://etjanster.stockholm.se/Byggochplantjansten/arende/arende/1304024?dataSource=Active
2025-13908,1304746,2025-09-12,2025-12-02,Anmaning att låta åtgärda hissar samt utföra förnyad besiktning,2025-09-12,"Intyg återkommande besiktning, ej godkänt, 2 st, L7366265, L7366274",Skrivelse In,ej godkänt,DETERMINISTIC_FAILURE,LIFT,L7366265 L7366274,2,Järnplåten 23,"Oxtorgsgatan 16, Oxtorgsgränd 5",Norrmalm,YES,https://etjanster.stockholm.se/Byggochplantjansten/arende/arende/1304746?dataSource=Active
2025-13910,1304748,2025-09-12,2025-12-02,Anmaning att låta åtgärda hissar samt utföra förnyad besiktning,2025-09-12,"Intyg återkommande besiktning, ej godkänt, 2 st, L7486411, L7494742",Skrivelse In,ej godkänt,DETERMINISTIC_FAILURE,LIFT,L7486411 L7494742,2,Stora Katrineberg 20,"Katrinebergsvägen 2, Mejerivägen 7",Liljeholmen,YES,https://etjanster.stockholm.se/Byggochplantjansten/arende/arende/1304748?dataSource=Active
2025-13912,1304750,2025-09-12,,Anmaning att låta åtgärda portar samt utföra förnyad besiktning,2025-09-12,"Intyg återkommande besiktning, ej godkänt, 2 st, D1773223, D1773228",Skrivelse In,ej godkänt,DETERMINISTIC_FAILURE,POWERED_GATE_OR_DOOR,D1773223 D1773228,2,Murmästare-ämbetet 1,Murmästarvägen 21,Bredäng,NO,https://etjanster.stockholm.se/Byggochplantjansten/arende/arende/1304750?dataSource=Active
2025-13913,1304751,2025-09-12,,Anmaning att låta åtgärda hiss samt utföra förnyad besiktning,2025-09-12,"Intyg återkommande besiktning, ej godkänt, D1605687",Skrivelse In,ej godkänt,DETERMINISTIC_FAILURE,LIFT,D1605687,1,Kornet 10,Ringvägen 56,Södermalm,NO,https://etjanster.stockholm.se/Byggochplantjansten/arende/arende/1304751?dataSource=Active
2025-13916,1304754,2025-09-12,2026-05-19,Anmaning att låta åtgärda hissar samt utföra förnyad besiktning,2025-09-12,"Intyg återkommande besiktning, ej godkänt, 3 st, L2733144, L2733242, L7687981",Skrivelse In,ej godkänt,DETERMINISTIC_FAILURE,LIFT,L2733144 L2733242 L7687981,3,Rektangeln 21,"Götgatan 102, Ringvägen 115",Södermalm,YES,https://etjanster.stockholm.se/Byggochplantjansten/arende/arende/1304754?dataSource=Active
2025-13919,1304757,2025-09-12,2026-05-26,Anmaning att låta åtgärda hissar samt utföra förnyad besiktning,2025-09-12,"Intyg återkommande besiktning, ej godkänt, 61263",Skrivelse In,ej godkänt,DETERMINISTIC_FAILURE,LIFT,61263,1,Jungfruholmen 1,Vårbergsplan 8,Vårberg,YES,https://etjanster.stockholm.se/Byggochplantjansten/arende/arende/1304757?dataSource=Active
2025-13920,1304758,2025-09-12,2026-05-26,Anmaning att låta åtgärda hissar samt utföra förnyad besiktning,2025-09-12,"Intyg återkommande besiktning, ej godkänt, 72510",Skrivelse In,ej godkänt,DETERMINISTIC_FAILURE,LIFT,72510,1,Tobaksmonopolet 13,Maria Skolgata 87,Södermalm,YES,https://etjanster.stockholm.se/Byggochplantjansten/arende/arende/1304758?dataSource=Active
2025-13922,1304760,2025-09-12,2025-12-18,Anmaning att låta åtgärda hissar samt utföra förnyad besiktning,2025-09-12,"Intyg återkommande besiktning, ej godkänt, L3728508",Skrivelse In,ej godkänt,DETERMINISTIC_FAILURE,LIFT,L3728508,1,Vale 23,Sveavägen 121A,Vasastaden,YES,https://etjanster.stockholm.se/Byggochplantjansten/arende/arende/1304760?dataSource=Active
2025-13925,1304763,2025-09-12,2026-05-26,Anmaning att låta åtgärda hissar samt utföra förnyad besiktning,2025-09-12,"Intyg återkommande besiktning, ej godkänt, S203112",Skrivelse In,ej godkänt,DETERMINISTIC_FAILURE,LIFT,S203112,1,Karet 2,Liljeholmstorget 20B,Liljeholmen,YES,https://etjanster.stockholm.se/Byggochplantjansten/arende/arende/1304763?dataSource=Active
2025-13926,1304764,2025-09-12,2026-05-19,Anmaning att låta åtgärda hissar samt utföra förnyad besiktning,2025-09-12,"Intyg återkommande besiktning, ej godkänt, L3691730",Skrivelse In,ej godkänt,DETERMINISTIC_FAILURE,LIFT,L3691730,1,Pennan 22,Möregatan 6,Södermalm,YES,https://etjanster.stockholm.se/Byggochplantjansten/arende/arende/1304764?dataSource=Active
2025-13927,1304765,2025-09-12,,Anmaning att låta åtgärda hissar samt utföra förnyad besiktning,2025-09-12,"Intyg återkommande besiktning, ej godkänt, S244700",Skrivelse In,ej godkänt,DETERMINISTIC_FAILURE,LIFT,S244700,1,Tjurhornet 15,Lindetorpsvägen 17,Enskede Gård,NO,https://etjanster.stockholm.se/Byggochplantjansten/arende/arende/1304765?dataSource=Active
2025-13929,1304767,2025-09-12,2026-05-19,Anmaning att låta åtgärda hissar samt utföra förnyad besiktning,2025-09-12,"Intyg återkommande besiktning, ej godkänt, S565144",Skrivelse In,ej godkänt,DETERMINISTIC_FAILURE,LIFT,S565144,1,Sämjan 1,Alpvägen 23,Mariehäll,NO,https://etjanster.stockholm.se/Byggochplantjansten/arende/arende/1304767?dataSource=Active
2025-13930,1304768,2025-09-12,2026-05-19,Anmaning att låta åtgärda hissar samt utföra förnyad besiktning,2025-09-12,"Intyg återkommande besiktning, ej godkänt, L4020236",Skrivelse In,ej godkänt,DETERMINISTIC_FAILURE,LIFT,L4020236,1,Tvättstugan 3,Sobelgränd 4,Stora Mossen,YES,https://etjanster.stockholm.se/Byggochplantjansten/arende/arende/1304768?dataSource=Active
2025-13936,1304774,2025-09-12,2026-05-19,Anmaning att låta åtgärda hissar samt utföra förnyad besiktning,2025-09-12,"Intyg återkommande besiktning, ej godkänt, S806426",Skrivelse In,ej godkänt,DETERMINISTIC_FAILURE,LIFT,S806426,1,Kvarndörren 1,Rinkeby Allé 16,Rinkeby,YES,https://etjanster.stockholm.se/Byggochplantjansten/arende/arende/1304774?dataSource=Active
2025-13939,1304777,2025-09-12,2026-06-03,Anmaning att låta åtgärda hissar samt utföra förnyad besiktning,2025-09-12,"Intyg återkommande besiktning, ej godkänt, S149087",Skrivelse In,ej godkänt,DETERMINISTIC_FAILURE,LIFT,S149087,1,Spinnsidan 4,Tvååkersgränd 1,Östberga,YES,https://etjanster.stockholm.se/Byggochplantjansten/arende/arende/1304777?dataSource=Active
2025-13941,1304779,2025-09-12,2026-05-19,Anmaning att låta åtgärda hissar samt utföra förnyad besiktning,2025-09-12,"Intyg återkommande besiktning, ej godkänt, S527684",Skrivelse In,ej godkänt,DETERMINISTIC_FAILURE,LIFT,S527684,1,Vega 4,Drottninggatan 95A,Vasastaden,YES,https://etjanster.stockholm.se/Byggochplantjansten/arende/arende/1304779?dataSource=Active
2025-13943,1304781,2025-09-12,,Anmaning att låta åtgärda hissar samt utföra förnyad besiktning,2025-09-12,"Intyg återkommande besiktning, ej godkänt, L0063164",Skrivelse In,ej godkänt,DETERMINISTIC_FAILURE,LIFT,L0063164,1,Famnen 6,Stopvägen 120,Åkeslund,NO,https://etjanster.stockholm.se/Byggochplantjansten/arende/arende/1304781?dataSource=Active
2025-13944,1304782,2025-09-11,2026-06-03,Anmaning att låta åtgärda hissar samt utföra förnyad besiktning,2025-09-12,"Intyg återkommande besiktning, ej godkänt, L9215906",Skrivelse In,ej godkänt,DETERMINISTIC_FAILURE,LIFT,L9215906,1,Obelisken 31,Blekingegatan 40A,Södermalm,YES,https://etjanster.stockholm.se/Byggochplantjansten/arende/arende/1304782?dataSource=Active
2025-13946,1304784,2025-09-12,2026-05-19,Anmaning att låta åtgärda hissar samt utföra förnyad besiktning,2025-09-12,"Intyg återkommande besiktning, ej godkänt, S215433",Skrivelse In,ej godkänt,DETERMINISTIC_FAILURE,LIFT,S215433,1,Årstaberg 4,Hildebergsvägen 14,Liljeholmen,YES,https://etjanster.stockholm.se/Byggochplantjansten/arende/arende/1304784?dataSource=Active
2025-13947,1304785,2025-09-11,,Anmaning att låta åtgärda port samt utföra förnyad besiktning,2025-09-12,"Intyg återkommande besiktning, ej godkänt,",Skrivelse In,ej godkänt,DETERMINISTIC_FAILURE,POWERED_GATE_OR_DOOR,,0,Blixtljuset 18,Kvicksundsvägen 14,Högdalen,NO,https://etjanster.stockholm.se/Byggochplantjansten/arende/arende/1304785?dataSource=Active
2025-13949,1304787,2025-09-11,2026-06-03,Anmaning att låta åtgärda hissar samt utföra förnyad besiktning,2025-09-12,"Intyg återkommande besiktning, ej godkänt,",Skrivelse In,ej godkänt,DETERMINISTIC_FAILURE,LIFT,,0,Trafikflyget 1,Ulvsundavägen 191A,Riksby,YES,https://etjanster.stockholm.se/Byggochplantjansten/arende/arende/1304787?dataSource=Active
2025-13409,1304247,2025-09-05,2025-12-02,Anmaning att låta åtgärda hiss samt utföra förnyad besiktning,2025-09-15,"Intyg återkommande besiktning, ej godkänt, L3749983",Skrivelse In,ej godkänt,DETERMINISTIC_FAILURE,LIFT,L3749983,1,Lillholmen 2,Stångholmsbacken 14,Vårberg,YES,https://etjanster.stockholm.se/Byggochplantjansten/arende/arende/1304247?dataSource=Active
2025-13992,1304830,2025-09-11,,Anmaning att låta åtgärda hissar samt utföra förnyad besiktning,2025-09-15,"Intyg återkommande besiktning, ej godkänt, S984973, S984975",Skrivelse In,ej godkänt,DETERMINISTIC_FAILURE,LIFT,S984973 S984975,2,Trafikflyget 1,Ulvsundavägen 191A,Riksby,NO,https://etjanster.stockholm.se/Byggochplantjansten/arende/arende/1304830?dataSource=Active
2025-13993,1304831,2025-09-11,2026-06-03,Anmaning att låta åtgärda hissar samt utföra förnyad besiktning,2025-09-15,"Intyg återkommande besiktning, ej godkänt, S982142",Skrivelse In,ej godkänt,DETERMINISTIC_FAILURE,LIFT,S982142,1,Trafikflyget 4,Ulvsundavägen 193,Riksby,YES,https://etjanster.stockholm.se/Byggochplantjansten/arende/arende/1304831?dataSource=Active
2025-14001,1304839,2025-09-15,2026-05-26,Anmaning att låta åtgärda hiss samt utföra förnyad besiktning,2025-09-15,"Intyg återkommande besiktning, ej godkänt, S273152",Skrivelse In,ej godkänt,DETERMINISTIC_FAILURE,LIFT,S273152,1,Stapelbädden 9,Gröndalsvägen 214,Gröndal,NO,https://etjanster.stockholm.se/Byggochplantjansten/arende/arende/1304839?dataSource=Active
2025-14003,1304841,2025-09-15,2026-05-26,Anmaning att låta åtgärda port samt utföra förnyad besiktning,2025-09-15,"Intyg återkommande besiktning, ej godkänt, S406328",Skrivelse In,ej godkänt,DETERMINISTIC_FAILURE,POWERED_GATE_OR_DOOR,S406328,1,Avokadon 1,Bussens Väg 5,Enskedefältet,YES,https://etjanster.stockholm.se/Byggochplantjansten/arende/arende/1304841?dataSource=Active
2025-14004,1304842,2025-09-15,2026-05-26,Anmaning att låta åtgärda hissar samt utföra förnyad besiktning,2025-09-15,"Intyg återkommande besiktning, ej godkänt, D1665480, D1666304, D1773423",Skrivelse In,ej godkänt,DETERMINISTIC_FAILURE,LIFT,D1665480 D1666304 D1773423,3,Ferdinand 14,"Nekvägen 35, Nekvägen 37, Nekvägen 39",Sundby,YES,https://etjanster.stockholm.se/Byggochplantjansten/arende/arende/1304842?dataSource=Active
2025-14005,1304843,2025-09-11,2025-11-05,Anmaning att låta åtgärda hissar samt utföra förnyad besiktning,2025-09-15,"Intyg återkommande besiktning, ej godkänt, L3749967",Skrivelse In,ej godkänt,DETERMINISTIC_FAILURE,LIFT,L3749967,1,Lillholmen 5,Stångholmsbacken 10,Vårberg,NO,https://etjanster.stockholm.se/Byggochplantjansten/arende/arende/1304843?dataSource=Active
2025-14010,1304848,2025-09-11,,Anmaning att låta åtgärda hissar samt utföra förnyad besiktning,2025-09-15,"Intyg återkommande besiktning, ej godkänt, S931624",Skrivelse In,ej godkänt,DETERMINISTIC_FAILURE,LIFT,S931624,1,Tegelbruket 4,Polhemsgatan 50,Kungsholmen,NO,https://etjanster.stockholm.se/Byggochplantjansten/arende/arende/1304848?dataSource=Active
2025-14013,1304851,2025-09-11,,Anmaning att låta åtgärda port samt utföra förnyad besiktning,2025-09-15,"Intyg återkommande besiktning, ej godkänt, S720867",Skrivelse In,ej godkänt,DETERMINISTIC_FAILURE,POWERED_GATE_OR_DOOR,S720867,1,Gjutmästaren 5,Masugnsvägen 28,Ulvsunda industriområde,NO,https://etjanster.stockholm.se/Byggochplantjansten/arende/arende/1304851?dataSource=Active
2025-14014,1304852,2025-09-15,,Anmaning att låta åtgärda portar samt utföra förnyad besiktning,2025-09-15,"Intyg återkommande besiktning, ej godkänt, L8236555, D1541494",Skrivelse In,ej godkänt,DETERMINISTIC_FAILURE,POWERED_GATE_OR_DOOR,L8236555 D1541494,2,Reningsverket 1,Värmdövägen 23,Södra Hammarbyhamnen,NO,https://etjanster.stockholm.se/Byggochplantjansten/arende/arende/1304852?dataSource=Active
2025-14015,1304853,2025-09-11,2026-06-03,Anmaning att låta åtgärda hissar samt utföra förnyad besiktning,2025-09-15,"Intyg återkommande besiktning, ej godkänt, S984972",Skrivelse In,ej godkänt,DETERMINISTIC_FAILURE,LIFT,S984972,1,Trafikflyget 5,Ulvsundavägen 185A,Riksby,YES,https://etjanster.stockholm.se/Byggochplantjansten/arende/arende/1304853?dataSource=Active
2025-14019,1304857,2025-09-11,2026-06-03,Anmaning att låta åtgärda hissar samt utföra förnyad besiktning,2025-09-15,"Intyg återkommande besiktning, ej godkänt, S343034",Skrivelse In,ej godkänt,DETERMINISTIC_FAILURE,LIFT,S343034,1,Trafikflyget 1,Ulvsundavägen 187E,Riksby,YES,https://etjanster.stockholm.se/Byggochplantjansten/arende/arende/1304857?dataSource=Active
2025-13623,1304461,2025-09-08,2026-06-23,Anmaning att låta åtgärda hiss samt utföra förnyad besiktning,2025-09-16,"Intyg återkommande besiktning, ej godkänt, L7142238",Skrivelse In,ej godkänt,DETERMINISTIC_FAILURE,LIFT,L7142238,1,Storholmen 3,Storholmsbackarna 16,Vårberg,YES,https://etjanster.stockholm.se/Byggochplantjansten/arende/arende/1304461?dataSource=Active
2025-14090,1304928,2025-09-15,2026-06-02,Anmaning att låta åtgärda hiss samt utföra förnyad besiktning,2025-09-16,"Intyg återkommande besiktning, ej godkänt, 66380",Skrivelse In,ej godkänt,DETERMINISTIC_FAILURE,LIFT,66380,1,Hamnvakten 7,Katarina Bangata 80,Södermalm,YES,https://etjanster.stockholm.se/Byggochplantjansten/arende/arende/1304928?dataSource=Active
2025-14091,1304929,2025-09-15,,Anmaning att låta åtgärda hiss samt utföra förnyad besiktning,2025-09-16,"Intyg återkommande besiktning, ej godkänt, 76054",Skrivelse In,ej godkänt,DETERMINISTIC_FAILURE,LIFT,76054,1,Kejsarkronan 6,Karlbergsvägen 16,Vasastaden,NO,https://etjanster.stockholm.se/Byggochplantjansten/arende/arende/1304929?dataSource=Active
2025-14092,1304930,2025-09-16,2025-12-02,Anmaning att låta åtgärda hiss samt utföra förnyad besiktning,2025-09-16,"Intyg återkommande besiktning, ej godkänt, L3482320",Skrivelse In,ej godkänt,DETERMINISTIC_FAILURE,LIFT,L3482320,1,Trasten 15,Odengatan 4,Östermalm,NO,https://etjanster.stockholm.se/Byggochplantjansten/arende/arende/1304930?dataSource=Active
2025-14096,1304934,2025-09-16,2026-06-02,Anmaning att låta åtgärda hiss samt utföra förnyad besiktning,2025-09-16,"Intyg återkommande besiktning, ej godkänt, 44229",Skrivelse In,ej godkänt,DETERMINISTIC_FAILURE,LIFT,44229,1,Ingenjören 15,Blekingegatan 4,Södermalm,YES,https://etjanster.stockholm.se/Byggochplantjansten/arende/arende/1304934?dataSource=Active
2025-14098,1304936,2025-09-16,,Anmaning att låta åtgärda hiss samt utföra förnyad besiktning,2025-09-16,"Intyg återkommande besiktning, ej godkänt, 30239",Skrivelse In,ej godkänt,DETERMINISTIC_FAILURE,LIFT,30239,1,Kakelugnen 10,Karlbergsvägen 58,Vasastaden,NO,https://etjanster.stockholm.se/Byggochplantjansten/arende/arende/1304936?dataSource=Active
2025-14100,1304938,2025-09-16,,Anmaning att låta åtgärda hiss samt utföra förnyad besiktning,2025-09-16,"Intyg återkommande besiktning, ej godkänt, L7139582",Skrivelse In,ej godkänt,DETERMINISTIC_FAILURE,LIFT,L7139582,1,Dalen 11,Bersågränd 94,Gamla Enskede,NO,https://etjanster.stockholm.se/Byggochplantjansten/arende/arende/1304938?dataSource=Active
2025-14130,1304968,2025-09-16,,Anmaning att låta åtgärda hiss samt utföra förnyad besiktning,2025-09-16,"Intyg återkommande besiktning, ej godkänt, L7139626, L7139635",Skrivelse In,ej godkänt,DETERMINISTIC_FAILURE,LIFT,L7139626 L7139635,2,Dalen 13,Dalens Allé 5,Gamla Enskede,NO,https://etjanster.stockholm.se/Byggochplantjansten/arende/arende/1304968?dataSource=Active
2025-14194,1305032,2025-09-17,2026-06-02,Anmaning att låta åtgärda hiss samt utföra förnyad besiktning,2025-09-17,"Intyg återkommande besiktning, ej godkänt, D1371676",Skrivelse In,ej godkänt,DETERMINISTIC_FAILURE,LIFT,D1371676,1,Tre Vapen 7,Valhallavägen 189,Ladugårdsgärdet,YES,https://etjanster.stockholm.se/Byggochplantjansten/arende/arende/1305032?dataSource=Active
2025-14195,1305033,2025-09-17,2026-09-02,Anmaning att låta åtgärda hiss samt utföra förnyad besiktning,2025-09-17,"Intyg återkommande besiktning, ej godkänt, L2943337",Skrivelse In,ej godkänt,DETERMINISTIC_FAILURE,LIFT,L2943337,1,Polacken 29,Brunnsgatan 19,Norrmalm,YES,https://etjanster.stockholm.se/Byggochplantjansten/arende/arende/1305033?dataSource=Active
2025-14201,1305039,2025-09-17,2026-03-11,Anmaning att låta åtgärda hiss samt utföra förnyad besiktning,2025-09-17,"Intyg återkommande besiktning, ej godkänt, L7896237",Skrivelse In,ej godkänt,DETERMINISTIC_FAILURE,LIFT,L7896237,1,Ålesund 1,Trondheimsgatan 11,Husby,NO,https://etjanster.stockholm.se/Byggochplantjansten/arende/arende/1305039?dataSource=Active
2025-14203,1305041,2025-09-17,,Anmaning att låta åtgärda hiss samt utföra förnyad besiktning,2025-09-17,"Intyg återkommande besiktning, ej godkänt, 51826",Skrivelse In,ej godkänt,DETERMINISTIC_FAILURE,LIFT,51826,1,Rönnen 10,Eriksbergsgatan 34,Östermalm,NO,https://etjanster.stockholm.se/Byggochplantjansten/arende/arende/1305041?dataSource=Active
2025-14206,1305044,2025-09-17,,Anmaning att låta åtgärda port samt utföra förnyad besiktning,2025-09-17,"Intyg återkommande besiktning, ej godkänt, 4 st, D1773924, L7951784, L9012044, L9012080",Skrivelse In,ej godkänt,DETERMINISTIC_FAILURE,POWERED_GATE_OR_DOOR,D1773924 L7951784 L9012044 L9012080,4,Frukthallen 3,Frukthandlarvägen 3,Östberga,NO,https://etjanster.stockholm.se/Byggochplantjansten/arende/arende/1305044?dataSource=Active
2025-14254,1305092,2025-09-18,,Anmaning att låta åtgärda hissar samt utföra förnyad besiktning,2025-09-18,"Intyg återkommande besiktning, ej godkänt, L7896479",Skrivelse In,ej godkänt,DETERMINISTIC_FAILURE,LIFT,L7896479,1,Trondheim 4,Trondheimsgatan 28,Husby,NO,https://etjanster.stockholm.se/Byggochplantjansten/arende/arende/1305092?dataSource=Active
2025-14255,1305093,2025-09-18,,Anmaning att låta åtgärda hissar samt utföra förnyad besiktning,2025-09-18,"Intyg återkommande besiktning, ej godkänt, L7896488",Skrivelse In,ej godkänt,DETERMINISTIC_FAILURE,LIFT,L7896488,1,Trondheim 4,Trondheimsgatan 28A,Husby,NO,https://etjanster.stockholm.se/Byggochplantjansten/arende/arende/1305093?dataSource=Active
2025-14277,1305115,2025-09-18,,Anmaning att låta åtgärda hissar samt utföra förnyad besiktning,2025-09-18,"Intyg återkommande besiktning, ej godkänt, 76250",Skrivelse In,ej godkänt,DETERMINISTIC_FAILURE,LIFT,76250,1,Oxen Mindre 34,Luntmakargatan 22,Norrmalm,NO,https://etjanster.stockholm.se/Byggochplantjansten/arende/arende/1305115?dataSource=Active
2025-13546,1304384,2025-09-05,2026-05-19,Anmaning att låta åtgärda hiss samt utföra förnyad besiktning,2025-09-23,"Intyg återkommande besiktning, ej godkänt, L2562507",Skrivelse In,ej godkänt,DETERMINISTIC_FAILURE,LIFT,L2562507,1,Reningsverket 1,"Information saknas för ""Adress""",Södra Hammarbyhamnen,YES,https://etjanster.stockholm.se/Byggochplantjansten/arende/arende/1304384?dataSource=Active
2025-14453,1305291,2025-09-23,2026-05-27,Anmaning att låta åtgärda port samt utföra förnyad besiktning,2025-09-23,"Intyg återkommande besiktning, ej godkänt, D1682573",Skrivelse In,ej godkänt,DETERMINISTIC_FAILURE,POWERED_GATE_OR_DOOR,D1682573,1,Nimrod 7,Jägmästargatan 2C,Hjorthagen,YES,https://etjanster.stockholm.se/Byggochplantjansten/arende/arende/1305291?dataSource=Active
2025-14454,1305292,2025-09-23,,Anmaning att låta åtgärda hiss samt utföra förnyad besiktning,2025-09-23,"Intyg återkommande besiktning, ej godkänt, L2769053",Skrivelse In,ej godkänt,DETERMINISTIC_FAILURE,LIFT,L2769053,1,Trondheim 4,Trondheimsgatan 32,Husby,NO,https://etjanster.stockholm.se/Byggochplantjansten/arende/arende/1305292?dataSource=Active
2025-14456,1305294,2025-09-23,2026-05-19,Anmaning att låta åtgärda port samt utföra förnyad besiktning,2025-09-23,"Intyg återkommande besiktning, ej godkänt, L9162749",Skrivelse In,ej godkänt,DETERMINISTIC_FAILURE,POWERED_GATE_OR_DOOR,L9162749,1,Obelisken 26,Gotlandsgatan 47,Södermalm,YES,https://etjanster.stockholm.se/Byggochplantjansten/arende/arende/1305294?dataSource=Active
2025-14458,1305296,2025-09-23,2026-07-08,Anmaning att låta åtgärda port samt utföra förnyad besiktning,2025-09-23,"Intyg återkommande besiktning, ej godkänt, D1382128",Skrivelse In,ej godkänt,DETERMINISTIC_FAILURE,POWERED_GATE_OR_DOOR,D1382128,1,Varmvattnet 3,Esbogatan 8,Akalla,YES,https://etjanster.stockholm.se/Byggochplantjansten/arende/arende/1305296?dataSource=Active
2025-14460,1305298,2025-09-23,2026-05-19,Anmaning att låta åtgärda hiss samt utföra förnyad besiktning,2025-09-23,"Intyg återkommande besiktning, ej godkänt, D1539898",Skrivelse In,ej godkänt,DETERMINISTIC_FAILURE,LIFT,D1539898,1,Flygmaskinen 2,Upplandsgatan 100,Vasastaden,YES,https://etjanster.stockholm.se/Byggochplantjansten/arende/arende/1305298?dataSource=Active
2025-14461,1305299,2025-09-23,,Anmaning att låta åtgärda portar samt utföra förnyad besiktning,2025-09-23,"Intyg återkommande besiktning, ej godkänt, 3 st, D1541483, L2562561, L2909688",Skrivelse In,ej godkänt,DETERMINISTIC_FAILURE,POWERED_GATE_OR_DOOR,D1541483 L2562561 L2909688,3,Reningsverket 1,Värmdövägen 23,Södra Hammarbyhamnen,YES,https://etjanster.stockholm.se/Byggochplantjansten/arende/arende/1305299?dataSource=Active
2025-14463,1305301,2025-09-23,2026-05-19,Anmaning att låta åtgärda hiss samt utföra förnyad besiktning,2025-09-23,"Intyg återkommande besiktning, ej godkänt, D1646587",Skrivelse In,ej godkänt,DETERMINISTIC_FAILURE,LIFT,D1646587,1,Trädgårdsföreningen 1,Olof Palmes Gata 20B,Norrmalm,YES,https://etjanster.stockholm.se/Byggochplantjansten/arende/arende/1305301?dataSource=Active
2025-14464,1305302,2025-09-23,2026-05-19,Anmaning att låta åtgärda hiss samt utföra förnyad besiktning,2025-09-23,"Intyg återkommande besiktning, ej godkänt, D1394651",Skrivelse In,ej godkänt,DETERMINISTIC_FAILURE,LIFT,D1394651,1,Lammet 16,Bryggargatan 6A,Norrmalm,YES,https://etjanster.stockholm.se/Byggochplantjansten/arende/arende/1305302?dataSource=Active
2025-14508,1305346,2025-09-23,2026-06-03,Anmaning att låta åtgärda hissar samt utföra förnyad besiktning,2025-09-23,"Intyg återkommande besiktning, ej godkänt, 2 st, L7352510, L7352538",Skrivelse In,ej godkänt,DETERMINISTIC_FAILURE,LIFT,L7352510 L7352538,2,Sperlingens Backe 30,"Humlegårdsgatan 19B, Sturegatan 6A",Östermalm,YES,https://etjanster.stockholm.se/Byggochplantjansten/arende/arende/1305346?dataSource=Active
2025-14509,1305347,2025-09-23,2026-06-03,Anmaning att låta åtgärda hiss samt utföra förnyad besiktning,2025-09-23,"Intyg återkommande besiktning, ej godkänt, L7366229",Skrivelse In,ej godkänt,DETERMINISTIC_FAILURE,LIFT,L7366229,1,Järnplåten 23,Kungsgatan 37,Norrmalm,YES,https://etjanster.stockholm.se/Byggochplantjansten/arende/arende/1305347?dataSource=Active
2025-14510,1305348,2025-09-23,2026-06-03,Anmaning att låta åtgärda hiss samt utföra förnyad besiktning,2025-09-23,"Intyg återkommande besiktning, ej godkänt, D1633356",Skrivelse In,ej godkänt,DETERMINISTIC_FAILURE,LIFT,D1633356,1,Sumpen 10,Stureplan 15,Norrmalm,YES,https://etjanster.stockholm.se/Byggochplantjansten/arende/arende/1305348?dataSource=Active
2025-14522,1305360,2025-09-23,,Anmaning att låta åtgärda hiss samt utföra förnyad besiktning,2025-09-23,"Intyg återkommande besiktning, ej godkänt, L5238191",Skrivelse In,ej godkänt,DETERMINISTIC_FAILURE,LIFT,L5238191,1,Tuben 2,Upplandsgatan 25,Vasastaden,NO,https://etjanster.stockholm.se/Byggochplantjansten/arende/arende/1305360?dataSource=Active
2025-14523,1305361,2025-09-23,2026-06-03,Anmaning att låta åtgärda hiss samt utföra förnyad besiktning,2025-09-23,"Intyg återkommande besiktning, ej godkänt, L3492089",Skrivelse In,ej godkänt,DETERMINISTIC_FAILURE,LIFT,L3492089,1,Kikaren 8,Rådmansgatan 84,Vasastaden,YES,https://etjanster.stockholm.se/Byggochplantjansten/arende/arende/1305361?dataSource=Active
2025-14524,1305362,2025-09-23,2026-05-29,Anmaning att låta åtgärda hiss samt utföra förnyad besiktning,2025-09-23,"Intyg återkommande besiktning, ej godkänt, S319723",Skrivelse In,ej godkänt,DETERMINISTIC_FAILURE,LIFT,S319723,1,Bangårdsposten 1,Klarabergsviadukten 63,Norrmalm,YES,https://etjanster.stockholm.se/Byggochplantjansten/arende/arende/1305362?dataSource=Active
2025-14526,1305364,2025-09-23,,Anmaning att låta åtgärda hiss samt utföra förnyad besiktning,2025-09-23,"Intyg återkommande besiktning, ej godkänt, S668793",Skrivelse In,ej godkänt,DETERMINISTIC_FAILURE,LIFT,S668793,1,Hästskon 12,Hamngatan 26,Norrmalm,NO,https://etjanster.stockholm.se/Byggochplantjansten/arende/arende/1305364?dataSource=Active
2025-14527,1305365,2025-09-23,2026-09-22,Anmaning att låta åtgärda hiss samt utföra förnyad besiktning,2025-09-23,"Intyg återkommande besiktning, ej godkänt, L3481231",Skrivelse In,ej godkänt,DETERMINISTIC_FAILURE,LIFT,L3481231,1,Ädelman Mindre 12,Grevgatan 4,Östermalm,YES,https://etjanster.stockholm.se/Byggochplantjansten/arende/arende/1305365?dataSource=Active
2025-14530,1305368,2025-09-23,2026-07-13,Anmaning att låta åtgärda hiss samt utföra förnyad besiktning,2025-09-23,"Intyg återkommande besiktning, ej godkänt, S146462",Skrivelse In,ej godkänt,DETERMINISTIC_FAILURE,LIFT,S146462,1,Pyramus 11,Lilla Nygatan 15,Gamla Stan,NO,https://etjanster.stockholm.se/Byggochplantjansten/arende/arende/1305368?dataSource=Active
2025-14531,1305369,2025-09-23,,Anmaning att låta åtgärda hiss samt utföra förnyad besiktning,2025-09-23,"Intyg återkommande besiktning, ej godkänt, S710148",Skrivelse In,ej godkänt,DETERMINISTIC_FAILURE,LIFT,S710148,1,Hästskon 12,Malmskillnadsgatan 40A,Norrmalm,NO,https://etjanster.stockholm.se/Byggochplantjansten/arende/arende/1305369?dataSource=Active
2025-14532,1305370,2025-09-23,2026-05-26,Anmaning att låta åtgärda hissar samt utföra förnyad besiktning,2025-09-23,"Intyg återkommande besiktning, ej godkänt, 2 st, S420883, S420885",Skrivelse In,ej godkänt,DETERMINISTIC_FAILURE,LIFT,S420883 S420885,2,Labyrinten 1,Hässelby Torg 20,Hässelby Gård,YES,https://etjanster.stockholm.se/Byggochplantjansten/arende/arende/1305370?dataSource=Active
2025-14585,1305423,2025-09-24,,Anmaning att låta åtgärda hiss samt utföra förnyad besiktning,2025-09-24,"Intyg återkommande besiktning, ej godkänt, L7889370",Skrivelse In,ej godkänt,DETERMINISTIC_FAILURE,LIFT,L7889370,1,Oslo 4,Oslogatan 42,Husby,NO,https://etjanster.stockholm.se/Byggochplantjansten/arende/arende/1305423?dataSource=Active
2025-14587,1305425,2025-09-24,,Anmaning att låta åtgärda hiss samt utföra förnyad besiktning,2025-09-24,"Intyg återkommande besiktning, ej godkänt, L7889290",Skrivelse In,ej godkänt,DETERMINISTIC_FAILURE,LIFT,L7889290,1,Oslo 3,Oslogatan 29,Husby,NO,https://etjanster.stockholm.se/Byggochplantjansten/arende/arende/1305425?dataSource=Active
2025-14588,1305426,2025-09-24,2026-05-19,Anmaning att låta åtgärda rörlig Lastbrygga samt utföra förnyad besiktning,2025-09-24,"Intyg återkommande besiktning, ej godkänt, D1733777",Skrivelse In,ej godkänt,DETERMINISTIC_FAILURE,UNKNOWN,D1733777,1,Administratören 1,Partihandlarvägen 4,Östberga,YES,https://etjanster.stockholm.se/Byggochplantjansten/arende/arende/1305426?dataSource=Active
2025-14597,1305435,2025-09-24,2026-05-19,Anmaning att låta åtgärda portar samt utföra förnyad besiktning,2025-09-24,"Intyg återkommande besiktning, ej godkänt, 2 st, S110875, S250437",Skrivelse In,ej godkänt,DETERMINISTIC_FAILURE,POWERED_GATE_OR_DOOR,S110875 S250437,2,Tullgården 2,Östgötagatan 84,Södermalm,YES,https://etjanster.stockholm.se/Byggochplantjansten/arende/arende/1305435?dataSource=Active
2025-14599,1305437,2025-09-24,2026-06-03,Anmaning att låta åtgärda portar samt utföra förnyad besiktning,2025-09-24,"Intyg återkommande besiktning, ej godkänt, 2 st, S454503, S454477",Skrivelse In,ej godkänt,DETERMINISTIC_FAILURE,POWERED_GATE_OR_DOOR,S454503 S454477,2,Kräftan 9,Olof Dalins Väg 16,Kristineberg,YES,https://etjanster.stockholm.se/Byggochplantjansten/arende/arende/1305437?dataSource=Active
2025-14600,1305438,2025-09-24,,"Anmaning att låta åtgärda portar samt utföra förnyad besiktning, Grimsta Ishall",2025-09-24,"Intyg återkommande besiktning, ej godkänt, 2 st, S755300, S987771",Skrivelse In,ej godkänt,DETERMINISTIC_FAILURE,POWERED_GATE_OR_DOOR,S755300 S987771,2,Grimsta 1:2,"Information saknas för ""Adress""",Grimsta,NO,https://etjanster.stockholm.se/Byggochplantjansten/arende/arende/1305438?dataSource=Active
2025-14602,1305440,2025-09-24,,"Anmaning att låta åtgärda port samt utföra förnyad besiktning, Stora Mossens IP",2025-09-24,"Intyg återkommande besiktning, ej godkänt, S800618",Skrivelse In,ej godkänt,DETERMINISTIC_FAILURE,POWERED_GATE_OR_DOOR,S800618,1,Ulvsunda 1:1,"Information saknas för ""Adress""",Stora Mossen,NO,https://etjanster.stockholm.se/Byggochplantjansten/arende/arende/1305440?dataSource=Active
2025-14675,1305513,2025-09-25,2026-06-03,Anmaning att låta åtgärda hiss samt utföra förnyad besiktning,2025-09-25,"Intyg återkommande besiktning, ej godkänt, D1394385",Skrivelse In,ej godkänt,DETERMINISTIC_FAILURE,LIFT,D1394385,1,Dykärret 22,Bengt Ekehjelmsgatan 1B,Södermalm,YES,https://etjanster.stockholm.se/Byggochplantjansten/arende/arende/1305513?dataSource=Active
2025-14678,1305516,2025-09-25,,Anmaning att låta åtgärda hissar samt utföra förnyad besiktning,2025-09-25,"Intyg återkommande besiktning, ej godkänt, L7889307",Skrivelse In,ej godkänt,DETERMINISTIC_FAILURE,LIFT,L7889307,1,Oslo 5,Oslogatan 30,Husby,NO,https://etjanster.stockholm.se/Byggochplantjansten/arende/arende/1305516?dataSource=Active
2025-14679,1305517,2025-09-25,2026-05-13,Anmaning att låta åtgärda hissar samt utföra förnyad besiktning,2025-09-25,"Intyg återkommande besiktning, ej godkänt, L2992089",Skrivelse In,ej godkänt,DETERMINISTIC_FAILURE,LIFT,L2992089,1,Skären 4,Mäster Samuelsgatan 9,Norrmalm,YES,https://etjanster.stockholm.se/Byggochplantjansten/arende/arende/1305517?dataSource=Active
2025-14680,1305518,2025-09-25,2026-05-13,Anmaning att låta åtgärda hissar samt utföra förnyad besiktning,2025-09-25,"Intyg återkommande besiktning, ej godkänt, L2992070",Skrivelse In,ej godkänt,DETERMINISTIC_FAILURE,LIFT,L2992070,1,Skären 4,Biblioteksgatan 3,Norrmalm,YES,https://etjanster.stockholm.se/Byggochplantjansten/arende/arende/1305518?dataSource=Active
2025-14682,1305520,2025-09-25,2026-06-23,Anmaning att låta åtgärda hiss samt utföra förnyad besiktning,2025-09-25,"Intyg återkommande besiktning, ej godkänt, D1606359",Skrivelse In,ej godkänt,DETERMINISTIC_FAILURE,LIFT,D1606359,1,Brödkaveln 1,Fagerviksvägen 9,Nockebyhov,YES,https://etjanster.stockholm.se/Byggochplantjansten/arende/arende/1305520?dataSource=Active
2025-14690,1305528,2025-09-25,2026-06-03,Anmaning att låta åtgärda hiss samt utföra förnyad besiktning,2025-09-25,"Intyg återkommande besiktning, ej godkänt, 3 st, L2965939, L2989824, L2989833",Skrivelse In,ej godkänt,DETERMINISTIC_FAILURE,LIFT,L2965939 L2989824 L2989833,3,Skären 6,"Biblioteksgatan 1, Smålandsgatan 16",Norrmalm,YES,https://etjanster.stockholm.se/Byggochplantjansten/arende/arende/1305528?dataSource=Active
2025-14693,1305531,2025-09-25,,Anmaning att låta åtgärda hiss samt utföra förnyad besiktning,2025-09-25,"Intyg återkommande besiktning, ej godkänt, 67643",Skrivelse In,ej godkänt,DETERMINISTIC_FAILURE,LIFT,67643,1,Trossen 12,Alströmergatan 1,Kungsholmen,NO,https://etjanster.stockholm.se/Byggochplantjansten/arende/arende/1305531?dataSource=Active
2025-14719,1305557,2025-09-25,2026-06-18,Anmaning att låta åtgärda hiss samt utföra förnyad besiktning,2025-09-25,"Intyg återkommande besiktning, ej godkänt, L2973608",Skrivelse In,ej godkänt,DETERMINISTIC_FAILURE,LIFT,L2973608,1,Rektangeln 21,Ringvägen 115,Södermalm,YES,https://etjanster.stockholm.se/Byggochplantjansten/arende/arende/1305557?dataSource=Active
2025-14720,1305558,2025-09-25,,Anmaning att låta åtgärda hiss samt utföra förnyad besiktning,2025-09-25,"Intyg återkommande besiktning, ej godkänt, L2998118",Skrivelse In,ej godkänt,DETERMINISTIC_FAILURE,LIFT,L2998118,1,Djursätra 4,Kungssätravägen 25B,Sätra,NO,https://etjanster.stockholm.se/Byggochplantjansten/arende/arende/1305558?dataSource=Active
2025-14728,1305566,2025-09-26,,Anmaning att låta åtgärda hiss samt utföra förnyad besiktning,2025-09-26,"Intyg återkommande besiktning, ej godkänt, L7888602",Skrivelse In,ej godkänt,DETERMINISTIC_FAILURE,LIFT,L7888602,1,Molde 2,Bergengatan 7,Husby,NO,https://etjanster.stockholm.se/Byggochplantjansten/arende/arende/1305566?dataSource=Active
2025-14729,1305567,2025-09-26,,Anmaning att låta åtgärda hiss samt utföra förnyad besiktning,2025-09-26,"Intyg återkommande besiktning, ej godkänt, L2832948",Skrivelse In,ej godkänt,DETERMINISTIC_FAILURE,LIFT,L2832948,1,Molde 1,Bergengatan 11,Husby,NO,https://etjanster.stockholm.se/Byggochplantjansten/arende/arende/1305567?dataSource=Active
2025-14758,1305596,2025-09-26,2026-06-05,Anmaning att låta åtgärda hiss samt utföra förnyad besiktning,2025-09-26,"Intyg återkommande besiktning, ej godkänt, 53841",Skrivelse In,ej godkänt,DETERMINISTIC_FAILURE,LIFT,53841,1,Mäster Mikael 27,Sandbacksgatan 5,Södermalm,YES,https://etjanster.stockholm.se/Byggochplantjansten/arende/arende/1305596?dataSource=Active
2025-14803,1305641,2025-09-29,,Anmaning att låta åtgärda hiss samt utföra förnyad besiktning,2025-09-29,"Intyg återkommande besiktning, ej godkänt, L7902381",Skrivelse In,ej godkänt,DETERMINISTIC_FAILURE,LIFT,L7902381,1,Hålkortet 1,Vällingby Torg 29,Vällingby,NO,https://etjanster.stockholm.se/Byggochplantjansten/arende/arende/1305641?dataSource=Active
2025-14804,1305642,2025-09-29,,Anmaning att låta åtgärda hiss samt utföra förnyad besiktning,2025-09-29,"Intyg återkommande besiktning, ej godkänt, D1622866",Skrivelse In,ej godkänt,DETERMINISTIC_FAILURE,LIFT,D1622866,1,Skravelberget Större 14,Ingmar Bergmans Gata 2,Östermalm,NO,https://etjanster.stockholm.se/Byggochplantjansten/arende/arende/1305642?dataSource=Active
2025-14805,1305643,2025-09-29,2026-06-12,Anmaning att låta åtgärda hiss samt utföra förnyad besiktning,2025-09-29,"Intyg återkommande besiktning, ej godkänt, 24476",Skrivelse In,ej godkänt,DETERMINISTIC_FAILURE,LIFT,24476,1,Stavanger 1,Stavangergatan 28,Husby,YES,https://etjanster.stockholm.se/Byggochplantjansten/arende/arende/1305643?dataSource=Active
2025-14815,1305653,2025-09-29,,Anmaning att låta åtgärda hiss samt utföra förnyad besiktning,2025-09-29,"Intyg återkommande besiktning, ej godkänt, D1638968",Skrivelse In,ej godkänt,DETERMINISTIC_FAILURE,LIFT,D1638968,1,Zachrisberg 5,Årstaskogs Väg 10,Liljeholmen,NO,https://etjanster.stockholm.se/Byggochplantjansten/arende/arende/1305653?dataSource=Active
2025-14827,1305665,2025-09-26,,Anmaning att låta åtgärda hiss samt utföra förnyad besiktning,2025-09-29,"Intyg återkommande besiktning, ej godkänt, L3711165",Skrivelse In,ej godkänt,DETERMINISTIC_FAILURE,LIFT,L3711165,1,Kämpinge 2,Tenstastråket 14,Tensta,YES,https://etjanster.stockholm.se/Byggochplantjansten/arende/arende/1305665?dataSource=Active
2025-14828,1305666,2025-09-26,,Anmaning att låta åtgärda hiss samt utföra förnyad besiktning,2025-09-29,"Intyg återkommande besiktning, ej godkänt, L4058640",Skrivelse In,ej godkänt,DETERMINISTIC_FAILURE,LIFT,L4058640,1,Bottenstocken 8,Gröndalsvägen 118,Gröndal,NO,https://etjanster.stockholm.se/Byggochplantjansten/arende/arende/1305666?dataSource=Active
2025-14829,1305667,2025-09-26,2026-03-24,Anmaning att låta åtgärda hiss samt utföra förnyad besiktning,2025-09-29,"Intyg återkommande besiktning, ej godkänt, S294658",Skrivelse In,ej godkänt,DETERMINISTIC_FAILURE,LIFT,S294658,1,Ekerö 5,Ågesta Broväg 63,Larsboda,YES,https://etjanster.stockholm.se/Byggochplantjansten/arende/arende/1305667?dataSource=Active
2025-14830,1305668,2025-09-26,,Anmaning att låta åtgärda hiss samt utföra förnyad besiktning,2025-09-29,"Intyg återkommande besiktning, ej godkänt, S296436",Skrivelse In,ej godkänt,DETERMINISTIC_FAILURE,LIFT,S296436,1,Johannes Mindre 7,David Bagares Gata 26A,Norrmalm,NO,https://etjanster.stockholm.se/Byggochplantjansten/arende/arende/1305668?dataSource=Active
2025-14831,1305669,2025-09-26,,Anmaning att låta åtgärda hiss samt utföra förnyad besiktning,2025-09-29,"Intyg återkommande besiktning, ej godkänt, S370080",Skrivelse In,ej godkänt,DETERMINISTIC_FAILURE,LIFT,S370080,1,Bocken 51,Lästmakargatan 18,Norrmalm,NO,https://etjanster.stockholm.se/Byggochplantjansten/arende/arende/1305669?dataSource=Active
2025-14917,1305755,2025-09-30,,Anmaning att låta åtgärda hiss samt utföra förnyad besiktning,2025-09-30,"Intyg återkommande besiktning, ej godkänt, L2570730",Skrivelse In,ej godkänt,DETERMINISTIC_FAILURE,LIFT,L2570730,1,Huggjärnet 24,Heleneborgsgatan 46,Södermalm,NO,https://etjanster.stockholm.se/Byggochplantjansten/arende/arende/1305755?dataSource=Active
2025-14918,1305756,2025-09-30,,Anmaning att låta åtgärda port samt utföra förnyad besiktning,2025-09-30,"Intyg återkommande besiktning, ej godkänt, D1467457",Skrivelse In,ej godkänt,DETERMINISTIC_FAILURE,POWERED_GATE_OR_DOOR,D1467457,1,Birgitta 1,Duvbovägen 170,Bromsten,NO,https://etjanster.stockholm.se/Byggochplantjansten/arende/arende/1305756?dataSource=Active
2025-15002,1305840,2025-10-01,,Anmaning att låta åtgärda hissar samt utföra förnyad besiktning,2025-10-01,"Intyg återkommande besiktning, ej godkänt, 3 st, L2810195, L2810202, L2810211",Skrivelse In,ej godkänt,DETERMINISTIC_FAILURE,LIFT,L2810195 L2810202 L2810211,3,Rio 10,Sandhamnsgatan 10,Ladugårdsgärdet,NO,https://etjanster.stockholm.se/Byggochplantjansten/arende/arende/1305840?dataSource=Active
2025-15005,1305843,2025-10-01,,Anmaning att låta åtgärda hissar samt utföra förnyad besiktning,2025-10-01,"Intyg återkommande besiktning, ej godkänt, 3 st, D1442721, D1442723, D1442725",Skrivelse In,ej godkänt,DETERMINISTIC_FAILURE,LIFT,D1442721 D1442723 D1442725,3,Silvret 3,Nickelgränd 7,Grimsta,NO,https://etjanster.stockholm.se/Byggochplantjansten/arende/arende/1305843?dataSource=Active
2025-15006,1305844,2025-10-01,2026-06-18,Anmaning att låta åtgärda hiss samt utföra förnyad besiktning,2025-10-01,"Intyg återkommande besiktning, ej godkänt, D1775793",Skrivelse In,ej godkänt,DETERMINISTIC_FAILURE,LIFT,D1775793,1,Hägern Större 14,Klarabergsgatan 23,Norrmalm,YES,https://etjanster.stockholm.se/Byggochplantjansten/arende/arende/1305844?dataSource=Active
2025-15008,1305846,2025-10-01,2026-06-23,Anmaning att låta åtgärda hiss samt utföra förnyad besiktning,2025-10-01,"Intyg återkommande besiktning, ej godkänt, 54270",Skrivelse In,ej godkänt,DETERMINISTIC_FAILURE,LIFT,54270,1,Färjan 11,Alströmergatan 32G,Kungsholmen,YES,https://etjanster.stockholm.se/Byggochplantjansten/arende/arende/1305846?dataSource=Active
2025-15010,1305848,2025-10-01,,Anmaning att låta åtgärda hissar samt utföra förnyad besiktning,2025-10-01,"Intyg återkommande besiktning, ej godkänt, 4 st, D1662194, D1662195, L7039789, L7039896",Skrivelse In,ej godkänt,DETERMINISTIC_FAILURE,LIFT,D1662194 D1662195 L7039789 L7039896,4,Mars Och Vulcanus 1,Mynttorget 2,Gamla Stan,NO,https://etjanster.stockholm.se/Byggochplantjansten/arende/arende/1305848?dataSource=Active
2025-15157,1305995,2025-10-02,2026-06-18,Anmaning att låta åtgärda hiss samt utföra förnyad besiktning,2025-10-03,"Intyg återkommande besiktning, ej godkänt, L7752810",Skrivelse In,ej godkänt,DETERMINISTIC_FAILURE,LIFT,L7752810,1,Enskede Gård 1:1,"Information saknas för ""Adress""",Johanneshov,YES,https://etjanster.stockholm.se/Byggochplantjansten/arende/arende/1305995?dataSource=Active
2025-15162,1306000,2025-10-03,,Anmaning att låta åtgärda trapphiss samt utföra förnyad besiktning,2025-10-03,"Intyg återkommande besiktning, ej godkänt, D1607497",Skrivelse In,ej godkänt,DETERMINISTIC_FAILURE,LIFT,D1607497,1,Pinnpojken 1,Tideliusgatan 59,Södermalm,NO,https://etjanster.stockholm.se/Byggochplantjansten/arende/arende/1306000?dataSource=Active
2025-15285,1306123,2025-10-06,2026-06-18,Anmaning att låta åtgärda hiss samt utföra förnyad besiktning,2025-10-06,"Intyg återkommande besiktning, ej godkänt, L3109097",Skrivelse In,ej godkänt,DETERMINISTIC_FAILURE,LIFT,L3109097,1,Asken 3,Eriksbergsgatan 7,Östermalm,YES,https://etjanster.stockholm.se/Byggochplantjansten/arende/arende/1306123?dataSource=Active
2025-15286,1306124,2025-10-06,2026-06-08,Anmaning att låta åtgärda port samt utföra förnyad besiktning,2025-10-06,"Intyg återkommande besiktning, ej godkänt, S797666",Skrivelse In,ej godkänt,DETERMINISTIC_FAILURE,POWERED_GATE_OR_DOOR,S797666,1,Maren 1,Sickla Kanalgata 17A,Södra Hammarbyhamnen,YES,https://etjanster.stockholm.se/Byggochplantjansten/arende/arende/1306124?dataSource=Active
2025-15287,1306125,2025-10-06,,Anmaning att låta åtgärda hiss samt utföra förnyad besiktning,2025-10-06,"Intyg återkommande besiktning, ej godkänt, L9790940",Skrivelse In,ej godkänt,DETERMINISTIC_FAILURE,LIFT,L9790940,1,Krabaten 6,Skeppargatan 6,Östermalm,NO,https://etjanster.stockholm.se/Byggochplantjansten/arende/arende/1306125?dataSource=Active
2025-15288,1306126,2025-10-06,,Anmaning att låta åtgärda port samt utföra förnyad besiktning (Kärrtorps IP),2025-10-06,"Intyg återkommande besiktning, ej godkänt, S737178",Skrivelse In,ej godkänt,DETERMINISTIC_FAILURE,POWERED_GATE_OR_DOOR,S737178,1,Skarpnäcks Gård 1:1,Kärrtorpsvägen 5D,Kärrtorp,NO,https://etjanster.stockholm.se/Byggochplantjansten/arende/arende/1306126?dataSource=Active
2025-15289,1306127,2025-10-06,2026-06-15,Anmaning att låta åtgärda hiss samt utföra förnyad besiktning,2025-10-06,"Intyg återkommande besiktning, ej godkänt, S358731",Skrivelse In,ej godkänt,DETERMINISTIC_FAILURE,LIFT,S358731,1,Jäverö 2,Värmlandsvägen 7C,Farsta,YES,https://etjanster.stockholm.se/Byggochplantjansten/arende/arende/1306127?dataSource=Active
2025-15290,1306128,2025-10-06,2026-06-12,Anmaning att låta åtgärda hiss samt utföra förnyad besiktning,2025-10-06,"Intyg återkommande besiktning, ej godkänt, S989283",Skrivelse In,ej godkänt,DETERMINISTIC_FAILURE,LIFT,S989283,1,Pumpstocken 10,Birger Jarlsgatan 15,Norrmalm,YES,https://etjanster.stockholm.se/Byggochplantjansten/arende/arende/1306128?dataSource=Active
2025-15291,1306129,2025-10-06,2026-06-18,Anmaning att låta åtgärda hiss samt utföra förnyad besiktning,2025-10-06,"Intyg återkommande besiktning, ej godkänt, L3681905",Skrivelse In,ej godkänt,DETERMINISTIC_FAILURE,LIFT,L3681905,1,Språkmästaren 5,Jakobsbergsgatan 2,Norrmalm,YES,https://etjanster.stockholm.se/Byggochplantjansten/arende/arende/1306129?dataSource=Active
2025-15294,1306132,2025-10-06,2026-06-08,Anmaning att låta åtgärda hiss samt utföra förnyad besiktning,2025-10-06,"Intyg återkommande besiktning, ej godkänt, L3683497",Skrivelse In,ej godkänt,DETERMINISTIC_FAILURE,LIFT,L3683497,1,Rosendal Mindre 29,Mariatorget 8,Södermalm,YES,https://etjanster.stockholm.se/Byggochplantjansten/arende/arende/1306132?dataSource=Active
2025-15296,1306134,2025-10-06,2026-06-12,Anmaning att låta åtgärda hiss samt utföra förnyad besiktning,2025-10-06,"Intyg återkommande besiktning, ej godkänt, S639701",Skrivelse In,ej godkänt,DETERMINISTIC_FAILURE,LIFT,S639701,1,Oskarslund 1,Oskarslundsbacken 7,Liljeholmen,YES,https://etjanster.stockholm.se/Byggochplantjansten/arende/arende/1306134?dataSource=Active
2025-15297,1306135,2025-10-06,2026-06-12,Anmaning att låta åtgärda port samt utföra förnyad besiktning,2025-10-06,"Intyg återkommande besiktning, ej godkänt, S897737",Skrivelse In,ej godkänt,DETERMINISTIC_FAILURE,POWERED_GATE_OR_DOOR,S897737,1,Svanholmen 1,Vårbergsvägen 63,Vårberg,YES,https://etjanster.stockholm.se/Byggochplantjansten/arende/arende/1306135?dataSource=Active
2025-15298,1306136,2025-10-06,2026-06-12,Anmaning att låta åtgärda hiss samt utföra förnyad besiktning,2025-10-06,"Intyg återkommande besiktning, ej godkänt, S520285",Skrivelse In,ej godkänt,DETERMINISTIC_FAILURE,LIFT,S520285,1,Klockan 1,Vasagatan 19,Norrmalm,YES,https://etjanster.stockholm.se/Byggochplantjansten/arende/arende/1306136?dataSource=Active
2025-15299,1306137,2025-10-06,2026-06-18,Anmaning att låta åtgärda hiss samt utföra förnyad besiktning,2025-10-06,"Intyg återkommande besiktning, ej godkänt, S944166",Skrivelse In,ej godkänt,DETERMINISTIC_FAILURE,LIFT,S944166,1,Fagerö 1,Perstorpsvägen 229,Larsboda,YES,https://etjanster.stockholm.se/Byggochplantjansten/arende/arende/1306137?dataSource=Active
2025-15164,1306002,2025-10-03,,Anmaning att låta åtgärda hissar samt utföra förnyad besiktning,2025-10-07,"Intyg återkommande besiktning, ej godkänt, 2 st, L3131406, L3131414",Skrivelse In,ej godkänt,DETERMINISTIC_FAILURE,LIFT,L3131406 L3131414,2,Muttern 7,"Heleneborgsgatan 7A, Heleneborgsgatan 7C",Södermalm,NO,https://etjanster.stockholm.se/Byggochplantjansten/arende/arende/1306002?dataSource=Active
2025-15314,1306152,2025-10-07,,Anmaning att låta åtgärda hiss samt utföra förnyad besiktning,2025-10-07,"Intyg återkommande besiktning, ej godkänt, L3197175",Skrivelse In,ej godkänt,DETERMINISTIC_FAILURE,LIFT,L3197175,1,Sankta Anna 6,Sveavägen 43,Norrmalm,NO,https://etjanster.stockholm.se/Byggochplantjansten/arende/arende/1306152?dataSource=Active
2025-15315,1306153,2025-10-07,2026-06-08,Anmaning att låta åtgärda hissar samt utföra förnyad besiktning,2025-10-07,"Intyg återkommande besiktning, ej godkänt, 2 st, L0822049, L0835199",Skrivelse In,ej godkänt,DETERMINISTIC_FAILURE,LIFT,L0822049 L0835199,2,Lejongapet 46,"Tegelbruksvägen 31, Tegelbruksvägen 35",Midsommarkransen,NO,https://etjanster.stockholm.se/Byggochplantjansten/arende/arende/1306153?dataSource=Active
2025-15316,1306154,2025-10-07,2026-06-15,Anmaning att låta åtgärda hiss samt utföra förnyad besiktning,2025-10-07,"Intyg återkommande besiktning, ej godkänt, L9944315",Skrivelse In,ej godkänt,DETERMINISTIC_FAILURE,LIFT,L9944315,1,Cigarren 2,Tegelviksgatan 73,Södermalm,YES,https://etjanster.stockholm.se/Byggochplantjansten/arende/arende/1306154?dataSource=Active
2025-15317,1306155,2025-10-07,,Anmaning att låta åtgärda portar samt utföra förnyad besiktning,2025-10-07,"Intyg återkommande besiktning, ej godkänt, 3 st, S388569, S388590, S388599",Skrivelse In,ej godkänt,DETERMINISTIC_FAILURE,POWERED_GATE_OR_DOOR,S388569 S388590 S388599,3,Lillsätra 3,Storsätragränd 3,Sätra,NO,https://etjanster.stockholm.se/Byggochplantjansten/arende/arende/1306155?dataSource=Active
2025-15348,1306186,2025-10-03,,Anmaning att låta åtgärda hiss samt utföra förnyad besiktning,2025-10-07,"Intyg återkommande besiktning, ej godkänt, L7893267",Skrivelse In,ej godkänt,DETERMINISTIC_FAILURE,LIFT,L7893267,1,Nystad 9,Sibeliusgången 8,Akalla,NO,https://etjanster.stockholm.se/Byggochplantjansten/arende/arende/1306186?dataSource=Active
2025-15350,1306188,2025-10-03,2026-06-12,Anmaning att låta åtgärda hiss samt utföra förnyad besiktning,2025-10-07,"Intyg återkommande besiktning, ej godkänt, D1728619",Skrivelse In,ej godkänt,DETERMINISTIC_FAILURE,LIFT,D1728619,1,Jordkabeln 1,Kabelverksgatan 35,Solberga,YES,https://etjanster.stockholm.se/Byggochplantjansten/arende/arende/1306188?dataSource=Active
2025-15369,1306207,2025-10-07,2026-06-23,Anmaning att låta åtgärda hiss samt utföra förnyad besiktning (Älvsjö station),2025-10-07,"Intyg återkommande besiktning, ej godkänt, L7529491",Skrivelse In,ej godkänt,DETERMINISTIC_FAILURE,LIFT,L7529491,1,Norrmalm 5:1,"Information saknas för ""Adress""",Solberga,YES,https://etjanster.stockholm.se/Byggochplantjansten/arende/arende/1306207?dataSource=Active
2025-15370,1306208,2025-10-07,,Anmaning att låta åtgärda hiss samt utföra förnyad besiktning,2025-10-07,"Intyg återkommande besiktning, ej godkänt, L7893258",Skrivelse In,ej godkänt,DETERMINISTIC_FAILURE,LIFT,L7893258,1,Nystad 8,Sibeliusgången 4,Akalla,NO,https://etjanster.stockholm.se/Byggochplantjansten/arende/arende/1306208?dataSource=Active
2025-15371,1306209,2025-10-07,,Anmaning att låta åtgärda hiss samt utföra förnyad besiktning,2025-10-07,"Intyg återkommande besiktning, ej godkänt, D1611498",Skrivelse In,ej godkänt,DETERMINISTIC_FAILURE,LIFT,D1611498,1,Gränsholmen 1,Gränsholmsbacken 21,Vårberg,NO,https://etjanster.stockholm.se/Byggochplantjansten/arende/arende/1306209?dataSource=Active
2025-15372,1306210,2025-10-07,,Anmaning att låta åtgärda hiss samt utföra förnyad besiktning,2025-10-07,"Intyg återkommande besiktning, ej godkänt, 76345",Skrivelse In,ej godkänt,DETERMINISTIC_FAILURE,LIFT,76345,1,Pumpstocken 10,Birger Jarlsgatan 15,Norrmalm,NO,https://etjanster.stockholm.se/Byggochplantjansten/arende/arende/1306210?dataSource=Active
2025-15373,1306211,2025-10-07,2026-06-12,Anmaning att låta åtgärda hissar samt utföra förnyad besiktning,2025-10-07,"Intyg återkommande besiktning, ej godkänt, 2 st, D1634023, D1645696",Skrivelse In,ej godkänt,DETERMINISTIC_FAILURE,LIFT,D1634023 D1645696,2,Kabelverket 19,"Jordkabelgatan 11, Luftkabelgatan 9",Solberga,YES,https://etjanster.stockholm.se/Byggochplantjansten/arende/arende/1306211?dataSource=Active
2025-15374,1306212,2025-10-07,2026-06-24,Anmaning att låta åtgärda hiss samt utföra förnyad besiktning,2025-10-07,"Intyg återkommande besiktning, ej godkänt, D1540119",Skrivelse In,ej godkänt,DETERMINISTIC_FAILURE,LIFT,D1540119,1,Hultö 1,Värmlandsvägen 2,Farsta,YES,https://etjanster.stockholm.se/Byggochplantjansten/arende/arende/1306212?dataSource=Active
2025-15375,1306213,2025-10-07,,Anmaning att låta åtgärda hiss samt utföra förnyad besiktning,2025-10-07,"Intyg återkommande besiktning, ej godkänt, D1681485",Skrivelse In,ej godkänt,DETERMINISTIC_FAILURE,LIFT,D1681485,1,Kungspudeln 28,Pudelgränd 10,Sköndal,NO,https://etjanster.stockholm.se/Byggochplantjansten/arende/arende/1306213?dataSource=Active
2025-15376,1306214,2025-10-07,2026-06-23,Anmaning att låta åtgärda hiss samt utföra förnyad besiktning,2025-10-07,"Intyg återkommande besiktning, ej godkänt, L7893301",Skrivelse In,ej godkänt,DETERMINISTIC_FAILURE,LIFT,L7893301,1,Brahestad 1,Sibeliusgången 11,Akalla,YES,https://etjanster.stockholm.se/Byggochplantjansten/arende/arende/1306214?dataSource=Active
2025-15531,1306369,2025-10-08,,Anmaning att låta åtgärda hissar samt utföra förnyad besiktning,2025-10-09,"Intyg återkommande besiktning, ej godkänt, L7446179, L7689247 ",Skrivelse In,ej godkänt,DETERMINISTIC_FAILURE,LIFT,L7446179 L7689247,2,Brevkopian 1,"Skattegårdsvägen 39, Skattegårdsvägen 43",Vällingby,NO,https://etjanster.stockholm.se/Byggochplantjansten/arende/arende/1306369?dataSource=Active
2025-15534,1306372,2025-10-09,2026-06-12,Anmaning att låta åtgärda hiss samt utföra förnyad besiktning,2025-10-09,"Intyg återkommande besiktning, ej godkänt, D1394415",Skrivelse In,ej godkänt,DETERMINISTIC_FAILURE,LIFT,D1394415,1,Väktaren 37,Drottningholmsvägen 24,Kungsholmen,YES,https://etjanster.stockholm.se/Byggochplantjansten/arende/arende/1306372?dataSource=Active
2025-15539,1306377,2025-10-09,,Anmaning att låta åtgärda port samt utföra förnyad besiktning,2025-10-09,"Intyg återkommande besiktning, ej godkänt, L9016808",Skrivelse In,ej godkänt,DETERMINISTIC_FAILURE,POWERED_GATE_OR_DOOR,L9016808,1,Hästen 20,Mellangatan 21,Norrmalm,NO,https://etjanster.stockholm.se/Byggochplantjansten/arende/arende/1306377?dataSource=Active
2025-15547,1306385,2025-10-09,2026-06-12,Anmaning att låta åtgärda hiss samt utföra förnyad besiktning,2025-10-09,"Intyg återkommande besiktning, ej godkänt, D1394293",Skrivelse In,ej godkänt,DETERMINISTIC_FAILURE,LIFT,D1394293,1,Björken 18,Valhallavägen 96,Östermalm,YES,https://etjanster.stockholm.se/Byggochplantjansten/arende/arende/1306385?dataSource=Active
2025-15548,1306386,2025-10-09,,Anmaning att låta åtgärda hiss samt utföra förnyad besiktning,2025-10-09,"Intyg återkommande besiktning, ej godkänt,",Skrivelse In,ej godkänt,DETERMINISTIC_FAILURE,LIFT,,0,Holar 1,Skalholtsgatan 2,Kista,NO,https://etjanster.stockholm.se/Byggochplantjansten/arende/arende/1306386?dataSource=Active
2025-15585,1306423,2025-10-10,2026-07-08,Anmaning att låta åtgärda rulltrappa samt utföra förnyad besiktning (Slussen T-bana),2025-10-10,"Intyg återkommande besiktning, ej godkänt, D1776453",Skrivelse In,ej godkänt,DETERMINISTIC_FAILURE,ESCALATOR_OR_MOVING_WALK,D1776453,1,Södermalm 7:87,Peter Myndes Backe 1,Södermalm,YES,https://etjanster.stockholm.se/Byggochplantjansten/arende/arende/1306423?dataSource=Active
2025-15658,1306496,2025-10-13,,Anmaning att låta åtgärda hissar samt utföra förnyad besiktning,2025-10-13,"Intyg återkommande besiktning, ej godkänt, 2 st, L2917893, L2917919",Skrivelse In,ej godkänt,DETERMINISTIC_FAILURE,LIFT,L2917893 L2917919,2,Lammet 17,"Bryggargatan 4, Korgmakargränd 4",Norrmalm,YES,https://etjanster.stockholm.se/Byggochplantjansten/arende/arende/1306496?dataSource=Active
2025-15659,1306497,2025-10-13,,Anmaning att låta åtgärda hissar samt utföra förnyad besiktning,2025-10-13,"Intyg återkommande besiktning, ej godkänt, 3 st, D1467381, D1467383, D1467388",Skrivelse In,ej godkänt,DETERMINISTIC_FAILURE,LIFT,D1467381 D1467383 D1467388,3,Ledinge 1,"Bussenhusvägen 4, Bussenhusvägen 6, Ledingegränd 3",Tensta,NO,https://etjanster.stockholm.se/Byggochplantjansten/arende/arende/1306497?dataSource=Active
2025-15660,1306498,2025-10-13,,Anmaning att låta åtgärda hiss samt utföra förnyad besiktning,2025-10-13,"Intyg återkommande besiktning, ej godkänt, D1383264",Skrivelse In,ej godkänt,DETERMINISTIC_FAILURE,LIFT,D1383264,1,Reservoaren 1,Nybohovsbacken 39,Liljeholmen,NO,https://etjanster.stockholm.se/Byggochplantjansten/arende/arende/1306498?dataSource=Active
2025-15689,1306527,2025-10-13,2026-06-18,Anmaning att låta åtgärda hiss samt utföra förnyad besiktning,2025-10-13,"Intyg återkommande besiktning, ej godkänt, S173634",Skrivelse In,ej godkänt,DETERMINISTIC_FAILURE,LIFT,S173634,1,Maskiningenjören 1,Brinellvägen 85,Norra Djurgården,YES,https://etjanster.stockholm.se/Byggochplantjansten/arende/arende/1306527?dataSource=Active
2025-15690,1306528,2025-10-13,2026-07-01,Anmaning att låta åtgärda hiss samt utföra förnyad besiktning,2025-10-13,"Intyg återkommande besiktning, ej godkänt, L5855861",Skrivelse In,ej godkänt,DETERMINISTIC_FAILURE,LIFT,L5855861,1,Morkullan 17,Valhallavägen 36,Östermalm,YES,https://etjanster.stockholm.se/Byggochplantjansten/arende/arende/1306528?dataSource=Active
2025-15691,1306529,2025-10-13,2026-06-09,Anmaning att låta åtgärda hiss samt utföra förnyad besiktning,2025-10-13,"Intyg återkommande besiktning, ej godkänt, L6002612",Skrivelse In,ej godkänt,DETERMINISTIC_FAILURE,LIFT,L6002612,1,Nätdomaren 1,Gustavslundsvägen 14,Alvik,YES,https://etjanster.stockholm.se/Byggochplantjansten/arende/arende/1306529?dataSource=Active
2025-15692,1306530,2025-10-13,,Anmaning att låta åtgärda port samt utföra förnyad besiktning,2025-10-13,"Intyg återkommande besiktning, ej godkänt, S691978",Skrivelse In,ej godkänt,DETERMINISTIC_FAILURE,POWERED_GATE_OR_DOOR,S691978,1,Pennfäktaren 12,Vasagatan 1,Norrmalm,NO,https://etjanster.stockholm.se/Byggochplantjansten/arende/arende/1306530?dataSource=Active
2025-15693,1306531,2025-10-13,2026-06-12,Anmaning att låta åtgärda hiss samt utföra förnyad besiktning,2025-10-13,"Intyg återkommande besiktning, ej godkänt, S304359",Skrivelse In,ej godkänt,DETERMINISTIC_FAILURE,LIFT,S304359,1,Klockan 1,Kungsgatan 72B,Norrmalm,YES,https://etjanster.stockholm.se/Byggochplantjansten/arende/arende/1306531?dataSource=Active
2025-15694,1306532,2025-10-13,2026-06-26,Anmaning att låta åtgärda hiss samt utföra förnyad besiktning,2025-10-13,"Intyg återkommande besiktning, ej godkänt, L3703147",Skrivelse In,ej godkänt,DETERMINISTIC_FAILURE,LIFT,L3703147,1,Smedsbacken 18,Smedsbacksgatan 24,Ladugårdsgärdet,YES,https://etjanster.stockholm.se/Byggochplantjansten/arende/arende/1306532?dataSource=Active
2025-15695,1306533,2025-10-13,2026-09-01,Anmaning att låta åtgärda hiss samt utföra förnyad besiktning,2025-10-13,"Intyg återkommande besiktning, ej godkänt, L9439696",Skrivelse In,ej godkänt,DETERMINISTIC_FAILURE,LIFT,L9439696,1,Norra Djurgården 1:50,Drottning Kristinas Väg 26,Norra Djurgården,YES,https://etjanster.stockholm.se/Byggochplantjansten/arende/arende/1306533?dataSource=Active
2025-15696,1306534,2025-10-13,,Anmaning att låta åtgärda hiss samt utföra förnyad besiktning,2025-10-13,"Intyg återkommande besiktning, ej godkänt, S990910",Skrivelse In,ej godkänt,DETERMINISTIC_FAILURE,LIFT,S990910,1,Trafikflyget 1,Ulvsundavägen 191A,Riksby,NO,https://etjanster.stockholm.se/Byggochplantjansten/arende/arende/1306534?dataSource=Active
2025-15697,1306535,2025-10-13,2026-06-09,Anmaning att låta åtgärda hissar samt utföra förnyad besiktning,2025-10-13,"Intyg återkommande besiktning, ej godkänt, 2 st, S713297, S713298",Skrivelse In,ej godkänt,DETERMINISTIC_FAILURE,LIFT,S713297 S713298,2,Kollektbössan 2,Thorsten Levenstams Väg 7B,Sköndal,YES,https://etjanster.stockholm.se/Byggochplantjansten/arende/arende/1306535?dataSource=Active
2025-15700,1306538,2025-10-13,2026-06-23,Anmaning att låta åtgärda hissar samt utföra förnyad besiktning,2025-10-13,"Intyg återkommande besiktning, ej godkänt, 4 st, S596371, S596418, S607982, S607983",Skrivelse In,ej godkänt,DETERMINISTIC_FAILURE,LIFT,S596371 S596418 S607982 S607983,4,Vinpressen 1,"Sjöviksvägen 140, Sjöviksvägen 144, Sjöviksvägen 148",Liljeholmen,YES,https://etjanster.stockholm.se/Byggochplantjansten/arende/arende/1306538?dataSource=Active
2025-15765,1306603,2025-10-14,2026-06-25,Anmaning att låta åtgärda hiss samt utföra förnyad besiktning,2025-10-14,"Intyg återkommande besiktning, ej godkänt, D1680623",Skrivelse In,ej godkänt,DETERMINISTIC_FAILURE,LIFT,D1680623,1,Högaffeln 11,Stockholmsvägen 17,Gamla Enskede,YES,https://etjanster.stockholm.se/Byggochplantjansten/arende/arende/1306603?dataSource=Active
2025-15865,1306703,2025-10-15,2026-06-24,Anmaning att låta åtgärda hiss samt utföra förnyad besiktning,2025-10-15,"Intyg återkommande besiktning, ej godkänt, D1539963",Skrivelse In,ej godkänt,DETERMINISTIC_FAILURE,LIFT,D1539963,1,Iskarnevalen 1,Störtloppsvägen 2A,Västertorp,YES,https://etjanster.stockholm.se/Byggochplantjansten/arende/arende/1306703?dataSource=Active
2025-15875,1306713,2025-10-15,2026-06-24,Anmaning att låta åtgärda hiss samt utföra förnyad besiktning,2025-10-15,"Intyg återkommande besiktning, ej godkänt, D1539860",Skrivelse In,ej godkänt,DETERMINISTIC_FAILURE,LIFT,D1539860,1,Grågåsen 26,Erik Segersälls Väg 24,Aspudden,YES,https://etjanster.stockholm.se/Byggochplantjansten/arende/arende/1306713?dataSource=Active
2025-15882,1306720,2025-10-16,2026-06-12,Anmaning att låta åtgärda port samt utföra förnyad besiktning,2025-10-16,"Intyg återkommande besiktning, ej godkänt, S281900",Skrivelse In,ej godkänt,DETERMINISTIC_FAILURE,POWERED_GATE_OR_DOOR,S281900,1,Johannelund 6,Krossgatan 4,Vinsta,YES,https://etjanster.stockholm.se/Byggochplantjansten/arende/arende/1306720?dataSource=Active
2025-15883,1306721,2025-10-16,2026-06-18,Anmaning att låta åtgärda port samt utföra förnyad besiktning,2025-10-16,"Intyg återkommande besiktning, ej godkänt, S698200",Skrivelse In,ej godkänt,DETERMINISTIC_FAILURE,POWERED_GATE_OR_DOOR,S698200,1,Triangeln 15,Mariehällsvägen 29,Mariehäll,NO,https://etjanster.stockholm.se/Byggochplantjansten/arende/arende/1306721?dataSource=Active
2025-15884,1306722,2025-10-16,2026-06-18,Anmaning att låta åtgärda hiss samt utföra förnyad besiktning,2025-10-16,"Intyg återkommande besiktning, ej godkänt, S673520",Skrivelse In,ej godkänt,DETERMINISTIC_FAILURE,LIFT,S673520,1,Gjutmästaren 6,Bryggerivägen 10,Ulvsunda industriområde,NO,https://etjanster.stockholm.se/Byggochplantjansten/arende/arende/1306722?dataSource=Active
2025-15885,1306723,2025-10-16,,Anmaning att låta åtgärda hiss samt utföra förnyad besiktning,2025-10-16,"Intyg återkommande besiktning, ej godkänt, L3678265",Skrivelse In,ej godkänt,DETERMINISTIC_FAILURE,LIFT,L3678265,1,Ugglan Större 2,Tavastgatan 5,Södermalm,NO,https://etjanster.stockholm.se/Byggochplantjansten/arende/arende/1306723?dataSource=Active
2025-15886,1306724,2025-10-16,2026-06-09,Anmaning att låta åtgärda hiss samt utföra förnyad besiktning,2025-10-16,"Intyg återkommande besiktning, ej godkänt, L3721503",Skrivelse In,ej godkänt,DETERMINISTIC_FAILURE,LIFT,L3721503,1,Porkala 8,Sibeliusgången 36,Akalla,YES,https://etjanster.stockholm.se/Byggochplantjansten/arende/arende/1306724?dataSource=Active
2025-15887,1306725,2025-10-16,2026-06-09,Anmaning att låta åtgärda hiss samt utföra förnyad besiktning,2025-10-16,"Intyg återkommande besiktning, ej godkänt, L5467659",Skrivelse In,ej godkänt,DETERMINISTIC_FAILURE,LIFT,L5467659,1,Porkala 11,Sibeliusgången 50,Akalla,YES,https://etjanster.stockholm.se/Byggochplantjansten/arende/arende/1306725?dataSource=Active
2025-15902,1306740,2025-10-16,2026-07-06,Anmaning att låta åtgärda hiss samt utföra förnyad besiktning (Bandhagen T-bana),2025-10-16,"Intyg återkommande besiktning, ej godkänt, L9024755",Skrivelse In,ej godkänt,DETERMINISTIC_FAILURE,LIFT,L9024755,1,Örby 4:1,"Information saknas för ""Adress""",Bandhagen,YES,https://etjanster.stockholm.se/Byggochplantjansten/arende/arende/1306740?dataSource=Active
2025-15904,1306742,2025-10-16,2026-06-18,Anmaning att låta åtgärda rulltrappa samt utföra förnyad besiktning (Kista N T-bana),2025-10-16,"Intyg återkommande besiktning, ej godkänt, L2880744",Skrivelse In,ej godkänt,DETERMINISTIC_FAILURE,ESCALATOR_OR_MOVING_WALK,L2880744,1,Akalla 4:1,Danmarksgatan 35,Kista,YES,https://etjanster.stockholm.se/Byggochplantjansten/arende/arende/1306742?dataSource=Active
2025-15939,1306777,2025-10-16,2026-06-18,Anmaning att låta åtgärda hiss samt utföra förnyad besiktning,2025-10-16,"Intyg återkommande besiktning, ej godkänt, D1710673",Skrivelse In,ej godkänt,DETERMINISTIC_FAILURE,LIFT,D1710673,1,Cupido 3,Själagårdsgatan 19,Gamla Stan,YES,https://etjanster.stockholm.se/Byggochplantjansten/arende/arende/1306777?dataSource=Active
2025-15965,1306803,2025-10-16,2026-07-06,Anmaning att låta åtgärda rulltrappor samt utföra förnyad besiktning,2025-10-17,"Intyg återkommande besiktning, ej godkänt, L2762194",Skrivelse In,ej godkänt,DETERMINISTIC_FAILURE,ESCALATOR_OR_MOVING_WALK,L2762194,1,Fältöversten 7,"Information saknas för ""Adress""",Östermalm,YES,https://etjanster.stockholm.se/Byggochplantjansten/arende/arende/1306803?dataSource=Active
2025-15966,1306804,2025-10-16,,Anmaning att låta åtgärda port samt utföra förnyad besiktning,2025-10-17,"Intyg återkommande besiktning, ej godkänt, L7945068",Skrivelse In,ej godkänt,DETERMINISTIC_FAILURE,POWERED_GATE_OR_DOOR,L7945068,1,Grinden 21,Sankt Eriksgatan 34,Kungsholmen,NO,https://etjanster.stockholm.se/Byggochplantjansten/arende/arende/1306804?dataSource=Active
2025-15968,1306806,2025-10-17,2026-06-18,Anmaning att låta åtgärda hiss samt utföra förnyad besiktning,2025-10-17,"Intyg återkommande besiktning, ej godkänt, D1681912",Skrivelse In,ej godkänt,DETERMINISTIC_FAILURE,LIFT,D1681912,1,Oxford 1,Emmy Rappes Gata 3,Vasastaden,YES,https://etjanster.stockholm.se/Byggochplantjansten/arende/arende/1306806?dataSource=Active
2025-15969,1306807,2025-10-17,2026-06-24,Anmaning att låta åtgärda hiss samt utföra förnyad besiktning,2025-10-17,"Intyg återkommande besiktning, ej godkänt, D1540260",Skrivelse In,ej godkänt,DETERMINISTIC_FAILURE,LIFT,D1540260,1,Ekholmen 1,Ekholmsvägen 67,Skärholmen,YES,https://etjanster.stockholm.se/Byggochplantjansten/arende/arende/1306807?dataSource=Active
2025-16084,1306922,2025-10-20,2026-05-26,Anmaning att låta åtgärda port samt utföra förnyad besiktning,2025-10-20,"Intyg återkommande besiktning, ej godkänt, L7893043",Skrivelse In,ej godkänt,DETERMINISTIC_FAILURE,POWERED_GATE_OR_DOOR,L7893043,1,Nystad 9,Sibeliusgången 8,Akalla,YES,https://etjanster.stockholm.se/Byggochplantjansten/arende/arende/1306922?dataSource=Active
2025-16086,1306924,2025-10-20,2026-05-26,Anmaning att låta åtgärda port samt utföra förnyad besiktning,2025-10-20,"Intyg återkommande besiktning, ej godkänt, L7893123",Skrivelse In,ej godkänt,DETERMINISTIC_FAILURE,POWERED_GATE_OR_DOOR,L7893123,1,Sveaborg 6,Sibeliusgången 20A,Akalla,YES,https://etjanster.stockholm.se/Byggochplantjansten/arende/arende/1306924?dataSource=Active
2025-16087,1306925,2025-10-20,2026-07-06,Anmaning att låta åtgärda rulltrappa samt utföra förnyad besiktning (Hässelby Gård T-bana),2025-10-20,"Intyg återkommande besiktning, ej godkänt, L8377911",Skrivelse In,ej godkänt,DETERMINISTIC_FAILURE,ESCALATOR_OR_MOVING_WALK,L8377911,1,Grimsta 1:2,"Information saknas för ""Adress""",Hässelby Gård,YES,https://etjanster.stockholm.se/Byggochplantjansten/arende/arende/1306925?dataSource=Active
2025-16157,1306995,2025-10-21,2026-06-23,Anmaning att låta åtgärda hiss samt utföra förnyad besiktning,2025-10-21,"Intyg återkommande besiktning, ej godkänt, 29604",Skrivelse In,ej godkänt,DETERMINISTIC_FAILURE,LIFT,29604,1,Räfsan 5,Katarina Bangata 64,Södermalm,YES,https://etjanster.stockholm.se/Byggochplantjansten/arende/arende/1306995?dataSource=Active
2025-16159,1306997,2025-10-21,2026-06-24,Anmaning att låta åtgärda hiss samt utföra förnyad besiktning,2025-10-21,"Intyg återkommande besiktning, ej godkänt, 55791",Skrivelse In,ej godkänt,DETERMINISTIC_FAILURE,LIFT,55791,1,Rovan 10,Ringvägen 159,Södermalm,YES,https://etjanster.stockholm.se/Byggochplantjansten/arende/arende/1306997?dataSource=Active
2025-16160,1306998,2025-10-21,2026-06-10,Anmaning att låta åtgärda hiss samt utföra förnyad besiktning,2025-10-21,"Intyg återkommande besiktning, ej godkänt, 54564",Skrivelse In,ej godkänt,DETERMINISTIC_FAILURE,LIFT,54564,1,Soldaten 13,Folkungagatan 94,Södermalm,YES,https://etjanster.stockholm.se/Byggochplantjansten/arende/arende/1306998?dataSource=Active
2025-16201,1307039,2025-10-22,2026-07-20,Anmaning att låta åtgärda hiss samt utföra förnyad besiktning,2025-10-22,"Intyg återkommande besiktning, ej godkänt, D1696920",Skrivelse In,ej godkänt,DETERMINISTIC_FAILURE,LIFT,D1696920,1,Ingemar 6,Roslagsgatan 38B,Vasastaden,YES,https://etjanster.stockholm.se/Byggochplantjansten/arende/arende/1307039?dataSource=Active
2025-16364,1307202,2025-10-23,2026-06-22,Anmaning att låta åtgärda hiss samt utföra förnyad besiktning,2025-10-23,"Intyg återkommande besiktning, ej godkänt, 61694",Skrivelse In,ej godkänt,DETERMINISTIC_FAILURE,LIFT,61694,1,Fasta Paviljongen 1,Alstaviksvägen 21,Långholmen,YES,https://etjanster.stockholm.se/Byggochplantjansten/arende/arende/1307202?dataSource=Active
2025-16378,1307216,2025-10-24,2026-06-24,Anmaning att låta åtgärda hiss samt utföra förnyad besiktning,2025-10-24,"Intyg återkommande besiktning, ej godkänt, D1539870",Skrivelse In,ej godkänt,DETERMINISTIC_FAILURE,LIFT,D1539870,1,Akvariet 5,Västerängsvägen 19,Långbro,YES,https://etjanster.stockholm.se/Byggochplantjansten/arende/arende/1307216?dataSource=Active
2025-16378,1307216,2025-10-24,2026-06-24,Anmaning att låta åtgärda hiss samt utföra förnyad besiktning,2025-10-28,"Intyg återkommande besiktning, ej godkänt, D1539870",Skrivelse In,ej godkänt,DETERMINISTIC_FAILURE,LIFT,D1539870,1,Akvariet 5,Västerängsvägen 19,Långbro,YES,https://etjanster.stockholm.se/Byggochplantjansten/arende/arende/1307216?dataSource=Active
2025-16555,1307393,2025-10-28,2026-06-18,Anmaning att låta åtgärda hiss samt utföra förnyad besiktning,2025-10-28,"Intyg återkommande besiktning, ej godkänt, L3650587",Skrivelse In,ej godkänt,DETERMINISTIC_FAILURE,LIFT,L3650587,1,Båtsmannen Mindre 15,Folkungagatan 108,Södermalm,YES,https://etjanster.stockholm.se/Byggochplantjansten/arende/arende/1307393?dataSource=Active
2025-16556,1307394,2025-10-28,2026-07-07,Anmaning att låta åtgärda hiss samt utföra förnyad besiktning,2025-10-28,"Intyg återkommande besiktning, ej godkänt, S178079",Skrivelse In,ej godkänt,DETERMINISTIC_FAILURE,LIFT,S178079,1,Åkern 17,Ringvägen 98,Södermalm,YES,https://etjanster.stockholm.se/Byggochplantjansten/arende/arende/1307394?dataSource=Active
2025-16557,1307395,2025-10-28,,Anmaning att låta åtgärda hiss samt utföra förnyad besiktning,2025-10-28,"Intyg återkommande besiktning, ej godkänt, S815331",Skrivelse In,ej godkänt,DETERMINISTIC_FAILURE,LIFT,S815331,1,Klamparen 10,Fleminggatan 14,Kungsholmen,NO,https://etjanster.stockholm.se/Byggochplantjansten/arende/arende/1307395?dataSource=Active
2025-16558,1307396,2025-10-28,2026-06-22,Anmaning att låta åtgärda hiss samt utföra förnyad besiktning,2025-10-28,"Intyg återkommande besiktning, ej godkänt, S993678",Skrivelse In,ej godkänt,DETERMINISTIC_FAILURE,LIFT,S993678,1,Norra Djurgården 1:48,Frescativägen 22B,Norra Djurgården,YES,https://etjanster.stockholm.se/Byggochplantjansten/arende/arende/1307396?dataSource=Active
2025-16559,1307397,2025-10-28,2026-06-18,Anmaning att låta åtgärda hiss samt utföra förnyad besiktning,2025-10-28,"Intyg återkommande besiktning, ej godkänt, S989284",Skrivelse In,ej godkänt,DETERMINISTIC_FAILURE,LIFT,S989284,1,Pumpstocken 10,Birger Jarlsgatan 15,Norrmalm,YES,https://etjanster.stockholm.se/Byggochplantjansten/arende/arende/1307397?dataSource=Active
2025-16561,1307399,2025-10-28,2026-06-18,Anmaning att låta åtgärda hiss samt utföra förnyad besiktning,2025-10-28,"Intyg återkommande besiktning, ej godkänt, S163748",Skrivelse In,ej godkänt,DETERMINISTIC_FAILURE,LIFT,S163748,1,Holmen 1,Korphoppsgatan 27,Södra Hammarbyhamnen,YES,https://etjanster.stockholm.se/Byggochplantjansten/arende/arende/1307399?dataSource=Active
2025-16562,1307400,2025-10-28,2026-07-31,Anmaning att låta åtgärda hiss samt utföra förnyad besiktning,2025-10-28,"Intyg återkommande besiktning, ej godkänt, L7494008",Skrivelse In,ej godkänt,DETERMINISTIC_FAILURE,LIFT,L7494008,1,Sandstenen 1,Kolmårdsgränd 8,Södermalm,YES,https://etjanster.stockholm.se/Byggochplantjansten/arende/arende/1307400?dataSource=Active
2025-16563,1307401,2025-10-28,,Anmaning att låta åtgärda hiss samt utföra förnyad besiktning,2025-10-28,"Intyg återkommande besiktning, ej godkänt, L7722960",Skrivelse In,ej godkänt,DETERMINISTIC_FAILURE,LIFT,L7722960,1,Skattsedeln 12,Sedelvägen 44,Hägerstensåsen,NO,https://etjanster.stockholm.se/Byggochplantjansten/arende/arende/1307401?dataSource=Active
2025-16564,1307402,2025-10-28,,Anmaning att låta åtgärda hiss samt utföra förnyad besiktning,2025-10-28,"Intyg återkommande besiktning, ej godkänt, S148610",Skrivelse In,ej godkänt,DETERMINISTIC_FAILURE,LIFT,S148610,1,Norra Djurgården 1:42,Valhallavägen 95,Norra Djurgården,NO,https://etjanster.stockholm.se/Byggochplantjansten/arende/arende/1307402?dataSource=Active
2025-16565,1307403,2025-10-28,,Anmaning att låta åtgärda portar samt utföra förnyad besiktning,2025-10-28,"Intyg återkommande besiktning, ej godkänt, 2 st, S899940, S899941",Skrivelse In,ej godkänt,DETERMINISTIC_FAILURE,POWERED_GATE_OR_DOOR,S899940 S899941,2,Kattrumpstullen 7,Roslagsvägen 30,Norra Djurgården,NO,https://etjanster.stockholm.se/Byggochplantjansten/arende/arende/1307403?dataSource=Active
2025-16566,1307404,2025-10-28,,Anmaning att låta åtgärda hiss samt utföra förnyad besiktning,2025-10-28,"Intyg återkommande besiktning, ej godkänt, L6568000",Skrivelse In,ej godkänt,DETERMINISTIC_FAILURE,LIFT,L6568000,1,Svärdfisken 13,Apelbergsgatan 48,Norrmalm,NO,https://etjanster.stockholm.se/Byggochplantjansten/arende/arende/1307404?dataSource=Active
2025-16567,1307405,2025-10-28,2026-06-18,Anmaning att låta åtgärda hiss samt utföra förnyad besiktning,2025-10-28,"Intyg återkommande besiktning, ej godkänt, L3503224",Skrivelse In,ej godkänt,DETERMINISTIC_FAILURE,LIFT,L3503224,1,Vasen 3,Kadettgatan 2,Vasastaden,YES,https://etjanster.stockholm.se/Byggochplantjansten/arende/arende/1307405?dataSource=Active
2025-16568,1307406,2025-10-28,2026-06-18,Anmaning att låta åtgärda hissar samt utföra förnyad besiktning,2025-10-28,"Intyg återkommande besiktning, ej godkänt, 2 st, S324044, S324046",Skrivelse In,ej godkänt,DETERMINISTIC_FAILURE,LIFT,S324044 S324046,2,Krejaren 2,Östermalmstorg 1,Östermalm,YES,https://etjanster.stockholm.se/Byggochplantjansten/arende/arende/1307406?dataSource=Active
2025-16569,1307407,2025-10-28,,"Anmaning att låta åtgärda rulltrappa samt utföra förnyad besiktning, Stockholm Central",2025-10-28,"Intyg återkommande besiktning, ej godkänt, S358037",Skrivelse In,ej godkänt,DETERMINISTIC_FAILURE,ESCALATOR_OR_MOVING_WALK,S358037,1,Norrmalm 5:3,Centralplan 15,Norrmalm,NO,https://etjanster.stockholm.se/Byggochplantjansten/arende/arende/1307407?dataSource=Active
2025-16574,1307412,2025-10-28,,Anmaning att låta åtgärda hissar samt utföra förnyad besiktning,2025-10-28,"Intyg återkommande besiktning, ej godkänt, L7891901",Skrivelse In,ej godkänt,DETERMINISTIC_FAILURE,LIFT,L7891901,1,Yrsa 1,Rissnavägen 9,Bromsten,NO,https://etjanster.stockholm.se/Byggochplantjansten/arende/arende/1307412?dataSource=Active
2025-16577,1307415,2025-10-28,2026-06-23,Anmaning att låta åtgärda hissar samt utföra förnyad besiktning,2025-10-28,"Intyg återkommande besiktning, ej godkänt, L7707351",Skrivelse In,ej godkänt,DETERMINISTIC_FAILURE,LIFT,L7707351,1,Sjöråen 24,Rådmansgatan 46,Vasastaden,YES,https://etjanster.stockholm.se/Byggochplantjansten/arende/arende/1307415?dataSource=Active
2025-16578,1307416,2025-10-28,,Anmaning att låta åtgärda hissar samt utföra förnyad besiktning,2025-10-28,"Intyg återkommande besiktning, ej godkänt, D1779390",Skrivelse In,ej godkänt,DETERMINISTIC_FAILURE,LIFT,D1779390,1,Essingeslätten 4,Essingestråket 24,Stora Essingen,NO,https://etjanster.stockholm.se/Byggochplantjansten/arende/arende/1307416?dataSource=Active
2025-16579,1307417,2025-10-28,,Anmaning att låta åtgärda hiss samt utföra förnyad besiktning,2025-10-28,"Intyg återkommande besiktning, ej godkänt, 43971",Skrivelse In,ej godkänt,DETERMINISTIC_FAILURE,LIFT,43971,1,Vårholmen 4,Fjärdholmsgränd 12,Vårberg,YES,https://etjanster.stockholm.se/Byggochplantjansten/arende/arende/1307417?dataSource=Active
2025-16585,1307423,2025-10-28,,Anmaning att låta åtgärda port samt utföra förnyad besiktning,2025-10-28,"Intyg återkommande besiktning, ej godkänt, 56633",Skrivelse In,ej godkänt,DETERMINISTIC_FAILURE,POWERED_GATE_OR_DOOR,56633,1,Vårholmen 4,Fjärdholmsgränd 6,Vårberg,NO,https://etjanster.stockholm.se/Byggochplantjansten/arende/arende/1307423?dataSource=Active
2025-16674,1307512,2025-10-29,2026-06-22,Anmaning att låta åtgärda hiss samt utföra förnyad besiktning,2025-10-29,"Intyg återkommande besiktning, ej godkänt, 73096",Skrivelse In,ej godkänt,DETERMINISTIC_FAILURE,LIFT,73096,1,Killingen 34,Sveavägen 126,Vasastaden,YES,https://etjanster.stockholm.se/Byggochplantjansten/arende/arende/1307512?dataSource=Active
2025-16723,1307561,2025-10-29,2026-06-24,Anmaning att låta åtgärda hiss samt utföra förnyad besiktning,2025-10-29,"Intyg återkommande besiktning, ej godkänt, D1677320",Skrivelse In,ej godkänt,DETERMINISTIC_FAILURE,LIFT,D1677320,1,Sälgen 2,Rådmansgatan 24,Östermalm,YES,https://etjanster.stockholm.se/Byggochplantjansten/arende/arende/1307561?dataSource=Active
2025-16724,1307562,2025-10-29,,Anmaning att låta åtgärda port samt utföra förnyad besiktning,2025-10-29,"Intyg återkommande besiktning, ej godkänt, L6702956",Skrivelse In,ej godkänt,DETERMINISTIC_FAILURE,POWERED_GATE_OR_DOOR,L6702956,1,Varubilen 1,Konsumentvägen 13,Älvsjö,NO,https://etjanster.stockholm.se/Byggochplantjansten/arende/arende/1307562?dataSource=Active
2025-16759,1307597,2025-10-30,,Anmaning att låta åtgärda hiss samt utföra förnyad besiktning,2025-10-30,"Intyg återkommande besiktning, ej godkänt, D1626677",Skrivelse In,ej godkänt,DETERMINISTIC_FAILURE,LIFT,D1626677,1,Oxford 1,Emmy Rappes Gata 3,Vasastaden,NO,https://etjanster.stockholm.se/Byggochplantjansten/arende/arende/1307597?dataSource=Active
2025-16794,1307632,2025-10-30,2026-06-18,Anmaning att låta åtgärda hiss samt utföra förnyad besiktning,2025-10-30,"Intyg återkommande besiktning, ej godkänt, 61970",Skrivelse In,ej godkänt,DETERMINISTIC_FAILURE,LIFT,61970,1,Blasieholmen 54,Blasieholmsgatan 7,Norrmalm,YES,https://etjanster.stockholm.se/Byggochplantjansten/arende/arende/1307632?dataSource=Active
2025-16558,1307396,2025-10-28,2026-06-22,Anmaning att låta åtgärda hiss samt utföra förnyad besiktning,2025-11-04,"Intyg återkommande besiktning, ej godkänt, S993678",Skrivelse In,ej godkänt,DETERMINISTIC_FAILURE,LIFT,S993678,1,Norra Djurgården 1:48,Frescativägen 22B,Norra Djurgården,YES,https://etjanster.stockholm.se/Byggochplantjansten/arende/arende/1307396?dataSource=Active
2025-16757,1307595,2025-10-30,2026-06-18,Anmaning att låta åtgärda hissar samt utföra förnyad besiktning,2025-11-04,"Intyg återkommande besiktning, ej godkänt, L3721461, L3721446 (besiktningsdatum 2025-10-23)",Skrivelse In,ej godkänt,DETERMINISTIC_FAILURE,LIFT,L3721461 L3721446,2,Porkala 13,Porkalagatan 3,Akalla,YES,https://etjanster.stockholm.se/Byggochplantjansten/arende/arende/1307595?dataSource=Active
2025-16959,1307797,2025-11-04,2026-07-07,Anmaning att låta åtgärda hiss samt utföra förnyad besiktning,2025-11-04,"Intyg återkommande besiktning, ej godkänt, L2570678",Skrivelse In,ej godkänt,DETERMINISTIC_FAILURE,LIFT,L2570678,1,Barnhuset 26,Wallingatan 23,Norrmalm,YES,https://etjanster.stockholm.se/Byggochplantjansten/arende/arende/1307797?dataSource=Active
2025-16960,1307798,2025-11-04,,Anmaning att låta åtgärda hiss samt utföra förnyad besiktning,2025-11-04,"Intyg återkommande besiktning, ej godkänt, L2994434",Skrivelse In,ej godkänt,DETERMINISTIC_FAILURE,LIFT,L2994434,1,Järnplåten 22,Kungsgatan 35,Norrmalm,NO,https://etjanster.stockholm.se/Byggochplantjansten/arende/arende/1307798?dataSource=Active
2025-16961,1307799,2025-11-04,2026-06-24,Anmaning att låta åtgärda hiss samt utföra förnyad besiktning,2025-11-04,"Intyg återkommande besiktning, ej godkänt, L7042248",Skrivelse In,ej godkänt,DETERMINISTIC_FAILURE,LIFT,L7042248,1,Flygaren 7,Luntmakargatan 61,Vasastaden,YES,https://etjanster.stockholm.se/Byggochplantjansten/arende/arende/1307799?dataSource=Active
2025-16962,1307800,2025-11-04,2026-06-24,Anmaning att låta åtgärda hiss samt utföra förnyad besiktning,2025-11-04,"Intyg återkommande besiktning, ej godkänt, D1539996",Skrivelse In,ej godkänt,DETERMINISTIC_FAILURE,LIFT,D1539996,1,Snötäcket 4,Karlskronavägen 10,Björkhagen,YES,https://etjanster.stockholm.se/Byggochplantjansten/arende/arende/1307800?dataSource=Active
2025-16963,1307801,2025-11-04,2026-05-26,Anmaning att låta åtgärda port samt utföra förnyad besiktning,2025-11-04,"Intyg återkommande besiktning, ej godkänt, L7894131",Skrivelse In,ej godkänt,DETERMINISTIC_FAILURE,POWERED_GATE_OR_DOOR,L7894131,1,Vämlinge 1,Tensta Allé 14,Tensta,YES,https://etjanster.stockholm.se/Byggochplantjansten/arende/arende/1307801?dataSource=Active
2025-16964,1307802,2025-11-04,,Anmaning att låta åtgärda port samt utföra förnyad besiktning,2025-11-04,"Intyg återkommande besiktning, ej godkänt, L7894257",Skrivelse In,ej godkänt,DETERMINISTIC_FAILURE,POWERED_GATE_OR_DOOR,L7894257,1,Skänninge 1,Tensta Allé 55,Tensta,NO,https://etjanster.stockholm.se/Byggochplantjansten/arende/arende/1307802?dataSource=Active
2025-16969,1307807,2025-11-04,2026-06-12,Anmaning att låta åtgärda hiss samt utföra förnyad besiktning,2025-11-04,"Intyg återkommande besiktning, ej godkänt, L2575119",Skrivelse In,ej godkänt,DETERMINISTIC_FAILURE,LIFT,L2575119,1,Kasernen 6,Grev Magnigatan 16,Östermalm,YES,https://etjanster.stockholm.se/Byggochplantjansten/arende/arende/1307807?dataSource=Active
2025-16975,1307813,2025-11-04,2026-06-23,Anmaning att låta åtgärda hissar samt utföra förnyad besiktning,2025-11-04,"Intyg återkommande besiktning, ej godkänt, 2 st, D1539734, D1539905",Skrivelse In,ej godkänt,DETERMINISTIC_FAILURE,LIFT,D1539734 D1539905,2,Concordia 5,Bredängstorget 21,Bredäng,YES,https://etjanster.stockholm.se/Byggochplantjansten/arende/arende/1307813?dataSource=Active
2025-16976,1307814,2025-11-04,2026-06-18,Anmaning att låta åtgärda hiss samt utföra förnyad besiktning (Gamla Stan T-bana),2025-11-04,"Intyg återkommande besiktning, ej godkänt, L8407334",Skrivelse In,ej godkänt,DETERMINISTIC_FAILURE,LIFT,L8407334,1,Gamla Stan 1:30,"Information saknas för ""Adress""",Gamla Stan,YES,https://etjanster.stockholm.se/Byggochplantjansten/arende/arende/1307814?dataSource=Active
2025-17049,1307887,2025-10-31,2026-04-24,Anmaning att låta åtgärda hissar samt utföra förnyad besiktning,2025-11-04,"Intyg återkommande besiktning, ej godkänt, S883503, S883504, S886894, S886896",Skrivelse In,ej godkänt,DETERMINISTIC_FAILURE,LIFT,S883503 S883504 S886894 S886896,4,Gladan 3,"Sankt Göransgatan 159, Sankt Göransgatan 163, Sankt Göransgatan 167",Stadshagen,YES,https://etjanster.stockholm.se/Byggochplantjansten/arende/arende/1307887?dataSource=Active
2025-17051,1307889,2025-10-31,,Anmaning att låta åtgärda hissar samt utföra förnyad besiktning,2025-11-04,"Intyg återkommande besiktning, ej godkänt, S161180, S161183, S163983",Skrivelse In,ej godkänt,DETERMINISTIC_FAILURE,LIFT,S161180 S161183 S163983,3,Vattenbrynet 1,"Lugnets Allé 52, Lugnets Allé 54, Sickla Kanalgata 67",Södra Hammarbyhamnen,YES,https://etjanster.stockholm.se/Byggochplantjansten/arende/arende/1307889?dataSource=Active
2025-17054,1307892,2025-10-31,,Anmaning att låta åtgärda hissar samt utföra förnyad besiktning,2025-11-04,"Intyg återkommande besiktning, ej godkänt, S848663, S848664",Skrivelse In,ej godkänt,DETERMINISTIC_FAILURE,LIFT,S848663 S848664,2,Hönsfodret 1,Tullgårdsgatan 12,Södermalm,NO,https://etjanster.stockholm.se/Byggochplantjansten/arende/arende/1307892?dataSource=Active
2025-17055,1307893,2025-10-31,2026-06-24,Anmaning att låta åtgärda hissar samt utföra förnyad besiktning,2025-11-04,"Intyg återkommande besiktning, ej godkänt, S941990, S941992, S942519",Skrivelse In,ej godkänt,DETERMINISTIC_FAILURE,LIFT,S941990 S941992 S942519,3,Södersjukhuset 10,"Information saknas för ""Adress""",Södermalm,YES,https://etjanster.stockholm.se/Byggochplantjansten/arende/arende/1307893?dataSource=Active
2025-17069,1307907,2025-10-31,,Anmaning att låta åtgärda hiss samt utföra förnyad besiktning,2025-11-04,"Intyg återkommande besiktning, ej godkänt, L3683026",Skrivelse In,ej godkänt,DETERMINISTIC_FAILURE,LIFT,L3683026,1,Harvpinnen 19,Östgötagatan 81,Södermalm,NO,https://etjanster.stockholm.se/Byggochplantjansten/arende/arende/1307907?dataSource=Active
2025-17070,1307908,2025-10-31,,Anmaning att låta åtgärda hiss samt utföra förnyad besiktning,2025-11-04,"Intyg återkommande besiktning, ej godkänt, L6242580",Skrivelse In,ej godkänt,DETERMINISTIC_FAILURE,LIFT,L6242580,1,Ädelman Större 6,Grev Magnigatan 3,Östermalm,NO,https://etjanster.stockholm.se/Byggochplantjansten/arende/arende/1307908?dataSource=Active
2025-17071,1307909,2025-10-31,2026-06-12,Anmaning att låta åtgärda hiss samt utföra förnyad besiktning,2025-11-04,"Intyg återkommande besiktning, ej godkänt, L9449794",Skrivelse In,ej godkänt,DETERMINISTIC_FAILURE,LIFT,L9449794,1,Hans 12,Åkantsgränd 7,Bromsten,YES,https://etjanster.stockholm.se/Byggochplantjansten/arende/arende/1307909?dataSource=Active
2025-17073,1307911,2025-11-04,2026-06-18,Anmaning att låta åtgärda hiss samt utföra förnyad besiktning,2025-11-04,"Intyg återkommande besiktning, ej godkänt, S789218",Skrivelse In,ej godkänt,DETERMINISTIC_FAILURE,LIFT,S789218,1,Tranbodarne 13,Katarinavägen 19,Södermalm,YES,https://etjanster.stockholm.se/Byggochplantjansten/arende/arende/1307911?dataSource=Active
2025-17076,1307914,2025-10-31,2026-06-12,Anmaning att låta åtgärda hiss samt utföra förnyad besiktning,2025-11-04,"Intyg återkommande besiktning, ej godkänt, S891905",Skrivelse In,ej godkänt,DETERMINISTIC_FAILURE,LIFT,S891905,1,Kvarnlaven 6,Hjulstavägen 98,Rinkeby,YES,https://etjanster.stockholm.se/Byggochplantjansten/arende/arende/1307914?dataSource=Active
2025-17090,1307928,2025-11-04,,Anmaning att låta åtgärda port samt utföra förnyad besiktning,2025-11-04,"Intyg återkommande besiktning, ej godkänt, 2 st, D1780762, D1780763",Skrivelse In,ej godkänt,DETERMINISTIC_FAILURE,POWERED_GATE_OR_DOOR,D1780762 D1780763,2,Slamstationen 1,Hammarby Fabriksväg 110,Björkhagen,NO,https://etjanster.stockholm.se/Byggochplantjansten/arende/arende/1307928?dataSource=Active
2025-17121,1307959,2025-11-05,,Anmaning att låta åtgärda hiss samt utföra förnyad besiktning,2025-11-05,"Intyg återkommande besiktning, ej godkänt, D1703883",Skrivelse In,ej godkänt,DETERMINISTIC_FAILURE,LIFT,D1703883,1,Holar 1,Skalholtsgatan 2,Kista,NO,https://etjanster.stockholm.se/Byggochplantjansten/arende/arende/1307959?dataSource=Active
2025-17122,1307960,2025-11-05,,Anmaning att låta åtgärda hiss samt utföra förnyad besiktning,2025-11-05,"Intyg återkommande besiktning, ej godkänt, L2999788",Skrivelse In,ej godkänt,DETERMINISTIC_FAILURE,LIFT,L2999788,1,Paradiset 29,Lindhagensgatan 118,Stadshagen,NO,https://etjanster.stockholm.se/Byggochplantjansten/arende/arende/1307960?dataSource=Active
2025-17254,1308092,2025-11-06,,Anmaning att låta åtgärda hissar samt utföra förnyad besiktning,2025-11-06,"Intyg återkommande besiktning, ej godkänt, D1714904",Skrivelse In,ej godkänt,DETERMINISTIC_FAILURE,LIFT,D1714904,1,Kablaget 1,Medaljonggatan 2B,Solberga,NO,https://etjanster.stockholm.se/Byggochplantjansten/arende/arende/1308092?dataSource=Active
2025-17275,1308113,2025-11-07,2026-06-18,Anmaning att låta åtgärda hiss samt utföra förnyad besiktning,2025-11-07,"Intyg återkommande besiktning, ej godkänt, L8402553",Skrivelse In,ej godkänt,DETERMINISTIC_FAILURE,LIFT,L8402553,1,Vasastaden 2:99,"Information saknas för ""Adress""",Vasastaden,NO,https://etjanster.stockholm.se/Byggochplantjansten/arende/arende/1308113?dataSource=Active
2025-17131,1307969,2025-11-05,2026-06-15,Anmaning att låta åtgärda hissar samt utföra förnyad besiktning,2025-11-11,"Intyg återkommande besiktning, ej godkänt, L6809701",Skrivelse In,ej godkänt,DETERMINISTIC_FAILURE,LIFT,L6809701,1,Sejlaren 7,Sveavägen 25,Norrmalm,NO,https://etjanster.stockholm.se/Byggochplantjansten/arende/arende/1307969?dataSource=Active
2025-17423,1308261,2025-11-11,2026-06-15,Anmaning att låta åtgärda hiss samt utföra förnyad besiktning,2025-11-11,"Intyg återkommande besiktning, ej godkänt, L2521462",Skrivelse In,ej godkänt,DETERMINISTIC_FAILURE,LIFT,L2521462,1,Älgskyttarne 1,Atterbomsvägen 60,Fredhäll,YES,https://etjanster.stockholm.se/Byggochplantjansten/arende/arende/1308261?dataSource=Active
2025-17425,1308263,2025-11-11,,Anmaning att låta åtgärda hissar samt utföra förnyad besiktning,2025-11-11,"Intyg återkommande besiktning, ej godkänt, 2 st, L7144405, L7144423",Skrivelse In,ej godkänt,DETERMINISTIC_FAILURE,LIFT,L7144405 L7144423,2,Svärdssidan 2,"Harplingegränd 46, Harplingegränd 76",Östberga,NO,https://etjanster.stockholm.se/Byggochplantjansten/arende/arende/1308263?dataSource=Active
2025-17459,1308297,2025-11-11,,Anmaning att låta åtgärda hiss samt utföra förnyad besiktning,2025-11-11,"Intyg återkommande besiktning, ej godkänt, L3718004",Skrivelse In,ej godkänt,DETERMINISTIC_FAILURE,LIFT,L3718004,1,Paradiset 27,Strandbergsgatan 61,Stadshagen,NO,https://etjanster.stockholm.se/Byggochplantjansten/arende/arende/1308297?dataSource=Active
2025-17462,1308300,2025-11-11,2026-08-14,Anmaning att låta åtgärda hiss samt utföra förnyad besiktning,2025-11-11,"Intyg återkommande besiktning, ej godkänt, L3735206",Skrivelse In,ej godkänt,DETERMINISTIC_FAILURE,LIFT,L3735206,1,Hägerberget 48,Tegnérgatan 11,Norrmalm,YES,https://etjanster.stockholm.se/Byggochplantjansten/arende/arende/1308300?dataSource=Active
2025-17465,1308303,2025-11-11,2026-06-22,Anmaning att låta åtgärda hiss samt utföra förnyad besiktning,2025-11-11,"Intyg återkommande besiktning, ej godkänt, L3754470",Skrivelse In,ej godkänt,DETERMINISTIC_FAILURE,LIFT,L3754470,1,Fältprästen 3,Wittstocksgatan 28,Östermalm,NO,https://etjanster.stockholm.se/Byggochplantjansten/arende/arende/1308303?dataSource=Active
2025-17469,1308307,2025-11-11,,Anmaning att låta åtgärda hiss samt utföra förnyad besiktning,2025-11-11,"Intyg återkommande besiktning, ej godkänt, L5015441",Skrivelse In,ej godkänt,DETERMINISTIC_FAILURE,LIFT,L5015441,1,Gamen 11,Åsögatan 106,Södermalm,NO,https://etjanster.stockholm.se/Byggochplantjansten/arende/arende/1308307?dataSource=Active
2025-17472,1308310,2025-11-11,2026-06-23,Anmaning att låta åtgärda hiss samt utföra förnyad besiktning,2025-11-11,"Intyg återkommande besiktning, ej godkänt, L5979489",Skrivelse In,ej godkänt,DETERMINISTIC_FAILURE,LIFT,L5979489,1,Dalen 2,Åstorpsringen 8,Gamla Enskede,YES,https://etjanster.stockholm.se/Byggochplantjansten/arende/arende/1308310?dataSource=Active
2025-17477,1308315,2025-11-11,,Anmaning att låta åtgärda hiss samt utföra förnyad besiktning,2025-11-11,"Intyg återkommande besiktning, ej godkänt, L6291967",Skrivelse In,ej godkänt,DETERMINISTIC_FAILURE,LIFT,L6291967,1,Helsingör 6,Helsingörsgatan 21,Kista,NO,https://etjanster.stockholm.se/Byggochplantjansten/arende/arende/1308315?dataSource=Active
2025-17478,1308316,2025-11-11,,Anmaning att låta åtgärda hiss samt utföra förnyad besiktning,2025-11-11,"Intyg återkommande besiktning, ej godkänt, L6808901",Skrivelse In,ej godkänt,DETERMINISTIC_FAILURE,LIFT,L6808901,1,Gamen 11,Åsögatan 104,Södermalm,NO,https://etjanster.stockholm.se/Byggochplantjansten/arende/arende/1308316?dataSource=Active
2025-17480,1308318,2025-11-11,2026-07-06,Anmaning att låta åtgärda hiss samt utföra förnyad besiktning,2025-11-11,"Intyg återkommande besiktning, ej godkänt, S971912",Skrivelse In,ej godkänt,DETERMINISTIC_FAILURE,LIFT,S971912,1,Lilla Dimun 1,Kista Alléväg 36,Kista,YES,https://etjanster.stockholm.se/Byggochplantjansten/arende/arende/1308318?dataSource=Active
2025-17485,1308323,2025-11-11,2026-08-12,Anmaning att låta åtgärda hiss samt utföra förnyad besiktning,2025-11-11,"Intyg återkommande besiktning, ej godkänt, S318947",Skrivelse In,ej godkänt,DETERMINISTIC_FAILURE,LIFT,S318947,1,Pelarbacken Mindre 23,Kapellgränd 7,Södermalm,YES,https://etjanster.stockholm.se/Byggochplantjansten/arende/arende/1308323?dataSource=Active
2025-17486,1308324,2025-11-11,2026-07-06,Anmaning att låta åtgärda hiss samt utföra förnyad besiktning,2025-11-11,"Intyg återkommande besiktning, ej godkänt, 3 st,  S376028, S376029, S376030",Skrivelse In,ej godkänt,DETERMINISTIC_FAILURE,LIFT,S376028 S376029 S376030,3,Marievik 32,Karaffgatan 3,Liljeholmen,YES,https://etjanster.stockholm.se/Byggochplantjansten/arende/arende/1308324?dataSource=Active
2025-17495,1308333,2025-11-11,,Anmaning att låta åtgärda hiss samt utföra förnyad besiktning,2025-11-11,"Intyg återkommande besiktning, ej godkänt, S507652",Skrivelse In,ej godkänt,DETERMINISTIC_FAILURE,LIFT,S507652,1,Fredriksdal 10,Hammarby Allé 3,Södra Hammarbyhamnen,YES,https://etjanster.stockholm.se/Byggochplantjansten/arende/arende/1308333?dataSource=Active
2025-17499,1308337,2025-11-11,2026-07-07,Anmaning att låta åtgärda port samt utföra förnyad besiktning,2025-11-11,"Intyg återkommande besiktning, ej godkänt, 2 st, S523450, S523602",Skrivelse In,ej godkänt,DETERMINISTIC_FAILURE,POWERED_GATE_OR_DOOR,S523450 S523602,2,Panncentralen 1,Partihandlarvägen 50,Östberga,YES,https://etjanster.stockholm.se/Byggochplantjansten/arende/arende/1308337?dataSource=Active
2025-17501,1308339,2025-11-11,2026-06-15,Anmaning att låta åtgärda hissa samt utföra förnyad besiktning,2025-11-11,"Intyg återkommande besiktning, ej godkänt, S576585",Skrivelse In,ej godkänt,DETERMINISTIC_FAILURE,LIFT,S576585,1,Norra Djurgården 1:49,Brinellvägen 23,Norra Djurgården,YES,https://etjanster.stockholm.se/Byggochplantjansten/arende/arende/1308339?dataSource=Active
2025-17503,1308341,2025-11-11,2026-07-08,Anmaning att låta åtgärda hiss samt utföra förnyad besiktning,2025-11-11,"Intyg återkommande besiktning, ej godkänt, S636029",Skrivelse In,ej godkänt,DETERMINISTIC_FAILURE,LIFT,S636029,1,Påsen 14,Heliosgatan 11,Södra Hammarbyhamnen,YES,https://etjanster.stockholm.se/Byggochplantjansten/arende/arende/1308341?dataSource=Active
2025-17506,1308344,2025-11-11,,Anmaning att låta åtgärda hiss samt utföra förnyad besiktning,2025-11-11,"Intyg återkommande besiktning, ej godkänt, S667003",Skrivelse In,ej godkänt,DETERMINISTIC_FAILURE,LIFT,S667003,1,Påsen 13,Virkesvägen 9A,Södra Hammarbyhamnen,NO,https://etjanster.stockholm.se/Byggochplantjansten/arende/arende/1308344?dataSource=Active
2025-17510,1308348,2025-11-11,,Anmaning att låta åtgärda rulltrappor samt utföra förnyad besiktning,2025-11-11,"Intyg återkommande besiktning, ej godkänt, S856432",Skrivelse In,ej godkänt,DETERMINISTIC_FAILURE,ESCALATOR_OR_MOVING_WALK,S856432,1,Trafikflyget 5,Ulvsundavägen 185A,Riksby,NO,https://etjanster.stockholm.se/Byggochplantjansten/arende/arende/1308348?dataSource=Active
2025-17511,1308349,2025-11-11,2026-06-15,Anmaning att låta åtgärda hiss samt utföra förnyad besiktning,2025-11-11,"Intyg återkommande besiktning, ej godkänt, S942002",Skrivelse In,ej godkänt,DETERMINISTIC_FAILURE,LIFT,S942002,1,Södersjukhuset 10,Sjukhusbacken 10,Södermalm,YES,https://etjanster.stockholm.se/Byggochplantjansten/arende/arende/1308349?dataSource=Active
2025-17512,1308350,2025-11-11,2026-09-22,Anmaning att låta åtgärda hissar samt utföra förnyad besiktning,2025-11-11,"Intyg återkommande besiktning, ej godkänt, 2st,  S980280, S980281",Skrivelse In,ej godkänt,DETERMINISTIC_FAILURE,LIFT,S980280 S980281,2,Faludden 2,Arkövägen 4A,Kärrtorp,YES,https://etjanster.stockholm.se/Byggochplantjansten/arende/arende/1308350?dataSource=Active
2025-17515,1308353,2025-11-11,2026-04-09,Anmaning att låta åtgärda hiss samt utföra förnyad besiktning,2025-11-11,"Intyg återkommande besiktning, ej godkänt, S994939",Skrivelse In,ej godkänt,DETERMINISTIC_FAILURE,LIFT,S994939,1,Spektern 13,Regeringsgatan 28,Norrmalm,YES,https://etjanster.stockholm.se/Byggochplantjansten/arende/arende/1308353?dataSource=Active
2025-17519,1308357,2025-11-11,2026-06-18,Anmaning att låta åtgärda hissar samt utföra förnyad besiktning,2025-11-11,"Intyg återkommande besiktning, ej godkänt, 76579",Skrivelse In,ej godkänt,DETERMINISTIC_FAILURE,LIFT,76579,1,Krubban 18,Storgatan 41,Östermalm,YES,https://etjanster.stockholm.se/Byggochplantjansten/arende/arende/1308357?dataSource=Active
2025-17520,1308358,2025-11-11,2026-06-16,Anmaning att låta åtgärda hissar samt utföra förnyad besiktning,2025-11-11,"Intyg återkommande besiktning, ej godkänt, 56571",Skrivelse In,ej godkänt,DETERMINISTIC_FAILURE,LIFT,56571,1,Vitbetan 37,Katarina Bangata 59B,Södermalm,YES,https://etjanster.stockholm.se/Byggochplantjansten/arende/arende/1308358?dataSource=Active
2025-17532,1308370,2025-11-12,,Anmaning att låta åtgärda hiss samt utföra förnyad besiktning,2025-11-12,"Intyg återkommande besiktning, ej godkänt, 53765",Skrivelse In,ej godkänt,DETERMINISTIC_FAILURE,LIFT,53765,1,Vitbetan 36,Katarina Bangata 59C,Södermalm,NO,https://etjanster.stockholm.se/Byggochplantjansten/arende/arende/1308370?dataSource=Active
2025-17552,1308390,2025-11-12,,Anmaning att låta åtgärda hiss samt utföra förnyad besiktning,2025-11-12,"Intyg återkommande besiktning, ej godkänt, D1700701",Skrivelse In,ej godkänt,DETERMINISTIC_FAILURE,LIFT,D1700701,1,Hornafjord 1,Borgarfjordsgatan 9,Kista,NO,https://etjanster.stockholm.se/Byggochplantjansten/arende/arende/1308390?dataSource=Active
2025-17554,1308392,2025-11-12,,Anmaning att låta åtgärda hiss samt utföra förnyad besiktning,2025-11-12,"Intyg återkommande besiktning, ej godkänt, L2560974",Skrivelse In,ej godkänt,DETERMINISTIC_FAILURE,LIFT,L2560974,1,Eldaren 9,Birkagatan 17,Vasastaden,NO,https://etjanster.stockholm.se/Byggochplantjansten/arende/arende/1308392?dataSource=Active
2025-17557,1308395,2025-11-12,2026-06-23,Anmaning att låta åtgärda hiss samt utföra förnyad besiktning (Kungsträdgården T-bana),2025-11-12,"Intyg återkommande besiktning, ej godkänt, L8273201",Skrivelse In,ej godkänt,DETERMINISTIC_FAILURE,LIFT,L8273201,1,Norrmalm 3:43,"Information saknas för ""Adress""",Norrmalm,YES,https://etjanster.stockholm.se/Byggochplantjansten/arende/arende/1308395?dataSource=Active
2025-17601,1308439,2025-11-12,,Anmaning att låta åtgärda hiss samt utföra förnyad besiktning,2025-11-12,"Intyg återkommande besiktning, ej godkänt, L2537759",Skrivelse In,ej godkänt,DETERMINISTIC_FAILURE,LIFT,L2537759,1,Harven 53,Gotlandsgatan 60,Södermalm,NO,https://etjanster.stockholm.se/Byggochplantjansten/arende/arende/1308439?dataSource=Active
2025-17617,1308455,2025-11-12,,Anmaning att låta åtgärda hissar samt utföra förnyad besiktning,2025-11-13,"Intyg återkommande besiktning, ej godkänt, 70877",Skrivelse In,ej godkänt,DETERMINISTIC_FAILURE,LIFT,70877,1,Örnholmen 1,Fjärdholmsgränd 7A,Vårberg,NO,https://etjanster.stockholm.se/Byggochplantjansten/arende/arende/1308455?dataSource=Active
2025-17623,1308461,2025-11-12,,Anmaning att låta åtgärda hissar samt utföra förnyad besiktning,2025-11-13,"Intyg återkommande besiktning, ej godkänt, 36743",Skrivelse In,ej godkänt,DETERMINISTIC_FAILURE,LIFT,36743,1,Kopparsticket 8,Gullmarsplan 4,Johanneshov,NO,https://etjanster.stockholm.se/Byggochplantjansten/arende/arende/1308461?dataSource=Active
2025-17625,1308463,2025-11-12,,Anmaning att låta åtgärda hissar samt utföra förnyad besiktning,2025-11-13,"Intyg återkommande besiktning, ej godkänt, 55758",Skrivelse In,ej godkänt,DETERMINISTIC_FAILURE,LIFT,55758,1,Fyrskeppet 5,Bondesonsgatan 2,Kristineberg,NO,https://etjanster.stockholm.se/Byggochplantjansten/arende/arende/1308463?dataSource=Active
2025-17672,1308510,2025-11-13,2026-04-09,Anmaning att låta åtgärda hissar samt utföra förnyad besiktning,2025-11-13,"Intyg återkommande besiktning, ej godkänt, L7902916",Skrivelse In,ej godkänt,DETERMINISTIC_FAILURE,LIFT,L7902916,1,Silverskopan 3,Torsgränd 5,Vasastaden,YES,https://etjanster.stockholm.se/Byggochplantjansten/arende/arende/1308510?dataSource=Active
2025-13647,1304485,2025-09-08,,Anmaning att låta åtgärda hissar samt utföra förnyad besiktning,2025-11-17,"Intyg återkommande besiktning, ej godkänt, L7894882",Skrivelse In,ej godkänt,DETERMINISTIC_FAILURE,LIFT,L7894882,1,Hedvig 22,Spånga Stationsväg 69,Solhem,NO,https://etjanster.stockholm.se/Byggochplantjansten/arende/arende/1304485?dataSource=Active
2025-13649,1304487,2025-09-08,2026-05-19,Anmaning att låta åtgärda hissar samt utföra förnyad besiktning,2025-11-17,"Intyg återkommande besiktning, ej godkänt, L7894891",Skrivelse In,ej godkänt,DETERMINISTIC_FAILURE,LIFT,L7894891,1,Hedvig 22,Spånga Stationsväg 71,Solhem,YES,https://etjanster.stockholm.se/Byggochplantjansten/arende/arende/1304487?dataSource=Active
2025-13838,1304676,2025-09-11,2025-12-16,Anmaning att låta åtgärda hissar samt utföra förnyad besiktning,2025-11-17,"Intyg återkommande besiktning, ej godkänt, S848751",Skrivelse In,ej godkänt,DETERMINISTIC_FAILURE,LIFT,S848751,1,Skranket 1,Västerled 53,Äppelviken,YES,https://etjanster.stockholm.se/Byggochplantjansten/arende/arende/1304676?dataSource=Active
2025-17532,1308370,2025-11-12,,Anmaning att låta åtgärda hiss samt utföra förnyad besiktning,2025-11-17,"Intyg återkommande besiktning, ej godkänt, 53765",Skrivelse In,ej godkänt,DETERMINISTIC_FAILURE,LIFT,53765,1,Vitbetan 36,Katarina Bangata 59C,Södermalm,NO,https://etjanster.stockholm.se/Byggochplantjansten/arende/arende/1308370?dataSource=Active
2025-17779,1308617,2025-11-17,,Anmaning att låta åtgärda hiss samt utföra förnyad besiktning,2025-11-17,"Intyg återkommande besiktning, ej godkänt, D1605208",Skrivelse In,ej godkänt,DETERMINISTIC_FAILURE,LIFT,D1605208,1,Gjuteriet 2,Pontonjärgatan 36,Kungsholmen,NO,https://etjanster.stockholm.se/Byggochplantjansten/arende/arende/1308617?dataSource=Active
2025-17780,1308618,2025-11-17,2026-08-12,Anmaning att låta åtgärda hiss samt utföra förnyad besiktning (Gullmarsplan T-bana),2025-11-17,"Intyg återkommande besiktning, ej godkänt, L8390325",Skrivelse In,ej godkänt,DETERMINISTIC_FAILURE,LIFT,L8390325,1,Enskede Gård 1:1,Johanneshovsvägen 3,Johanneshov,YES,https://etjanster.stockholm.se/Byggochplantjansten/arende/arende/1308618?dataSource=Active
2025-17781,1308619,2025-11-17,2026-08-19,Anmaning att låta åtgärda portar samt utföra förnyad besiktning,2025-11-17,"Intyg återkommande besiktning, ej godkänt, 2 st, L7688855, L7688864",Skrivelse In,ej godkänt,DETERMINISTIC_FAILURE,POWERED_GATE_OR_DOOR,L7688855 L7688864,2,Helgeandsholmen 1,Riksgatan 1,Gamla Stan,YES,https://etjanster.stockholm.se/Byggochplantjansten/arende/arende/1308619?dataSource=Active
2025-17782,1308620,2025-11-17,,Anmaning att låta åtgärda hiss samt utföra förnyad besiktning,2025-11-17,"Intyg återkommande besiktning, ej godkänt, L7039985",Skrivelse In,ej godkänt,DETERMINISTIC_FAILURE,LIFT,L7039985,1,Kungliga Trädgården 3,Västra Trädgårdsgatan 4A,Norrmalm,NO,https://etjanster.stockholm.se/Byggochplantjansten/arende/arende/1308620?dataSource=Active
2025-17804,1308642,2025-11-17,2026-08-18,Anmaning att låta åtgärda port samt utföra förnyad besiktning,2025-11-17,"Intyg återkommande besiktning, ej godkänt, S169146",Skrivelse In,ej godkänt,DETERMINISTIC_FAILURE,POWERED_GATE_OR_DOOR,S169146,1,Norra Djurgården 1:48,Frescativägen 6,Norra Djurgården,YES,https://etjanster.stockholm.se/Byggochplantjansten/arende/arende/1308642?dataSource=Active
2025-17805,1308643,2025-11-17,2026-08-05,Anmaning att låta åtgärda hiss samt utföra förnyad besiktning,2025-11-17,"Intyg återkommande besiktning, ej godkänt, L3734985",Skrivelse In,ej godkänt,DETERMINISTIC_FAILURE,LIFT,L3734985,1,Baggen 3,Roslagsgatan 21,Vasastaden,YES,https://etjanster.stockholm.se/Byggochplantjansten/arende/arende/1308643?dataSource=Active
2025-17807,1308645,2025-11-17,2026-08-04,Anmaning att låta åtgärda hiss samt utföra förnyad besiktning,2025-11-17,"Intyg återkommande besiktning, ej godkänt, S163821",Skrivelse In,ej godkänt,DETERMINISTIC_FAILURE,LIFT,S163821,1,Bådan 1,Korphoppsgatan 40,Södra Hammarbyhamnen,YES,https://etjanster.stockholm.se/Byggochplantjansten/arende/arende/1308645?dataSource=Active
2025-17809,1308647,2025-11-17,2026-08-03,Anmaning att låta åtgärda hiss samt utföra förnyad besiktning,2025-11-17,"Intyg återkommande besiktning, ej godkänt, S515437",Skrivelse In,ej godkänt,DETERMINISTIC_FAILURE,LIFT,S515437,1,Fraktalen 1,"Information saknas för ""Adress""",Vasastaden,YES,https://etjanster.stockholm.se/Byggochplantjansten/arende/arende/1308647?dataSource=Active
2025-17810,1308648,2025-11-17,,Anmaning att låta åtgärda hiss samt utföra förnyad besiktning,2025-11-17,"Intyg återkommande besiktning, ej godkänt, S996034",Skrivelse In,ej godkänt,DETERMINISTIC_FAILURE,LIFT,S996034,1,Gladan 6,Warfvinges Väg 26,Stadshagen,NO,https://etjanster.stockholm.se/Byggochplantjansten/arende/arende/1308648?dataSource=Active
2025-17812,1308650,2025-11-17,,Anmaning att låta åtgärda grind samt utföra förnyad besiktning (Hammarbyhöjdens IP),2025-11-17,"Intyg återkommande besiktning, ej godkänt, S997331",Skrivelse In,ej godkänt,DETERMINISTIC_FAILURE,POWERED_GATE_OR_DOOR,S997331,1,Hammarbyhöjden 1:1,"Information saknas för ""Adress""",Hammarbyhöjden,NO,https://etjanster.stockholm.se/Byggochplantjansten/arende/arende/1308650?dataSource=Active
2025-17813,1308651,2025-11-17,,Anmaning att låta åtgärda port samt utföra förnyad besiktning (Hjorthagens IP),2025-11-17,"Intyg återkommande besiktning, ej godkänt, S997334",Skrivelse In,ej godkänt,DETERMINISTIC_FAILURE,POWERED_GATE_OR_DOOR,S997334,1,Hjorthagen 1:1,Jägmästargatan 26,Hjorthagen,NO,https://etjanster.stockholm.se/Byggochplantjansten/arende/arende/1308651?dataSource=Active
2025-17814,1308652,2025-11-17,,Anmaning att låta åtgärda grind samt utföra förnyad besiktning (Hässelby BP),2025-11-17,"Intyg återkommande besiktning, ej godkänt, S997333",Skrivelse In,ej godkänt,DETERMINISTIC_FAILURE,POWERED_GATE_OR_DOOR,S997333,1,Hässelby Villastad 11:69,Sandviksvägen 161,Hässelby Villastad,NO,https://etjanster.stockholm.se/Byggochplantjansten/arende/arende/1308652?dataSource=Active
2025-17815,1308653,2025-11-17,2026-08-18,Anmaning att låta åtgärda hiss samt utföra förnyad besiktning,2025-11-17,"Intyg återkommande besiktning, ej godkänt, L4055174",Skrivelse In,ej godkänt,DETERMINISTIC_FAILURE,LIFT,L4055174,1,Mullvaden Andra 26,Krukmakargatan 32,Södermalm,YES,https://etjanster.stockholm.se/Byggochplantjansten/arende/arende/1308653?dataSource=Active
2025-17817,1308655,2025-11-17,2026-08-05,Anmaning att låta åtgärda hiss samt utföra förnyad besiktning,2025-11-17,"Intyg återkommande besiktning, ej godkänt, L3684057",Skrivelse In,ej godkänt,DETERMINISTIC_FAILURE,LIFT,L3684057,1,Skvalberget 26,Linnégatan 10,Östermalm,YES,https://etjanster.stockholm.se/Byggochplantjansten/arende/arende/1308655?dataSource=Active
2025-17818,1308656,2025-11-17,2026-08-13,Anmaning att låta åtgärda hiss samt utföra förnyad besiktning,2025-11-17,"Intyg återkommande besiktning, ej godkänt, S152461",Skrivelse In,ej godkänt,DETERMINISTIC_FAILURE,LIFT,S152461,1,Revet 1,Kölnagatan 24,Södra Hammarbyhamnen,YES,https://etjanster.stockholm.se/Byggochplantjansten/arende/arende/1308656?dataSource=Active
2025-17819,1308657,2025-11-17,,Anmaning att låta åtgärda port samt utföra förnyad besiktning (Ängby IP),2025-11-17,"Intyg återkommande besiktning, ej godkänt, S997340",Skrivelse In,ej godkänt,DETERMINISTIC_FAILURE,POWERED_GATE_OR_DOOR,S997340,1,Norra Ängby 1:1,"Information saknas för ""Adress""",Norra Ängby,NO,https://etjanster.stockholm.se/Byggochplantjansten/arende/arende/1308657?dataSource=Active
2025-17822,1308660,2025-11-17,2026-08-12,Anmaning att låta åtgärda hissar samt utföra förnyad besiktning,2025-11-17,"Intyg återkommande besiktning, ej godkänt, 2 st, S308523, S308524",Skrivelse In,ej godkänt,DETERMINISTIC_FAILURE,LIFT,S308523 S308524,2,Kajutan 1,"Fendergatan 11, Fendergatan 13",Södra Hammarbyhamnen,YES,https://etjanster.stockholm.se/Byggochplantjansten/arende/arende/1308660?dataSource=Active
2025-17825,1308663,2025-11-17,2026-08-06,Anmaning att låta åtgärda portar samt utföra förnyad besiktning,2025-11-17,"Intyg återkommande besiktning, ej godkänt, 2 st, S997177, S997179",Skrivelse In,ej godkänt,DETERMINISTIC_FAILURE,POWERED_GATE_OR_DOOR,S997177 S997179,2,Fiskhallen 1,Fiskhallsvägen 18,Östberga,YES,https://etjanster.stockholm.se/Byggochplantjansten/arende/arende/1308663?dataSource=Active
2025-17828,1308666,2025-11-17,2026-08-18,Anmaning att låta åtgärda hiss samt utföra förnyad besiktning,2025-11-17,"Intyg återkommande besiktning, ej godkänt, S620652",Skrivelse In,ej godkänt,DETERMINISTIC_FAILURE,LIFT,S620652,1,Vågdalen 2,Vävar Johans Gata 28,Södra Hammarbyhamnen,YES,https://etjanster.stockholm.se/Byggochplantjansten/arende/arende/1308666?dataSource=Active
2025-17829,1308667,2025-11-17,,Anmaning att låta åtgärda hissar samt utföra förnyad besiktning,2025-11-17,"Intyg återkommande besiktning, ej godkänt, 4 st, S163253, S163254, S163527, S186618",Skrivelse In,ej godkänt,DETERMINISTIC_FAILURE,LIFT,S163253 S163254 S163527 S186618,4,Ön 1,"Lugnets Allé 43, Lugnets Allé 45, Styrbordsgatan 22",Södra Hammarbyhamnen,YES,https://etjanster.stockholm.se/Byggochplantjansten/arende/arende/1308667?dataSource=Active
2025-17833,1308671,2025-11-17,,Anmaning att låta åtgärda hissar samt utföra förnyad besiktning,2025-11-17,"Intyg återkommande besiktning, ej godkänt, 4 st, L6682918, L7549850, L7549868, L7549876",Skrivelse In,ej godkänt,DETERMINISTIC_FAILURE,LIFT,L6682918 L7549850 L7549868 L7549876,4,Ångtvätten 22,Junohällsvägen 1A,Stora Essingen,NO,https://etjanster.stockholm.se/Byggochplantjansten/arende/arende/1308671?dataSource=Active
2025-17836,1308674,2025-11-14,,Anmaning att låta åtgärda hissar samt utföra förnyad besiktning,2025-11-17,"Intyg återkommande besiktning, ej godkänt, 44610",Skrivelse In,ej godkänt,DETERMINISTIC_FAILURE,LIFT,44610,1,Vattuormen 31,Jakob Westinsgatan 6,Kungsholmen,NO,https://etjanster.stockholm.se/Byggochplantjansten/arende/arende/1308674?dataSource=Active
2025-17838,1308676,2025-11-14,,Anmaning att låta åtgärda hissar samt utföra förnyad besiktning,2025-11-17,"Intyg återkommande besiktning, ej godkänt, 54967",Skrivelse In,ej godkänt,DETERMINISTIC_FAILURE,LIFT,54967,1,Vattuormen 34,Norr Mälarstrand 32,Kungsholmen,NO,https://etjanster.stockholm.se/Byggochplantjansten/arende/arende/1308676?dataSource=Active
2025-17854,1308692,2025-11-17,,Anmaning att låta åtgärda hissar samt utföra förnyad besiktning,2025-11-17,"Intyg återkommande besiktning, ej godkänt, L7144110",Skrivelse In,ej godkänt,DETERMINISTIC_FAILURE,LIFT,L7144110,1,Ättegrenen 2,Älvsåkersgränd 7,Östberga,NO,https://etjanster.stockholm.se/Byggochplantjansten/arende/arende/1308692?dataSource=Active
2025-17855,1308693,2025-11-17,,Anmaning att låta åtgärda hissar samt utföra förnyad besiktning,2025-11-17,"Intyg återkommande besiktning, ej godkänt, L7144129",Skrivelse In,ej godkänt,DETERMINISTIC_FAILURE,LIFT,L7144129,1,Ättegrenen 2,Älvsåkersgränd 27,Östberga,NO,https://etjanster.stockholm.se/Byggochplantjansten/arende/arende/1308693?dataSource=Active
2025-17857,1308695,2025-11-17,2026-08-11,Anmaning att låta åtgärda hissar samt utföra förnyad besiktning,2025-11-17,"Intyg återkommande besiktning, ej godkänt, L7144138",Skrivelse In,ej godkänt,DETERMINISTIC_FAILURE,LIFT,L7144138,1,Ättegrenen 2,Älvsåkersgränd 45,Östberga,YES,https://etjanster.stockholm.se/Byggochplantjansten/arende/arende/1308695?dataSource=Active
2025-17858,1308696,2025-11-17,2026-08-14,"Anmaning att låta åtgärda port samt utföra förnyad besiktning (Bromma flygplats, Hangar 191)",2025-11-17,"Intyg återkommande besiktning, ej godkänt, L8128289",Skrivelse In,ej godkänt,DETERMINISTIC_FAILURE,POWERED_GATE_OR_DOOR,L8128289,1,Ulvsunda 1:1,"Information saknas för ""Adress""",Riksby,YES,https://etjanster.stockholm.se/Byggochplantjansten/arende/arende/1308696?dataSource=Active
2025-16556,1307394,2025-10-28,2026-07-07,Anmaning att låta åtgärda hiss samt utföra förnyad besiktning,2025-11-18,"Intyg återkommande besiktning, ej godkänt, S178079",Skrivelse In,ej godkänt,DETERMINISTIC_FAILURE,LIFT,S178079,1,Åkern 17,Ringvägen 98,Södermalm,YES,https://etjanster.stockholm.se/Byggochplantjansten/arende/arende/1307394?dataSource=Active
2025-17896,1308734,2025-11-18,2026-07-22,Anmaning att låta åtgärda hiss samt utföra förnyad besiktning,2025-11-18,"Intyg återkommande besiktning, ej godkänt, L2739764",Skrivelse In,ej godkänt,DETERMINISTIC_FAILURE,LIFT,L2739764,1,Nattugglan 18,Åsögatan 101,Södermalm,YES,https://etjanster.stockholm.se/Byggochplantjansten/arende/arende/1308734?dataSource=Active
2025-17899,1308737,2025-11-18,,Anmaning att låta åtgärda rulltrappa samt utföra förnyad besiktning,2025-11-18,"Intyg återkommande besiktning, ej godkänt, L7823565",Skrivelse In,ej godkänt,DETERMINISTIC_FAILURE,ESCALATOR_OR_MOVING_WALK,L7823565,1,Tensta 3:21,Hjulsta Torg 4,Tensta,NO,https://etjanster.stockholm.se/Byggochplantjansten/arende/arende/1308737?dataSource=Active
2025-17934,1308772,2025-11-18,2026-08-11,Anmaning att låta åtgärda hiss samt utföra förnyad besiktning,2025-11-18,"Intyg återkommande besiktning, ej godkänt, D1696752",Skrivelse In,ej godkänt,DETERMINISTIC_FAILURE,LIFT,D1696752,1,Huggjärnet 23,Heleneborgsgatan 44A,Södermalm,YES,https://etjanster.stockholm.se/Byggochplantjansten/arende/arende/1308772?dataSource=Active
2025-17940,1308778,2025-11-18,2026-08-06,Anmaning att låta åtgärda hiss samt utföra förnyad besiktning,2025-11-18,"Intyg återkommande besiktning, ej godkänt, L8103162",Skrivelse In,ej godkänt,DETERMINISTIC_FAILURE,LIFT,L8103162,1,Alptanäs 1,Haukadalsgatan 5,Kista,YES,https://etjanster.stockholm.se/Byggochplantjansten/arende/arende/1308778?dataSource=Active
2025-17959,1308797,2025-11-18,2026-02-19,Anmaning att låta åtgärda hiss samt utföra förnyad besiktning,2025-11-18,"Intyg återkommande besiktning, ej godkänt, 38318",Skrivelse In,ej godkänt,DETERMINISTIC_FAILURE,LIFT,38318,1,Ångpannan 13,Bergsundsgatan 13,Södermalm,YES,https://etjanster.stockholm.se/Byggochplantjansten/arende/arende/1308797?dataSource=Active
2025-17963,1308801,2025-11-18,,Anmaning att låta åtgärda rulltrappor samt utföra förnyad besiktning (Östermalmstorg T-banan),2025-11-18,"Intyg återkommande besiktning, ej godkänt, L8402133",Skrivelse In,ej godkänt,DETERMINISTIC_FAILURE,ESCALATOR_OR_MOVING_WALK,L8402133,1,Östermalm 2:118,"Information saknas för ""Adress""",Östermalm,NO,https://etjanster.stockholm.se/Byggochplantjansten/arende/arende/1308801?dataSource=Active
2025-17963,1308801,2025-11-18,,Anmaning att låta åtgärda rulltrappor samt utföra förnyad besiktning (Östermalmstorg T-banan),2025-11-18,"Intyg återkommande besiktning, ej godkänt, L8402133",Skrivelse In,ej godkänt,DETERMINISTIC_FAILURE,ESCALATOR_OR_MOVING_WALK,L8402133,1,Östermalm 2:118,"Information saknas för ""Adress""",Östermalm,NO,https://etjanster.stockholm.se/Byggochplantjansten/arende/arende/1308801?dataSource=Active
2025-17973,1308811,2025-11-18,,Anmaning att låta åtgärda hiss samt utföra förnyad besiktning,2025-11-18,"Intyg återkommande besiktning, ej godkänt, L3699287",Skrivelse In,ej godkänt,DETERMINISTIC_FAILURE,LIFT,L3699287,1,Minan 9,Karlavägen 78,Östermalm,NO,https://etjanster.stockholm.se/Byggochplantjansten/arende/arende/1308811?dataSource=Active
2025-17974,1308812,2025-11-18,2026-07-22,Anmaning att låta åtgärda hiss samt utföra förnyad besiktning,2025-11-18,"Intyg återkommande besiktning, ej godkänt, L3722485",Skrivelse In,ej godkänt,DETERMINISTIC_FAILURE,LIFT,L3722485,1,Bojen 14,Fridhemsgatan 55,Kungsholmen,YES,https://etjanster.stockholm.se/Byggochplantjansten/arende/arende/1308812?dataSource=Active
2025-17975,1308813,2025-11-18,2026-08-06,Anmaning att låta åtgärda hiss samt utföra förnyad besiktning,2025-11-18,"Intyg återkommande besiktning, ej godkänt, L5473533",Skrivelse In,ej godkänt,DETERMINISTIC_FAILURE,LIFT,L5473533,1,Ingemar 5,Birger Jarlsgatan 107,Vasastaden,YES,https://etjanster.stockholm.se/Byggochplantjansten/arende/arende/1308813?dataSource=Active
2025-18096,1308934,2025-11-20,2026-01-22,Anmaning att låta åtgärda hissar samt utföra förnyad besiktning,2025-11-20,"Intyg återkommande besiktning, ej godkänt, 2 st, L3749967, L3749975",Skrivelse In,ej godkänt,DETERMINISTIC_FAILURE,LIFT,L3749967 L3749975,2,Lillholmen 5,Stångholmsbacken 10,Vårberg,NO,https://etjanster.stockholm.se/Byggochplantjansten/arende/arende/1308934?dataSource=Active
2025-18101,1308939,2025-11-20,2025-12-16,Anmaning att låta åtgärda hiss samt utföra förnyad besiktning,2025-11-20,"Intyg återkommande besiktning, ej godkänt, D1696767",Skrivelse In,ej godkänt,DETERMINISTIC_FAILURE,LIFT,D1696767,1,Kolonnen 11,Ölandsgatan 50,Södermalm,YES,https://etjanster.stockholm.se/Byggochplantjansten/arende/arende/1308939?dataSource=Active
2025-18116,1308954,2025-11-19,2026-08-11,Anmaning att låta åtgärda hissar samt utföra förnyad besiktning,2025-11-20,"Intyg återkommande besiktning, ej godkänt, D1696860",Skrivelse In,ej godkänt,DETERMINISTIC_FAILURE,LIFT,D1696860,1,Monumentet 29,Ölandsgatan 45A,Södermalm,YES,https://etjanster.stockholm.se/Byggochplantjansten/arende/arende/1308954?dataSource=Active
2025-18122,1308960,2025-11-19,2026-08-03,Anmaning att låta åtgärda hissar samt utföra förnyad besiktning,2025-11-20,"Intyg återkommande besiktning, ej godkänt, L2625627",Skrivelse In,ej godkänt,DETERMINISTIC_FAILURE,LIFT,L2625627,1,Harven 49,Ringvägen 141B,Södermalm,YES,https://etjanster.stockholm.se/Byggochplantjansten/arende/arende/1308960?dataSource=Active
2025-18174,1309012,2025-11-21,,Anmaning att låta åtgärda hissar samt utföra förnyad besiktning,2025-11-21,"Intyg återkommande besiktning, ej godkänt, L2742492",Skrivelse In,ej godkänt,DETERMINISTIC_FAILURE,LIFT,L2742492,1,Hjorthagen 1:3,"Information saknas för ""Adress""",Hjorthagen,NO,https://etjanster.stockholm.se/Byggochplantjansten/arende/arende/1309012?dataSource=Active
2025-18177,1309015,2025-11-21,2026-07-22,Anmaning att låta åtgärda hissar samt utföra förnyad besiktning,2025-11-21,"Intyg återkommande besiktning, ej godkänt, L7318772",Skrivelse In,ej godkänt,DETERMINISTIC_FAILURE,LIFT,L7318772,1,Djursborg 4,Erik Dahlbergsallén 5,Östermalm,YES,https://etjanster.stockholm.se/Byggochplantjansten/arende/arende/1309015?dataSource=Active
2025-18179,1309017,2025-11-21,2026-08-12,Anmaning att låta åtgärda port samt utföra förnyad besiktning,2025-11-21,"Intyg återkommande besiktning, ej godkänt, S804664",Skrivelse In,ej godkänt,DETERMINISTIC_FAILURE,POWERED_GATE_OR_DOOR,S804664,1,Kampementsbacken 1,Kampementsgatan 20,Ladugårdsgärdet,YES,https://etjanster.stockholm.se/Byggochplantjansten/arende/arende/1309017?dataSource=Active
2025-18181,1309019,2025-11-21,2026-08-03,Anmaning att låta åtgärda hissar samt utföra förnyad besiktning,2025-11-21,"Intyg återkommande besiktning, ej godkänt, S441070",Skrivelse In,ej godkänt,DETERMINISTIC_FAILURE,LIFT,S441070,1,Ylen 1,Skagersvägen 24,Årsta,YES,https://etjanster.stockholm.se/Byggochplantjansten/arende/arende/1309019?dataSource=Active
2025-18183,1309021,2025-11-21,2026-04-02,Anmaning att låta åtgärda hissar samt utföra förnyad besiktning,2025-11-21,"Intyg återkommande besiktning, ej godkänt, S531057",Skrivelse In,ej godkänt,DETERMINISTIC_FAILURE,LIFT,S531057,1,Modemet 1,Grönlandsgatan 31,Kista,YES,https://etjanster.stockholm.se/Byggochplantjansten/arende/arende/1309021?dataSource=Active
2025-18184,1309022,2025-11-21,,Anmaning att låta åtgärda hissar samt utföra förnyad besiktning,2025-11-21,"Intyg återkommande besiktning, ej godkänt, L3699600",Skrivelse In,ej godkänt,DETERMINISTIC_FAILURE,LIFT,L3699600,1,Morkullan 25,Surbrunnsgatan 10,Östermalm,NO,https://etjanster.stockholm.se/Byggochplantjansten/arende/arende/1309022?dataSource=Active
2025-18185,1309023,2025-11-21,2026-08-05,Anmaning att låta åtgärda hissar samt utföra förnyad besiktning,2025-11-21,"Intyg återkommande besiktning, ej godkänt, L3478351",Skrivelse In,ej godkänt,DETERMINISTIC_FAILURE,LIFT,L3478351,1,Monumentet 38,Gotlandsgatan 46,Södermalm,YES,https://etjanster.stockholm.se/Byggochplantjansten/arende/arende/1309023?dataSource=Active
2025-18187,1309025,2025-11-21,2026-08-10,Anmaning att låta åtgärda hissar samt utföra förnyad besiktning,2025-11-21,"Intyg återkommande besiktning, ej godkänt, L3652203",Skrivelse In,ej godkänt,DETERMINISTIC_FAILURE,LIFT,L3652203,1,Kattrumpan 24,Bastugatan 45,Södermalm,YES,https://etjanster.stockholm.se/Byggochplantjansten/arende/arende/1309025?dataSource=Active
2025-18189,1309027,2025-11-21,2026-08-19,Anmaning att låta åtgärda hissar samt utföra förnyad besiktning,2025-11-21,"Intyg återkommande besiktning, ej godkänt, S117059",Skrivelse In,ej godkänt,DETERMINISTIC_FAILURE,LIFT,S117059,1,Askfatet 1,Munstycksvägen 18,Hökarängen,YES,https://etjanster.stockholm.se/Byggochplantjansten/arende/arende/1309027?dataSource=Active
2025-18191,1309029,2025-11-21,,Anmaning att låta åtgärda hissar samt utföra förnyad besiktning,2025-11-21,"Intyg återkommande besiktning, ej godkänt, S401712",Skrivelse In,ej godkänt,DETERMINISTIC_FAILURE,LIFT,S401712,1,Mattisborgen 1,Dartanjangs Gata 68,Mariehäll,NO,https://etjanster.stockholm.se/Byggochplantjansten/arende/arende/1309029?dataSource=Active
2025-18192,1309030,2025-11-21,,Anmaning att låta åtgärda hissar samt utföra förnyad besiktning,2025-11-21,"Intyg återkommande besiktning, ej godkänt, S943900",Skrivelse In,ej godkänt,DETERMINISTIC_FAILURE,LIFT,S943900,1,Uggleborg 12,Vasagatan 14,Norrmalm,NO,https://etjanster.stockholm.se/Byggochplantjansten/arende/arende/1309030?dataSource=Active
2025-18321,1309159,2025-11-25,2026-08-05,"Anmaning att låta åtgärda hiss samt utföra förnyad besiktning, Björkhagens skola",2025-11-25,"Intyg återkommande besiktning, ej godkänt, D1600237",Skrivelse In,ej godkänt,DETERMINISTIC_FAILURE,LIFT,D1600237,1,Snötäcket 4,Karlskronavägen 10,Björkhagen,YES,https://etjanster.stockholm.se/Byggochplantjansten/arende/arende/1309159?dataSource=Active
2025-18324,1309162,2025-11-25,2026-08-04,Anmaning att låta åtgärda portar samt utföra förnyad besiktning,2025-11-25,"Intyg återkommande besiktning, ej godkänt, 2 st, L6702063, D1393282",Skrivelse In,ej godkänt,DETERMINISTIC_FAILURE,POWERED_GATE_OR_DOOR,L6702063 D1393282,2,Tillverkaren 1,Grossistvägen 1,Älvsjö,YES,https://etjanster.stockholm.se/Byggochplantjansten/arende/arende/1309162?dataSource=Active
2025-18325,1309163,2025-11-25,,Anmaning att låta åtgärda hiss samt utföra förnyad besiktning,2025-11-25,"Intyg återkommande besiktning, ej godkänt, L7902550",Skrivelse In,ej godkänt,DETERMINISTIC_FAILURE,LIFT,L7902550,1,Gångaren 19,Lindhagensterrassen 1,Stadshagen,NO,https://etjanster.stockholm.se/Byggochplantjansten/arende/arende/1309163?dataSource=Active
2025-18326,1309164,2025-11-25,2026-08-19,Anmaning att låta åtgärda hiss samt utföra förnyad besiktning,2025-11-25,"Intyg återkommande besiktning, ej godkänt, L7302814",Skrivelse In,ej godkänt,DETERMINISTIC_FAILURE,LIFT,L7302814,1,Svea Artilleri 11,Löjtnantsgatan 21,Ladugårdsgärdet,YES,https://etjanster.stockholm.se/Byggochplantjansten/arende/arende/1309164?dataSource=Active
2025-18327,1309165,2025-11-25,2026-08-10,Anmaning att låta åtgärda hiss samt utföra förnyad besiktning,2025-11-25,"Intyg återkommande besiktning, ej godkänt, L8244573",Skrivelse In,ej godkänt,DETERMINISTIC_FAILURE,LIFT,L8244573,1,Kattryggen 3,Brännkyrkagatan 34A,Södermalm,YES,https://etjanster.stockholm.se/Byggochplantjansten/arende/arende/1309165?dataSource=Active
2025-18329,1309167,2025-11-25,,Anmaning att låta åtgärda portar samt utföra förnyad besiktning,2025-11-25,"Intyg återkommande besiktning, ej godkänt, 2 st, D1655685, L7951739",Skrivelse In,ej godkänt,DETERMINISTIC_FAILURE,POWERED_GATE_OR_DOOR,D1655685 L7951739,2,Frukthallen 3,Frukthandlarvägen 5,Östberga,NO,https://etjanster.stockholm.se/Byggochplantjansten/arende/arende/1309167?dataSource=Active
2025-18346,1309184,2025-11-24,,Anmaning att låta åtgärda hiss samt utföra förnyad besiktning,2025-11-25,"Intyg återkommande besiktning, ej godkänt, 67121",Skrivelse In,ej godkänt,DETERMINISTIC_FAILURE,LIFT,67121,1,Hornblåsaren 5,Linnégatan 104,Östermalm,NO,https://etjanster.stockholm.se/Byggochplantjansten/arende/arende/1309184?dataSource=Active
2025-18368,1309206,2025-11-25,2026-07-23,Anmaning att låta åtgärda hissar samt utföra förnyad besiktning,2025-11-25,"Intyg återkommande besiktning, ej godkänt, L2521373",Skrivelse In,ej godkänt,DETERMINISTIC_FAILURE,LIFT,L2521373,1,Ångpannan 10,Folkskolegatan 12,Södermalm,YES,https://etjanster.stockholm.se/Byggochplantjansten/arende/arende/1309206?dataSource=Active
2025-17973,1308811,2025-11-18,,Anmaning att låta åtgärda hiss samt utföra förnyad besiktning,2025-11-26,"Intyg återkommande besiktning, ej godkänt, L3699287",Skrivelse In,ej godkänt,DETERMINISTIC_FAILURE,LIFT,L3699287,1,Minan 9,Karlavägen 78,Östermalm,NO,https://etjanster.stockholm.se/Byggochplantjansten/arende/arende/1308811?dataSource=Active
2025-18453,1309291,2025-11-26,2026-07-23,Anmaning att låta åtgärda port samt utföra förnyad besiktning,2025-11-26,"Intyg återkommande besiktning, ej godkänt, D1539951",Skrivelse In,ej godkänt,DETERMINISTIC_FAILURE,POWERED_GATE_OR_DOOR,D1539951,1,Blixtljuset 18,Kvicksundsvägen 14,Högdalen,YES,https://etjanster.stockholm.se/Byggochplantjansten/arende/arende/1309291?dataSource=Active
2025-18454,1309292,2025-11-26,2026-08-04,Anmaning att låta åtgärda hiss samt utföra förnyad besiktning,2025-11-26,"Intyg återkommande besiktning, ej godkänt, D1662872",Skrivelse In,ej godkänt,DETERMINISTIC_FAILURE,LIFT,D1662872,1,Tenö 1,Sunneplan 31B,Farsta,YES,https://etjanster.stockholm.se/Byggochplantjansten/arende/arende/1309292?dataSource=Active
2025-18455,1309293,2025-11-26,2026-08-04,Anmaning att låta åtgärda hiss samt utföra förnyad besiktning,2025-11-26,"Intyg återkommande besiktning, ej godkänt, D1662778",Skrivelse In,ej godkänt,DETERMINISTIC_FAILURE,LIFT,D1662778,1,Fastebrevet 3,Torögatan 37A,Tallkrogen,YES,https://etjanster.stockholm.se/Byggochplantjansten/arende/arende/1309293?dataSource=Active
2025-18456,1309294,2025-11-26,2026-08-25,Anmaning att låta åtgärda hiss samt utföra förnyad besiktning,2025-11-26,"Intyg återkommande besiktning, ej godkänt, L2900178",Skrivelse In,ej godkänt,DETERMINISTIC_FAILURE,LIFT,L2900178,1,Stolmakaren 12,Markvardsgatan 9,Vasastaden,YES,https://etjanster.stockholm.se/Byggochplantjansten/arende/arende/1309294?dataSource=Active
2025-18551,1309389,2025-11-27,,Anmaning att låta åtgärda port samt utföra förnyad besiktning,2025-11-27,"Intyg återkommande besiktning, ej godkänt, D1405805",Skrivelse In,ej godkänt,DETERMINISTIC_FAILURE,POWERED_GATE_OR_DOOR,D1405805,1,Piloten 1,Gondolgatan 12,Skarpnäcks Gård,NO,https://etjanster.stockholm.se/Byggochplantjansten/arende/arende/1309389?dataSource=Active
2025-18553,1309391,2025-11-27,2026-08-06,Anmaning att låta åtgärda hiss samt utföra förnyad besiktning,2025-11-27,"Intyg återkommande besiktning, ej godkänt, D1539967",Skrivelse In,ej godkänt,DETERMINISTIC_FAILURE,LIFT,D1539967,1,Ätten 6,Östbergabackarna 51,Östberga,NO,https://etjanster.stockholm.se/Byggochplantjansten/arende/arende/1309391?dataSource=Active
2025-18554,1309392,2025-11-27,2026-08-04,Anmaning att låta åtgärda hiss samt utföra förnyad besiktning,2025-11-27,"Intyg återkommande besiktning, ej godkänt, D1539913",Skrivelse In,ej godkänt,DETERMINISTIC_FAILURE,LIFT,D1539913,1,Locknålen 2,Kata Dalströms Gata 23,Fruängen,YES,https://etjanster.stockholm.se/Byggochplantjansten/arende/arende/1309392?dataSource=Active
2025-13665,1304503,2025-09-09,2026-06-03,Anmaning att låta åtgärda hiss samt utföra förnyad besiktning,2025-11-28,"Intyg återkommande besiktning, ej godkänt, L7142265",Skrivelse In,ej godkänt,DETERMINISTIC_FAILURE,LIFT,L7142265,1,Storholmen 5,Storholmsbackarna 38,Vårberg,YES,https://etjanster.stockholm.se/Byggochplantjansten/arende/arende/1304503?dataSource=Active
2025-14201,1305039,2025-09-17,2026-03-11,Anmaning att låta åtgärda hiss samt utföra förnyad besiktning,2025-11-28,"Intyg återkommande besiktning, ej godkänt, L7896237",Skrivelse In,ej godkänt,DETERMINISTIC_FAILURE,LIFT,L7896237,1,Ålesund 1,Trondheimsgatan 11,Husby,NO,https://etjanster.stockholm.se/Byggochplantjansten/arende/arende/1305039?dataSource=Active
2025-16567,1307405,2025-10-28,2026-06-18,Anmaning att låta åtgärda hiss samt utföra förnyad besiktning,2025-11-28,"Intyg återkommande besiktning, ej godkänt, L3503224, L3503232",Skrivelse In,ej godkänt,DETERMINISTIC_FAILURE,LIFT,L3503224 L3503232,2,Vasen 3,Kadettgatan 2,Vasastaden,YES,https://etjanster.stockholm.se/Byggochplantjansten/arende/arende/1307405?dataSource=Active
2025-17836,1308674,2025-11-14,,Anmaning att låta åtgärda hissar samt utföra förnyad besiktning,2025-11-28,"Intyg återkommande besiktning, ej godkänt, 44610",Skrivelse In,ej godkänt,DETERMINISTIC_FAILURE,LIFT,44610,1,Vattuormen 31,Jakob Westinsgatan 6,Kungsholmen,NO,https://etjanster.stockholm.se/Byggochplantjansten/arende/arende/1308674?dataSource=Active
2025-18606,1309444,2025-11-28,,Anmaning att låta åtgärda trapphiss samt utföra förnyad besiktning,2025-11-28,"Intyg återkommande besiktning, ej godkänt, D1605083",Skrivelse In,ej godkänt,DETERMINISTIC_FAILURE,LIFT,D1605083,1,Ovanlädret 1,Klacktorget 4,Solberga,NO,https://etjanster.stockholm.se/Byggochplantjansten/arende/arende/1309444?dataSource=Active
2025-18627,1309465,2025-11-28,2026-08-04,Anmaning att låta åtgärda hiss samt utföra förnyad besiktning,2025-11-28,"Intyg återkommande besiktning, ej godkänt, D1540208",Skrivelse In,ej godkänt,DETERMINISTIC_FAILURE,LIFT,D1540208,1,Atlas 6,Skomakargatan 30,Gamla Stan,YES,https://etjanster.stockholm.se/Byggochplantjansten/arende/arende/1309465?dataSource=Active
2025-18630,1309468,2025-11-27,2026-08-11,Anmaning att låta åtgärda hiss samt utföra förnyad besiktning,2025-11-28,"Intyg återkommande besiktning, ej godkänt, L1997535",Skrivelse In,ej godkänt,DETERMINISTIC_FAILURE,LIFT,L1997535,1,Komedianten 6,Kommendörsgatan 4,Östermalm,NO,https://etjanster.stockholm.se/Byggochplantjansten/arende/arende/1309468?dataSource=Active
2025-18631,1309469,2025-11-27,2026-08-11,Anmaning att låta åtgärda hiss samt utföra förnyad besiktning,2025-11-28,"Intyg återkommande besiktning, ej godkänt, L3510955",Skrivelse In,ej godkänt,DETERMINISTIC_FAILURE,LIFT,L3510955,1,Trädlärkan 7,Sköldungagatan 7,Östermalm,YES,https://etjanster.stockholm.se/Byggochplantjansten/arende/arende/1309469?dataSource=Active
2025-18632,1309470,2025-11-27,2026-07-24,Anmaning att låta åtgärda hiss samt utföra förnyad besiktning,2025-11-28,"Intyg återkommande besiktning, ej godkänt, L3726726",Skrivelse In,ej godkänt,DETERMINISTIC_FAILURE,LIFT,L3726726,1,Terrakottan 5,Birkagatan 1,Vasastaden,YES,https://etjanster.stockholm.se/Byggochplantjansten/arende/arende/1309470?dataSource=Active
2025-18635,1309473,2025-11-27,2026-08-13,Anmaning att låta åtgärda hiss samt utföra förnyad besiktning,2025-11-28,"Intyg återkommande besiktning, ej godkänt, L6043996",Skrivelse In,ej godkänt,DETERMINISTIC_FAILURE,LIFT,L6043996,1,Gjutaren 17,Tomtebogatan 5,Vasastaden,YES,https://etjanster.stockholm.se/Byggochplantjansten/arende/arende/1309473?dataSource=Active
2025-18636,1309474,2025-11-27,2026-07-24,Anmaning att låta åtgärda hiss samt utföra förnyad besiktning,2025-11-28,"Intyg återkommande besiktning, ej godkänt, S264892",Skrivelse In,ej godkänt,DETERMINISTIC_FAILURE,LIFT,S264892,1,Skalmejblåsaren 8,Vanadisvägen 14,Vasastaden,YES,https://etjanster.stockholm.se/Byggochplantjansten/arende/arende/1309474?dataSource=Active
2025-18637,1309475,2025-11-27,,Anmaning att låta åtgärda hiss samt utföra förnyad besiktning,2025-11-28,"Intyg återkommande besiktning, ej godkänt, S305060",Skrivelse In,ej godkänt,DETERMINISTIC_FAILURE,LIFT,S305060,1,Blåmannen 21,Mäster Samuelsgatan 70,Norrmalm,NO,https://etjanster.stockholm.se/Byggochplantjansten/arende/arende/1309475?dataSource=Active
2025-18644,1309482,2025-11-27,,Anmaning att låta åtgärda port samt utföra förnyad besiktning,2025-11-28,"Intyg återkommande besiktning, ej godkänt, S998994",Skrivelse In,ej godkänt,DETERMINISTIC_FAILURE,POWERED_GATE_OR_DOOR,S998994,1,Borgmästaren 1,Stadsgården 14,Södermalm,NO,https://etjanster.stockholm.se/Byggochplantjansten/arende/arende/1309482?dataSource=Active
2025-18646,1309484,2025-11-27,2026-08-19,Anmaning att låta åtgärda hiss samt utföra förnyad besiktning,2025-11-28,"Intyg återkommande besiktning, ej godkänt, S895018",Skrivelse In,ej godkänt,DETERMINISTIC_FAILURE,LIFT,S895018,1,Åkermyntan 10,Drivbänksvägen 13A,Hässelby Villastad,YES,https://etjanster.stockholm.se/Byggochplantjansten/arende/arende/1309484?dataSource=Active
2025-18648,1309486,2025-11-27,,Anmaning att låta åtgärda hiss samt utföra förnyad besiktning,2025-11-28,"Intyg återkommande besiktning, ej godkänt, S763208",Skrivelse In,ej godkänt,DETERMINISTIC_FAILURE,LIFT,S763208,1,Poliskonstapeln 1,Enskedevägen 124,Enskedefältet,NO,https://etjanster.stockholm.se/Byggochplantjansten/arende/arende/1309486?dataSource=Active
2025-18650,1309488,2025-11-27,2026-07-24,Anmaning att låta åtgärda hiss samt utföra förnyad besiktning,2025-11-28,"Intyg återkommande besiktning, ej godkänt, S743285",Skrivelse In,ej godkänt,DETERMINISTIC_FAILURE,LIFT,S743285,1,Beridarebanan 11,Sveavägen 11,Norrmalm,YES,https://etjanster.stockholm.se/Byggochplantjansten/arende/arende/1309488?dataSource=Active
2025-18652,1309490,2025-11-27,,Anmaning att låta åtgärda hiss samt utföra förnyad besiktning,2025-11-28,"Intyg återkommande besiktning, ej godkänt, S719672",Skrivelse In,ej godkänt,DETERMINISTIC_FAILURE,LIFT,S719672,1,Tre Vapen 8,Valhallavägen 181,Ladugårdsgärdet,NO,https://etjanster.stockholm.se/Byggochplantjansten/arende/arende/1309490?dataSource=Active
2025-18653,1309491,2025-11-27,,Anmaning att låta åtgärda hiss samt utföra förnyad besiktning,2025-11-28,"Intyg återkommande besiktning, ej godkänt, S590389",Skrivelse In,ej godkänt,DETERMINISTIC_FAILURE,LIFT,S590389,1,Stämplaren 5,Ortviksgränd 3,Stureby,NO,https://etjanster.stockholm.se/Byggochplantjansten/arende/arende/1309491?dataSource=Active
2025-18659,1309497,2025-11-28,2026-08-11,Anmaning att låta åtgärda port samt utföra förnyad besiktning,2025-11-28,"Intyg återkommande besiktning, ej godkänt, L7475183",Skrivelse In,ej godkänt,DETERMINISTIC_FAILURE,POWERED_GATE_OR_DOOR,L7475183,1,Brandmästaren 10,Jungfrugatan 16,Östermalm,YES,https://etjanster.stockholm.se/Byggochplantjansten/arende/arende/1309497?dataSource=Active
2025-18859,1309697,2025-12-02,,Anmaning att låta åtgärda rulltrappa samt utföra förnyad besiktning,2025-12-02,"Intyg återkommande besiktning, ej godkänt, L2919239",Skrivelse In,ej godkänt,DETERMINISTIC_FAILURE,ESCALATOR_OR_MOVING_WALK,L2919239,1,Kvarnberget 4,Rinkebytorget 1,Rinkeby,NO,https://etjanster.stockholm.se/Byggochplantjansten/arende/arende/1309697?dataSource=Active
2025-18861,1309699,2025-12-02,,Anmaning att låta åtgärda rulltrappor samt utföra förnyad besiktning,2025-12-02,"Intyg återkommande besiktning, ej godkänt, 2 st, L2779506, L2781477",Skrivelse In,ej godkänt,DETERMINISTIC_FAILURE,ESCALATOR_OR_MOVING_WALK,L2779506 L2781477,2,Östermalm 2:118,"Information saknas för ""Adress""",Östermalm,NO,https://etjanster.stockholm.se/Byggochplantjansten/arende/arende/1309699?dataSource=Active
2025-18933,1309771,2025-12-01,2026-08-10,Anmaning att låta åtgärda hiss samt utföra förnyad besiktning,2025-12-03,"Intyg återkommande besiktning, ej godkänt, D1469917",Skrivelse In,ej godkänt,DETERMINISTIC_FAILURE,LIFT,D1469917,1,Måsholmen 22,Bredholmsgatan 4,Skärholmen,YES,https://etjanster.stockholm.se/Byggochplantjansten/arende/arende/1309771?dataSource=Active
2025-18934,1309772,2025-12-01,,Anmaning att låta åtgärda trapphiss samt utföra förnyad besiktning,2025-12-03,"Intyg återkommande besiktning, ej godkänt, D1605319",Skrivelse In,ej godkänt,DETERMINISTIC_FAILURE,LIFT,D1605319,1,Tjurberget 3,Ringvägen 109B,Södermalm,NO,https://etjanster.stockholm.se/Byggochplantjansten/arende/arende/1309772?dataSource=Active
2025-18936,1309774,2025-12-01,,Anmaning att låta åtgärda port samt utföra förnyad besiktning,2025-12-03,"Intyg återkommande besiktning, ej godkänt, L7056055",Skrivelse In,ej godkänt,DETERMINISTIC_FAILURE,POWERED_GATE_OR_DOOR,L7056055,1,Frukthallen 3,"Information saknas för ""Adress""",Östberga,NO,https://etjanster.stockholm.se/Byggochplantjansten/arende/arende/1309774?dataSource=Active
2025-18939,1309777,2025-12-02,2026-08-20,Anmaning att låta åtgärda hiss samt utföra förnyad besiktning,2025-12-03,"Intyg återkommande besiktning, ej godkänt, 22315",Skrivelse In,ej godkänt,DETERMINISTIC_FAILURE,LIFT,22315,1,Bergamotträdet 13,Hantverkargatan 37,Kungsholmen,YES,https://etjanster.stockholm.se/Byggochplantjansten/arende/arende/1309777?dataSource=Active
2025-18940,1309778,2025-12-02,,Anmaning att låta åtgärda hiss samt utföra förnyad besiktning,2025-12-03,"Intyg återkommande besiktning, ej godkänt, 66259",Skrivelse In,ej godkänt,DETERMINISTIC_FAILURE,LIFT,66259,1,Kvasten 6,Mäster Samuelsgatan 8,Norrmalm,NO,https://etjanster.stockholm.se/Byggochplantjansten/arende/arende/1309778?dataSource=Active
2025-18946,1309784,2025-12-03,2026-08-12,Anmaning att låta åtgärda hissar samt utföra förnyad besiktning,2025-12-03,"Intyg återkommande besiktning, ej godkänt, L7418477, L7421418",Skrivelse In,ej godkänt,DETERMINISTIC_FAILURE,LIFT,L7418477 L7421418,2,Kvarnberget 4,"Information saknas för ""Adress""",Rinkeby,YES,https://etjanster.stockholm.se/Byggochplantjansten/arende/arende/1309784?dataSource=Active
2025-18947,1309785,2025-12-03,,Anmaning att låta åtgärda hissar samt utföra förnyad besiktning,2025-12-03,"Intyg återkommande besiktning, ej godkänt, D1369778, D1370633",Skrivelse In,ej godkänt,DETERMINISTIC_FAILURE,LIFT,D1369778 D1370633,2,Partihallen 1,Uppköparvägen 5,Östberga,NO,https://etjanster.stockholm.se/Byggochplantjansten/arende/arende/1309785?dataSource=Active
2025-18949,1309787,2025-12-03,,Anmaning att låta åtgärda trapphiss samt utföra förnyad besiktning,2025-12-03,"Intyg återkommande besiktning, ej godkänt, D1606566",Skrivelse In,ej godkänt,DETERMINISTIC_FAILURE,LIFT,D1606566,1,Stamtavlan 11,Stamgatan 34,Östberga,NO,https://etjanster.stockholm.se/Byggochplantjansten/arende/arende/1309787?dataSource=Active
2025-19043,1309881,2025-12-04,,Anmaning att låta åtgärda hiss samt utföra förnyad besiktning,2025-12-04,"Intyg återkommande besiktning, ej godkänt, D1645699",Skrivelse In,ej godkänt,DETERMINISTIC_FAILURE,LIFT,D1645699,1,Storken 12,Sibyllegatan 50A,Östermalm,NO,https://etjanster.stockholm.se/Byggochplantjansten/arende/arende/1309881?dataSource=Active
2025-19046,1309884,2025-12-04,2026-08-10,Anmaning att låta åtgärda hiss samt utföra förnyad besiktning,2025-12-04,"Intyg återkommande besiktning, ej godkänt, L2753364",Skrivelse In,ej godkänt,DETERMINISTIC_FAILURE,LIFT,L2753364,1,Väktaren 17,Sankt Eriksgatan 29,Kungsholmen,YES,https://etjanster.stockholm.se/Byggochplantjansten/arende/arende/1309884?dataSource=Active
2025-19048,1309886,2025-12-04,,Anmaning att låta åtgärda hiss samt utföra förnyad besiktning,2025-12-04,"Intyg återkommande besiktning, ej godkänt, D1601451",Skrivelse In,ej godkänt,DETERMINISTIC_FAILURE,LIFT,D1601451,1,Lövåsen 18,Lillsjönäsvägen 38,Ulvsunda,NO,https://etjanster.stockholm.se/Byggochplantjansten/arende/arende/1309886?dataSource=Active
2025-19081,1309919,2025-12-04,2026-07-29,Anmaning att låta åtgärda hissar samt utföra förnyad besiktning,2025-12-04,"Intyg återkommande besiktning, ej godkänt, 36742",Skrivelse In,ej godkänt,DETERMINISTIC_FAILURE,LIFT,36742,1,Kopparsticket 8,Gullmarsplan 4,Johanneshov,YES,https://etjanster.stockholm.se/Byggochplantjansten/arende/arende/1309919?dataSource=Active
2025-19096,1309934,2025-12-04,,Anmaning att låta åtgärda hissar samt utföra förnyad besiktning,2025-12-05,"Intyg återkommande besiktning, ej godkänt, D1611715, D1611716",Skrivelse In,ej godkänt,DETERMINISTIC_FAILURE,LIFT,D1611715 D1611716,2,Ölänningen 7,Tegelbergsvägen 15,Mariehäll,NO,https://etjanster.stockholm.se/Byggochplantjansten/arende/arende/1309934?dataSource=Active
2025-17425,1308263,2025-11-11,,Anmaning att låta åtgärda hissar samt utföra förnyad besiktning,2025-12-09,"Intyg återkommande besiktning, ej godkänt, L7144423",Skrivelse In,ej godkänt,DETERMINISTIC_FAILURE,LIFT,L7144423,1,Svärdssidan 2,"Harplingegränd 46, Harplingegränd 76",Östberga,NO,https://etjanster.stockholm.se/Byggochplantjansten/arende/arende/1308263?dataSource=Active
2025-19283,1310121,2025-12-09,,Anmaning att låta åtgärda rulltrappa samt utföra förnyad besiktning,2025-12-09,"Intyg återkommande besiktning, ej godkänt, L2751115",Skrivelse In,ej godkänt,DETERMINISTIC_FAILURE,ESCALATOR_OR_MOVING_WALK,L2751115,1,Traneberg 1:13,"Information saknas för ""Adress""",Alvik,NO,https://etjanster.stockholm.se/Byggochplantjansten/arende/arende/1310121?dataSource=Active
2025-19303,1310141,2025-12-09,2026-08-13,Anmaning att låta åtgärda rulltrappa samt utföra förnyad besiktning (Kungsträdgården T-bana),2025-12-09,"Intyg återkommande besiktning, ej godkänt, L2740770",Skrivelse In,ej godkänt,DETERMINISTIC_FAILURE,ESCALATOR_OR_MOVING_WALK,L2740770,1,Näckström 24,Arsenalsgatan 6,Norrmalm,YES,https://etjanster.stockholm.se/Byggochplantjansten/arende/arende/1310141?dataSource=Active
2025-19304,1310142,2025-12-09,2026-07-30,Anmaning att låta åtgärda hiss samt utföra förnyad besiktning,2025-12-09,"Intyg återkommande besiktning, ej godkänt, L2533799",Skrivelse In,ej godkänt,DETERMINISTIC_FAILURE,LIFT,L2533799,1,Volontären 8,Tomtebogatan 39,Vasastaden,YES,https://etjanster.stockholm.se/Byggochplantjansten/arende/arende/1310142?dataSource=Active
2025-19305,1310143,2025-12-09,,Anmaning att låta åtgärda portar samt utföra förnyad besiktning,2025-12-09,"Intyg återkommande besiktning, ej godkänt, 3 st, D1734362, D1734388, D1734399",Skrivelse In,ej godkänt,DETERMINISTIC_FAILURE,POWERED_GATE_OR_DOOR,D1734362 D1734388 D1734399,3,Kvarnkammaren 1,"Fornbyvägen 17, Fornbyvägen 29, Fornbyvägen 5",Rinkeby,NO,https://etjanster.stockholm.se/Byggochplantjansten/arende/arende/1310143?dataSource=Active
2025-19306,1310144,2025-12-09,2026-07-30,Anmaning att låta åtgärda hiss samt utföra förnyad besiktning,2025-12-09,"Intyg återkommande besiktning, ej godkänt, L2545740",Skrivelse In,ej godkänt,DETERMINISTIC_FAILURE,LIFT,L2545740,1,Arenan 2,Arenavägen 55,Johanneshov,YES,https://etjanster.stockholm.se/Byggochplantjansten/arende/arende/1310144?dataSource=Active
2025-19322,1310160,2025-12-09,2026-08-25,Anmaning att låta åtgärda port samt utföra förnyad besiktning,2025-12-09,"Intyg återkommande besiktning, ej godkänt, S181903",Skrivelse In,ej godkänt,DETERMINISTIC_FAILURE,POWERED_GATE_OR_DOOR,S181903,1,Ivalo 1,Kottbygatan 4,Akalla,YES,https://etjanster.stockholm.se/Byggochplantjansten/arende/arende/1310160?dataSource=Active
2025-19326,1310164,2025-12-09,,Anmaning att låta åtgärda hiss samt utföra förnyad besiktning,2025-12-09,"Intyg återkommande besiktning, ej godkänt, S962218",Skrivelse In,ej godkänt,DETERMINISTIC_FAILURE,LIFT,S962218,1,Persikan 6,Hennings Gata 17,Södermalm,NO,https://etjanster.stockholm.se/Byggochplantjansten/arende/arende/1310164?dataSource=Active
2025-19327,1310165,2025-12-09,2026-07-31,Anmaning att låta åtgärda hiss samt utföra förnyad besiktning,2025-12-09,"Intyg återkommande besiktning, ej godkänt, L3493335",Skrivelse In,ej godkänt,DETERMINISTIC_FAILURE,LIFT,L3493335,1,Baggen 4,Roslagsgatan 23,Vasastaden,NO,https://etjanster.stockholm.se/Byggochplantjansten/arende/arende/1310165?dataSource=Active
2025-19328,1310166,2025-12-09,,Anmaning att låta åtgärda hiss samt utföra förnyad besiktning,2025-12-09,"Intyg återkommande besiktning, ej godkänt, S290586",Skrivelse In,ej godkänt,DETERMINISTIC_FAILURE,LIFT,S290586,1,Telefonfabriken 2,Ture Wennerholms Torg 4,Midsommarkransen,NO,https://etjanster.stockholm.se/Byggochplantjansten/arende/arende/1310166?dataSource=Active
2025-19330,1310168,2025-12-09,2026-08-18,Anmaning att låta åtgärda hiss samt utföra förnyad besiktning,2025-12-09,"Intyg återkommande besiktning, ej godkänt, L3746302",Skrivelse In,ej godkänt,DETERMINISTIC_FAILURE,LIFT,L3746302,1,Västberga Gård 1,Västberga Gårdsväg 34,Västberga,YES,https://etjanster.stockholm.se/Byggochplantjansten/arende/arende/1310168?dataSource=Active
2025-19331,1310169,2025-12-09,2026-09-22,Anmaning att låta åtgärda hissar samt utföra förnyad besiktning,2025-12-09,"Intyg återkommande besiktning, ej godkänt, 2 st, S985289, S985290",Skrivelse In,ej godkänt,DETERMINISTIC_FAILURE,LIFT,S985289 S985290,2,Faludden 2,Arkövägen 4A,Kärrtorp,YES,https://etjanster.stockholm.se/Byggochplantjansten/arende/arende/1310169?dataSource=Active
2025-19332,1310170,2025-12-09,,Anmaning att låta åtgärda port samt utföra förnyad besiktning,2025-12-09,"Intyg återkommande besiktning, ej godkänt, S811902",Skrivelse In,ej godkänt,DETERMINISTIC_FAILURE,POWERED_GATE_OR_DOOR,S811902,1,Hällsätra 3,Stensätravägen 5,Sätra,NO,https://etjanster.stockholm.se/Byggochplantjansten/arende/arende/1310170?dataSource=Active
2025-19333,1310171,2025-12-09,,Anmaning att låta åtgärda hissar samt utföra förnyad besiktning,2025-12-09,"Intyg återkommande besiktning, ej godkänt, 2 st, S848397, S848398",Skrivelse In,ej godkänt,DETERMINISTIC_FAILURE,LIFT,S848397 S848398,2,Stubbekvarnen 9,Almbygatan 2,Rinkeby,NO,https://etjanster.stockholm.se/Byggochplantjansten/arende/arende/1310171?dataSource=Active
2025-19334,1310172,2025-12-09,2026-08-12,Anmaning att låta åtgärda portar samt utföra förnyad besiktning,2025-12-09,"Intyg återkommande besiktning, ej godkänt, 2 st, S711944, S711945",Skrivelse In,ej godkänt,DETERMINISTIC_FAILURE,POWERED_GATE_OR_DOOR,S711944 S711945,2,Ostmästaren 3,Ostmästargränd 8A,Enskedefältet,YES,https://etjanster.stockholm.se/Byggochplantjansten/arende/arende/1310172?dataSource=Active
2025-19335,1310173,2025-12-09,,Anmaning att låta åtgärda hissar samt utföra förnyad besiktning,2025-12-09,"Intyg återkommande besiktning, ej godkänt, 2 st, S993663, S993668",Skrivelse In,ej godkänt,DETERMINISTIC_FAILURE,LIFT,S993663 S993668,2,Packrummet 13,"Zachrisbergsgatan 19, Zachrisbergsgatan 29",Liljeholmen,NO,https://etjanster.stockholm.se/Byggochplantjansten/arende/arende/1310173?dataSource=Active
2025-19424,1310262,2025-12-11,2026-09-08,Anmaning att låta åtgärda hiss samt utföra förnyad besiktning,2025-12-11,"Intyg återkommande besiktning, ej godkänt, D1639214",Skrivelse In,ej godkänt,DETERMINISTIC_FAILURE,LIFT,D1639214,1,Vindragaren 1,Vindragarvägen 13,Reimersholme,YES,https://etjanster.stockholm.se/Byggochplantjansten/arende/arende/1310262?dataSource=Active
2025-19425,1310263,2025-12-11,,Anmaning att låta åtgärda hiss samt utföra förnyad besiktning,2025-12-11,"Intyg återkommande besiktning, ej godkänt, D1604987",Skrivelse In,ej godkänt,DETERMINISTIC_FAILURE,LIFT,D1604987,1,Havskatten 1,Blackensvägen 6A,Långbro,NO,https://etjanster.stockholm.se/Byggochplantjansten/arende/arende/1310263?dataSource=Active
2025-19428,1310266,2025-12-11,2026-08-14,Anmaning att låta åtgärda hiss samt utföra förnyad besiktning,2025-12-11,"Intyg återkommande besiktning, ej godkänt, 73191",Skrivelse In,ej godkänt,DETERMINISTIC_FAILURE,LIFT,73191,1,Tendern 11,Atlasmuren 12,Vasastaden,YES,https://etjanster.stockholm.se/Byggochplantjansten/arende/arende/1310266?dataSource=Active
2025-19429,1310267,2025-12-11,2026-08-05,Anmaning att låta åtgärda hiss samt utföra förnyad besiktning,2025-12-11,"Intyg återkommande besiktning, ej godkänt, 69479",Skrivelse In,ej godkänt,DETERMINISTIC_FAILURE,LIFT,69479,1,Autopiloten 9,Tätorpsvägen 5,Skarpnäcks Gård,YES,https://etjanster.stockholm.se/Byggochplantjansten/arende/arende/1310267?dataSource=Active
2025-19430,1310268,2025-12-11,,Anmaning att låta åtgärda hiss samt utföra förnyad besiktning,2025-12-11,"Intyg återkommande besiktning, ej godkänt, 49517",Skrivelse In,ej godkänt,DETERMINISTIC_FAILURE,LIFT,49517,1,Grinden 15,Kronobergsgatan 17,Kungsholmen,NO,https://etjanster.stockholm.se/Byggochplantjansten/arende/arende/1310268?dataSource=Active
2025-19431,1310269,2025-12-11,2026-08-20,Anmaning att låta åtgärda hiss samt utföra förnyad besiktning,2025-12-11,"Intyg återkommande besiktning, ej godkänt, 32184",Skrivelse In,ej godkänt,DETERMINISTIC_FAILURE,LIFT,32184,1,Åkermannen 38,Scheelegatan 9,Kungsholmen,YES,https://etjanster.stockholm.se/Byggochplantjansten/arende/arende/1310269?dataSource=Active
2025-19447,1310285,2025-12-11,2026-08-25,Anmaning att låta åtgärda hiss samt utföra förnyad besiktning,2025-12-11,"Intyg återkommande besiktning, ej godkänt, D1600442",Skrivelse In,ej godkänt,DETERMINISTIC_FAILURE,LIFT,D1600442,1,Byggnadsföreningen 7,Kålgårdsvägen 6,Enskede Gård,YES,https://etjanster.stockholm.se/Byggochplantjansten/arende/arende/1310285?dataSource=Active
2025-19495,1310333,2025-12-11,2026-08-12,Anmaning att låta åtgärda hissar samt utföra förnyad besiktning,2025-12-11,"Intyg återkommande besiktning, ej godkänt, 40205",Skrivelse In,ej godkänt,DETERMINISTIC_FAILURE,LIFT,40205,1,Trasten 8,Surbrunnsgatan 9,Östermalm,YES,https://etjanster.stockholm.se/Byggochplantjansten/arende/arende/1310333?dataSource=Active
2025-19496,1310334,2025-12-11,2026-08-11,Anmaning att låta åtgärda hiss samt utföra förnyad besiktning,2025-12-11,"Intyg återkommande besiktning, ej godkänt, 22157",Skrivelse In,ej godkänt,DETERMINISTIC_FAILURE,LIFT,22157,1,Näktergalen 8,Engelbrektsgatan 31,Östermalm,YES,https://etjanster.stockholm.se/Byggochplantjansten/arende/arende/1310334?dataSource=Active
2025-19498,1310336,2025-12-11,,Anmaning att låta åtgärda hiss samt utföra förnyad besiktning,2025-12-11,"Intyg återkommande besiktning, ej godkänt, 32762",Skrivelse In,ej godkänt,DETERMINISTIC_FAILURE,LIFT,32762,1,Rosendal Mindre 27,Mariatorget 4,Södermalm,NO,https://etjanster.stockholm.se/Byggochplantjansten/arende/arende/1310336?dataSource=Active
2025-19499,1310337,2025-12-11,,Anmaning att låta åtgärda hiss samt utföra förnyad besiktning,2025-12-11,"Intyg återkommande besiktning, ej godkänt, 41863",Skrivelse In,ej godkänt,DETERMINISTIC_FAILURE,LIFT,41863,1,Gullfoss 4,Viderögatan 2,Kista,NO,https://etjanster.stockholm.se/Byggochplantjansten/arende/arende/1310337?dataSource=Active
2025-19501,1310339,2025-12-11,2026-08-12,Anmaning att låta åtgärda hiss samt utföra förnyad besiktning,2025-12-11,"Intyg återkommande besiktning, ej godkänt, 51157",Skrivelse In,ej godkänt,DETERMINISTIC_FAILURE,LIFT,51157,1,Trasten 7,Surbrunnsgatan 11,Östermalm,YES,https://etjanster.stockholm.se/Byggochplantjansten/arende/arende/1310339?dataSource=Active
2025-19506,1310344,2025-12-11,2026-08-05,Anmaning att låta åtgärda hiss samt utföra förnyad besiktning,2025-12-11,"Intyg återkommande besiktning, ej godkänt, S339405",Skrivelse In,ej godkänt,DETERMINISTIC_FAILURE,LIFT,S339405,1,Adonis 17,Sveavägen 66,Norrmalm,YES,https://etjanster.stockholm.se/Byggochplantjansten/arende/arende/1310344?dataSource=Active
2025-19507,1310345,2025-12-11,2026-09-02,Anmaning att låta åtgärda port samt utföra förnyad besiktning,2025-12-11,"Intyg återkommande besiktning, ej godkänt, L6754683",Skrivelse In,ej godkänt,DETERMINISTIC_FAILURE,POWERED_GATE_OR_DOOR,L6754683,1,Bigarråträdet 3,Polhemsgatan 6,Kungsholmen,NO,https://etjanster.stockholm.se/Byggochplantjansten/arende/arende/1310345?dataSource=Active
2025-19508,1310346,2025-12-11,2026-08-25,Anmaning att låta åtgärda hiss samt utföra förnyad besiktning,2025-12-11,"Intyg återkommande besiktning, ej godkänt, L3487360",Skrivelse In,ej godkänt,DETERMINISTIC_FAILURE,LIFT,L3487360,1,Bojen 10,Industrigatan 16,Kungsholmen,YES,https://etjanster.stockholm.se/Byggochplantjansten/arende/arende/1310346?dataSource=Active
2025-19510,1310348,2025-12-11,2026-08-06,Anmaning att låta åtgärda hiss samt utföra förnyad besiktning,2025-12-11,"Intyg återkommande besiktning, ej godkänt, L3491917",Skrivelse In,ej godkänt,DETERMINISTIC_FAILURE,LIFT,L3491917,1,Läraren 2,Västmannagatan 1,Norrmalm,YES,https://etjanster.stockholm.se/Byggochplantjansten/arende/arende/1310348?dataSource=Active
2025-19512,1310350,2025-12-11,2026-08-21,Anmaning att låta åtgärda hiss samt utföra förnyad besiktning,2025-12-11,"Intyg återkommande besiktning, ej godkänt, S324024",Skrivelse In,ej godkänt,DETERMINISTIC_FAILURE,LIFT,S324024,1,Marievik 31,Marieviksgatan 38,Liljeholmen,YES,https://etjanster.stockholm.se/Byggochplantjansten/arende/arende/1310350?dataSource=Active
2025-19513,1310351,2025-12-11,2026-08-12,Anmaning att låta åtgärda hiss samt utföra förnyad besiktning,2025-12-11,"Intyg återkommande besiktning, ej godkänt, L3106655",Skrivelse In,ej godkänt,DETERMINISTIC_FAILURE,LIFT,L3106655,1,Harpan 19,Narvavägen 27,Östermalm,YES,https://etjanster.stockholm.se/Byggochplantjansten/arende/arende/1310351?dataSource=Active
2025-19514,1310352,2025-12-11,2026-08-18,Anmaning att låta åtgärda hiss samt utföra förnyad besiktning,2025-12-11,"Intyg återkommande besiktning, ej godkänt, L3691714",Skrivelse In,ej godkänt,DETERMINISTIC_FAILURE,LIFT,L3691714,1,Mäster Mikael 23,Sandbacksgatan 3,Södermalm,YES,https://etjanster.stockholm.se/Byggochplantjansten/arende/arende/1310352?dataSource=Active
2025-19516,1310354,2025-12-11,2026-08-25,Anmaning att låta åtgärda hiss samt utföra förnyad besiktning,2025-12-11,"Intyg återkommande besiktning, ej godkänt, L3730405",Skrivelse In,ej godkänt,DETERMINISTIC_FAILURE,LIFT,L3730405,1,Pokalen 6,Kadettgatan 5,Vasastaden,YES,https://etjanster.stockholm.se/Byggochplantjansten/arende/arende/1310354?dataSource=Active
2025-19520,1310358,2025-12-11,2026-08-18,Anmaning att låta åtgärda hiss samt utföra förnyad besiktning,2025-12-11,"Intyg återkommande besiktning, ej godkänt, L3726429",Skrivelse In,ej godkänt,DETERMINISTIC_FAILURE,LIFT,L3726429,1,Valand 8,Sankt Eriksgatan 106,Vasastaden,YES,https://etjanster.stockholm.se/Byggochplantjansten/arende/arende/1310358?dataSource=Active
2025-19521,1310359,2025-12-11,2026-08-18,Anmaning att låta åtgärda hiss samt utföra förnyad besiktning,2025-12-11,"Intyg återkommande besiktning, ej godkänt, L3733680",Skrivelse In,ej godkänt,DETERMINISTIC_FAILURE,LIFT,L3733680,1,Sirius 8,Upplandsgatan 41,Vasastaden,NO,https://etjanster.stockholm.se/Byggochplantjansten/arende/arende/1310359?dataSource=Active
2025-19522,1310360,2025-12-11,2026-08-25,Anmaning att låta åtgärda hiss samt utföra förnyad besiktning,2025-12-11,"Intyg återkommande besiktning, ej godkänt, L1235472",Skrivelse In,ej godkänt,DETERMINISTIC_FAILURE,LIFT,L1235472,1,Räfsan 10,Södermannagatan 45,Södermalm,NO,https://etjanster.stockholm.se/Byggochplantjansten/arende/arende/1310360?dataSource=Active
2025-19523,1310361,2025-12-11,2026-08-14,Anmaning att låta åtgärda hiss samt utföra förnyad besiktning,2025-12-11,"Intyg återkommande besiktning, ej godkänt, L3732674",Skrivelse In,ej godkänt,DETERMINISTIC_FAILURE,LIFT,L3732674,1,Kakelugnen 7,Karlbergsvägen 52,Vasastaden,NO,https://etjanster.stockholm.se/Byggochplantjansten/arende/arende/1310361?dataSource=Active
2025-19525,1310363,2025-12-11,2026-08-27,Anmaning att låta åtgärda hissar samt utföra förnyad besiktning,2025-12-11,"Intyg återkommande besiktning, ej godkänt, 2 st, S496981, S504180",Skrivelse In,ej godkänt,DETERMINISTIC_FAILURE,LIFT,S496981 S504180,2,Riddaren 6,Riddargatan 5,Östermalm,YES,https://etjanster.stockholm.se/Byggochplantjansten/arende/arende/1310363?dataSource=Active
2025-19529,1310367,2025-12-11,2026-08-25,Anmaning att låta åtgärda hiss samt utföra förnyad besiktning,2025-12-11,"Intyg återkommande besiktning, ej godkänt, L1993112",Skrivelse In,ej godkänt,DETERMINISTIC_FAILURE,LIFT,L1993112,1,Tjädern 9,Jungfrugatan 37,Östermalm,YES,https://etjanster.stockholm.se/Byggochplantjansten/arende/arende/1310367?dataSource=Active
2025-19532,1310370,2025-12-11,2026-08-20,Anmaning att låta åtgärda hiss samt utföra förnyad besiktning,2025-12-11,"Intyg återkommande besiktning, ej godkänt, L3727872",Skrivelse In,ej godkänt,DETERMINISTIC_FAILURE,LIFT,L3727872,1,Loket 38,Sankt Eriksplan 9,Vasastaden,YES,https://etjanster.stockholm.se/Byggochplantjansten/arende/arende/1310370?dataSource=Active
2025-19533,1310371,2025-12-11,2026-08-20,Anmaning att låta åtgärda hiss samt utföra förnyad besiktning,2025-12-11,"Intyg återkommande besiktning, ej godkänt, L3727880",Skrivelse In,ej godkänt,DETERMINISTIC_FAILURE,LIFT,L3727880,1,Loket 37,Sankt Eriksplan 11,Vasastaden,YES,https://etjanster.stockholm.se/Byggochplantjansten/arende/arende/1310371?dataSource=Active
2025-19534,1310372,2025-12-11,,Anmaning att låta åtgärda hiss samt utföra förnyad besiktning,2025-12-11,"Intyg återkommande besiktning, ej godkänt, S563421",Skrivelse In,ej godkänt,DETERMINISTIC_FAILURE,LIFT,S563421,1,Kadetten 18,Tomtebogatan 36,Vasastaden,NO,https://etjanster.stockholm.se/Byggochplantjansten/arende/arende/1310372?dataSource=Active
2025-19565,1310403,2025-12-12,2026-08-07,Anmaning att låta åtgärda hiss samt utföra förnyad besiktning,2025-12-12,"Intyg återkommande besiktning, ej godkänt, L2972529",Skrivelse In,ej godkänt,DETERMINISTIC_FAILURE,LIFT,L2972529,1,Skravelberget Större 14,Ingmar Bergmans Gata 2,Östermalm,YES,https://etjanster.stockholm.se/Byggochplantjansten/arende/arende/1310403?dataSource=Active
2025-19625,1310463,2025-12-12,,Anmaning att låta åtgärda hissar samt utföra förnyad besiktning,2025-12-12,"Intyg återkommande besiktning, ej godkänt, L7346965, L7346974, L7346992",Skrivelse In,ej godkänt,DETERMINISTIC_FAILURE,LIFT,L7346965 L7346974 L7346992,3,Näringsministern 1,Sockenvägen 603,Bagarmossen,NO,https://etjanster.stockholm.se/Byggochplantjansten/arende/arende/1310463?dataSource=Active
2025-19626,1310464,2025-12-12,,Anmaning att låta åtgärda hissar samt utföra förnyad besiktning,2025-12-12,"Intyg återkommande besiktning, ej godkänt, L7902701, L7902710",Skrivelse In,ej godkänt,DETERMINISTIC_FAILURE,LIFT,L7902701 L7902710,2,Kantskäraren 1,Redskapsvägen 14,Vinsta,NO,https://etjanster.stockholm.se/Byggochplantjansten/arende/arende/1310464?dataSource=Active
2025-19627,1310465,2025-12-12,2026-08-25,Anmaning att låta åtgärda hissar samt utföra förnyad besiktning,2025-12-12,"Intyg återkommande besiktning, ej godkänt, L2982223",Skrivelse In,ej godkänt,DETERMINISTIC_FAILURE,LIFT,L2982223,1,Guldfasanen 3,Drottningholmsvägen 70,Kristineberg,YES,https://etjanster.stockholm.se/Byggochplantjansten/arende/arende/1310465?dataSource=Active
2025-19628,1310466,2025-12-12,2026-09-01,Anmaning att låta åtgärda hissar samt utföra förnyad besiktning,2025-12-12,"Intyg återkommande besiktning, ej godkänt, D1763178",Skrivelse In,ej godkänt,DETERMINISTIC_FAILURE,LIFT,D1763178,1,Årsta 1:1,Svärdlångsvägen 18,Årsta,YES,https://etjanster.stockholm.se/Byggochplantjansten/arende/arende/1310466?dataSource=Active
2025-19747,1310586,2025-12-16,2026-08-18,Anmaning att låta åtgärda hiss samt utföra förnyad besiktning,2025-12-16,"Intyg återkommande besiktning, ej godkänt, D1600467",Skrivelse In,ej godkänt,DETERMINISTIC_FAILURE,LIFT,D1600467,1,Asea 3,Västberga Allé 60,Västberga,NO,https://etjanster.stockholm.se/Byggochplantjansten/arende/arende/1310586?dataSource=Active
2025-19748,1310587,2025-12-16,,Anmaning att låta åtgärda hiss samt utföra förnyad besiktning,2025-12-16,"Intyg återkommande besiktning, ej godkänt, D1786988",Skrivelse In,ej godkänt,DETERMINISTIC_FAILURE,LIFT,D1786988,1,Näckström 19,Arsenalsgatan 2,Norrmalm,NO,https://etjanster.stockholm.se/Byggochplantjansten/arende/arende/1310587?dataSource=Active
2025-19749,1310588,2025-12-16,2026-08-11,Anmaning att låta åtgärda hiss samt utföra förnyad besiktning,2025-12-16,"Intyg återkommande besiktning, ej godkänt, D1540336",Skrivelse In,ej godkänt,DETERMINISTIC_FAILURE,LIFT,D1540336,1,Teatersällskapet 3,Personnevägen 78,Hägersten,NO,https://etjanster.stockholm.se/Byggochplantjansten/arende/arende/1310588?dataSource=Active
2025-19751,1310590,2025-12-16,2026-09-01,Anmaning att låta åtgärda hiss samt utföra förnyad besiktning,2025-12-16,"Intyg återkommande besiktning, ej godkänt, D1704006",Skrivelse In,ej godkänt,DETERMINISTIC_FAILURE,LIFT,D1704006,1,Borgarfjord 5,Torshamnsgatan 27,Kista,YES,https://etjanster.stockholm.se/Byggochplantjansten/arende/arende/1310590?dataSource=Active
2025-19753,1310592,2025-12-16,,Anmaning att låta åtgärda hissar samt utföra förnyad besiktning,2025-12-16,"Intyg återkommande besiktning, ej godkänt, 3 st, L9043930, L9043949, L9051672",Skrivelse In,ej godkänt,DETERMINISTIC_FAILURE,LIFT,L9043930 L9043949 L9051672,3,Läraren 5,Torsgatan 2,Norrmalm,YES,https://etjanster.stockholm.se/Byggochplantjansten/arende/arende/1310592?dataSource=Active
2025-19755,1310594,2025-12-16,,Anmaning att låta åtgärda hissar samt utföra förnyad besiktning,2025-12-16,"Intyg återkommande besiktning, ej godkänt, 3 st, L2545482, L2545526, L2545571",Skrivelse In,ej godkänt,DETERMINISTIC_FAILURE,LIFT,L2545482 L2545526 L2545571,3,Arenan 6,"Arenavägen 25, Arenavägen 27, Arenavägen 33",Johanneshov,YES,https://etjanster.stockholm.se/Byggochplantjansten/arende/arende/1310594?dataSource=Active
2025-19756,1310595,2025-12-16,,Anmaning att låta åtgärda hiss samt utföra förnyad besiktning,2025-12-16,"Intyg återkommande besiktning, ej godkänt, D1645043",Skrivelse In,ej godkänt,DETERMINISTIC_FAILURE,LIFT,D1645043,1,Trafikflyget 3,Köpsvängen 13,Riksby,NO,https://etjanster.stockholm.se/Byggochplantjansten/arende/arende/1310595?dataSource=Active
2025-19890,1310729,2025-12-17,,Anmaning att låta åtgärda hiss samt utföra förnyad besiktning,2025-12-17,"Intyg återkommande besiktning, ej godkänt, 34619",Skrivelse In,ej godkänt,DETERMINISTIC_FAILURE,LIFT,34619,1,Tjädern 6,Tyskbagargatan 9,Östermalm,NO,https://etjanster.stockholm.se/Byggochplantjansten/arende/arende/1310729?dataSource=Active
2025-19892,1310731,2025-12-17,2026-08-10,Anmaning att låta åtgärda hiss samt utföra förnyad besiktning,2025-12-17,"Intyg återkommande besiktning, ej godkänt, 61210",Skrivelse In,ej godkänt,DETERMINISTIC_FAILURE,LIFT,61210,1,Heimdall 29,Vanadisvägen 17,Vasastaden,YES,https://etjanster.stockholm.se/Byggochplantjansten/arende/arende/1310731?dataSource=Active
2025-19896,1310735,2025-12-17,2026-08-10,Anmaning att låta åtgärda hiss samt utföra förnyad besiktning,2025-12-17,"Intyg återkommande besiktning, ej godkänt, 41916",Skrivelse In,ej godkänt,DETERMINISTIC_FAILURE,LIFT,41916,1,Bävern 21,Östermalmsgatan 71,Östermalm,YES,https://etjanster.stockholm.se/Byggochplantjansten/arende/arende/1310735?dataSource=Active
2025-19899,1310738,2025-12-17,2026-08-18,Anmaning att låta åtgärda hiss samt utföra förnyad besiktning,2025-12-17,"Intyg återkommande besiktning, ej godkänt, 48408",Skrivelse In,ej godkänt,DETERMINISTIC_FAILURE,LIFT,48408,1,Tvålflingan 8,Tellusborgsvägen 108,Västberga,YES,https://etjanster.stockholm.se/Byggochplantjansten/arende/arende/1310738?dataSource=Active
2025-19911,1310750,2025-12-17,2026-08-18,Anmaning att låta åtgärda hiss samt utföra förnyad besiktning,2025-12-17,"Intyg återkommande besiktning, ej godkänt, 70022",Skrivelse In,ej godkänt,DETERMINISTIC_FAILURE,LIFT,70022,1,Beväringen 1,Strandvägen 43B,Östermalm,YES,https://etjanster.stockholm.se/Byggochplantjansten/arende/arende/1310750?dataSource=Active
2025-19914,1310753,2025-12-17,2026-08-21,Anmaning att låta åtgärda hiss samt utföra förnyad besiktning,2025-12-17,"Intyg återkommande besiktning, ej godkänt, 71394",Skrivelse In,ej godkänt,DETERMINISTIC_FAILURE,LIFT,71394,1,Störtloppet 2,Terrängvägen 97,Västertorp,YES,https://etjanster.stockholm.se/Byggochplantjansten/arende/arende/1310753?dataSource=Active
2025-19917,1310756,2025-12-17,2026-08-18,Anmaning att låta åtgärda hiss samt utföra förnyad besiktning,2025-12-17,"Intyg återkommande besiktning, ej godkänt, D1540125",Skrivelse In,ej godkänt,DETERMINISTIC_FAILURE,LIFT,D1540125,1,Centauren 1,Rålambsvägen 28C,Marieberg,YES,https://etjanster.stockholm.se/Byggochplantjansten/arende/arende/1310756?dataSource=Active
2025-19919,1310758,2025-12-17,,Anmaning att låta åtgärda hiss samt utföra förnyad besiktning,2025-12-17,"Intyg återkommande besiktning, ej godkänt, D1658791",Skrivelse In,ej godkänt,DETERMINISTIC_FAILURE,LIFT,D1658791,1,Trafikflyget 10,Köpsvängen 8,Riksby,NO,https://etjanster.stockholm.se/Byggochplantjansten/arende/arende/1310758?dataSource=Active
2025-19923,1310762,2025-12-17,2026-08-10,Anmaning att låta åtgärda hiss samt utföra förnyad besiktning,2025-12-17,"Intyg återkommande besiktning, ej godkänt, L2797442",Skrivelse In,ej godkänt,DETERMINISTIC_FAILURE,LIFT,L2797442,1,Dymmelveckan 3,Dalbobranten 19,Sköndal,YES,https://etjanster.stockholm.se/Byggochplantjansten/arende/arende/1310762?dataSource=Active
2025-19755,1310594,2025-12-16,,Anmaning att låta åtgärda hissar samt utföra förnyad besiktning,2025-12-18,"Intyg återkommande besiktning, ej godkänt, L2545482",Skrivelse In,ej godkänt,DETERMINISTIC_FAILURE,LIFT,L2545482,1,Arenan 6,"Arenavägen 25, Arenavägen 27, Arenavägen 33",Johanneshov,YES,https://etjanster.stockholm.se/Byggochplantjansten/arende/arende/1310594?dataSource=Active
2025-20016,1310855,2025-12-18,2026-08-27,Anmaning att låta åtgärda port samt utföra förnyad besiktning,2025-12-18,"Intyg återkommande besiktning, ej godkänt, D1326869",Skrivelse In,ej godkänt,DETERMINISTIC_FAILURE,POWERED_GATE_OR_DOOR,D1326869,1,Godståget 1,Transportvägen 7,Östberga,YES,https://etjanster.stockholm.se/Byggochplantjansten/arende/arende/1310855?dataSource=Active
2025-20019,1310858,2025-12-18,,Anmaning att låta åtgärda hiss samt utföra förnyad besiktning,2025-12-18,"Intyg återkommande besiktning, ej godkänt, S1786555",Skrivelse In,ej godkänt,DETERMINISTIC_FAILURE,LIFT,S1786555,1,Mangon 1,Barnängsgatan 7,Södermalm,NO,https://etjanster.stockholm.se/Byggochplantjansten/arende/arende/1310858?dataSource=Active
2025-20165,1311004,2025-12-19,2026-08-18,Anmaning att låta åtgärda hiss samt utföra förnyad besiktning,2025-12-19,"Intyg återkommande besiktning, ej godkänt, L7412973",Skrivelse In,ej godkänt,DETERMINISTIC_FAILURE,LIFT,L7412973,1,Infanteristen 10,Gyllenstiernsgatan 6,Östermalm,YES,https://etjanster.stockholm.se/Byggochplantjansten/arende/arende/1311004?dataSource=Active
2025-20169,1311008,2025-12-18,2026-08-18,Anmaning att låta åtgärda hiss samt utföra förnyad besiktning,2025-12-19,"Intyg återkommande besiktning, ej godkänt, L7480051",Skrivelse In,ej godkänt,DETERMINISTIC_FAILURE,LIFT,L7480051,1,Jaktvarvet 5,Polhemsgatan 5,Kungsholmen,YES,https://etjanster.stockholm.se/Byggochplantjansten/arende/arende/1311008?dataSource=Active
2025-20171,1311010,2025-12-18,2026-08-10,Anmaning att låta åtgärda hiss samt utföra förnyad besiktning,2025-12-19,"Intyg återkommande besiktning, ej godkänt, L2691912",Skrivelse In,ej godkänt,DETERMINISTIC_FAILURE,LIFT,L2691912,1,Arenan 8,Arenavägen 7,Johanneshov,YES,https://etjanster.stockholm.se/Byggochplantjansten/arende/arende/1311010?dataSource=Active
2025-20315,1311160,2025-12-23,,Anmaning att låta åtgärda hissar samt utföra förnyad besiktning,2025-12-23,"Intyg återkommande besiktning, ej godkänt, 3 st, D1703665, D1703668, D1703671",Skrivelse In,ej godkänt,DETERMINISTIC_FAILURE,LIFT,D1703665 D1703668 D1703671,3,Tegeludden 13,Östhammarsgatan 68,Ladugårdsgärdet,NO,https://etjanster.stockholm.se/Byggochplantjansten/arende/arende/1311160?dataSource=Active
2025-20321,1311166,2025-12-23,,Anmaning att låta åtgärda hissar samt utföra förnyad besiktning,2025-12-23,"Intyg återkommande besiktning, ej godkänt, 3 st, D1700705, D1704032, D1704033",Skrivelse In,ej godkänt,DETERMINISTIC_FAILURE,LIFT,D1700705 D1704032 D1704033,3,Stettin 6,Tegeluddsvägen 96,Ladugårdsgärdet,NO,https://etjanster.stockholm.se/Byggochplantjansten/arende/arende/1311166?dataSource=Active
2025-16574,1307412,2025-10-28,,Anmaning att låta åtgärda hissar samt utföra förnyad besiktning,2025-12-29,"Intyg återkommande besiktning, ej godkänt, L7891901",Skrivelse In,ej godkänt,DETERMINISTIC_FAILURE,LIFT,L7891901,1,Yrsa 1,Rissnavägen 9,Bromsten,NO,https://etjanster.stockholm.se/Byggochplantjansten/arende/arende/1307412?dataSource=Active
2025-19305,1310143,2025-12-09,,Anmaning att låta åtgärda portar samt utföra förnyad besiktning,2025-12-29,"Intyg återkommande besiktning, ej godkänt, D1734399, D1734388",Skrivelse In,ej godkänt,DETERMINISTIC_FAILURE,POWERED_GATE_OR_DOOR,D1734399 D1734388,2,Kvarnkammaren 1,"Fornbyvägen 17, Fornbyvägen 29, Fornbyvägen 5",Rinkeby,NO,https://etjanster.stockholm.se/Byggochplantjansten/arende/arende/1310143?dataSource=Active
2025-20366,1311211,2025-12-19,,Anmaning att låta åtgärda hiss samt utföra förnyad besiktning,2025-12-29,"Intyg återkommande besiktning, ej godkänt, L7943695",Skrivelse In,ej godkänt,DETERMINISTIC_FAILURE,LIFT,L7943695,1,Ritskåpet 1,Vällingby Torg 43,Vällingby,NO,https://etjanster.stockholm.se/Byggochplantjansten/arende/arende/1311211?dataSource=Active
2025-20367,1311212,2025-12-19,,Anmaning att låta åtgärda hiss samt utföra förnyad besiktning,2025-12-29,"Intyg återkommande besiktning, ej godkänt, 43641",Skrivelse In,ej godkänt,DETERMINISTIC_FAILURE,LIFT,43641,1,Karis 4,Finlandsgatan 60,Akalla,NO,https://etjanster.stockholm.se/Byggochplantjansten/arende/arende/1311212?dataSource=Active
2025-20370,1311215,2025-12-19,2026-08-10,Anmaning att låta åtgärda hissar samt utföra förnyad besiktning,2025-12-29,"Intyg återkommande besiktning, ej godkänt, L3724325",Skrivelse In,ej godkänt,DETERMINISTIC_FAILURE,LIFT,L3724325,1,Odin 13,Norrtullsgatan 28,Vasastaden,NO,https://etjanster.stockholm.se/Byggochplantjansten/arende/arende/1311215?dataSource=Active
2025-20371,1311216,2025-12-19,2026-08-25,Anmaning att låta åtgärda port samt utföra förnyad besiktning,2025-12-29,"Intyg återkommande besiktning, ej godkänt, D1326877",Skrivelse In,ej godkänt,DETERMINISTIC_FAILURE,POWERED_GATE_OR_DOOR,D1326877,1,Godståget 1,Transportvägen 7,Östberga,YES,https://etjanster.stockholm.se/Byggochplantjansten/arende/arende/1311216?dataSource=Active
2025-20372,1311217,2025-12-22,,Anmaning att låta åtgärda port samt utföra förnyad besiktning,2025-12-29,"Intyg återkommande besiktning, ej godkänt, L2546007",Skrivelse In,ej godkänt,DETERMINISTIC_FAILURE,POWERED_GATE_OR_DOOR,L2546007,1,"Information saknas för ""Fastighetsbeteckning""","Information saknas för ""Adress""","Information saknas för ""Stadsdel""",NO,https://etjanster.stockholm.se/Byggochplantjansten/arende/arende/1311217?dataSource=Active
2025-20376,1311221,2025-12-22,,Anmaning att låta åtgärda hiss samt utföra förnyad besiktning,2025-12-29,"Intyg återkommande besiktning, ej godkänt, L2805825",Skrivelse In,ej godkänt,DETERMINISTIC_FAILURE,LIFT,L2805825,1,Fikonet 5,Barnängsgatan 12B,Södermalm,NO,https://etjanster.stockholm.se/Byggochplantjansten/arende/arende/1311221?dataSource=Active
2025-20402,1311247,2025-12-23,2026-05-29,Anmaning att låta åtgärda hiss samt utföra förnyad besiktning,2025-12-30,"Intyg återkommande besiktning, ej godkänt, L3088143",Skrivelse In,ej godkänt,DETERMINISTIC_FAILURE,LIFT,L3088143,1,Förgyllda Bägaren 2,Selmedalsvägen 70,Hägersten,YES,https://etjanster.stockholm.se/Byggochplantjansten/arende/arende/1311247?dataSource=Active
2025-20404,1311249,2025-12-23,2026-06-01,Anmaning att låta åtgärda hissar samt utföra förnyad besiktning,2025-12-30,"Intyg återkommande besiktning, ej godkänt, L3088150, L3088168",Skrivelse In,ej godkänt,DETERMINISTIC_FAILURE,LIFT,L3088150 L3088168,2,Förgyllda Bägaren 3,"Selmedalsvägen 62, Selmedalsvägen 64",Hägersten,YES,https://etjanster.stockholm.se/Byggochplantjansten/arende/arende/1311249?dataSource=Active
2025-20405,1311250,2025-12-23,2026-06-01,Anmaning att låta åtgärda hiss samt utföra förnyad besiktning,2025-12-30,"Intyg återkommande besiktning, ej godkänt, L3088176",Skrivelse In,ej godkänt,DETERMINISTIC_FAILURE,LIFT,L3088176,1,Förgyllda Bägaren 4,Selmedalsvägen 56,Hägersten,YES,https://etjanster.stockholm.se/Byggochplantjansten/arende/arende/1311250?dataSource=Active
2025-20439,1311284,2025-12-23,2026-06-11,Anmaning att låta åtgärda hiss samt utföra förnyad besiktning,2025-12-30,"Intyg återkommande besiktning, ej godkänt, 23276",Skrivelse In,ej godkänt,DETERMINISTIC_FAILURE,LIFT,23276,1,Arbetaren 12,Sankt Eriksgatan 37A,Kungsholmen,YES,https://etjanster.stockholm.se/Byggochplantjansten/arende/arende/1311284?dataSource=Active
2026-00175,1311477,2026-01-08,2026-08-18,Anmaning att låta åtgärda hiss samt utföra förnyad besiktning,2026-01-08,"Intyg återkommande besiktning, ej godkänt, D1701586",Skrivelse In,ej godkänt,DETERMINISTIC_FAILURE,LIFT,D1701586,1,Sjötullsbesökaren 6,Båtängsvägen 5,Hägersten,YES,https://etjanster.stockholm.se/Byggochplantjansten/arende/arende/1311477?dataSource=Active
2026-00192,1311494,2026-01-08,2026-08-21,Anmaning att låta åtgärda hissar samt utföra förnyad besiktning,2026-01-08,"Intyg återkommande besiktning, ej godkänt, D1698033",Skrivelse In,ej godkänt,DETERMINISTIC_FAILURE,LIFT,D1698033,1,Herbariet 4,Herbariegränd 3,Liljeholmen,YES,https://etjanster.stockholm.se/Byggochplantjansten/arende/arende/1311494?dataSource=Active
2026-00194,1311496,2026-01-08,2026-08-18,Anmaning att låta åtgärda hiss samt utföra förnyad besiktning,2026-01-08,"Intyg återkommande besiktning, ej godkänt, D1708898",Skrivelse In,ej godkänt,DETERMINISTIC_FAILURE,LIFT,D1708898,1,Bältarsvennen 9,Johannisdalsgatan 26,Mälarhöjden,YES,https://etjanster.stockholm.se/Byggochplantjansten/arende/arende/1311496?dataSource=Active
2026-00221,1311523,2026-01-09,2026-03-25,Anmaning att låta åtgärda hissar samt utföra förnyad besiktning,2026-01-09,"Intyg återkommande besiktning, ej godkänt, 3 st, D1383040, L2984507, L2984525",Skrivelse In,ej godkänt,DETERMINISTIC_FAILURE,LIFT,D1383040 L2984507 L2984525,3,Riset 10,"Barnängsgatan 58, Gaveliusgatan 11",Södermalm,YES,https://etjanster.stockholm.se/Byggochplantjansten/arende/arende/1311523?dataSource=Active
2026-00315,1311617,2026-01-12,,Anmaning att låta åtgärda hiss samt utföra förnyad besiktning,2026-01-12,"Intyg återkommande besiktning, ej godkänt, D1308031",Skrivelse In,ej godkänt,DETERMINISTIC_FAILURE,LIFT,D1308031,1,Vallgossen 14,Sankt Göransgatan 95,Kungsholmen,NO,https://etjanster.stockholm.se/Byggochplantjansten/arende/arende/1311617?dataSource=Active
2026-00315,1311617,2026-01-12,,Anmaning att låta åtgärda hiss samt utföra förnyad besiktning,2026-01-12,"Intyg återkommande besiktning, ej godkänt, L2845630",Skrivelse In,ej godkänt,DETERMINISTIC_FAILURE,LIFT,L2845630,1,Vallgossen 14,Sankt Göransgatan 95,Kungsholmen,NO,https://etjanster.stockholm.se/Byggochplantjansten/arende/arende/1311617?dataSource=Active
2026-00192,1311494,2026-01-08,2026-08-21,Anmaning att låta åtgärda hissar samt utföra förnyad besiktning,2026-01-13,"Intyg återkommande besiktning, ej godkänt, D1698033",Skrivelse In,ej godkänt,DETERMINISTIC_FAILURE,LIFT,D1698033,1,Herbariet 4,Herbariegränd 3,Liljeholmen,YES,https://etjanster.stockholm.se/Byggochplantjansten/arende/arende/1311494?dataSource=Active
2026-00340,1311642,2026-01-12,2026-09-01,Anmaning att låta åtgärda hissar samt utföra förnyad besiktning,2026-01-13,"Intyg återkommande besiktning, ej godkänt, L1336080",Skrivelse In,ej godkänt,DETERMINISTIC_FAILURE,LIFT,L1336080,1,Nederland 18,Götgatan 42,Södermalm,YES,https://etjanster.stockholm.se/Byggochplantjansten/arende/arende/1311642?dataSource=Active
2026-00342,1311644,2026-01-12,2026-09-01,Anmaning att låta åtgärda hissar samt utföra förnyad besiktning,2026-01-13,"Intyg återkommande besiktning, ej godkänt, L1237890",Skrivelse In,ej godkänt,DETERMINISTIC_FAILURE,LIFT,L1237890,1,Nederland 19,Götgatan 44,Södermalm,YES,https://etjanster.stockholm.se/Byggochplantjansten/arende/arende/1311644?dataSource=Active
2026-00345,1311647,2026-01-12,,Anmaning att låta åtgärda hissar samt utföra förnyad besiktning,2026-01-13,"Intyg återkommande besiktning, ej godkänt, L2634640",Skrivelse In,ej godkänt,DETERMINISTIC_FAILURE,LIFT,L2634640,1,Barnhusväderkvarnen 36,Drottninggatan 87,Vasastaden,NO,https://etjanster.stockholm.se/Byggochplantjansten/arende/arende/1311647?dataSource=Active
2026-00346,1311648,2026-01-12,2026-08-18,Anmaning att låta åtgärda hissar samt utföra förnyad besiktning,2026-01-13,"Intyg återkommande besiktning, ej godkänt, L3129053",Skrivelse In,ej godkänt,DETERMINISTIC_FAILURE,LIFT,L3129053,1,Skulptören 1,Bildhuggarvägen 8,Johanneshov,YES,https://etjanster.stockholm.se/Byggochplantjansten/arende/arende/1311648?dataSource=Active
2026-00350,1311652,2026-01-12,,Anmaning att låta åtgärda hissar samt utföra förnyad besiktning,2026-01-13,"Intyg återkommande besiktning, ej godkänt, L3495579",Skrivelse In,ej godkänt,DETERMINISTIC_FAILURE,LIFT,L3495579,1,Ladugårdsgärdet 1:4,"Information saknas för ""Adress""",Ladugårdsgärdet,NO,https://etjanster.stockholm.se/Byggochplantjansten/arende/arende/1311652?dataSource=Active
2026-00351,1311653,2026-01-12,2026-08-18,Anmaning att låta åtgärda hissar samt utföra förnyad besiktning,2026-01-13,"Intyg återkommande besiktning, ej godkänt, L3597069, L3597077",Skrivelse In,ej godkänt,DETERMINISTIC_FAILURE,LIFT,L3597069 L3597077,2,Kompaniet 6,Skarpögatan 6,Östermalm,YES,https://etjanster.stockholm.se/Byggochplantjansten/arende/arende/1311653?dataSource=Active
2026-00355,1311657,2026-01-12,,Anmaning att låta åtgärda hissar samt utföra förnyad besiktning,2026-01-13,"Intyg återkommande besiktning, ej godkänt, L3737764",Skrivelse In,ej godkänt,DETERMINISTIC_FAILURE,LIFT,L3737764,1,Trädgårdsmästaren 10,Sveavägen 118,Vasastaden,NO,https://etjanster.stockholm.se/Byggochplantjansten/arende/arende/1311657?dataSource=Active
2026-00360,1311662,2026-01-12,2026-08-19,Anmaning att låta åtgärda hissar samt utföra förnyad besiktning,2026-01-13,"Intyg återkommande besiktning, ej godkänt, S512046",Skrivelse In,ej godkänt,DETERMINISTIC_FAILURE,LIFT,S512046,1,Luma 1,Lumaparksvägen 11,Södra Hammarbyhamnen,YES,https://etjanster.stockholm.se/Byggochplantjansten/arende/arende/1311662?dataSource=Active
2026-00362,1311664,2026-01-12,2026-08-19,Anmaning att låta åtgärda hissar samt utföra förnyad besiktning,2026-01-13,"Intyg återkommande besiktning, ej godkänt, S929385",Skrivelse In,ej godkänt,DETERMINISTIC_FAILURE,LIFT,S929385,1,Majblomstret 3,Responsgatan 36,Västberga,YES,https://etjanster.stockholm.se/Byggochplantjansten/arende/arende/1311664?dataSource=Active
2026-00363,1311665,2026-01-12,2026-05-21,Anmaning att låta åtgärda hissar samt utföra förnyad besiktning,2026-01-13,"Intyg återkommande besiktning, ej godkänt, S948852",Skrivelse In,ej godkänt,DETERMINISTIC_FAILURE,LIFT,S948852,1,Brunnsmästaren 2,Dalagatan 11,Vasastaden,YES,https://etjanster.stockholm.se/Byggochplantjansten/arende/arende/1311665?dataSource=Active
2026-00365,1311667,2026-01-12,,Anmaning att låta åtgärda hissar samt utföra förnyad besiktning,2026-01-13,"Intyg återkommande besiktning, ej godkänt, S970963",Skrivelse In,ej godkänt,DETERMINISTIC_FAILURE,LIFT,S970963,1,Skoblocket 1,Toffelbacken 4G,Solberga,NO,https://etjanster.stockholm.se/Byggochplantjansten/arende/arende/1311667?dataSource=Active
2026-00369,1311671,2026-01-12,2026-08-19,Anmaning att låta åtgärda hissar samt utföra förnyad besiktning,2026-01-13,"Intyg återkommande besiktning, ej godkänt, S1000787",Skrivelse In,ej godkänt,DETERMINISTIC_FAILURE,LIFT,S1000787,1,Fatbursholmen 24,Åsögatan 97,Södermalm,YES,https://etjanster.stockholm.se/Byggochplantjansten/arende/arende/1311671?dataSource=Active
2026-00371,1311673,2026-01-12,,Anmaning att låta åtgärda jalusi samt utföra förnyad besiktning,2026-01-13,"Intyg återkommande besiktning, ej godkänt, S1002955, S1002956",Skrivelse In,ej godkänt,DETERMINISTIC_FAILURE,UNKNOWN,S1002955 S1002956,2,Hässelby Villastad 14:34,Sandviksvägen 159,Hässelby Villastad,NO,https://etjanster.stockholm.se/Byggochplantjansten/arende/arende/1311673?dataSource=Active
2026-00372,1311674,2026-01-12,,Anmaning att låta åtgärda jalusi samt utföra förnyad besiktning,2026-01-13,"Intyg återkommande besiktning, ej godkänt, S1002958",Skrivelse In,ej godkänt,DETERMINISTIC_FAILURE,UNKNOWN,S1002958,1,Ålborg 1,Köpenhamnsgatan 15,Kista,NO,https://etjanster.stockholm.se/Byggochplantjansten/arende/arende/1311674?dataSource=Active
2026-00421,1311723,2026-01-13,2026-08-20,Anmaning att låta åtgärda hissar samt utföra förnyad besiktning,2026-01-13,"Intyg återkommande besiktning, ej godkänt, L2842795",Skrivelse In,ej godkänt,DETERMINISTIC_FAILURE,LIFT,L2842795,1,Kopparn 9,Bondegatan 74B,Södermalm,YES,https://etjanster.stockholm.se/Byggochplantjansten/arende/arende/1311723?dataSource=Active
2026-00429,1311731,2026-01-13,2026-08-25,Anmaning att låta åtgärda hiss samt utföra förnyad besiktning,2026-01-13,"Intyg återkommande besiktning, ej godkänt, 30491",Skrivelse In,ej godkänt,DETERMINISTIC_FAILURE,LIFT,30491,1,Lövsångaren 3,Odengatan 21,Östermalm,YES,https://etjanster.stockholm.se/Byggochplantjansten/arende/arende/1311731?dataSource=Active
2026-00430,1311732,2026-01-13,2026-08-27,Anmaning att låta åtgärda hiss samt utföra förnyad besiktning,2026-01-13,"Intyg återkommande besiktning, ej godkänt, 31172",Skrivelse In,ej godkänt,DETERMINISTIC_FAILURE,LIFT,31172,1,Tallen 10,Engelbrektsgatan 12,Östermalm,YES,https://etjanster.stockholm.se/Byggochplantjansten/arende/arende/1311732?dataSource=Active
2026-00431,1311733,2026-01-13,2026-08-18,Anmaning att låta åtgärda hiss samt utföra förnyad besiktning,2026-01-13,"Intyg återkommande besiktning, ej godkänt, 46360",Skrivelse In,ej godkänt,DETERMINISTIC_FAILURE,LIFT,46360,1,Renen 16,Grev Turegatan 69,Östermalm,YES,https://etjanster.stockholm.se/Byggochplantjansten/arende/arende/1311733?dataSource=Active
2026-00432,1311734,2026-01-13,,Anmaning att låta åtgärda hiss samt utföra förnyad besiktning,2026-01-13,"Intyg återkommande besiktning, ej godkänt, 51746",Skrivelse In,ej godkänt,DETERMINISTIC_FAILURE,LIFT,51746,1,Rotundan 5,Cardellgatan 4,Östermalm,NO,https://etjanster.stockholm.se/Byggochplantjansten/arende/arende/1311734?dataSource=Active
2026-00433,1311735,2026-01-13,,Anmaning att låta åtgärda hiss samt utföra förnyad besiktning,2026-01-13,"Intyg återkommande besiktning, ej godkänt, L2875581, L7891643, L7891750",Skrivelse In,ej godkänt,DETERMINISTIC_FAILURE,LIFT,L2875581 L7891643 L7891750,3,Idun 26,"Cervins Väg 17B, Cervins Väg 19C, Cervins Väg 21",Bromsten,NO,https://etjanster.stockholm.se/Byggochplantjansten/arende/arende/1311735?dataSource=Active
2026-00434,1311736,2026-01-13,,Anmaning att låta åtgärda hiss samt utföra förnyad besiktning,2026-01-13,"Intyg återkommande besiktning, ej godkänt, L7894720",Skrivelse In,ej godkänt,DETERMINISTIC_FAILURE,LIFT,L7894720,1,Idun 26,Duvbovägen 96A,Bromsten,NO,https://etjanster.stockholm.se/Byggochplantjansten/arende/arende/1311736?dataSource=Active
2026-00504,1311806,2026-01-14,2026-08-25,Anmaning att låta åtgärda hiss samt utföra förnyad besiktning,2026-01-14,"Intyg återkommande besiktning, ej godkänt, D1484837",Skrivelse In,ej godkänt,DETERMINISTIC_FAILURE,LIFT,D1484837,1,Sälgen 2,Rådmansgatan 24,Östermalm,YES,https://etjanster.stockholm.se/Byggochplantjansten/arende/arende/1311806?dataSource=Active
2026-00521,1311823,2026-01-14,2026-08-19,Anmaning att låta åtgärda hiss samt utföra förnyad besiktning,2026-01-14,"Intyg återkommande besiktning, ej godkänt, D1747789",Skrivelse In,ej godkänt,DETERMINISTIC_FAILURE,LIFT,D1747789,1,Vasastaden 1:16,Solnavägen 1E,Vasastaden,YES,https://etjanster.stockholm.se/Byggochplantjansten/arende/arende/1311823?dataSource=Active
2026-00546,1311848,2026-01-15,2026-08-27,Anmaning att låta åtgärda hissar samt utföra förnyad besiktning,2026-01-15,"Intyg återkommande besiktning, ej godkänt, 30874",Skrivelse In,ej godkänt,DETERMINISTIC_FAILURE,LIFT,30874,1,Nebulosan 17,Odengatan 91A,Vasastaden,YES,https://etjanster.stockholm.se/Byggochplantjansten/arende/arende/1311848?dataSource=Active
2026-00547,1311849,2026-01-15,2026-04-15,Anmaning att låta åtgärda hissar samt utföra förnyad besiktning,2026-01-15,"Intyg återkommande besiktning, ej godkänt, 27493",Skrivelse In,ej godkänt,DETERMINISTIC_FAILURE,LIFT,27493,1,Skeppsholmen 1:1,Exercisplan 4,Skeppsholmen,YES,https://etjanster.stockholm.se/Byggochplantjansten/arende/arende/1311849?dataSource=Active
2026-00547,1311849,2026-01-15,2026-04-15,Anmaning att låta åtgärda hissar samt utföra förnyad besiktning,2026-01-15,"Intyg återkommande besiktning, ej godkänt, 27492",Skrivelse In,ej godkänt,DETERMINISTIC_FAILURE,LIFT,27492,1,Skeppsholmen 1:1,Exercisplan 4,Skeppsholmen,YES,https://etjanster.stockholm.se/Byggochplantjansten/arende/arende/1311849?dataSource=Active
2026-00551,1311853,2026-01-15,2026-08-14,Anmaning att låta åtgärda hissar samt utföra förnyad besiktning,2026-01-15,"Intyg återkommande besiktning, ej godkänt, 33548",Skrivelse In,ej godkänt,DETERMINISTIC_FAILURE,LIFT,33548,1,Blåklinten 13,Västmannagatan 70,Vasastaden,YES,https://etjanster.stockholm.se/Byggochplantjansten/arende/arende/1311853?dataSource=Active
2026-00595,1311897,2026-01-16,2026-09-02,Anmaning att låta åtgärda hiss samt utföra förnyad besiktning,2026-01-16,"Intyg återkommande besiktning, ej godkänt, 49801",Skrivelse In,ej godkänt,DETERMINISTIC_FAILURE,LIFT,49801,1,Blosset 1,Västmannagatan 17A,Vasastaden,YES,https://etjanster.stockholm.se/Byggochplantjansten/arende/arende/1311897?dataSource=Active
2026-00607,1311909,2026-01-16,2026-08-12,Anmaning att låta åtgärda hiss samt utföra förnyad besiktning,2026-01-16,"Intyg återkommande besiktning, ej godkänt, 44336",Skrivelse In,ej godkänt,DETERMINISTIC_FAILURE,LIFT,44336,1,Facklan 11,Västmannagatan 22,Vasastaden,YES,https://etjanster.stockholm.se/Byggochplantjansten/arende/arende/1311909?dataSource=Active
2026-00608,1311910,2026-01-16,2026-08-25,Anmaning att låta åtgärda hissar samt utföra förnyad besiktning,2026-01-16,"Intyg återkommande besiktning, ej godkänt, 2st, 45660, 45661",Skrivelse In,ej godkänt,DETERMINISTIC_FAILURE,LIFT,45660 45661,2,Hinden 18,"Grev Turegatan 53, Karlavägen 55",Östermalm,YES,https://etjanster.stockholm.se/Byggochplantjansten/arende/arende/1311910?dataSource=Active
2026-00610,1311912,2026-01-16,2026-08-12,Anmaning att låta åtgärda hiss samt utföra förnyad besiktning,2026-01-16,"Intyg återkommande besiktning, ej godkänt, 41063",Skrivelse In,ej godkänt,DETERMINISTIC_FAILURE,LIFT,41063,1,Nebulosan 15,Odengatan 87,Vasastaden,YES,https://etjanster.stockholm.se/Byggochplantjansten/arende/arende/1311912?dataSource=Active
2026-00611,1311913,2026-01-16,2026-09-03,Anmaning att låta åtgärda hiss samt utföra förnyad besiktning,2026-01-16,"Intyg återkommande besiktning, ej godkänt, 44819",Skrivelse In,ej godkänt,DETERMINISTIC_FAILURE,LIFT,44819,1,Primusköket 5,Essinge Brogata 10,Lilla Essingen,YES,https://etjanster.stockholm.se/Byggochplantjansten/arende/arende/1311913?dataSource=Active
2026-00620,1311922,2026-01-16,,Anmaning att låta åtgärda hiss samt utföra förnyad besiktning,2026-01-16,"Intyg återkommande besiktning, ej godkänt, 21104",Skrivelse In,ej godkänt,DETERMINISTIC_FAILURE,LIFT,21104,1,Skvalberget 18,Grev Turegatan 25,Östermalm,NO,https://etjanster.stockholm.se/Byggochplantjansten/arende/arende/1311922?dataSource=Active
2026-00622,1311924,2026-01-16,2026-09-10,Anmaning att låta åtgärda hissar samt utföra förnyad besiktning,2026-01-16,"Intyg återkommande besiktning, ej godkänt, 2 st, 20240, 30822",Skrivelse In,ej godkänt,DETERMINISTIC_FAILURE,LIFT,20240 30822,2,Rådjuret 7,"Karlavägen 59A, Karlavägen 59C",Östermalm,NO,https://etjanster.stockholm.se/Byggochplantjansten/arende/arende/1311924?dataSource=Active
2026-00624,1311926,2026-01-16,2026-08-12,Anmaning att låta åtgärda hissar samt utföra förnyad besiktning,2026-01-16,"Intyg återkommande besiktning, ej godkänt, 3 st, 44623, 44624, 44625",Skrivelse In,ej godkänt,DETERMINISTIC_FAILURE,LIFT,44623 44624 44625,3,Vårdtornet 9,"Fleminggatan 65, Inedalsgatan 4A, Inedalsgatan 4B",Kungsholmen,YES,https://etjanster.stockholm.se/Byggochplantjansten/arende/arende/1311926?dataSource=Active
2026-00661,1311963,2026-01-16,2026-09-17,Anmaning att låta åtgärda hiss samt utföra förnyad besiktning,2026-01-16,"Intyg återkommande besiktning, ej godkänt, L4049128",Skrivelse In,ej godkänt,DETERMINISTIC_FAILURE,LIFT,L4049128,1,Akterspegeln 18,Gröndalsvägen 38,Gröndal,YES,https://etjanster.stockholm.se/Byggochplantjansten/arende/arende/1311963?dataSource=Active
2026-00662,1311964,2026-01-16,2026-08-24,Anmaning att låta åtgärda hiss samt utföra förnyad besiktning,2026-01-16,"Intyg återkommande besiktning, ej godkänt, S392109",Skrivelse In,ej godkänt,DETERMINISTIC_FAILURE,LIFT,S392109,1,Brevlådan 1,Frimärksvägen 13,Svedmyra,YES,https://etjanster.stockholm.se/Byggochplantjansten/arende/arende/1311964?dataSource=Active
2026-00664,1311966,2026-01-16,2026-08-19,Anmaning att låta åtgärda hiss samt utföra förnyad besiktning,2026-01-16,"Intyg återkommande besiktning, ej godkänt, S522916",Skrivelse In,ej godkänt,DETERMINISTIC_FAILURE,LIFT,S522916,1,Vantet 14,Gröndalsvägen 61,Gröndal,YES,https://etjanster.stockholm.se/Byggochplantjansten/arende/arende/1311966?dataSource=Active
2026-00665,1311967,2026-01-16,2026-08-25,Anmaning att låta åtgärda hiss samt utföra förnyad besiktning,2026-01-16,"Intyg återkommande besiktning, ej godkänt, L1683879",Skrivelse In,ej godkänt,DETERMINISTIC_FAILURE,LIFT,L1683879,1,Bodbetjänten 1,Kryddgränd 6,Gubbängen,YES,https://etjanster.stockholm.se/Byggochplantjansten/arende/arende/1311967?dataSource=Active
2026-00666,1311968,2026-01-16,2026-08-12,Anmaning att låta åtgärda hiss samt utföra förnyad besiktning,2026-01-16,"Intyg återkommande besiktning, ej godkänt, L2558450",Skrivelse In,ej godkänt,DETERMINISTIC_FAILURE,LIFT,L2558450,1,Konsumenten 3,Varuvägen 7,Älvsjö,YES,https://etjanster.stockholm.se/Byggochplantjansten/arende/arende/1311968?dataSource=Active
2026-00667,1311969,2026-01-16,,Anmaning att låta åtgärda hiss samt utföra förnyad besiktning,2026-01-16,"Intyg återkommande besiktning, ej godkänt, S966960",Skrivelse In,ej godkänt,DETERMINISTIC_FAILURE,LIFT,S966960,1,Persikan 6,Tegelviksgatan 12B,Södermalm,NO,https://etjanster.stockholm.se/Byggochplantjansten/arende/arende/1311969?dataSource=Active
2026-00668,1311970,2026-01-16,,Anmaning att låta åtgärda port samt utföra förnyad besiktning,2026-01-16,"Intyg återkommande besiktning, ej godkänt, S906319",Skrivelse In,ej godkänt,DETERMINISTIC_FAILURE,POWERED_GATE_OR_DOOR,S906319,1,Vagnhallen 19,Jämtlandsgatan 131,Råcksta,NO,https://etjanster.stockholm.se/Byggochplantjansten/arende/arende/1311970?dataSource=Active
2026-00669,1311971,2026-01-16,,Anmaning att låta åtgärda hiss samt utföra förnyad besiktning,2026-01-16,"Intyg återkommande besiktning, ej godkänt, L3727666",Skrivelse In,ej godkänt,DETERMINISTIC_FAILURE,LIFT,L3727666,1,Verdandi 9,Torsgatan 62,Vasastaden,NO,https://etjanster.stockholm.se/Byggochplantjansten/arende/arende/1311971?dataSource=Active
2026-00688,1311990,2026-01-19,,Anmaning att låta åtgärda hiss samt utföra förnyad besiktning,2026-01-19,"Intyg återkommande besiktning, ej godkänt, S392126",Skrivelse In,ej godkänt,DETERMINISTIC_FAILURE,LIFT,S392126,1,Prästgårdshagen 2,Spikskogatan 1,Solberga,NO,https://etjanster.stockholm.se/Byggochplantjansten/arende/arende/1311990?dataSource=Active
2026-00689,1311991,2026-01-19,2026-09-01,Anmaning att låta åtgärda hiss samt utföra förnyad besiktning,2026-01-19,"Intyg återkommande besiktning, ej godkänt, S272373",Skrivelse In,ej godkänt,DETERMINISTIC_FAILURE,LIFT,S272373,1,Armborstet 1,Götalandsvägen 237,Solberga,YES,https://etjanster.stockholm.se/Byggochplantjansten/arende/arende/1311991?dataSource=Active
2026-00690,1311992,2026-01-19,2026-08-18,Anmaning att låta åtgärda hiss samt utföra förnyad besiktning,2026-01-19,"Intyg återkommande besiktning, ej godkänt, L3678158",Skrivelse In,ej godkänt,DETERMINISTIC_FAILURE,LIFT,L3678158,1,Harven 35,Södermannagatan 58,Södermalm,YES,https://etjanster.stockholm.se/Byggochplantjansten/arende/arende/1311992?dataSource=Active
2026-00691,1311993,2026-01-19,2026-08-18,Anmaning att låta åtgärda hiss samt utföra förnyad besiktning,2026-01-19,"Intyg återkommande besiktning, ej godkänt, L1641380",Skrivelse In,ej godkänt,DETERMINISTIC_FAILURE,LIFT,L1641380,1,Ugglan Mindre 3,Brännkyrkagatan 28,Södermalm,YES,https://etjanster.stockholm.se/Byggochplantjansten/arende/arende/1311993?dataSource=Active
2026-00692,1311994,2026-01-19,2026-08-24,Anmaning att låta åtgärda hiss samt utföra förnyad besiktning,2026-01-19,"Intyg återkommande besiktning, ej godkänt, S717385",Skrivelse In,ej godkänt,DETERMINISTIC_FAILURE,LIFT,S717385,1,Monumentet 33,Götgatan 87,Södermalm,YES,https://etjanster.stockholm.se/Byggochplantjansten/arende/arende/1311994?dataSource=Active
2026-00693,1311995,2026-01-19,2026-08-20,Anmaning att låta åtgärda hiss samt utföra förnyad besiktning,2026-01-19,"Intyg återkommande besiktning, ej godkänt, L4073698",Skrivelse In,ej godkänt,DETERMINISTIC_FAILURE,LIFT,L4073698,1,Skidspåret 3,Snöflingebacken 9,Västertorp,YES,https://etjanster.stockholm.se/Byggochplantjansten/arende/arende/1311995?dataSource=Active
2026-00694,1311996,2026-01-19,,Anmaning att låta åtgärda hiss samt utföra förnyad besiktning,2026-01-19,"Intyg återkommande besiktning, ej godkänt, L3129855",Skrivelse In,ej godkänt,DETERMINISTIC_FAILURE,LIFT,L3129855,1,Dragningslistan 5,Sparbanksvägen 4,Hägerstensåsen,YES,https://etjanster.stockholm.se/Byggochplantjansten/arende/arende/1311996?dataSource=Active
2026-00695,1311997,2026-01-19,2026-09-04,Anmaning att låta åtgärda hiss samt utföra förnyad besiktning,2026-01-19,"Intyg återkommande besiktning, ej godkänt, L4072682",Skrivelse In,ej godkänt,DETERMINISTIC_FAILURE,LIFT,L4072682,1,Ulla Winblad 8,Klubbacken 25,Hägersten,YES,https://etjanster.stockholm.se/Byggochplantjansten/arende/arende/1311997?dataSource=Active
2026-00696,1311998,2026-01-19,2026-08-27,Anmaning att låta åtgärda hiss samt utföra förnyad besiktning,2026-01-19,"Intyg återkommande besiktning, ej godkänt, L4042412",Skrivelse In,ej godkänt,DETERMINISTIC_FAILURE,LIFT,L4042412,1,Mullvadsberget 23,Brännkyrkagatan 117,Södermalm,YES,https://etjanster.stockholm.se/Byggochplantjansten/arende/arende/1311998?dataSource=Active
2026-00697,1311999,2026-01-19,2026-08-12,Anmaning att låta åtgärda hissar samt utföra förnyad besiktning,2026-01-19,"Intyg återkommande besiktning, ej godkänt, 2 st, L0777540, L0777557",Skrivelse In,ej godkänt,DETERMINISTIC_FAILURE,LIFT,L0777540 L0777557,2,Hantverkaren 24,Sankt Göransgatan 57,Kungsholmen,YES,https://etjanster.stockholm.se/Byggochplantjansten/arende/arende/1311999?dataSource=Active
2026-00698,1312000,2026-01-19,,Anmaning att låta åtgärda hissar samt utföra förnyad besiktning,2026-01-19,"Intyg återkommande besiktning, ej godkänt, 3 st, L6656490, L6656508, L6656524",Skrivelse In,ej godkänt,DETERMINISTIC_FAILURE,LIFT,L6656490 L6656508 L6656524,3,Dalen 8,"Täppgränd 103, Täppgränd 105, Täppgränd 113",Gamla Enskede,YES,https://etjanster.stockholm.se/Byggochplantjansten/arende/arende/1312000?dataSource=Active
2026-00795,1312097,2026-01-19,,Anmaning att låta åtgärda hissar samt utföra förnyad besiktning,2026-01-20,"Intyg återkommande besiktning, ej godkänt, L2971146",Skrivelse In,ej godkänt,DETERMINISTIC_FAILURE,LIFT,L2971146,1,Hägern Större 14,Klarabergsgatan 23,Norrmalm,NO,https://etjanster.stockholm.se/Byggochplantjansten/arende/arende/1312097?dataSource=Active
2026-00805,1312107,2026-01-19,2026-08-18,Anmaning att låta åtgärda hiss samt utföra förnyad besiktning,2026-01-20,"Intyg återkommande besiktning, ej godkänt, 21928",Skrivelse In,ej godkänt,DETERMINISTIC_FAILURE,LIFT,21928,1,Falkonetten 2,Smedsbacksgatan 5,Ladugårdsgärdet,YES,https://etjanster.stockholm.se/Byggochplantjansten/arende/arende/1312107?dataSource=Active
2026-00808,1312110,2026-01-19,2026-08-24,Anmaning att låta åtgärda hissar samt utföra förnyad besiktning,2026-01-20,"Intyg återkommande besiktning, ej godkänt, 27390",Skrivelse In,ej godkänt,DETERMINISTIC_FAILURE,LIFT,27390,1,Räven 2,Nybrogatan 76,Östermalm,NO,https://etjanster.stockholm.se/Byggochplantjansten/arende/arende/1312110?dataSource=Active
2026-00810,1312112,2026-01-19,2026-08-24,Anmaning att låta åtgärda hissar samt utföra förnyad besiktning,2026-01-20,"Intyg återkommande besiktning, ej godkänt, 42249",Skrivelse In,ej godkänt,DETERMINISTIC_FAILURE,LIFT,42249,1,Järnlodet 24,Sibyllegatan 9,Östermalm,YES,https://etjanster.stockholm.se/Byggochplantjansten/arende/arende/1312112?dataSource=Active
2026-00811,1312113,2026-01-19,2026-02-27,Anmaning att låta åtgärda hissar samt utföra förnyad besiktning,2026-01-20,"Intyg återkommande besiktning, ej godkänt, 44815",Skrivelse In,ej godkänt,DETERMINISTIC_FAILURE,LIFT,44815,1,Adlern Mindre 9,Observatoriegatan 2A,Vasastaden,YES,https://etjanster.stockholm.se/Byggochplantjansten/arende/arende/1312113?dataSource=Active
2026-00812,1312114,2026-01-19,2026-08-28,Anmaning att låta åtgärda hissar samt utföra förnyad besiktning,2026-01-20,"Intyg återkommande besiktning, ej godkänt, 45456",Skrivelse In,ej godkänt,DETERMINISTIC_FAILURE,LIFT,45456,1,Kyrkogården 10,Riddargatan 28,Östermalm,NO,https://etjanster.stockholm.se/Byggochplantjansten/arende/arende/1312114?dataSource=Active
2026-00813,1312115,2026-01-20,2026-08-14,Anmaning att låta åtgärda hissar samt utföra förnyad besiktning,2026-01-20,"Intyg återkommande besiktning, ej godkänt, 2 st, 30872, 43756",Skrivelse In,ej godkänt,DETERMINISTIC_FAILURE,LIFT,30872 43756,2,Valkyrian 9,Hälsingegatan 14,Vasastaden,YES,https://etjanster.stockholm.se/Byggochplantjansten/arende/arende/1312115?dataSource=Active
2026-00814,1312116,2026-01-20,,Anmaning att låta åtgärda hiss samt utföra förnyad besiktning,2026-01-20,"Intyg återkommande besiktning, ej godkänt, 31936",Skrivelse In,ej godkänt,DETERMINISTIC_FAILURE,LIFT,31936,1,Lindormen 30,Grevgatan 18,Östermalm,NO,https://etjanster.stockholm.se/Byggochplantjansten/arende/arende/1312116?dataSource=Active
2026-00815,1312117,2026-01-20,2026-09-03,Anmaning att låta åtgärda hiss samt utföra förnyad besiktning,2026-01-20,"Intyg återkommande besiktning, ej godkänt, 36983",Skrivelse In,ej godkänt,DETERMINISTIC_FAILURE,LIFT,36983,1,Neptunus 17,Styrmansgatan 37,Östermalm,YES,https://etjanster.stockholm.se/Byggochplantjansten/arende/arende/1312117?dataSource=Active
2026-00818,1312120,2026-01-20,,Anmaning att låta åtgärda hiss samt utföra förnyad besiktning,2026-01-20,"Intyg återkommande besiktning, ej godkänt,",Skrivelse In,ej godkänt,DETERMINISTIC_FAILURE,LIFT,,0,Jasminen 6,Dalagatan 21,Vasastaden,NO,https://etjanster.stockholm.se/Byggochplantjansten/arende/arende/1312120?dataSource=Active
2026-00819,1312121,2026-01-20,,Anmaning att låta åtgärda hiss samt utföra förnyad besiktning,2026-01-20,"Intyg återkommande besiktning, ej godkänt,",Skrivelse In,ej godkänt,DETERMINISTIC_FAILURE,LIFT,,0,Hornblåsaren 14,Linnégatan 96,Östermalm,NO,https://etjanster.stockholm.se/Byggochplantjansten/arende/arende/1312121?dataSource=Active
2026-00820,1312122,2026-01-20,2026-03-02,Anmaning att låta åtgärda hiss samt utföra förnyad besiktning,2026-01-20,"Intyg återkommande besiktning, ej godkänt, 42796
",Skrivelse In,ej godkänt,DETERMINISTIC_FAILURE,LIFT,42796,1,Odin 23,Idungatan 8,Vasastaden,YES,https://etjanster.stockholm.se/Byggochplantjansten/arende/arende/1312122?dataSource=Active
2026-00822,1312124,2026-01-20,,Anmaning att låta åtgärda hiss samt utföra förnyad besiktning,2026-01-20,"Intyg återkommande besiktning, ej godkänt, 2 st, 44757, 55533",Skrivelse In,ej godkänt,DETERMINISTIC_FAILURE,LIFT,44757 55533,2,Fänriken 6,"Breitenfeldsgatan 2, Wittstocksgatan 9",Östermalm,YES,https://etjanster.stockholm.se/Byggochplantjansten/arende/arende/1312124?dataSource=Active
2026-00823,1312125,2026-01-20,2026-08-13,Anmaning att låta åtgärda hiss samt utföra förnyad besiktning,2026-01-20,"Intyg återkommande besiktning, ej godkänt, 2 st, 49164, 49165",Skrivelse In,ej godkänt,DETERMINISTIC_FAILURE,LIFT,49164 49165,2,Pionen 3,"Frejgatan 101, Karlbergsvägen 38",Vasastaden,YES,https://etjanster.stockholm.se/Byggochplantjansten/arende/arende/1312125?dataSource=Active
2026-00825,1312127,2026-01-19,,Anmaning att låta åtgärda hissar samt utföra förnyad besiktning,2026-01-20,"Intyg återkommande besiktning, ej godkänt, 45767",Skrivelse In,ej godkänt,DETERMINISTIC_FAILURE,LIFT,45767,1,Kyrkogården 10,Riddargatan 28,Östermalm,NO,https://etjanster.stockholm.se/Byggochplantjansten/arende/arende/1312127?dataSource=Active
2026-00826,1312128,2026-01-19,,Anmaning att låta åtgärda hissar samt utföra förnyad besiktning,2026-01-20,"Intyg återkommande besiktning, ej godkänt, 53822",Skrivelse In,ej godkänt,DETERMINISTIC_FAILURE,LIFT,53822,1,Gjuteriet 2,Pontonjärgatan 36,Kungsholmen,NO,https://etjanster.stockholm.se/Byggochplantjansten/arende/arende/1312128?dataSource=Active
2026-00827,1312129,2026-01-19,2026-08-24,Anmaning att låta åtgärda hissar samt utföra förnyad besiktning,2026-01-20,"Intyg återkommande besiktning, ej godkänt, 56558, 56559",Skrivelse In,ej godkänt,DETERMINISTIC_FAILURE,LIFT,56558 56559,2,Flundran 3,Kommendörsgatan 15,Östermalm,YES,https://etjanster.stockholm.se/Byggochplantjansten/arende/arende/1312129?dataSource=Active
2026-00832,1312134,2026-01-20,2026-08-20,Anmaning att låta åtgärda hiss samt utföra förnyad besiktning,2026-01-20,"Intyg återkommande besiktning, ej godkänt, L2545580",Skrivelse In,ej godkänt,DETERMINISTIC_FAILURE,LIFT,L2545580,1,Arenan 3,Arenavägen 39,Johanneshov,NO,https://etjanster.stockholm.se/Byggochplantjansten/arende/arende/1312134?dataSource=Active
2026-00848,1312150,2026-01-20,2026-09-01,Anmaning att låta åtgärda port samt utföra förnyad besiktning,2026-01-20,"Intyg återkommande besiktning, ej godkänt, S912410",Skrivelse In,ej godkänt,DETERMINISTIC_FAILURE,POWERED_GATE_OR_DOOR,S912410,1,Sadeltaket 1,Bällstavägen 102,Bällsta,YES,https://etjanster.stockholm.se/Byggochplantjansten/arende/arende/1312150?dataSource=Active
2026-00878,1312180,2026-01-21,2026-08-19,Anmaning att låta åtgärda hissar samt utföra förnyad besiktning,2026-01-21,"Intyg återkommande besiktning, ej godkänt, L7062299",Skrivelse In,ej godkänt,DETERMINISTIC_FAILURE,LIFT,L7062299,1,Asplången 2,Sandfjärdsgatan 12,Årsta,YES,https://etjanster.stockholm.se/Byggochplantjansten/arende/arende/1312180?dataSource=Active
2026-00883,1312185,2026-01-21,,Anmaning att låta åtgärda hissar samt utföra förnyad besiktning,2026-01-21,"Intyg återkommande besiktning, ej godkänt, 46146, 38992",Skrivelse In,ej godkänt,DETERMINISTIC_FAILURE,LIFT,46146 38992,2,Godsvagnen 8,Virkesvägen 21,Södra Hammarbyhamnen,NO,https://etjanster.stockholm.se/Byggochplantjansten/arende/arende/1312185?dataSource=Active
2026-00889,1312191,2026-01-21,2026-02-27,Anmaning att låta åtgärda hissar samt utföra förnyad besiktning,2026-01-21,"Intyg återkommande besiktning, ej godkänt, 43768, 44213",Skrivelse In,ej godkänt,DETERMINISTIC_FAILURE,LIFT,43768 44213,2,Kadetten 24,Tomtebogatan 48A,Vasastaden,YES,https://etjanster.stockholm.se/Byggochplantjansten/arende/arende/1312191?dataSource=Active
2026-00916,1312218,2026-01-21,2026-08-25,Anmaning att låta åtgärda hiss samt utföra förnyad besiktning,2026-01-21,"Intyg återkommande besiktning, ej godkänt, D1637559",Skrivelse In,ej godkänt,DETERMINISTIC_FAILURE,LIFT,D1637559,1,Filmremsan 9,Stallarholmsvägen 40,Högdalen,YES,https://etjanster.stockholm.se/Byggochplantjansten/arende/arende/1312218?dataSource=Active
2025-19628,1310466,2025-12-12,2026-09-01,Anmaning att låta åtgärda hissar samt utföra förnyad besiktning,2026-01-22,"Intyg återkommande besiktning, ej godkänt, D1763178",Skrivelse In,ej godkänt,DETERMINISTIC_FAILURE,LIFT,D1763178,1,Årsta 1:1,Svärdlångsvägen 18,Årsta,YES,https://etjanster.stockholm.se/Byggochplantjansten/arende/arende/1310466?dataSource=Active
2026-00954,1312256,2026-01-22,,Anmaning att låta åtgärda hiss samt utföra förnyad besiktning,2026-01-22,"Intyg återkommande besiktning, ej godkänt, L2779702",Skrivelse In,ej godkänt,DETERMINISTIC_FAILURE,LIFT,L2779702,1,Fatbursviken 2,Fatburs Brunnsgata 16,Södermalm,NO,https://etjanster.stockholm.se/Byggochplantjansten/arende/arende/1312256?dataSource=Active
2026-00965,1312267,2026-01-22,2026-03-12,Anmaning att låta åtgärda hissar samt utföra förnyad besiktning,2026-01-22,"Intyg återkommande besiktning, ej godkänt, 60280",Skrivelse In,ej godkänt,DETERMINISTIC_FAILURE,LIFT,60280,1,Singeln 1,Krossgatan 40,Vinsta,YES,https://etjanster.stockholm.se/Byggochplantjansten/arende/arende/1312267?dataSource=Active
2026-00966,1312268,2026-01-22,2026-02-27,Anmaning att låta åtgärda hissar samt utföra förnyad besiktning,2026-01-22,"Intyg återkommande besiktning, ej godkänt, 60271",Skrivelse In,ej godkänt,DETERMINISTIC_FAILURE,LIFT,60271,1,Singeln 15,Krossgatan 34,Vinsta,YES,https://etjanster.stockholm.se/Byggochplantjansten/arende/arende/1312268?dataSource=Active
2026-01014,1312316,2026-01-23,,Anmaning att låta åtgärda hiss samt utföra förnyad besiktning,2026-01-23,"Intyg återkommande besiktning, ej godkänt, L2978694",Skrivelse In,ej godkänt,DETERMINISTIC_FAILURE,LIFT,L2978694,1,Skänninge 5,Tensta Allé 29,Tensta,NO,https://etjanster.stockholm.se/Byggochplantjansten/arende/arende/1312316?dataSource=Active
2026-01015,1312317,2026-01-23,,Anmaning att låta åtgärda hiss samt utföra förnyad besiktning,2026-01-23,"Intyg återkommande besiktning, ej godkänt, L2577635",Skrivelse In,ej godkänt,DETERMINISTIC_FAILURE,LIFT,L2577635,1,Fatbursbågen 1,Fatburs Brunnsgata 21,Södermalm,NO,https://etjanster.stockholm.se/Byggochplantjansten/arende/arende/1312317?dataSource=Active
2026-01017,1312319,2026-01-23,,Anmaning att låta åtgärda hissar samt utföra förnyad besiktning,2026-01-23,"Intyg återkommande besiktning, ej godkänt, 2 st, L7894346, L7894355",Skrivelse In,ej godkänt,DETERMINISTIC_FAILURE,LIFT,L7894346 L7894355,2,Skänninge 1,"Tensta Allé 45, Tensta Allé 51",Tensta,NO,https://etjanster.stockholm.se/Byggochplantjansten/arende/arende/1312319?dataSource=Active
2026-01019,1312321,2026-01-23,,Anmaning att låta åtgärda hissar samt utföra förnyad besiktning,2026-01-23,"Intyg återkommande besiktning, ej godkänt, 3 st, L7894293, L7894300, L7894319",Skrivelse In,ej godkänt,DETERMINISTIC_FAILURE,LIFT,L7894293 L7894300 L7894319,3,Skänninge 2,"Tensta Allé 31, Tensta Allé 37, Tensta Allé 43",Tensta,NO,https://etjanster.stockholm.se/Byggochplantjansten/arende/arende/1312321?dataSource=Active
2026-01023,1312325,2026-01-23,,Anmaning att låta åtgärda hiss samt utföra förnyad besiktning,2026-01-23,"Intyg återkommande besiktning, ej godkänt, L2806324",Skrivelse In,ej godkänt,DETERMINISTIC_FAILURE,LIFT,L2806324,1,Tumstocken 11,Blekingegatan 15F,Södermalm,NO,https://etjanster.stockholm.se/Byggochplantjansten/arende/arende/1312325?dataSource=Active
2026-01040,1312342,2026-01-23,2026-03-19,Anmaning att låta åtgärda hiss samt utföra förnyad besiktning,2026-01-23,"Intyg återkommande besiktning, ej godkänt, 43196",Skrivelse In,ej godkänt,DETERMINISTIC_FAILURE,LIFT,43196,1,Kakelugnen 5,Torsgatan 59,Vasastaden,YES,https://etjanster.stockholm.se/Byggochplantjansten/arende/arende/1312342?dataSource=Active
2026-01056,1312358,2026-01-23,2026-09-03,Anmaning att låta åtgärda hiss samt utföra förnyad besiktning,2026-01-23,"Intyg återkommande besiktning, ej godkänt, L4055208",Skrivelse In,ej godkänt,DETERMINISTIC_FAILURE,LIFT,L4055208,1,Skrovet 9,Bergsundsgatan 12,Södermalm,YES,https://etjanster.stockholm.se/Byggochplantjansten/arende/arende/1312358?dataSource=Active
2026-01057,1312359,2026-01-23,,Anmaning att låta åtgärda hiss samt utföra förnyad besiktning,2026-01-23,"Intyg återkommande besiktning, ej godkänt, S467255",Skrivelse In,ej godkänt,DETERMINISTIC_FAILURE,LIFT,S467255,1,Björnsätra 3,Kungssätravägen 18,Sätra,NO,https://etjanster.stockholm.se/Byggochplantjansten/arende/arende/1312359?dataSource=Active
2026-01058,1312360,2026-01-23,,Anmaning att låta åtgärda hiss samt utföra förnyad besiktning,2026-01-23,"Intyg återkommande besiktning, ej godkänt, S649392",Skrivelse In,ej godkänt,DETERMINISTIC_FAILURE,LIFT,S649392,1,Strålången 2,Årstavägen 23,Årsta,NO,https://etjanster.stockholm.se/Byggochplantjansten/arende/arende/1312360?dataSource=Active
2026-01059,1312361,2026-01-23,2026-08-25,Anmaning att låta åtgärda hiss samt utföra förnyad besiktning,2026-01-23,"Intyg återkommande besiktning, ej godkänt, L3087335",Skrivelse In,ej godkänt,DETERMINISTIC_FAILURE,LIFT,L3087335,1,Fabriken 6,Långholmsgatan 32,Södermalm,YES,https://etjanster.stockholm.se/Byggochplantjansten/arende/arende/1312361?dataSource=Active
2026-01061,1312363,2026-01-23,,Anmaning att låta åtgärda hiss samt utföra förnyad besiktning,2026-01-23,"Intyg återkommande besiktning, ej godkänt, S417871",Skrivelse In,ej godkänt,DETERMINISTIC_FAILURE,LIFT,S417871,1,Fikonträdet 15,Södra Agnegatan 25,Kungsholmen,YES,https://etjanster.stockholm.se/Byggochplantjansten/arende/arende/1312363?dataSource=Active
2026-01062,1312364,2026-01-23,2026-08-18,Anmaning att låta åtgärda hiss samt utföra förnyad besiktning,2026-01-23,"Intyg återkommande besiktning, ej godkänt, L3729159",Skrivelse In,ej godkänt,DETERMINISTIC_FAILURE,LIFT,L3729159,1,Volontären 2,Tomtebogatan 51,Vasastaden,YES,https://etjanster.stockholm.se/Byggochplantjansten/arende/arende/1312364?dataSource=Active
2026-01063,1312365,2026-01-23,2026-08-25,Anmaning att låta åtgärda hiss samt utföra förnyad besiktning,2026-01-23,"Intyg återkommande besiktning, ej godkänt, L3735420",Skrivelse In,ej godkänt,DETERMINISTIC_FAILURE,LIFT,L3735420,1,Järnplåten 29,Oxtorgsgränd 2,Norrmalm,YES,https://etjanster.stockholm.se/Byggochplantjansten/arende/arende/1312365?dataSource=Active
2026-01064,1312366,2026-01-23,,Anmaning att låta åtgärda hiss samt utföra förnyad besiktning,2026-01-23,"Intyg återkommande besiktning, ej godkänt, L3734217",Skrivelse In,ej godkänt,DETERMINISTIC_FAILURE,LIFT,L3734217,1,Kungsbacken 10,Holländargatan 31,Vasastaden,NO,https://etjanster.stockholm.se/Byggochplantjansten/arende/arende/1312366?dataSource=Active
2026-01066,1312368,2026-01-23,2026-05-05,Anmaning att låta åtgärda hiss samt utföra förnyad besiktning,2026-01-23,"Intyg återkommande besiktning, ej godkänt, L3681624",Skrivelse In,ej godkänt,DETERMINISTIC_FAILURE,LIFT,L3681624,1,Laxöringen 14,Linnégatan 25,Östermalm,YES,https://etjanster.stockholm.se/Byggochplantjansten/arende/arende/1312368?dataSource=Active
2026-01067,1312369,2026-01-23,,Anmaning att låta åtgärda hiss samt utföra förnyad besiktning,2026-01-23,"Intyg återkommande besiktning, ej godkänt, L3107331",Skrivelse In,ej godkänt,DETERMINISTIC_FAILURE,LIFT,L3107331,1,Lägret 9,Banérgatan 5,Östermalm,NO,https://etjanster.stockholm.se/Byggochplantjansten/arende/arende/1312369?dataSource=Active
2026-01073,1312375,2026-01-23,2026-08-21,Anmaning att låta åtgärda port samt utföra förnyad besiktning,2026-01-23,"Intyg återkommande besiktning, ej godkänt, S1005420",Skrivelse In,ej godkänt,DETERMINISTIC_FAILURE,POWERED_GATE_OR_DOOR,S1005420,1,Neptunus 31,Grevgatan 34,Östermalm,YES,https://etjanster.stockholm.se/Byggochplantjansten/arende/arende/1312375?dataSource=Active
2026-01075,1312377,2026-01-23,2026-08-25,Anmaning att låta åtgärda hiss samt utföra förnyad besiktning,2026-01-23,"Intyg återkommande besiktning, ej godkänt, L3718798",Skrivelse In,ej godkänt,DETERMINISTIC_FAILURE,LIFT,L3718798,1,Primusköket 3,Essinge Brogata 6,Lilla Essingen,YES,https://etjanster.stockholm.se/Byggochplantjansten/arende/arende/1312377?dataSource=Active
2026-01077,1312379,2026-01-23,2026-09-01,Anmaning att låta åtgärda hiss samt utföra förnyad besiktning,2026-01-23,"Intyg återkommande besiktning, ej godkänt, L4047619",Skrivelse In,ej godkänt,DETERMINISTIC_FAILURE,LIFT,L4047619,1,Propellern 9,Folkskolegatan 4,Södermalm,YES,https://etjanster.stockholm.se/Byggochplantjansten/arende/arende/1312379?dataSource=Active
2026-01079,1312381,2026-01-23,2026-09-02,Anmaning att låta åtgärda hiss samt utföra förnyad besiktning,2026-01-23,"Intyg återkommande besiktning, ej godkänt, L4055794",Skrivelse In,ej godkänt,DETERMINISTIC_FAILURE,LIFT,L4055794,1,Sågen 6,Hornsgatan 178,Södermalm,YES,https://etjanster.stockholm.se/Byggochplantjansten/arende/arende/1312381?dataSource=Active
2026-01080,1312382,2026-01-23,2026-08-21,Anmaning att låta åtgärda hiss samt utföra förnyad besiktning,2026-01-23,"Intyg återkommande besiktning, ej godkänt, L3480886",Skrivelse In,ej godkänt,DETERMINISTIC_FAILURE,LIFT,L3480886,1,Tallen 23,Lill-jans Plan 6,Östermalm,YES,https://etjanster.stockholm.se/Byggochplantjansten/arende/arende/1312382?dataSource=Active
2026-01083,1312385,2026-01-23,,Anmaning att låta åtgärda hiss samt utföra förnyad besiktning,2026-01-23,"Intyg återkommande besiktning, ej godkänt, S668713",Skrivelse In,ej godkänt,DETERMINISTIC_FAILURE,LIFT,S668713,1,Gröna Rutan 3,Vita Liljans Väg 33,Bredäng,NO,https://etjanster.stockholm.se/Byggochplantjansten/arende/arende/1312385?dataSource=Active
2026-01085,1312387,2026-01-23,,Anmaning att låta åtgärda hissar samt utföra förnyad besiktning,2026-01-23,"Intyg återkommande besiktning, ej godkänt, 2 st, L3700309, L3700317",Skrivelse In,ej godkänt,DETERMINISTIC_FAILURE,LIFT,L3700309 L3700317,2,Beckasinen 17,"Birger Jarlsgatan 118A, Birger Jarlsgatan 118B",Östermalm,NO,https://etjanster.stockholm.se/Byggochplantjansten/arende/arende/1312387?dataSource=Active
2026-01086,1312388,2026-01-23,2026-09-03,Anmaning att låta åtgärda hissar samt utföra förnyad besiktning,2026-01-23,"Intyg återkommande besiktning, ej godkänt, 2 st, S307840, S307843",Skrivelse In,ej godkänt,DETERMINISTIC_FAILURE,LIFT,S307840 S307843,2,"Djursätra 1, Djursätra 2","Kungssätravägen 58, Kungssätravägen 62",Sätra,YES,https://etjanster.stockholm.se/Byggochplantjansten/arende/arende/1312388?dataSource=Active
2026-01089,1312391,2026-01-23,2026-08-28,Anmaning att låta åtgärda hissar samt utföra förnyad besiktning,2026-01-23,"Intyg återkommande besiktning, ej godkänt, 2 st, S251526, S251527",Skrivelse In,ej godkänt,DETERMINISTIC_FAILURE,LIFT,S251526 S251527,2,Badmintonhallen 1,"Studentbacken 32, Studentbacken 34",Ladugårdsgärdet,YES,https://etjanster.stockholm.se/Byggochplantjansten/arende/arende/1312391?dataSource=Active
2026-01090,1312392,2026-01-23,2026-09-02,Anmaning att låta åtgärda hissar samt utföra förnyad besiktning,2026-01-23,"Intyg återkommande besiktning, ej godkänt, 2 st, S521328, S525331",Skrivelse In,ej godkänt,DETERMINISTIC_FAILURE,LIFT,S521328 S525331,2,Örnholmen 2,"Fjärdholmsgränd 9A, Fjärdholmsgränd 9B",Vårberg,YES,https://etjanster.stockholm.se/Byggochplantjansten/arende/arende/1312392?dataSource=Active
2026-01092,1312394,2026-01-23,,Anmaning att låta åtgärda hissar samt utföra förnyad besiktning,2026-01-23,"Intyg återkommande besiktning, ej godkänt, 2 st, S477685, S477692",Skrivelse In,ej godkänt,DETERMINISTIC_FAILURE,LIFT,S477685 S477692,2,Björnen Och Loen 1,Jakobsgatan 24,Norrmalm,NO,https://etjanster.stockholm.se/Byggochplantjansten/arende/arende/1312394?dataSource=Active
2026-01093,1312395,2026-01-23,,Anmaning att låta åtgärda hissar samt utföra förnyad besiktning,2026-01-23,"Intyg återkommande besiktning, ej godkänt, 2 st, L3678299, L3678307",Skrivelse In,ej godkänt,DETERMINISTIC_FAILURE,LIFT,L3678299 L3678307,2,Plogen 14,"Gotlandsgatan 73, Södermannagatan 46",Södermalm,YES,https://etjanster.stockholm.se/Byggochplantjansten/arende/arende/1312395?dataSource=Active
2026-01095,1312397,2026-01-23,2026-09-10,Anmaning att låta åtgärda hissar samt utföra förnyad besiktning,2026-01-23,"Intyg återkommande besiktning, ej godkänt, 2 st, L6334213, L6334221",Skrivelse In,ej godkänt,DETERMINISTIC_FAILURE,LIFT,L6334213 L6334221,2,Vindruvan 19,Pipersgatan 5,Kungsholmen,YES,https://etjanster.stockholm.se/Byggochplantjansten/arende/arende/1312397?dataSource=Active
2026-01097,1312399,2026-01-23,,Anmaning att låta åtgärda hissar samt utföra förnyad besiktning,2026-01-23,"Intyg återkommande besiktning, ej godkänt, 2 st, S529222, S529261",Skrivelse In,ej godkänt,DETERMINISTIC_FAILURE,LIFT,S529222 S529261,2,Paddocken 1,Åkeshovsvägen 55,Nockebyhov,NO,https://etjanster.stockholm.se/Byggochplantjansten/arende/arende/1312399?dataSource=Active
2026-01101,1312403,2026-01-23,2026-08-25,Anmaning att låta åtgärda hissar samt utföra förnyad besiktning,2026-01-23,"Intyg återkommande besiktning, ej godkänt, 3 st, L5125307, L5125331, L5127865",Skrivelse In,ej godkänt,DETERMINISTIC_FAILURE,LIFT,L5125307 L5125331 L5127865,3,Träskfloden 15,"Birger Jarlsgatan 72, Birger Jarlsgatan 74, Karlavägen 6",Östermalm,YES,https://etjanster.stockholm.se/Byggochplantjansten/arende/arende/1312403?dataSource=Active
2025-19283,1310121,2025-12-09,,Anmaning att låta åtgärda rulltrappa samt utföra förnyad besiktning,2026-01-26,"Intyg återkommande besiktning, ej godkänt, L2751115",Skrivelse In,ej godkänt,DETERMINISTIC_FAILURE,ESCALATOR_OR_MOVING_WALK,L2751115,1,Traneberg 1:13,"Information saknas för ""Adress""",Alvik,NO,https://etjanster.stockholm.se/Byggochplantjansten/arende/arende/1310121?dataSource=Active
2026-01183,1312485,2026-01-26,,"Anmaning att låta åtgärda hiss samt utföra förnyad besiktning, Snösätraskolan",2026-01-26,"Intyg återkommande besiktning, ej godkänt, D1600263",Skrivelse In,ej godkänt,DETERMINISTIC_FAILURE,LIFT,D1600263,1,Snösätrahöjden 1,Vallhornsgatan 21,Rågsved,NO,https://etjanster.stockholm.se/Byggochplantjansten/arende/arende/1312485?dataSource=Active
2026-01184,1312486,2026-01-26,,Anmaning att låta åtgärda hiss samt utföra förnyad besiktning,2026-01-26,"Intyg återkommande besiktning, ej godkänt, L2808448",Skrivelse In,ej godkänt,DETERMINISTIC_FAILURE,LIFT,L2808448,1,Paris 5,Kvarngatan 10B,Södermalm,NO,https://etjanster.stockholm.se/Byggochplantjansten/arende/arende/1312486?dataSource=Active
2026-01214,1312516,2026-01-27,2026-08-17,Anmaning att låta åtgärda hiss samt utföra förnyad besiktning,2026-01-27,"Intyg återkommande besiktning, ej godkänt, 37694",Skrivelse In,ej godkänt,DETERMINISTIC_FAILURE,LIFT,37694,1,Fajansen 2,Norrbackagatan 30,Vasastaden,YES,https://etjanster.stockholm.se/Byggochplantjansten/arende/arende/1312516?dataSource=Active
2026-01220,1312522,2026-01-27,2026-07-06,Anmaning att låta åtgärda hissar samt utföra förnyad besiktning,2026-01-27,"Intyg återkommande besiktning, ej godkänt, 68767",Skrivelse In,ej godkänt,DETERMINISTIC_FAILURE,LIFT,68767,1,Svenska Gillet 1,Bredängstorget 5,Bredäng,YES,https://etjanster.stockholm.se/Byggochplantjansten/arende/arende/1312522?dataSource=Active
2026-01222,1312524,2026-01-27,2026-09-01,Anmaning att låta åtgärda hiss samt utföra förnyad besiktning,2026-01-27,"Intyg återkommande besiktning, ej godkänt, 54834",Skrivelse In,ej godkänt,DETERMINISTIC_FAILURE,LIFT,54834,1,Sleipner 9,Västmannagatan 86,Vasastaden,YES,https://etjanster.stockholm.se/Byggochplantjansten/arende/arende/1312524?dataSource=Active
2026-01224,1312526,2026-01-27,,Anmaning att låta åtgärda hissar samt utföra förnyad besiktning,2026-01-27,"Intyg återkommande besiktning, ej godkänt, 2 st, 60227, 60228",Skrivelse In,ej godkänt,DETERMINISTIC_FAILURE,LIFT,60227 60228,2,Kättingen 23,"Sankt Eriksgatan 53A, Sankt Eriksgatan 53B",Kungsholmen,NO,https://etjanster.stockholm.se/Byggochplantjansten/arende/arende/1312526?dataSource=Active
2026-01230,1312532,2026-01-27,,Anmaning att låta åtgärda hiss samt utföra förnyad besiktning,2026-01-27,"Intyg återkommande besiktning, ej godkänt, L2906707",Skrivelse In,ej godkänt,DETERMINISTIC_FAILURE,LIFT,L2906707,1,Rackarbergen 3,Sjukhusbacken 22,Södermalm,NO,https://etjanster.stockholm.se/Byggochplantjansten/arende/arende/1312532?dataSource=Active
2026-01249,1312551,2026-01-27,,Anmaning att låta åtgärda hiss samt utföra förnyad besiktning,2026-01-27,"Intyg återkommande besiktning, ej godkänt, L2625949",Skrivelse In,ej godkänt,DETERMINISTIC_FAILURE,LIFT,L2625949,1,Sjöhästen 26,Artillerigatan 29,Östermalm,NO,https://etjanster.stockholm.se/Byggochplantjansten/arende/arende/1312551?dataSource=Active
2026-01323,1312625,2026-01-28,2026-05-25,Anmaning att låta åtgärda hiss samt utföra förnyad besiktning,2026-01-28,"Intyg återkommande besiktning, ej godkänt, 68927",Skrivelse In,ej godkänt,DETERMINISTIC_FAILURE,LIFT,68927,1,Fröken Julie 1,Gösta Ekmans Väg 10,Hägersten,YES,https://etjanster.stockholm.se/Byggochplantjansten/arende/arende/1312625?dataSource=Active
2026-01326,1312628,2026-01-28,2026-08-28,Anmaning att låta åtgärda port samt utföra förnyad besiktning,2026-01-28,"Intyg återkommande besiktning, ej godkänt, D1791043",Skrivelse In,ej godkänt,DETERMINISTIC_FAILURE,POWERED_GATE_OR_DOOR,D1791043,1,Hundgården 1,Persikogatan 77,Hässelby Strand,YES,https://etjanster.stockholm.se/Byggochplantjansten/arende/arende/1312628?dataSource=Active
2026-01351,1312653,2026-01-28,,Anmaning att låta åtgärda hissar samt utföra förnyad besiktning,2026-01-28,"Intyg återkommande besiktning, ej godkänt, D1601295",Skrivelse In,ej godkänt,DETERMINISTIC_FAILURE,LIFT,D1601295,1,Alstern 1,Simlångsvägen 26,Årsta,NO,https://etjanster.stockholm.se/Byggochplantjansten/arende/arende/1312653?dataSource=Active
2026-01353,1312655,2026-01-28,,Anmaning att låta åtgärda hissar samt utföra förnyad besiktning,2026-01-28,"Intyg återkommande besiktning, ej godkänt, L9020384",Skrivelse In,ej godkänt,DETERMINISTIC_FAILURE,LIFT,L9020384,1,Rosendal Mindre 30,Hornsgatan 35B,Södermalm,NO,https://etjanster.stockholm.se/Byggochplantjansten/arende/arende/1312655?dataSource=Active
2026-01422,1312724,2026-01-29,,Anmaning att låta åtgärda hiss samt utföra förnyad besiktning,2026-01-29,"Intyg återkommande besiktning, ej godkänt, 28494",Skrivelse In,ej godkänt,DETERMINISTIC_FAILURE,LIFT,28494,1,Tryckarket 6,Bokbindarvägen 55,Hägerstensåsen,NO,https://etjanster.stockholm.se/Byggochplantjansten/arende/arende/1312724?dataSource=Active
2026-01423,1312725,2026-01-29,2026-09-01,Anmaning att låta åtgärda hissar samt utföra förnyad besiktning,2026-01-29,"Intyg återkommande besiktning, ej godkänt, 3 st, 48403, 48404, 48405",Skrivelse In,ej godkänt,DETERMINISTIC_FAILURE,LIFT,48403 48404 48405,3,Arkivfotot 3,"Harpsundsvägen 78, Harpsundsvägen 80A, Harpsundsvägen 80B",Högdalen,YES,https://etjanster.stockholm.se/Byggochplantjansten/arende/arende/1312725?dataSource=Active
2026-01019,1312321,2026-01-23,,Anmaning att låta åtgärda hissar samt utföra förnyad besiktning,2026-01-30,"Intyg återkommande besiktning, ej godkänt, L7894293",Skrivelse In,ej godkänt,DETERMINISTIC_FAILURE,LIFT,L7894293,1,Skänninge 2,"Tensta Allé 31, Tensta Allé 37, Tensta Allé 43",Tensta,NO,https://etjanster.stockholm.se/Byggochplantjansten/arende/arende/1312321?dataSource=Active
2026-01502,1312804,2026-01-30,2026-08-28,Anmaning att låta åtgärda port samt utföra förnyad besiktning,2026-01-30,"Intyg återkommande besiktning, ej godkänt, D1791642",Skrivelse In,ej godkänt,DETERMINISTIC_FAILURE,POWERED_GATE_OR_DOOR,D1791642,1,Floden 1,Kopparbacken 22,Råcksta,YES,https://etjanster.stockholm.se/Byggochplantjansten/arende/arende/1312804?dataSource=Active
2026-01503,1312805,2026-01-30,,Anmaning att låta åtgärda hiss samt utföra förnyad besiktning,2026-01-30,"Intyg återkommande besiktning, ej godkänt, L7922789",Skrivelse In,ej godkänt,DETERMINISTIC_FAILURE,LIFT,L7922789,1,Kontorsskylten 6,Pajalagatan 56,Vällingby,NO,https://etjanster.stockholm.se/Byggochplantjansten/arende/arende/1312805?dataSource=Active
2026-01504,1312806,2026-01-30,2026-08-21,Anmaning att låta åtgärda hiss samt utföra förnyad besiktning,2026-01-30,"Intyg återkommande besiktning, ej godkänt, L7920432",Skrivelse In,ej godkänt,DETERMINISTIC_FAILURE,LIFT,L7920432,1,Kontorsskylten 2,Vällingby Torg 18,Vällingby,YES,https://etjanster.stockholm.se/Byggochplantjansten/arende/arende/1312806?dataSource=Active
2026-01512,1312814,2026-01-30,,Anmaning att låta åtgärda hissar samt utföra förnyad besiktning,2026-01-30,"Intyg återkommande besiktning, ej godkänt, 2 st, L2657718, L2853112",Skrivelse In,ej godkänt,DETERMINISTIC_FAILURE,LIFT,L2657718 L2853112,2,Sperlingens Backe 56,"Grev Turegatan 11A, Grev Turegatan 11C",Östermalm,NO,https://etjanster.stockholm.se/Byggochplantjansten/arende/arende/1312814?dataSource=Active
2026-01079,1312381,2026-01-23,2026-09-02,Anmaning att låta åtgärda hiss samt utföra förnyad besiktning,2026-02-02,"Intyg återkommande besiktning, ej godkänt, L4055794",Skrivelse In,ej godkänt,DETERMINISTIC_FAILURE,LIFT,L4055794,1,Sågen 6,Hornsgatan 178,Södermalm,YES,https://etjanster.stockholm.se/Byggochplantjansten/arende/arende/1312381?dataSource=Active
2026-01609,1312911,2026-02-02,2026-08-25,Anmaning att låta åtgärda hiss samt utföra förnyad besiktning,2026-02-02,"Intyg återkommande besiktning, ej godkänt, D1707683",Skrivelse In,ej godkänt,DETERMINISTIC_FAILURE,LIFT,D1707683,1,Toppen 8,Skönviksvägen 216,Stureby,YES,https://etjanster.stockholm.se/Byggochplantjansten/arende/arende/1312911?dataSource=Active
2026-01615,1312917,2026-02-02,,Anmaning att låta åtgärda hiss samt utföra förnyad besiktning,2026-02-02,"Intyg återkommande besiktning, ej godkänt, L6656235",Skrivelse In,ej godkänt,DETERMINISTIC_FAILURE,LIFT,L6656235,1,Baggen 22,Tulegatan 34,Vasastaden,YES,https://etjanster.stockholm.se/Byggochplantjansten/arende/arende/1312917?dataSource=Active
2026-01616,1312918,2026-02-02,,Anmaning att låta åtgärda port samt utföra förnyad besiktning,2026-02-02,"Intyg återkommande besiktning, ej godkänt, S1006418",Skrivelse In,ej godkänt,DETERMINISTIC_FAILURE,POWERED_GATE_OR_DOOR,S1006418,1,Domnarvet 16,Fagerstagatan 7,Lunda,YES,https://etjanster.stockholm.se/Byggochplantjansten/arende/arende/1312918?dataSource=Active
2026-01617,1312919,2026-02-02,2026-08-25,Anmaning att låta åtgärda hiss samt utföra förnyad besiktning,2026-02-02,"Intyg återkommande besiktning, ej godkänt, L3172996",Skrivelse In,ej godkänt,DETERMINISTIC_FAILURE,LIFT,L3172996,1,Gamlebo 8,Ramviksvägen 213,Stureby,YES,https://etjanster.stockholm.se/Byggochplantjansten/arende/arende/1312919?dataSource=Active
2026-01618,1312920,2026-02-02,2026-08-25,Anmaning att låta åtgärda hiss samt utföra förnyad besiktning,2026-02-02,"Intyg återkommande besiktning, ej godkänt, L3487238",Skrivelse In,ej godkänt,DETERMINISTIC_FAILURE,LIFT,L3487238,1,Hantverkaren 22,Drottningholmsvägen 8,Kungsholmen,YES,https://etjanster.stockholm.se/Byggochplantjansten/arende/arende/1312920?dataSource=Active
2026-01619,1312921,2026-02-02,,Anmaning att låta åtgärda port samt utföra förnyad besiktning,2026-02-02,"Intyg återkommande besiktning, ej godkänt, L0078410",Skrivelse In,ej godkänt,DETERMINISTIC_FAILURE,POWERED_GATE_OR_DOOR,L0078410,1,Ljudspalten 1,Trollesundsvägen 119,Högdalen,NO,https://etjanster.stockholm.se/Byggochplantjansten/arende/arende/1312921?dataSource=Active
2026-01620,1312922,2026-02-02,2026-08-19,Anmaning att låta åtgärda hiss samt utföra förnyad besiktning,2026-02-02,"Intyg återkommande besiktning, ej godkänt, L6743876",Skrivelse In,ej godkänt,DETERMINISTIC_FAILURE,LIFT,L6743876,1,Johannes Större 9,Fredsgatan 6,Norrmalm,YES,https://etjanster.stockholm.se/Byggochplantjansten/arende/arende/1312922?dataSource=Active
2026-01621,1312923,2026-02-02,2026-08-27,Anmaning att låta åtgärda hiss samt utföra förnyad besiktning,2026-02-02,"Intyg återkommande besiktning, ej godkänt, S288111",Skrivelse In,ej godkänt,DETERMINISTIC_FAILURE,LIFT,S288111,1,Apeln 8,Olof Palmes Gata 17,Norrmalm,YES,https://etjanster.stockholm.se/Byggochplantjansten/arende/arende/1312923?dataSource=Active
2026-01622,1312924,2026-02-02,2026-09-03,Anmaning att låta åtgärda hiss samt utföra förnyad besiktning,2026-02-02,"Intyg återkommande besiktning, ej godkänt, L3743978",Skrivelse In,ej godkänt,DETERMINISTIC_FAILURE,LIFT,L3743978,1,Krinolinen 2,Fredrika Bremers Gata 33,Fruängen,YES,https://etjanster.stockholm.se/Byggochplantjansten/arende/arende/1312924?dataSource=Active
2026-01624,1312926,2026-02-02,2026-08-17,Anmaning att låta åtgärda hiss samt utföra förnyad besiktning,2026-02-02,"Intyg återkommande besiktning, ej godkänt, L3495538",Skrivelse In,ej godkänt,DETERMINISTIC_FAILURE,LIFT,L3495538,1,Ladugårdsgärdet 1:4,Frihamnsgatan 50,Ladugårdsgärdet,YES,https://etjanster.stockholm.se/Byggochplantjansten/arende/arende/1312926?dataSource=Active
2026-01625,1312927,2026-02-02,2026-08-25,Anmaning att låta åtgärda hiss samt utföra förnyad besiktning,2026-02-02,"Intyg återkommande besiktning, ej godkänt, S392153",Skrivelse In,ej godkänt,DETERMINISTIC_FAILURE,LIFT,S392153,1,Malsätra 3,Frösätrabacken 46,Sätra,YES,https://etjanster.stockholm.se/Byggochplantjansten/arende/arende/1312927?dataSource=Active
2026-01626,1312928,2026-02-02,,Anmaning att låta åtgärda hiss samt utföra förnyad besiktning,2026-02-02,"Intyg återkommande besiktning, ej godkänt, S969015",Skrivelse In,ej godkänt,DETERMINISTIC_FAILURE,LIFT,S969015,1,Persikan 6,Tegelviksgatan 10A,Södermalm,NO,https://etjanster.stockholm.se/Byggochplantjansten/arende/arende/1312928?dataSource=Active
2026-01628,1312930,2026-02-02,2026-09-01,Anmaning att låta åtgärda hiss samt utföra förnyad besiktning,2026-02-02,"Intyg återkommande besiktning, ej godkänt, L3718574",Skrivelse In,ej godkänt,DETERMINISTIC_FAILURE,LIFT,L3718574,1,Pontonjären 4,Pontonjärgatan 27,Kungsholmen,YES,https://etjanster.stockholm.se/Byggochplantjansten/arende/arende/1312930?dataSource=Active
2026-01629,1312931,2026-02-02,2026-09-08,Anmaning att låta åtgärda hiss samt utföra förnyad besiktning,2026-02-02,"Intyg återkommande besiktning, ej godkänt, L3701190",Skrivelse In,ej godkänt,DETERMINISTIC_FAILURE,LIFT,L3701190,1,Stallmästaren 6,Linnégatan 76,Östermalm,YES,https://etjanster.stockholm.se/Byggochplantjansten/arende/arende/1312931?dataSource=Active
2026-01630,1312932,2026-02-02,2026-08-19,Anmaning att låta åtgärda hiss samt utföra förnyad besiktning,2026-02-02,"Intyg återkommande besiktning, ej godkänt, L3492576",Skrivelse In,ej godkänt,DETERMINISTIC_FAILURE,LIFT,L3492576,1,Stjärnfallet 2,Observatoriegatan 9,Vasastaden,YES,https://etjanster.stockholm.se/Byggochplantjansten/arende/arende/1312932?dataSource=Active
2026-01631,1312933,2026-02-02,2026-08-25,Anmaning att låta åtgärda hiss samt utföra förnyad besiktning,2026-02-02,"Intyg återkommande besiktning, ej godkänt, L3679172",Skrivelse In,ej godkänt,DETERMINISTIC_FAILURE,LIFT,L3679172,1,Stuten 16,Oxtorget 8,Norrmalm,YES,https://etjanster.stockholm.se/Byggochplantjansten/arende/arende/1312933?dataSource=Active
2026-01633,1312935,2026-02-02,2026-08-27,Anmaning att låta åtgärda hiss samt utföra förnyad besiktning,2026-02-02,"Intyg återkommande besiktning, ej godkänt, L3714094",Skrivelse In,ej godkänt,DETERMINISTIC_FAILURE,LIFT,L3714094,1,Vattuormen 28,Garvargatan 7,Kungsholmen,YES,https://etjanster.stockholm.se/Byggochplantjansten/arende/arende/1312935?dataSource=Active
2026-01634,1312936,2026-02-02,,Anmaning att låta åtgärda hiss samt utföra förnyad besiktning,2026-02-02,"Intyg återkommande besiktning, ej godkänt, L3129756",Skrivelse In,ej godkänt,DETERMINISTIC_FAILURE,LIFT,L3129756,1,Fader Berg 5,Klubbacken 45,Hägersten,YES,https://etjanster.stockholm.se/Byggochplantjansten/arende/arende/1312936?dataSource=Active
2026-01635,1312937,2026-02-02,2026-09-23,Anmaning att låta åtgärda hiss samt utföra förnyad besiktning,2026-02-02,"Intyg återkommande besiktning, ej godkänt, L5580733",Skrivelse In,ej godkänt,DETERMINISTIC_FAILURE,LIFT,L5580733,1,Trasten 4,Birger Jarlsgatan 96,Östermalm,YES,https://etjanster.stockholm.se/Byggochplantjansten/arende/arende/1312937?dataSource=Active
2026-01636,1312938,2026-02-02,,Anmaning att låta åtgärda hissar samt utföra förnyad besiktning,2026-02-02,"Intyg återkommande besiktning, ej godkänt, 2 st, S941620, S941621",Skrivelse In,ej godkänt,DETERMINISTIC_FAILURE,LIFT,S941620 S941621,2,Packarhuset 4,Hamngatan 8,Norrmalm,YES,https://etjanster.stockholm.se/Byggochplantjansten/arende/arende/1312938?dataSource=Active
2026-01637,1312939,2026-02-02,,Anmaning att låta åtgärda hissar samt utföra förnyad besiktning,2026-02-02,"Intyg återkommande besiktning, ej godkänt, 2 st, L3488616, L9530569",Skrivelse In,ej godkänt,DETERMINISTIC_FAILURE,LIFT,L3488616 L9530569,2,Trängkåren 6,"Gjörwellsgatan 28, Rålambsvägen 13",Marieberg,NO,https://etjanster.stockholm.se/Byggochplantjansten/arende/arende/1312939?dataSource=Active
2026-01638,1312940,2026-02-02,,Anmaning att låta åtgärda portar samt utföra förnyad besiktning,2026-02-02,"Intyg återkommande besiktning, ej godkänt, 2 st, S637895, S821629",Skrivelse In,ej godkänt,DETERMINISTIC_FAILURE,POWERED_GATE_OR_DOOR,S637895 S821629,2,Stora Katrineberg 16,Liljeholmsstranden 3,Liljeholmen,NO,https://etjanster.stockholm.se/Byggochplantjansten/arende/arende/1312940?dataSource=Active
2026-01639,1312941,2026-02-02,,Anmaning att låta åtgärda portar samt utföra förnyad besiktning,2026-02-02,"Intyg återkommande besiktning, ej godkänt, 2 st, S539169, S539170",Skrivelse In,ej godkänt,DETERMINISTIC_FAILURE,POWERED_GATE_OR_DOOR,S539169 S539170,2,Klockan 1,Kungsgatan 70,Norrmalm,NO,https://etjanster.stockholm.se/Byggochplantjansten/arende/arende/1312941?dataSource=Active
2026-01640,1312942,2026-02-02,,Anmaning att låta åtgärda hissar samt utföra förnyad besiktning,2026-02-02,"Intyg återkommande besiktning, ej godkänt, 2 st, S829389, S832715",Skrivelse In,ej godkänt,DETERMINISTIC_FAILURE,LIFT,S829389 S832715,2,Ordonnansen 6,"Värtavägen 53B, Värtavägen 53F",Ladugårdsgärdet,NO,https://etjanster.stockholm.se/Byggochplantjansten/arende/arende/1312942?dataSource=Active
2026-01642,1312944,2026-02-02,,Anmaning att låta åtgärda hissar samt utföra förnyad besiktning,2026-02-02,"Intyg återkommande besiktning, ej godkänt, 2 st, S333355, S333356",Skrivelse In,ej godkänt,DETERMINISTIC_FAILURE,LIFT,S333355 S333356,2,Kornetten 9,Skeppargatan 82,Östermalm,YES,https://etjanster.stockholm.se/Byggochplantjansten/arende/arende/1312944?dataSource=Active
2026-01643,1312945,2026-02-02,2026-08-24,Anmaning att låta åtgärda hissar samt utföra förnyad besiktning,2026-02-02,"Intyg återkommande besiktning, ej godkänt, 2 st, S392147, S392149",Skrivelse In,ej godkänt,DETERMINISTIC_FAILURE,LIFT,S392147 S392149,2,Frösätra 1,Frösätrabacken 7,Sätra,YES,https://etjanster.stockholm.se/Byggochplantjansten/arende/arende/1312945?dataSource=Active
2026-01644,1312946,2026-02-02,,Anmaning att låta åtgärda portar samt utföra förnyad besiktning,2026-02-02,"Intyg återkommande besiktning, ej godkänt, 4 st, L5139936, L9103763, S400686, S454673",Skrivelse In,ej godkänt,DETERMINISTIC_FAILURE,POWERED_GATE_OR_DOOR,L5139936 L9103763 S400686 S454673,4,Riksby 1:13,Linta Gårdsväg 5,Riksby,NO,https://etjanster.stockholm.se/Byggochplantjansten/arende/arende/1312946?dataSource=Active
2025-15296,1306134,2025-10-06,2026-06-12,Anmaning att låta åtgärda hiss samt utföra förnyad besiktning,2026-02-04,"Intyg återkommande besiktning, ej godkänt, S639701",Skrivelse In,ej godkänt,DETERMINISTIC_FAILURE,LIFT,S639701,1,Oskarslund 1,Oskarslundsbacken 7,Liljeholmen,YES,https://etjanster.stockholm.se/Byggochplantjansten/arende/arende/1306134?dataSource=Active
2026-01878,1313180,2026-02-04,2026-08-25,Anmaning att låta åtgärda hiss samt utföra förnyad besiktning,2026-02-04,"Intyg återkommande besiktning, ej godkänt, D1540158",Skrivelse In,ej godkänt,DETERMINISTIC_FAILURE,LIFT,D1540158,1,Hållkarlen 1,Timmermansgatan 46,Södermalm,YES,https://etjanster.stockholm.se/Byggochplantjansten/arende/arende/1313180?dataSource=Active
2026-01880,1313182,2026-02-04,2026-08-25,Anmaning att låta åtgärda hiss samt utföra förnyad besiktning,2026-02-04,"Intyg återkommande besiktning, ej godkänt, D1611597",Skrivelse In,ej godkänt,DETERMINISTIC_FAILURE,LIFT,D1611597,1,Gråberget 16,Tjärhovsgatan 12,Södermalm,YES,https://etjanster.stockholm.se/Byggochplantjansten/arende/arende/1313182?dataSource=Active
2026-01881,1313183,2026-02-04,2026-09-22,Anmaning att låta åtgärda hiss samt utföra förnyad besiktning,2026-02-04,"Intyg återkommande besiktning, ej godkänt, L7729579",Skrivelse In,ej godkänt,DETERMINISTIC_FAILURE,LIFT,L7729579,1,Tornö 2,Brunskogsbacken 6,Farsta Strand,YES,https://etjanster.stockholm.se/Byggochplantjansten/arende/arende/1313183?dataSource=Active
2026-01882,1313184,2026-02-04,2026-08-21,Anmaning att låta åtgärda hiss samt utföra förnyad besiktning,2026-02-04,"Intyg återkommande besiktning, ej godkänt, L2857789",Skrivelse In,ej godkänt,DETERMINISTIC_FAILURE,LIFT,L2857789,1,Grynnan 2,Korphoppsgatan 22,Södra Hammarbyhamnen,YES,https://etjanster.stockholm.se/Byggochplantjansten/arende/arende/1313184?dataSource=Active
2026-01883,1313185,2026-02-04,,Anmaning att låta åtgärda hissar samt utföra förnyad besiktning,2026-02-04,"Intyg återkommande besiktning, ej godkänt, 2 st, L7044602, L7044611",Skrivelse In,ej godkänt,DETERMINISTIC_FAILURE,LIFT,L7044602 L7044611,2,Dagakarlen 39,"Kocksgatan 30, Kocksgatan 32",Södermalm,NO,https://etjanster.stockholm.se/Byggochplantjansten/arende/arende/1313185?dataSource=Active
2026-01885,1313187,2026-02-04,2026-06-18,Anmaning att låta åtgärda hiss samt utföra förnyad besiktning,2026-02-04,"Intyg återkommande besiktning, ej godkänt, L7042006",Skrivelse In,ej godkänt,DETERMINISTIC_FAILURE,LIFT,L7042006,1,Morellträdet 22,Gambrinusgatan 3,Kungsholmen,YES,https://etjanster.stockholm.se/Byggochplantjansten/arende/arende/1313187?dataSource=Active
2026-01887,1313189,2026-02-04,2026-08-17,Anmaning att låta åtgärda hiss samt utföra förnyad besiktning,2026-02-04,"Intyg återkommande besiktning, ej godkänt, L7042113",Skrivelse In,ej godkänt,DETERMINISTIC_FAILURE,LIFT,L7042113,1,Morellträdet 21,Hantverkargatan 50,Kungsholmen,YES,https://etjanster.stockholm.se/Byggochplantjansten/arende/arende/1313189?dataSource=Active
2026-01897,1313199,2026-02-04,2026-09-01,Anmaning att låta åtgärda hiss samt utföra förnyad besiktning,2026-02-04,"Intyg återkommande besiktning, ej godkänt, L4047163",Skrivelse In,ej godkänt,DETERMINISTIC_FAILURE,LIFT,L4047163,1,Diligensen 8,Rosenlundsgatan 20,Södermalm,YES,https://etjanster.stockholm.se/Byggochplantjansten/arende/arende/1313199?dataSource=Active
2026-01899,1313201,2026-02-04,2026-08-21,Anmaning att låta åtgärda hissar samt utföra förnyad besiktning,2026-02-04,"Intyg återkommande besiktning, ej godkänt, S705986",Skrivelse In,ej godkänt,DETERMINISTIC_FAILURE,LIFT,S705986,1,Glavsfjorden 6,Rämensvägen 29C,Årsta,YES,https://etjanster.stockholm.se/Byggochplantjansten/arende/arende/1313201?dataSource=Active
2026-01918,1313220,2026-02-04,2026-08-25,Anmaning att låta åtgärda hissar samt utföra förnyad besiktning,2026-02-05,"Intyg återkommande besiktning, ej godkänt, 32780",Skrivelse In,ej godkänt,DETERMINISTIC_FAILURE,LIFT,32780,1,Kopparn 8,Bondegatan 72B,Södermalm,YES,https://etjanster.stockholm.se/Byggochplantjansten/arende/arende/1313220?dataSource=Active
2026-01921,1313223,2026-02-04,2026-03-17,Anmaning att låta åtgärda hissar samt utföra förnyad besiktning,2026-02-05,"Intyg återkommande besiktning, ej godkänt, 34037",Skrivelse In,ej godkänt,DETERMINISTIC_FAILURE,LIFT,34037,1,Reservoaren 2,Nybohovsgränd 11,Liljeholmen,YES,https://etjanster.stockholm.se/Byggochplantjansten/arende/arende/1313223?dataSource=Active
2026-01925,1313227,2026-02-05,2026-09-22,Anmaning att låta åtgärda hiss samt utföra förnyad besiktning,2026-02-05,"Intyg återkommande besiktning, ej godkänt, S819103",Skrivelse In,ej godkänt,DETERMINISTIC_FAILURE,LIFT,S819103,1,Cellen 1,Hagaesplanaden 52,Vasastaden,YES,https://etjanster.stockholm.se/Byggochplantjansten/arende/arende/1313227?dataSource=Active
2026-01926,1313228,2026-02-05,2026-09-22,Anmaning att låta åtgärda hiss samt utföra förnyad besiktning,2026-02-05,"Intyg återkommande besiktning, ej godkänt, S824480",Skrivelse In,ej godkänt,DETERMINISTIC_FAILURE,LIFT,S824480,1,Analysen 1,Hagaesplanaden 68,Vasastaden,YES,https://etjanster.stockholm.se/Byggochplantjansten/arende/arende/1313228?dataSource=Active
2026-01927,1313229,2026-02-04,2026-09-09,Anmaning att låta åtgärda hissar samt utföra förnyad besiktning,2026-02-05,"Intyg återkommande besiktning, ej godkänt, 51984",Skrivelse In,ej godkänt,DETERMINISTIC_FAILURE,LIFT,51984,1,Rudan Större 6,Folkungagatan 95,Södermalm,YES,https://etjanster.stockholm.se/Byggochplantjansten/arende/arende/1313229?dataSource=Active
2026-01929,1313231,2026-02-05,,Anmaning att låta åtgärda jalusier samt utföra förnyad besiktning (Farsta sim- och idrottshall),2026-02-05,"Intyg återkommande besiktning, ej godkänt, 4 st, S1006849, S1006850, S1006852, S1006853",Skrivelse In,ej godkänt,DETERMINISTIC_FAILURE,UNKNOWN,S1006849 S1006850 S1006852 S1006853,4,Farsta 2:1,Farstaängsvägen 3,Farsta Strand,NO,https://etjanster.stockholm.se/Byggochplantjansten/arende/arende/1313231?dataSource=Active
2026-01933,1313235,2026-02-04,2026-08-24,Anmaning att låta åtgärda hissar samt utföra förnyad besiktningAnmaning att låta åtgärda hissar samt utföra förnyad besiktning,2026-02-05,"Intyg återkommande besiktning, ej godkänt, 56551",Skrivelse In,ej godkänt,DETERMINISTIC_FAILURE,LIFT,56551,1,Kopparn 7,Klippgatan 19C,Södermalm,YES,https://etjanster.stockholm.se/Byggochplantjansten/arende/arende/1313235?dataSource=Active
2026-01935,1313237,2026-02-04,2026-08-24,Anmaning att låta åtgärda hissar samt utföra förnyad besiktning,2026-02-05,"Intyg återkommande besiktning, ej godkänt, 56583",Skrivelse In,ej godkänt,DETERMINISTIC_FAILURE,LIFT,56583,1,Kejsaren 18,Högbergsgatan 36,Södermalm,YES,https://etjanster.stockholm.se/Byggochplantjansten/arende/arende/1313237?dataSource=Active
2026-01936,1313238,2026-02-04,2026-08-24,Anmaning att låta åtgärda hissar samt utföra förnyad besiktning,2026-02-05,"Intyg återkommande besiktning, ej godkänt, 57336",Skrivelse In,ej godkänt,DETERMINISTIC_FAILURE,LIFT,57336,1,Kejsaren 18,Götgatan 31,Södermalm,YES,https://etjanster.stockholm.se/Byggochplantjansten/arende/arende/1313238?dataSource=Active
2026-01937,1313239,2026-02-05,,Anmaning att låta åtgärda hiss samt utföra förnyad besiktning,2026-02-05,"Intyg återkommande besiktning, ej godkänt, L7922823",Skrivelse In,ej godkänt,DETERMINISTIC_FAILURE,LIFT,L7922823,1,Kontorsskylten 6,Ångermannagatan 173,Vällingby,NO,https://etjanster.stockholm.se/Byggochplantjansten/arende/arende/1313239?dataSource=Active
2026-01938,1313240,2026-02-05,,Anmaning att låta åtgärda hissar samt utföra förnyad besiktning,2026-02-05,"Intyg återkommande besiktning, ej godkänt, 63130",Skrivelse In,ej godkänt,DETERMINISTIC_FAILURE,LIFT,63130,1,Trollhättan 30,Regeringsgatan 25,Norrmalm,NO,https://etjanster.stockholm.se/Byggochplantjansten/arende/arende/1313240?dataSource=Active
2026-01939,1313241,2026-02-05,,Anmaning att låta åtgärda hissar samt utföra förnyad besiktning,2026-02-05,"Intyg återkommande besiktning, ej godkänt, 3 st, L7042980, L7042999, L7043005",Skrivelse In,ej godkänt,DETERMINISTIC_FAILURE,LIFT,L7042980 L7042999 L7043005,3,Valnöten 11,"Hantverkargatan 30, Hantverkargatan 32, Södra Agnegatan 24",Kungsholmen,NO,https://etjanster.stockholm.se/Byggochplantjansten/arende/arende/1313241?dataSource=Active
2026-01972,1313274,2026-02-05,2026-09-08,Anmaning att låta åtgärda hiss samt utföra förnyad besiktning,2026-02-05,"Intyg återkommande besiktning, ej godkänt, L7031992",Skrivelse In,ej godkänt,DETERMINISTIC_FAILURE,LIFT,L7031992,1,Cephalus 10,Riddarhustorget 7,Gamla Stan,YES,https://etjanster.stockholm.se/Byggochplantjansten/arende/arende/1313274?dataSource=Active
2026-01992,1313294,2026-02-05,2026-08-25,Anmaning att låta åtgärda portar samt utföra förnyad besiktning,2026-02-05,"Intyg återkommande besiktning, ej godkänt, 3 st, L6750269, S273768, S273773",Skrivelse In,ej godkänt,DETERMINISTIC_FAILURE,POWERED_GATE_OR_DOOR,L6750269 S273768 S273773,3,Vindkraften 1,Vindkraftsvägen 2,Skrubba,YES,https://etjanster.stockholm.se/Byggochplantjansten/arende/arende/1313294?dataSource=Active
2026-02039,1313341,2026-02-06,,Anmaning att låta åtgärda rulltrappa samt utföra förnyad besiktning,2026-02-06,"Intyg återkommande besiktning, ej godkänt, L7922761",Skrivelse In,ej godkänt,DETERMINISTIC_FAILURE,ESCALATOR_OR_MOVING_WALK,L7922761,1,Sperlingens Backe 56,Humlegårdsgatan 17,Östermalm,NO,https://etjanster.stockholm.se/Byggochplantjansten/arende/arende/1313341?dataSource=Active
2026-02040,1313342,2026-02-06,2026-09-10,Anmaning att låta åtgärda hiss samt utföra förnyad besiktning,2026-02-06,"Intyg återkommande besiktning, ej godkänt, D1706055",Skrivelse In,ej godkänt,DETERMINISTIC_FAILURE,LIFT,D1706055,1,Faringe 1,Faringeplan 11,Tensta,NO,https://etjanster.stockholm.se/Byggochplantjansten/arende/arende/1313342?dataSource=Active
2026-02042,1313344,2026-02-06,,Anmaning att låta åtgärda hissar samt utföra förnyad besiktning,2026-02-06,"Intyg återkommande besiktning, ej godkänt, 2 st, L7044086, L7044095",Skrivelse In,ej godkänt,DETERMINISTIC_FAILURE,LIFT,L7044086 L7044095,2,Knoppen 11,"Fleminggatan 95, Fleminggatan 97",Kungsholmen,NO,https://etjanster.stockholm.se/Byggochplantjansten/arende/arende/1313344?dataSource=Active
2026-02052,1313354,2026-02-06,2026-09-01,Anmaning att låta åtgärda hiss samt utföra förnyad besiktning,2026-02-06,"Intyg återkommande besiktning, ej godkänt, 76915",Skrivelse In,ej godkänt,DETERMINISTIC_FAILURE,LIFT,76915,1,Vildsvinet 15,Grevgatan 35,Östermalm,YES,https://etjanster.stockholm.se/Byggochplantjansten/arende/arende/1313354?dataSource=Active
2026-02053,1313355,2026-02-06,2026-08-28,Anmaning att låta åtgärda hiss samt utföra förnyad besiktning,2026-02-06,"Intyg återkommande besiktning, ej godkänt, 54458",Skrivelse In,ej godkänt,DETERMINISTIC_FAILURE,LIFT,54458,1,Bajonetten 7,Strandvägen 57A,Östermalm,NO,https://etjanster.stockholm.se/Byggochplantjansten/arende/arende/1313355?dataSource=Active
2026-02054,1313356,2026-02-06,2026-09-02,Anmaning att låta åtgärda hiss samt utföra förnyad besiktning,2026-02-06,"Intyg återkommande besiktning, ej godkänt, 53782",Skrivelse In,ej godkänt,DETERMINISTIC_FAILURE,LIFT,53782,1,Kristallen 3,Bondegatan 70,Södermalm,YES,https://etjanster.stockholm.se/Byggochplantjansten/arende/arende/1313356?dataSource=Active
2026-02055,1313357,2026-02-06,2026-06-12,Anmaning att låta åtgärda hissar samt utföra förnyad besiktning,2026-02-06,"Intyg återkommande besiktning, ej godkänt, 2 st, 39562, 39563",Skrivelse In,ej godkänt,DETERMINISTIC_FAILURE,LIFT,39562 39563,2,Kroken 10,"Rutger Fuchsgatan 6A, Rutger Fuchsgatan 6B",Södermalm,YES,https://etjanster.stockholm.se/Byggochplantjansten/arende/arende/1313357?dataSource=Active
2026-02057,1313359,2026-02-06,,Anmaning att låta åtgärda hiss samt utföra förnyad besiktning,2026-02-06,"Intyg återkommande besiktning, ej godkänt, 34040",Skrivelse In,ej godkänt,DETERMINISTIC_FAILURE,LIFT,34040,1,Vagnhallen 15,Jämtlandsgatan 153,Råcksta,NO,https://etjanster.stockholm.se/Byggochplantjansten/arende/arende/1313359?dataSource=Active
2026-02058,1313360,2026-02-06,2026-08-25,Anmaning att låta åtgärda hiss samt utföra förnyad besiktning,2026-02-06,"Intyg återkommande besiktning, ej godkänt, 25934",Skrivelse In,ej godkänt,DETERMINISTIC_FAILURE,LIFT,25934,1,Pahl 7,Åsögatan 166,Södermalm,YES,https://etjanster.stockholm.se/Byggochplantjansten/arende/arende/1313360?dataSource=Active
2026-02060,1313362,2026-02-06,2026-06-12,Anmaning att låta åtgärda hissar samt utföra förnyad besiktning,2026-02-06,"Intyg återkommande besiktning, ej godkänt, 2 st, 25931, 25932",Skrivelse In,ej godkänt,DETERMINISTIC_FAILURE,LIFT,25931 25932,2,Rudan Större 5,"Folkungagatan 97, Renstiernas Gata 16",Södermalm,YES,https://etjanster.stockholm.se/Byggochplantjansten/arende/arende/1313362?dataSource=Active
2026-02316,1313618,2026-02-09,2026-08-25,Anmaning att låta åtgärda hissar samt utföra förnyad besiktning,2026-02-11,"Intyg återkommande besiktning, ej godkänt, L7067267",Skrivelse In,ej godkänt,DETERMINISTIC_FAILURE,LIFT,L7067267,1,Åsunden 2,Sköntorpsvägen 74,Årsta,YES,https://etjanster.stockholm.se/Byggochplantjansten/arende/arende/1313618?dataSource=Active
2026-02320,1313622,2026-02-09,2026-08-28,Anmaning att låta åtgärda hissar samt utföra förnyad besiktning,2026-02-11,"Intyg återkommande besiktning, ej godkänt, L2947146",Skrivelse In,ej godkänt,DETERMINISTIC_FAILURE,LIFT,L2947146,1,Vallhunden 8,Bjursätragatan 8,Rågsved,YES,https://etjanster.stockholm.se/Byggochplantjansten/arende/arende/1313622?dataSource=Active
2026-02326,1313628,2026-02-11,2026-09-03,Anmaning att låta åtgärda hiss samt utföra förnyad besiktning,2026-02-11,"Intyg återkommande besiktning, ej godkänt, D1713106",Skrivelse In,ej godkänt,DETERMINISTIC_FAILURE,LIFT,D1713106,1,Spettet 9,Hornsbruksgatan 15B,Södermalm,YES,https://etjanster.stockholm.se/Byggochplantjansten/arende/arende/1313628?dataSource=Active
2026-02329,1313631,2026-02-11,2026-09-03,Anmaning att låta åtgärda hiss samt utföra förnyad besiktning,2026-02-11,"Intyg återkommande besiktning, ej godkänt, D1712663",Skrivelse In,ej godkänt,DETERMINISTIC_FAILURE,LIFT,D1712663,1,Bäverhuset 2,Gillerbacken 13,Rågsved,YES,https://etjanster.stockholm.se/Byggochplantjansten/arende/arende/1313631?dataSource=Active
2026-02330,1313632,2026-02-11,2026-09-01,Anmaning att låta åtgärda hiss samt utföra förnyad besiktning,2026-02-11,"Intyg återkommande besiktning, ej godkänt, L2549497",Skrivelse In,ej godkänt,DETERMINISTIC_FAILURE,LIFT,L2549497,1,Sjömannen 6,Riddargatan 18,Östermalm,YES,https://etjanster.stockholm.se/Byggochplantjansten/arende/arende/1313632?dataSource=Active
2026-02331,1313633,2026-02-11,2026-09-22,Anmaning att låta åtgärda hiss samt utföra förnyad besiktning,2026-02-11,"Intyg återkommande besiktning, ej godkänt, D1588066",Skrivelse In,ej godkänt,DETERMINISTIC_FAILURE,LIFT,D1588066,1,Skänninge 6,Tenstagången 16,Tensta,YES,https://etjanster.stockholm.se/Byggochplantjansten/arende/arende/1313633?dataSource=Active
2026-02332,1313634,2026-02-11,,Anmaning att låta åtgärda hiss samt utföra förnyad besiktning,2026-02-11,"Intyg återkommande besiktning, ej godkänt, L2800713",Skrivelse In,ej godkänt,DETERMINISTIC_FAILURE,LIFT,L2800713,1,Bränninge 4,Tenstagången 7,Tensta,NO,https://etjanster.stockholm.se/Byggochplantjansten/arende/arende/1313634?dataSource=Active
2026-02333,1313635,2026-02-11,,Anmaning att låta åtgärda hiss samt utföra förnyad besiktning,2026-02-11,"Intyg återkommande besiktning, ej godkänt, D1704846",Skrivelse In,ej godkänt,DETERMINISTIC_FAILURE,LIFT,D1704846,1,Figaro 78,Ängsullsvägen 36,Kälvesta,NO,https://etjanster.stockholm.se/Byggochplantjansten/arende/arende/1313635?dataSource=Active
2026-02335,1313637,2026-02-11,2026-08-24,Anmaning att låta åtgärda hiss samt utföra förnyad besiktning,2026-02-11,"Intyg återkommande besiktning, ej godkänt, D1394454",Skrivelse In,ej godkänt,DETERMINISTIC_FAILURE,LIFT,D1394454,1,Vallhunden 5,Vallhornsgatan 28,Rågsved,YES,https://etjanster.stockholm.se/Byggochplantjansten/arende/arende/1313637?dataSource=Active
2026-02336,1313638,2026-02-11,2026-08-27,Anmaning att låta åtgärda hiss samt utföra förnyad besiktning,2026-02-11,"Intyg återkommande besiktning, ej godkänt, L7037638",Skrivelse In,ej godkänt,DETERMINISTIC_FAILURE,LIFT,L7037638,1,Buketten 2,Folkungagatan 105,Södermalm,YES,https://etjanster.stockholm.se/Byggochplantjansten/arende/arende/1313638?dataSource=Active
2026-02343,1313645,2026-02-11,2026-09-01,Anmaning att låta åtgärda hiss samt utföra förnyad besiktning,2026-02-11,"Intyg återkommande besiktning, ej godkänt, L7041669",Skrivelse In,ej godkänt,DETERMINISTIC_FAILURE,LIFT,L7041669,1,Flygaren 18,Tegnérgatan 18,Vasastaden,YES,https://etjanster.stockholm.se/Byggochplantjansten/arende/arende/1313645?dataSource=Active
2026-02344,1313646,2026-02-11,2026-09-01,Anmaning att låta åtgärda hiss samt utföra förnyad besiktning,2026-02-11,"Intyg återkommande besiktning, ej godkänt, D1791655",Skrivelse In,ej godkänt,DETERMINISTIC_FAILURE,LIFT,D1791655,1,Hällsätra 1,Stensätravägen 1,Sätra,YES,https://etjanster.stockholm.se/Byggochplantjansten/arende/arende/1313646?dataSource=Active
2026-02381,1313683,2026-02-11,,Anmaning att låta åtgärda hissar samt utföra förnyad besiktning,2026-02-11,"Intyg återkommande besiktning, ej godkänt, L7743784",Skrivelse In,ej godkänt,DETERMINISTIC_FAILURE,LIFT,L7743784,1,Kåkenhusen 40,Kungsgatan 4A,Norrmalm,NO,https://etjanster.stockholm.se/Byggochplantjansten/arende/arende/1313683?dataSource=Active
2026-02402,1313704,2026-02-12,2026-09-22,Anmaning att låta åtgärda hissar samt utföra förnyad besiktning,2026-02-12,"Intyg återkommande besiktning, ej godkänt, 2 st, 48804, 29942, 48802",Skrivelse In,ej godkänt,DETERMINISTIC_FAILURE,LIFT,48804 29942 48802,3,Yxan 4,"Högalidsgatan 26, Högalidsgatan 28",Södermalm,YES,https://etjanster.stockholm.se/Byggochplantjansten/arende/arende/1313704?dataSource=Active
2026-02420,1313722,2026-02-12,2026-09-02,Anmaning att låta åtgärda port samt utföra förnyad besiktning,2026-02-12,"Intyg återkommande besiktning, ej godkänt, D1587971",Skrivelse In,ej godkänt,DETERMINISTIC_FAILURE,POWERED_GATE_OR_DOOR,D1587971,1,Magneten 12,Ekbacksvägen 26,Ulvsunda Industriområde,YES,https://etjanster.stockholm.se/Byggochplantjansten/arende/arende/1313722?dataSource=Active
2026-02440,1313742,2026-02-12,,Anmaning att låta åtgärda hissar samt utföra förnyad besiktning,2026-02-12,"Intyg återkommande besiktning, ej godkänt, L7830002",Skrivelse In,ej godkänt,DETERMINISTIC_FAILURE,LIFT,L7830002,1,Åstorp 4,Fyrvaktarkroken 19,Hammarbyhöjden,NO,https://etjanster.stockholm.se/Byggochplantjansten/arende/arende/1313742?dataSource=Active
2026-02440,1313742,2026-02-12,,Anmaning att låta åtgärda hissar samt utföra förnyad besiktning,2026-02-12,"Intyg återkommande besiktning, ej godkänt, L2768447",Skrivelse In,ej godkänt,DETERMINISTIC_FAILURE,LIFT,L2768447,1,Åstorp 4,Fyrvaktarkroken 19,Hammarbyhöjden,NO,https://etjanster.stockholm.se/Byggochplantjansten/arende/arende/1313742?dataSource=Active
2026-02442,1313744,2026-02-12,2026-09-08,Anmaning att låta åtgärda hissar samt utföra förnyad besiktning,2026-02-12,"Intyg återkommande besiktning, ej godkänt, L2890144",Skrivelse In,ej godkänt,DETERMINISTIC_FAILURE,LIFT,L2890144,1,Ludvigsberg 3,Torkel Knutssonsgatan 2,Södermalm,NO,https://etjanster.stockholm.se/Byggochplantjansten/arende/arende/1313744?dataSource=Active
2026-02447,1313749,2026-02-12,,Anmaning att låta åtgärda hissar samt utföra förnyad besiktning,2026-02-12,"Intyg återkommande besiktning, ej godkänt, D1789004",Skrivelse In,ej godkänt,DETERMINISTIC_FAILURE,LIFT,D1789004,1,Anisen 3,Lingvägen 178,Hökarängen,YES,https://etjanster.stockholm.se/Byggochplantjansten/arende/arende/1313749?dataSource=Active
2026-02447,1313749,2026-02-12,,Anmaning att låta åtgärda hissar samt utföra förnyad besiktning,2026-02-12,"Intyg återkommande besiktning, ej godkänt, D1789005",Skrivelse In,ej godkänt,DETERMINISTIC_FAILURE,LIFT,D1789005,1,Anisen 3,Lingvägen 178,Hökarängen,YES,https://etjanster.stockholm.se/Byggochplantjansten/arende/arende/1313749?dataSource=Active
2026-02447,1313749,2026-02-12,,Anmaning att låta åtgärda hissar samt utföra förnyad besiktning,2026-02-12,"Intyg återkommande besiktning, ej godkänt, D1789006",Skrivelse In,ej godkänt,DETERMINISTIC_FAILURE,LIFT,D1789006,1,Anisen 3,Lingvägen 178,Hökarängen,YES,https://etjanster.stockholm.se/Byggochplantjansten/arende/arende/1313749?dataSource=Active
2026-02447,1313749,2026-02-12,,Anmaning att låta åtgärda hissar samt utföra förnyad besiktning,2026-02-12,"Intyg återkommande besiktning, ej godkänt, D1789007",Skrivelse In,ej godkänt,DETERMINISTIC_FAILURE,LIFT,D1789007,1,Anisen 3,Lingvägen 178,Hökarängen,YES,https://etjanster.stockholm.se/Byggochplantjansten/arende/arende/1313749?dataSource=Active
2026-02470,1313772,2026-02-12,2026-09-15,Anmaning att låta åtgärda hiss samt utföra förnyad besiktning,2026-02-12,"Intyg återkommande besiktning, ej godkänt, D1394458",Skrivelse In,ej godkänt,DETERMINISTIC_FAILURE,LIFT,D1394458,1,Spontväggen 1,Skebokvarnsvägen 307,Högdalen,YES,https://etjanster.stockholm.se/Byggochplantjansten/arende/arende/1313772?dataSource=Active
2026-02499,1313801,2026-02-13,,Anmaning att låta åtgärda hiss samt utföra förnyad besiktning,2026-02-13,"Intyg återkommande besiktning, ej godkänt, D1701208",Skrivelse In,ej godkänt,DETERMINISTIC_FAILURE,LIFT,D1701208,1,Norra Djurgården 1:1,Svante Arrhenius Väg 7,Norra Djurgården,NO,https://etjanster.stockholm.se/Byggochplantjansten/arende/arende/1313801?dataSource=Active
2026-02505,1313807,2026-02-13,2026-08-27,Anmaning att låta åtgärda hiss samt utföra förnyad besiktning,2026-02-13,"Intyg återkommande besiktning, ej godkänt, L3517190",Skrivelse In,ej godkänt,DETERMINISTIC_FAILURE,LIFT,L3517190,1,Jakob Större 18,Regeringsgatan 20,Norrmalm,YES,https://etjanster.stockholm.se/Byggochplantjansten/arende/arende/1313807?dataSource=Active
2025-17515,1308353,2025-11-11,2026-04-09,Anmaning att låta åtgärda hiss samt utföra förnyad besiktning,2026-02-16,"Intyg återkommande besiktning, ej godkänt, S994939",Skrivelse In,ej godkänt,DETERMINISTIC_FAILURE,LIFT,S994939,1,Spektern 13,Regeringsgatan 28,Norrmalm,YES,https://etjanster.stockholm.se/Byggochplantjansten/arende/arende/1308353?dataSource=Active
2026-01059,1312361,2026-01-23,2026-08-25,Anmaning att låta åtgärda hiss samt utföra förnyad besiktning,2026-02-16,"Intyg återkommande besiktning, ej godkänt, L3087335",Skrivelse In,ej godkänt,DETERMINISTIC_FAILURE,LIFT,L3087335,1,Fabriken 6,Långholmsgatan 32,Södermalm,YES,https://etjanster.stockholm.se/Byggochplantjansten/arende/arende/1312361?dataSource=Active
2026-01086,1312388,2026-01-23,2026-09-03,Anmaning att låta åtgärda hissar samt utföra förnyad besiktning,2026-02-16,"Intyg återkommande besiktning, ej godkänt, 2 st, S307840, S307843",Skrivelse In,ej godkänt,DETERMINISTIC_FAILURE,LIFT,S307840 S307843,2,"Djursätra 1, Djursätra 2","Kungssätravägen 58, Kungssätravägen 62",Sätra,YES,https://etjanster.stockholm.se/Byggochplantjansten/arende/arende/1312388?dataSource=Active
2026-02575,1313877,2026-02-16,,Anmaning att låta åtgärda hiss samt utföra förnyad besiktning,2026-02-16,"Intyg återkommande besiktning, ej godkänt, L7893605",Skrivelse In,ej godkänt,DETERMINISTIC_FAILURE,LIFT,L7893605,1,Vämlinge 1,Tensta Allé 20,Tensta,NO,https://etjanster.stockholm.se/Byggochplantjansten/arende/arende/1313877?dataSource=Active
2026-02576,1313878,2026-02-16,,Anmaning att låta åtgärda hiss samt utföra förnyad besiktning,2026-02-16,"Intyg återkommande besiktning, ej godkänt, L7894373",Skrivelse In,ej godkänt,DETERMINISTIC_FAILURE,LIFT,L7894373,1,Skäringe 1,Tensta Allé 44,Tensta,NO,https://etjanster.stockholm.se/Byggochplantjansten/arende/arende/1313878?dataSource=Active
2026-02577,1313879,2026-02-16,,Anmaning att låta åtgärda hiss samt utföra förnyad besiktning,2026-02-16,"Intyg återkommande besiktning, ej godkänt, L7346876",Skrivelse In,ej godkänt,DETERMINISTIC_FAILURE,LIFT,L7346876,1,Miljöministern 1,Rusthållarvägen 4,Bagarmossen,NO,https://etjanster.stockholm.se/Byggochplantjansten/arende/arende/1313879?dataSource=Active
2026-02579,1313881,2026-02-16,,Anmaning att låta åtgärda hiss samt utföra förnyad besiktning,2026-02-16,"Intyg återkommande besiktning, ej godkänt, L7140570",Skrivelse In,ej godkänt,DETERMINISTIC_FAILURE,LIFT,L7140570,1,Assessorn 2,Rusthållarvägen 6,Bagarmossen,NO,https://etjanster.stockholm.se/Byggochplantjansten/arende/arende/1313881?dataSource=Active
2026-02580,1313882,2026-02-16,2026-09-15,Anmaning att låta åtgärda hiss samt utföra förnyad besiktning,2026-02-16,"Intyg återkommande besiktning, ej godkänt, L2598238",Skrivelse In,ej godkänt,DETERMINISTIC_FAILURE,LIFT,L2598238,1,Svea Artilleri 6,Löjtnantsgatan 18,Ladugårdsgärdet,YES,https://etjanster.stockholm.se/Byggochplantjansten/arende/arende/1313882?dataSource=Active
2026-02581,1313883,2026-02-16,,Anmaning att låta åtgärda hiss samt utföra förnyad besiktning,2026-02-16,"Intyg återkommande besiktning, ej godkänt, L7921511",Skrivelse In,ej godkänt,DETERMINISTIC_FAILURE,LIFT,L7921511,1,Kontorsskylten 2,Vällingby Torg 24,Vällingby,NO,https://etjanster.stockholm.se/Byggochplantjansten/arende/arende/1313883?dataSource=Active
2026-02626,1313928,2026-02-16,2026-07-06,Anmaning att låta åtgärda hiss samt utföra förnyad besiktning,2026-02-16,"Intyg återkommande besiktning, ej godkänt, 55418",Skrivelse In,ej godkänt,DETERMINISTIC_FAILURE,LIFT,55418,1,Bojen 4,Industrigatan 4B,Kungsholmen,YES,https://etjanster.stockholm.se/Byggochplantjansten/arende/arende/1313928?dataSource=Active
2026-02627,1313929,2026-02-16,2026-09-08,Anmaning att låta åtgärda hiss samt utföra förnyad besiktning,2026-02-16,"Intyg återkommande besiktning, ej godkänt, 67984",Skrivelse In,ej godkänt,DETERMINISTIC_FAILURE,LIFT,67984,1,Sturen Större 12,Östgötagatan 25A,Södermalm,YES,https://etjanster.stockholm.se/Byggochplantjansten/arende/arende/1313929?dataSource=Active
2026-02628,1313930,2026-02-16,,Anmaning att låta åtgärda hiss samt utföra förnyad besiktning,2026-02-16,"Intyg återkommande besiktning, ej godkänt, 71375",Skrivelse In,ej godkänt,DETERMINISTIC_FAILURE,LIFT,71375,1,Drakdödaren 1,Stadshagsplan 5,Stadshagen,NO,https://etjanster.stockholm.se/Byggochplantjansten/arende/arende/1313930?dataSource=Active
2026-02629,1313931,2026-02-16,,Anmaning att låta åtgärda hiss samt utföra förnyad besiktning,2026-02-16,"Intyg återkommande besiktning, ej godkänt, 57178",Skrivelse In,ej godkänt,DETERMINISTIC_FAILURE,LIFT,57178,1,Småland 13,Björngårdsgatan 7,Södermalm,NO,https://etjanster.stockholm.se/Byggochplantjansten/arende/arende/1313931?dataSource=Active
2026-02631,1313933,2026-02-16,2026-09-08,Anmaning att låta åtgärda hiss samt utföra förnyad besiktning,2026-02-16,"Intyg återkommande besiktning, ej godkänt, L3682309",Skrivelse In,ej godkänt,DETERMINISTIC_FAILURE,LIFT,L3682309,1,Cerberus 2,Kornhamnstorg 4,Gamla Stan,YES,https://etjanster.stockholm.se/Byggochplantjansten/arende/arende/1313933?dataSource=Active
2026-02632,1313934,2026-02-16,,Anmaning att låta åtgärda hiss samt utföra förnyad besiktning,2026-02-16,"Intyg återkommande besiktning, ej godkänt, L3500402",Skrivelse In,ej godkänt,DETERMINISTIC_FAILURE,LIFT,L3500402,1,Drakenberg 12,Drakenbergsgatan 25,Södermalm,NO,https://etjanster.stockholm.se/Byggochplantjansten/arende/arende/1313934?dataSource=Active
2026-02633,1313935,2026-02-16,2026-09-01,Anmaning att låta åtgärda hiss samt utföra förnyad besiktning,2026-02-16,"Intyg återkommande besiktning, ej godkänt, S391927",Skrivelse In,ej godkänt,DETERMINISTIC_FAILURE,LIFT,S391927,1,Fabriken 37,Bergsunds Strand 43,Södermalm,YES,https://etjanster.stockholm.se/Byggochplantjansten/arende/arende/1313935?dataSource=Active
2026-02634,1313936,2026-02-16,,Anmaning att låta åtgärda hiss samt utföra förnyad besiktning,2026-02-16,"Intyg återkommande besiktning, ej godkänt, L3478542",Skrivelse In,ej godkänt,DETERMINISTIC_FAILURE,LIFT,L3478542,1,Häckelfjäll 27,Högbergsgatan 22,Södermalm,NO,https://etjanster.stockholm.se/Byggochplantjansten/arende/arende/1313936?dataSource=Active
2026-02635,1313937,2026-02-16,,Anmaning att låta åtgärda hiss samt utföra förnyad besiktning,2026-02-16,"Intyg återkommande besiktning, ej godkänt, S527495",Skrivelse In,ej godkänt,DETERMINISTIC_FAILURE,LIFT,S527495,1,Vreten 21,Vretensborgsvägen 14,Västberga,NO,https://etjanster.stockholm.se/Byggochplantjansten/arende/arende/1313937?dataSource=Active
2026-02637,1313939,2026-02-16,2026-03-26,Anmaning att låta åtgärda hiss samt utföra förnyad besiktning,2026-02-16,"Intyg återkommande besiktning, ej godkänt, L3495074",Skrivelse In,ej godkänt,DETERMINISTIC_FAILURE,LIFT,L3495074,1,Kungsbacken 5,Holländargatan 29,Vasastaden,YES,https://etjanster.stockholm.se/Byggochplantjansten/arende/arende/1313939?dataSource=Active
2026-02638,1313940,2026-02-16,2026-08-31,Anmaning att låta åtgärda hiss samt utföra förnyad besiktning,2026-02-16,"Intyg återkommande besiktning, ej godkänt, L9102138",Skrivelse In,ej godkänt,DETERMINISTIC_FAILURE,LIFT,L9102138,1,Domnarvet 43,Gunnebogatan 30,Lunda,YES,https://etjanster.stockholm.se/Byggochplantjansten/arende/arende/1313940?dataSource=Active
2026-02640,1313942,2026-02-16,2026-09-03,Anmaning att låta åtgärda hiss samt utföra förnyad besiktning,2026-02-16,"Intyg återkommande besiktning, ej godkänt, L3724333",Skrivelse In,ej godkänt,DETERMINISTIC_FAILURE,LIFT,L3724333,1,Munin 2,Hagagatan 46,Vasastaden,YES,https://etjanster.stockholm.se/Byggochplantjansten/arende/arende/1313942?dataSource=Active
2026-02641,1313943,2026-02-16,,Anmaning att låta åtgärda port samt utföra förnyad besiktning,2026-02-16,"Intyg återkommande besiktning, ej godkänt, S608828",Skrivelse In,ej godkänt,DETERMINISTIC_FAILURE,POWERED_GATE_OR_DOOR,S608828,1,Nattskiftet 14,Drivhjulsvägen 30A,Västberga,NO,https://etjanster.stockholm.se/Byggochplantjansten/arende/arende/1313943?dataSource=Active
2026-02642,1313944,2026-02-16,2026-02-27,Anmaning att låta åtgärda hiss samt utföra förnyad besiktning,2026-02-16,"Intyg återkommande besiktning, ej godkänt, S463456",Skrivelse In,ej godkänt,DETERMINISTIC_FAILURE,LIFT,S463456,1,Olof 4,Ekstocksvägen 8,Bromsten,YES,https://etjanster.stockholm.se/Byggochplantjansten/arende/arende/1313944?dataSource=Active
2026-02643,1313945,2026-02-16,2026-09-01,Anmaning att låta åtgärda hiss samt utföra förnyad besiktning,2026-02-16,"Intyg återkommande besiktning, ej godkänt, L3714953",Skrivelse In,ej godkänt,DETERMINISTIC_FAILURE,LIFT,L3714953,1,Murmästaren 8,Parmmätargatan 1,Kungsholmen,YES,https://etjanster.stockholm.se/Byggochplantjansten/arende/arende/1313945?dataSource=Active
2026-02644,1313946,2026-02-16,2026-08-26,Anmaning att låta åtgärda hiss samt utföra förnyad besiktning,2026-02-16,"Intyg återkommande besiktning, ej godkänt, S533524",Skrivelse In,ej godkänt,DETERMINISTIC_FAILURE,LIFT,S533524,1,Casablanca 1,Hamnpirsvägen 10,Ladugårdsgärdet,YES,https://etjanster.stockholm.se/Byggochplantjansten/arende/arende/1313946?dataSource=Active
2026-02646,1313948,2026-02-16,2026-09-01,Anmaning att låta åtgärda hiss samt utföra förnyad besiktning,2026-02-16,"Intyg återkommande besiktning, ej godkänt, S813515",Skrivelse In,ej godkänt,DETERMINISTIC_FAILURE,LIFT,S813515,1,Vårfrugillet 2,Ålgrytevägen 120,Bredäng,NO,https://etjanster.stockholm.se/Byggochplantjansten/arende/arende/1313948?dataSource=Active
2026-02647,1313949,2026-02-16,2026-09-17,Anmaning att låta åtgärda hiss samt utföra förnyad besiktning,2026-02-16,"Intyg återkommande besiktning, ej godkänt, L3713906",Skrivelse In,ej godkänt,DETERMINISTIC_FAILURE,LIFT,L3713906,1,Vindruvan 18,Bergsgatan 9,Kungsholmen,YES,https://etjanster.stockholm.se/Byggochplantjansten/arende/arende/1313949?dataSource=Active
2026-02649,1313951,2026-02-16,,Anmaning att låta åtgärda hiss samt utföra förnyad besiktning,2026-02-16,"Intyg återkommande besiktning, ej godkänt, L3714672",Skrivelse In,ej godkänt,DETERMINISTIC_FAILURE,LIFT,L3714672,1,Vattuormen 26,Jakob Westinsgatan 5,Kungsholmen,NO,https://etjanster.stockholm.se/Byggochplantjansten/arende/arende/1313951?dataSource=Active
2026-02650,1313952,2026-02-16,,Anmaning att låta åtgärda hiss samt utföra förnyad besiktning,2026-02-16,"Intyg återkommande besiktning, ej godkänt, S827358",Skrivelse In,ej godkänt,DETERMINISTIC_FAILURE,LIFT,S827358,1,Hästskon 12,Hamngatan 26,Norrmalm,NO,https://etjanster.stockholm.se/Byggochplantjansten/arende/arende/1313952?dataSource=Active
2026-02655,1313957,2026-02-16,2026-09-03,Anmaning att låta åtgärda hiss samt utföra förnyad besiktning,2026-02-16,"Intyg återkommande besiktning, ej godkänt, S777028",Skrivelse In,ej godkänt,DETERMINISTIC_FAILURE,LIFT,S777028,1,Våldö 8,Hammarögatan 16,Farsta,YES,https://etjanster.stockholm.se/Byggochplantjansten/arende/arende/1313957?dataSource=Active
2026-02657,1313959,2026-02-16,,Anmaning att låta åtgärda hiss samt utföra förnyad besiktning,2026-02-16,"Intyg återkommande besiktning, ej godkänt, L3679180",Skrivelse In,ej godkänt,DETERMINISTIC_FAILURE,LIFT,L3679180,1,Stuten 16,Oxtorget 6,Norrmalm,NO,https://etjanster.stockholm.se/Byggochplantjansten/arende/arende/1313959?dataSource=Active
2026-02658,1313960,2026-02-16,2026-09-02,Anmaning att låta åtgärda port samt utföra förnyad besiktning,2026-02-16,"Intyg återkommande besiktning, ej godkänt, L6794507",Skrivelse In,ej godkänt,DETERMINISTIC_FAILURE,POWERED_GATE_OR_DOOR,L6794507,1,Strandärten 22,Lövstavägen 70,Hässelby Villastad,YES,https://etjanster.stockholm.se/Byggochplantjansten/arende/arende/1313960?dataSource=Active
2026-02660,1313962,2026-02-15,2026-08-27,Anmaning att låta åtgärda hissar samt utföra förnyad besiktning,2026-02-16,"Intyg återkommande besiktning, ej godkänt, 4 st, S286175, S287654, S289034, S289035",Skrivelse In,ej godkänt,DETERMINISTIC_FAILURE,LIFT,S286175 S287654 S289034 S289035,4,Timotejen 23,"Radiusbacken 15, Radiusbacken 17, Radiusbacken 19, Radiusbacken 21",Västberga,YES,https://etjanster.stockholm.se/Byggochplantjansten/arende/arende/1313962?dataSource=Active
2026-02661,1313963,2026-02-16,2026-09-01,Anmaning att låta åtgärda hiss samt utföra förnyad besiktning,2026-02-16,"Intyg återkommande besiktning, ej godkänt, S1007554",Skrivelse In,ej godkänt,DETERMINISTIC_FAILURE,LIFT,S1007554,1,Eldkvarnen 1,Hantverkargatan 1,Kungsholmen,YES,https://etjanster.stockholm.se/Byggochplantjansten/arende/arende/1313963?dataSource=Active
2026-02662,1313964,2026-02-16,2026-09-01,Anmaning att låta åtgärda hiss samt utföra förnyad besiktning,2026-02-16,"Intyg återkommande besiktning, ej godkänt, L9969452",Skrivelse In,ej godkänt,DETERMINISTIC_FAILURE,LIFT,L9969452,1,Sjöboden 7,Essingeringen 22B,Stora Essingen,YES,https://etjanster.stockholm.se/Byggochplantjansten/arende/arende/1313964?dataSource=Active
2026-02664,1313966,2026-02-16,2026-09-23,Anmaning att låta åtgärda hiss samt utföra förnyad besiktning,2026-02-16,"Intyg återkommande besiktning, ej godkänt, L3476090",Skrivelse In,ej godkänt,DETERMINISTIC_FAILURE,LIFT,L3476090,1,Räfsan 13,Södermannagatan 37,Södermalm,YES,https://etjanster.stockholm.se/Byggochplantjansten/arende/arende/1313966?dataSource=Active
2026-02665,1313967,2026-02-16,2026-09-01,Anmaning att låta åtgärda hissar samt utföra förnyad besiktning,2026-02-16,"Intyg återkommande besiktning, ej godkänt, 2 st, L4056297, L4056305",Skrivelse In,ej godkänt,DETERMINISTIC_FAILURE,LIFT,L4056297 L4056305,2,Vattumannen 31,Timmermansgatan 27,Södermalm,YES,https://etjanster.stockholm.se/Byggochplantjansten/arende/arende/1313967?dataSource=Active
2026-02666,1313968,2026-02-16,2026-09-15,Anmaning att låta åtgärda hissar samt utföra förnyad besiktning,2026-02-16,"Intyg återkommande besiktning, ej godkänt, 2 st, L3486784, L9115676",Skrivelse In,ej godkänt,DETERMINISTIC_FAILURE,LIFT,L3486784 L9115676,2,Trängkåren 7,Rålambsvägen 15,Marieberg,YES,https://etjanster.stockholm.se/Byggochplantjansten/arende/arende/1313968?dataSource=Active
2026-02668,1313970,2026-02-16,2026-03-02,Anmaning att låta åtgärda hiss samt utföra förnyad besiktning,2026-02-16,"Intyg återkommande besiktning, ej godkänt, L3494655",Skrivelse In,ej godkänt,DETERMINISTIC_FAILURE,LIFT,L3494655,1,Porslinsbruket 16,Bråvallagatan 12,Vasastaden,YES,https://etjanster.stockholm.se/Byggochplantjansten/arende/arende/1313970?dataSource=Active
2026-02669,1313971,2026-02-16,2026-03-02,Anmaning att låta åtgärda hiss samt utföra förnyad besiktning,2026-02-16,"Intyg återkommande besiktning, ej godkänt, L3494648",Skrivelse In,ej godkänt,DETERMINISTIC_FAILURE,LIFT,L3494648,1,Porslinsbruket 21,Rörstrandsgatan 3,Vasastaden,YES,https://etjanster.stockholm.se/Byggochplantjansten/arende/arende/1313971?dataSource=Active
2026-02670,1313972,2026-02-16,,Anmaning att låta åtgärda hissar samt utföra förnyad besiktning,2026-02-16,"Intyg återkommande besiktning, ej godkänt, 2 st, L3490299, L3490307",Skrivelse In,ej godkänt,DETERMINISTIC_FAILURE,LIFT,L3490299 L3490307,2,Kungsbacken 11,"Holländargatan 33, Rådmansgatan 55",Vasastaden,YES,https://etjanster.stockholm.se/Byggochplantjansten/arende/arende/1313972?dataSource=Active
2026-02675,1313977,2026-02-16,2026-09-08,Anmaning att låta åtgärda hissar samt utföra förnyad besiktning,2026-02-16,"Intyg återkommande besiktning, ej godkänt, 4 st, S596382, S596383, S596384",Skrivelse In,ej godkänt,DETERMINISTIC_FAILURE,LIFT,S596382 S596383 S596384,3,Lokstallet 6,"Atlasmuren 1, Atlasmuren 3",Vasastaden,YES,https://etjanster.stockholm.se/Byggochplantjansten/arende/arende/1313977?dataSource=Active
2026-02677,1313979,2026-02-16,2026-09-01,Anmaning att låta åtgärda hissar samt utföra förnyad besiktning,2026-02-16,"Intyg återkommande besiktning, ej godkänt, 2 st, L3631306, L3631314",Skrivelse In,ej godkänt,DETERMINISTIC_FAILURE,LIFT,L3631306 L3631314,2,Pennkoppen 1,Abiskovägen 6,Vällingby,YES,https://etjanster.stockholm.se/Byggochplantjansten/arende/arende/1313979?dataSource=Active
2026-02678,1313980,2026-02-16,,Anmaning att låta åtgärda hissar samt utföra förnyad besiktning,2026-02-16,"Intyg återkommande besiktning, ej godkänt, 2 st, L3631280, L3631298",Skrivelse In,ej godkänt,DETERMINISTIC_FAILURE,LIFT,L3631280 L3631298,2,Kanslisilket 1,"Kirunagatan 30, Kirunagatan 32",Vällingby,NO,https://etjanster.stockholm.se/Byggochplantjansten/arende/arende/1313980?dataSource=Active
2025-19919,1310758,2025-12-17,,Anmaning att låta åtgärda hiss samt utföra förnyad besiktning,2026-02-17,"Intyg återkommande besiktning, ej godkänt, D1658791",Skrivelse In,ej godkänt,DETERMINISTIC_FAILURE,LIFT,D1658791,1,Trafikflyget 10,Köpsvängen 8,Riksby,NO,https://etjanster.stockholm.se/Byggochplantjansten/arende/arende/1310758?dataSource=Active
2026-02754,1314056,2026-02-17,,Anmaning att låta åtgärda hissar samt utföra förnyad besiktning,2026-02-17,"Intyg återkommande besiktning, ej godkänt, 7 st, S866293, S875396, S878713, S886337, S886338",Skrivelse In,ej godkänt,DETERMINISTIC_FAILURE,LIFT,S866293 S875396 S878713 S886337 S886338,5,Humboldt 2,"Hagaesplanaden 73, Hagaesplanaden 75, Ninni Kronbergs Gata 26",Vasastaden,YES,https://etjanster.stockholm.se/Byggochplantjansten/arende/arende/1314056?dataSource=Active
2026-02785,1314087,2026-02-16,2026-09-01,Anmaning att låta åtgärda hissar samt utföra förnyad besiktning,2026-02-17,"Intyg återkommande besiktning, ej godkänt, 57152",Skrivelse In,ej godkänt,DETERMINISTIC_FAILURE,LIFT,57152,1,Muttern 20,Heleneborgsgatan 9,Södermalm,YES,https://etjanster.stockholm.se/Byggochplantjansten/arende/arende/1314087?dataSource=Active
2026-02787,1314089,2026-02-16,2026-08-31,Anmaning att låta åtgärda hissar samt utföra förnyad besiktning,2026-02-17,"Intyg återkommande besiktning, ej godkänt, 25308",Skrivelse In,ej godkänt,DETERMINISTIC_FAILURE,LIFT,25308,1,Sockerbruket 2,Sockerbruksgränd 10,Södermalm,YES,https://etjanster.stockholm.se/Byggochplantjansten/arende/arende/1314089?dataSource=Active
2026-02789,1314091,2026-02-16,2026-03-18,Anmaning att låta åtgärda hissar samt utföra förnyad besiktning,2026-02-17,"Intyg återkommande besiktning, ej godkänt, 64239",Skrivelse In,ej godkänt,DETERMINISTIC_FAILURE,LIFT,64239,1,Gruvan 7,Emelies Gata 13,Södermalm,NO,https://etjanster.stockholm.se/Byggochplantjansten/arende/arende/1314091?dataSource=Active
2026-02791,1314093,2026-02-16,2026-09-01,Anmaning att låta åtgärda hissar samt utföra förnyad besiktning,2026-02-17,"Intyg återkommande besiktning, ej godkänt, 61951",Skrivelse In,ej godkänt,DETERMINISTIC_FAILURE,LIFT,61951,1,Flygaren 15,Sveavägen 74,Vasastaden,YES,https://etjanster.stockholm.se/Byggochplantjansten/arende/arende/1314093?dataSource=Active
2026-02792,1314094,2026-02-16,2026-09-10,Anmaning att låta åtgärda hissar samt utföra förnyad besiktning,2026-02-17,"Intyg återkommande besiktning, ej godkänt, 34540",Skrivelse In,ej godkänt,DETERMINISTIC_FAILURE,LIFT,34540,1,Facklan 8,Upplandsgatan 17,Vasastaden,YES,https://etjanster.stockholm.se/Byggochplantjansten/arende/arende/1314094?dataSource=Active
2025-18946,1309784,2025-12-03,2026-08-12,Anmaning att låta åtgärda hissar samt utföra förnyad besiktning,2026-02-18,"Intyg återkommande besiktning, ej godkänt, L7418477",Skrivelse In,ej godkänt,DETERMINISTIC_FAILURE,LIFT,L7418477,1,Kvarnberget 4,"Information saknas för ""Adress""",Rinkeby,YES,https://etjanster.stockholm.se/Byggochplantjansten/arende/arende/1309784?dataSource=Active
2026-02858,1314160,2026-02-18,,Anmaning att låta åtgärda hiss samt utföra förnyad besiktning,2026-02-18,"Intyg återkommande besiktning, ej godkänt, 76749",Skrivelse In,ej godkänt,DETERMINISTIC_FAILURE,LIFT,76749,1,Oxen Mindre 35,Luntmakargatan 26,Norrmalm,NO,https://etjanster.stockholm.se/Byggochplantjansten/arende/arende/1314160?dataSource=Active
2026-02868,1314170,2026-02-18,,Anmaning att låta åtgärda hiss samt utföra förnyad besiktning,2026-02-18,"Intyg återkommande besiktning, ej godkänt, L7923402",Skrivelse In,ej godkänt,DETERMINISTIC_FAILURE,LIFT,L7923402,1,Kontorsskylten 8,Ångermannagatan 151,Vällingby,NO,https://etjanster.stockholm.se/Byggochplantjansten/arende/arende/1314170?dataSource=Active
2026-02873,1314175,2026-02-18,,Anmaning att låta åtgärda hiss samt utföra förnyad besiktning,2026-02-18,"Intyg återkommande besiktning, ej godkänt, L2657736",Skrivelse In,ej godkänt,DETERMINISTIC_FAILURE,LIFT,L2657736,1,Sperlingens Backe 55,Grev Turegatan 13B,Östermalm,NO,https://etjanster.stockholm.se/Byggochplantjansten/arende/arende/1314175?dataSource=Active
2026-02874,1314176,2026-02-18,,Anmaning att låta åtgärda hiss samt utföra förnyad besiktning,2026-02-18,"Intyg återkommande besiktning, ej godkänt, L2657754",Skrivelse In,ej godkänt,DETERMINISTIC_FAILURE,LIFT,L2657754,1,Sperlingens Backe 27,Grev Turegatan 15,Östermalm,NO,https://etjanster.stockholm.se/Byggochplantjansten/arende/arende/1314176?dataSource=Active
2026-02876,1314178,2026-02-18,,Anmaning att låta åtgärda hiss samt utföra förnyad besiktning,2026-02-18,"Intyg återkommande besiktning, ej godkänt, 70849",Skrivelse In,ej godkänt,DETERMINISTIC_FAILURE,LIFT,70849,1,Södersjukhuset 9,Marmorgatan 11,Södermalm,NO,https://etjanster.stockholm.se/Byggochplantjansten/arende/arende/1314178?dataSource=Active
2026-02879,1314181,2026-02-18,2026-09-01,Anmaning att låta åtgärda hiss samt utföra förnyad besiktning,2026-02-18,"Intyg återkommande besiktning, ej godkänt, 70189",Skrivelse In,ej godkänt,DETERMINISTIC_FAILURE,LIFT,70189,1,Valnöten 3,Södra Agnegatan 26,Kungsholmen,YES,https://etjanster.stockholm.se/Byggochplantjansten/arende/arende/1314181?dataSource=Active
2026-02880,1314182,2026-02-18,2026-09-01,Anmaning att låta åtgärda hiss samt utföra förnyad besiktning,2026-02-18,"Intyg återkommande besiktning, ej godkänt, 71999",Skrivelse In,ej godkänt,DETERMINISTIC_FAILURE,LIFT,71999,1,Ugnen 9,Rörstrandsgatan 22,Vasastaden,YES,https://etjanster.stockholm.se/Byggochplantjansten/arende/arende/1314182?dataSource=Active
2026-02881,1314183,2026-02-18,2026-09-01,Anmaning att låta åtgärda hiss samt utföra förnyad besiktning,2026-02-18,"Intyg återkommande besiktning, ej godkänt, 31161",Skrivelse In,ej godkänt,DETERMINISTIC_FAILURE,LIFT,31161,1,Mälteriet 1,Reimersholmsgatan 77,Reimersholme,YES,https://etjanster.stockholm.se/Byggochplantjansten/arende/arende/1314183?dataSource=Active
2026-02882,1314184,2026-02-18,,Anmaning att låta åtgärda port samt utföra förnyad besiktning,2026-02-18,"Intyg återkommande besiktning, ej godkänt, 75199",Skrivelse In,ej godkänt,DETERMINISTIC_FAILURE,POWERED_GATE_OR_DOOR,75199,1,Kilen 8,Kammakargatan 47,Norrmalm,NO,https://etjanster.stockholm.se/Byggochplantjansten/arende/arende/1314184?dataSource=Active
2026-02910,1314212,2026-02-18,,Anmaning att låta åtgärda hissar samt utföra förnyad besiktning,2026-02-18,"Intyg återkommande besiktning, ej godkänt, L2657423",Skrivelse In,ej godkänt,DETERMINISTIC_FAILURE,LIFT,L2657423,1,Sperlingens Backe 56,Sturegatan 4,Östermalm,NO,https://etjanster.stockholm.se/Byggochplantjansten/arende/arende/1314212?dataSource=Active
2026-02326,1313628,2026-02-11,2026-09-03,Anmaning att låta åtgärda hiss samt utföra förnyad besiktning,2026-02-19,"Intyg återkommande besiktning, ej godkänt, D1713106",Skrivelse In,ej godkänt,DETERMINISTIC_FAILURE,LIFT,D1713106,1,Spettet 9,Hornsbruksgatan 15B,Södermalm,YES,https://etjanster.stockholm.se/Byggochplantjansten/arende/arende/1313628?dataSource=Active
2026-02955,1314257,2026-02-19,2026-09-15,Anmaning att låta åtgärda hiss samt utföra förnyad besiktning,2026-02-19,"Intyg återkommande besiktning, ej godkänt, L7781217",Skrivelse In,ej godkänt,DETERMINISTIC_FAILURE,LIFT,L7781217,1,Arenan 1,Arenaslingan 7,Johanneshov,YES,https://etjanster.stockholm.se/Byggochplantjansten/arende/arende/1314257?dataSource=Active
2026-02963,1314265,2026-02-18,2026-03-24,Anmaning att låta åtgärda portar samt utföra förnyad besiktning (Skansen Hasselbacksporten och Skansenbutiken),2026-02-19,"Intyg återkommande besiktning, ej godkänt, L0844407, S594799 ",Skrivelse In,ej godkänt,DETERMINISTIC_FAILURE,POWERED_GATE_OR_DOOR,L0844407 S594799,2,Djurgården 1:1,"Information saknas för ""Adress""",Djurgården,YES,https://etjanster.stockholm.se/Byggochplantjansten/arende/arende/1314265?dataSource=Active
2026-02965,1314267,2026-02-18,2026-09-01,Anmaning att låta åtgärda hissar samt utföra förnyad besiktning,2026-02-19,"Intyg återkommande besiktning, ej godkänt, S515434, S515435",Skrivelse In,ej godkänt,DETERMINISTIC_FAILURE,LIFT,S515434 S515435,2,Vasastaden 1:16,"Gävlegatan 37, Hagaesplanaden 46",Vasastaden,YES,https://etjanster.stockholm.se/Byggochplantjansten/arende/arende/1314267?dataSource=Active
2026-02966,1314268,2026-02-18,,Anmaning att låta åtgärda hissar samt utföra förnyad besiktning,2026-02-19,"Intyg återkommande besiktning, ej godkänt, L1679554",Skrivelse In,ej godkänt,DETERMINISTIC_FAILURE,LIFT,L1679554,1,Munin 3,Hagagatan 48A,Vasastaden,NO,https://etjanster.stockholm.se/Byggochplantjansten/arende/arende/1314268?dataSource=Active
2026-02967,1314269,2026-02-18,2026-09-01,Anmaning att låta åtgärda hissar samt utföra förnyad besiktning,2026-02-19,"Intyg återkommande besiktning, ej godkänt, L1680644",Skrivelse In,ej godkänt,DETERMINISTIC_FAILURE,LIFT,L1680644,1,Domnarvet 14,Fagerstagatan 9,Lunda,YES,https://etjanster.stockholm.se/Byggochplantjansten/arende/arende/1314269?dataSource=Active
2026-02968,1314270,2026-02-18,2026-09-01,Anmaning att låta åtgärda hissar samt utföra förnyad besiktning,2026-02-19,"Intyg återkommande besiktning, ej godkänt, L3107356",Skrivelse In,ej godkänt,DETERMINISTIC_FAILURE,LIFT,L3107356,1,Nybyggsgrind 6,Blanchegatan 4,Ladugårdsgärdet,YES,https://etjanster.stockholm.se/Byggochplantjansten/arende/arende/1314270?dataSource=Active
2026-02972,1314274,2026-02-18,2026-04-23,Anmaning att låta åtgärda hissar samt utföra förnyad besiktning,2026-02-19,"Intyg återkommande besiktning, ej godkänt, L3479417",Skrivelse In,ej godkänt,DETERMINISTIC_FAILURE,LIFT,L3479417,1,Småland 6,Bellmansgatan 36,Södermalm,YES,https://etjanster.stockholm.se/Byggochplantjansten/arende/arende/1314274?dataSource=Active
2026-02973,1314275,2026-02-18,,Anmaning att låta åtgärda hissar samt utföra förnyad besiktning,2026-02-19,"Intyg återkommande besiktning, ej godkänt, L3493319",Skrivelse In,ej godkänt,DETERMINISTIC_FAILURE,LIFT,L3493319,1,Hälsokällan 1,Döbelnsgatan 40,Vasastaden,NO,https://etjanster.stockholm.se/Byggochplantjansten/arende/arende/1314275?dataSource=Active
2026-02978,1314280,2026-02-18,,Anmaning att låta åtgärda hissar samt utföra förnyad besiktning,2026-02-19,"Intyg återkommande besiktning, ej godkänt, L3493327",Skrivelse In,ej godkänt,DETERMINISTIC_FAILURE,LIFT,L3493327,1,Hälsokällan 1,Markvardsgatan 8,Vasastaden,NO,https://etjanster.stockholm.se/Byggochplantjansten/arende/arende/1314280?dataSource=Active
2026-02979,1314281,2026-02-18,2026-08-25,Anmaning att låta åtgärda hissar samt utföra förnyad besiktning,2026-02-19,"Intyg återkommande besiktning, ej godkänt, L3682481",Skrivelse In,ej godkänt,DETERMINISTIC_FAILURE,LIFT,L3682481,1,Tjurberget 5,Ringvägen 105A,Södermalm,YES,https://etjanster.stockholm.se/Byggochplantjansten/arende/arende/1314281?dataSource=Active
2026-02982,1314284,2026-02-18,,Anmaning att låta åtgärda hissar samt utföra förnyad besiktning,2026-02-19,"Intyg återkommande besiktning, ej godkänt, S306556",Skrivelse In,ej godkänt,DETERMINISTIC_FAILURE,LIFT,S306556,1,Krassen 5,Lötmogatan 7,Midsommarkransen,NO,https://etjanster.stockholm.se/Byggochplantjansten/arende/arende/1314284?dataSource=Active
2026-02983,1314285,2026-02-18,,Anmaning att låta åtgärda hissar samt utföra förnyad besiktning,2026-02-19,"Intyg återkommande besiktning, ej godkänt, S471964",Skrivelse In,ej godkänt,DETERMINISTIC_FAILURE,LIFT,S471964,1,Lokstallet 7,Torsgatan 19,Vasastaden,NO,https://etjanster.stockholm.se/Byggochplantjansten/arende/arende/1314285?dataSource=Active
2026-02984,1314286,2026-02-18,,Anmaning att låta åtgärda hissar samt utföra förnyad besiktning,2026-02-19,"Intyg återkommande besiktning, ej godkänt, S601852",Skrivelse In,ej godkänt,DETERMINISTIC_FAILURE,LIFT,S601852,1,Blackebergs Gård 9,Johan Tillanders Väg 25,Blackeberg,NO,https://etjanster.stockholm.se/Byggochplantjansten/arende/arende/1314286?dataSource=Active
2026-02985,1314287,2026-02-18,2026-03-13,Anmaning att låta åtgärda hissar samt utföra förnyad besiktning,2026-02-19,"Intyg återkommande besiktning, ej godkänt, S872872",Skrivelse In,ej godkänt,DETERMINISTIC_FAILURE,LIFT,S872872,1,Templet 2,Högalids Kyrkväg 11,Södermalm,YES,https://etjanster.stockholm.se/Byggochplantjansten/arende/arende/1314287?dataSource=Active
2026-02996,1314298,2026-02-19,,Anmaning att låta åtgärda hissar samt utföra förnyad besiktning,2026-02-19,"Intyg återkommande besiktning, ej godkänt, L2808000",Skrivelse In,ej godkänt,DETERMINISTIC_FAILURE,LIFT,L2808000,1,Plankan 24,Hornsgatan 134,Södermalm,NO,https://etjanster.stockholm.se/Byggochplantjansten/arende/arende/1314298?dataSource=Active
2026-02999,1314301,2026-02-19,2026-09-17,Anmaning att låta åtgärda hissar samt utföra förnyad besiktning,2026-02-19,"Intyg återkommande besiktning, ej godkänt, 60226",Skrivelse In,ej godkänt,DETERMINISTIC_FAILURE,LIFT,60226,1,Sirius 23,Odengatan 79,Vasastaden,YES,https://etjanster.stockholm.se/Byggochplantjansten/arende/arende/1314301?dataSource=Active
2026-03016,1314318,2026-02-19,2026-08-31,Anmaning att låta åtgärda hissar samt utföra förnyad besiktning,2026-02-19,"Intyg återkommande besiktning, ej godkänt, L2524478, L2543377, L2627170",Skrivelse In,ej godkänt,DETERMINISTIC_FAILURE,LIFT,L2524478 L2543377 L2627170,3,Mallen 9,"Tjustgatan 5, Västgötagatan 18, Åsögatan 100",Södermalm,YES,https://etjanster.stockholm.se/Byggochplantjansten/arende/arende/1314318?dataSource=Active
2026-03021,1314323,2026-02-19,2026-09-15,Anmaning att låta åtgärda hissar samt utföra förnyad besiktning,2026-02-19,"Intyg återkommande besiktning, ej godkänt, D1394531",Skrivelse In,ej godkänt,DETERMINISTIC_FAILURE,LIFT,D1394531,1,Skutan 30,Industrigatan 3,Kungsholmen,YES,https://etjanster.stockholm.se/Byggochplantjansten/arende/arende/1314323?dataSource=Active
2026-03022,1314324,2026-02-19,2026-03-03,Anmaning att låta åtgärda hissar samt utföra förnyad besiktning,2026-02-19,"Intyg återkommande besiktning, ej godkänt, L2978283",Skrivelse In,ej godkänt,DETERMINISTIC_FAILURE,LIFT,L2978283,1,Putten 16,Sveavägen 20,Norrmalm,YES,https://etjanster.stockholm.se/Byggochplantjansten/arende/arende/1314324?dataSource=Active
2026-03061,1314363,2026-02-20,,Anmaning att låta åtgärda hiss samt utföra förnyad besiktning,2026-02-20,"Intyg återkommande besiktning, ej godkänt, L2547800",Skrivelse In,ej godkänt,DETERMINISTIC_FAILURE,LIFT,L2547800,1,Arenan 1,Arenaslingan 7,Johanneshov,NO,https://etjanster.stockholm.se/Byggochplantjansten/arende/arende/1314363?dataSource=Active
2026-03072,1314374,2026-02-20,,Anmaning att låta åtgärda hissar samt utföra förnyad besiktning,2026-02-20,"Intyg återkommande besiktning, ej godkänt, L7902167",Skrivelse In,ej godkänt,DETERMINISTIC_FAILURE,LIFT,L7902167,1,Tungstenen 2,Kanngjutargränd 42,Grimsta,NO,https://etjanster.stockholm.se/Byggochplantjansten/arende/arende/1314374?dataSource=Active
2026-03078,1314380,2026-02-20,2026-09-01,Anmaning att låta åtgärda hissar samt utföra förnyad besiktning,2026-02-20,"Intyg återkommande besiktning, ej godkänt, 30725",Skrivelse In,ej godkänt,DETERMINISTIC_FAILURE,LIFT,30725,1,Heimdall 1,Norrtullsgatan 47,Vasastaden,YES,https://etjanster.stockholm.se/Byggochplantjansten/arende/arende/1314380?dataSource=Active
2026-03079,1314381,2026-02-20,2026-08-25,Anmaning att låta åtgärda hissar samt utföra förnyad besiktning,2026-02-20,"Intyg återkommande besiktning, ej godkänt, 29587",Skrivelse In,ej godkänt,DETERMINISTIC_FAILURE,LIFT,29587,1,Alnmåttet 1,Tideliusgatan 15,Södermalm,YES,https://etjanster.stockholm.se/Byggochplantjansten/arende/arende/1314381?dataSource=Active
2026-03092,1314394,2026-02-20,2026-08-31,Anmaning att låta åtgärda hissar samt utföra förnyad besiktning,2026-02-20,"Intyg återkommande besiktning, ej godkänt, L2972261",Skrivelse In,ej godkänt,DETERMINISTIC_FAILURE,LIFT,L2972261,1,Danmark 2,Danmarksgatan 15,Kista,YES,https://etjanster.stockholm.se/Byggochplantjansten/arende/arende/1314394?dataSource=Active
2026-03093,1314395,2026-02-20,,Anmaning att låta åtgärda hiss samt utföra förnyad besiktning,2026-02-20,"Intyg återkommande besiktning, ej godkänt, L2972261",Skrivelse In,ej godkänt,DETERMINISTIC_FAILURE,LIFT,L2972261,1,Danmark 2,"Information saknas för ""Adress""",Kista,NO,https://etjanster.stockholm.se/Byggochplantjansten/arende/arende/1314395?dataSource=Active
2026-03222,1314524,2026-02-20,,Anmaning att låta åtgärda hissar samt utföra förnyad besiktning,2026-02-24,"Intyg återkommande besiktning, ej godkänt, L3726643",Skrivelse In,ej godkänt,DETERMINISTIC_FAILURE,LIFT,L3726643,1,Gjutaren Mindre 8,Sankt Eriksgatan 84,Vasastaden,NO,https://etjanster.stockholm.se/Byggochplantjansten/arende/arende/1314524?dataSource=Active
2026-03224,1314526,2026-02-20,,Anmaning att låta åtgärda hissar samt utföra förnyad besiktning,2026-02-24,"Intyg återkommande besiktning, ej godkänt, S149976",Skrivelse In,ej godkänt,DETERMINISTIC_FAILURE,LIFT,S149976,1,Krabaten 3,Strandvägen 13,Östermalm,NO,https://etjanster.stockholm.se/Byggochplantjansten/arende/arende/1314526?dataSource=Active
2026-03227,1314529,2026-02-20,2026-09-01,Anmaning att låta åtgärda hissar samt utföra förnyad besiktning,2026-02-24,"Intyg återkommande besiktning, ej godkänt, S189058, S201829, S203801, S206009, S206605",Skrivelse In,ej godkänt,DETERMINISTIC_FAILURE,LIFT,S189058 S201829 S203801 S206009 S206605,5,Hedvig 15,Bennebolsgatan 34,Solhem,YES,https://etjanster.stockholm.se/Byggochplantjansten/arende/arende/1314529?dataSource=Active
2026-03228,1314530,2026-02-20,,Anmaning att låta åtgärda hissar samt utföra förnyad besiktning,2026-02-24,"Intyg återkommande besiktning, ej godkänt, S578793",Skrivelse In,ej godkänt,DETERMINISTIC_FAILURE,LIFT,S578793,1,Lådkameran 1,Skeppstavägen 3,Bandhagen,NO,https://etjanster.stockholm.se/Byggochplantjansten/arende/arende/1314530?dataSource=Active
2026-03231,1314533,2026-02-20,,Anmaning att låta åtgärda hissar samt utföra förnyad besiktning,2026-02-24,"Intyg återkommande besiktning, ej godkänt, S1007651",Skrivelse In,ej godkänt,DETERMINISTIC_FAILURE,LIFT,S1007651,1,Läraren 7,Torsgatan 8A,Norrmalm,NO,https://etjanster.stockholm.se/Byggochplantjansten/arende/arende/1314533?dataSource=Active
2026-03248,1314550,2026-02-24,,Anmaning att låta åtgärda hissar samt utföra förnyad besiktning,2026-02-24,"Intyg återkommande besiktning, ej godkänt, D1702084",Skrivelse In,ej godkänt,DETERMINISTIC_FAILURE,LIFT,D1702084,1,Armringen 7,Ramsundsvägen 14,Norra Ängby,NO,https://etjanster.stockholm.se/Byggochplantjansten/arende/arende/1314550?dataSource=Active
2026-03250,1314552,2026-02-24,2026-08-27,Anmaning att låta åtgärda port samt utföra förnyad besiktning,2026-02-24,"Intyg återkommande besiktning, ej godkänt, L2901711",Skrivelse In,ej godkänt,DETERMINISTIC_FAILURE,POWERED_GATE_OR_DOOR,L2901711,1,Panncentralen 2,Åbyvägen 20A,Östberga,YES,https://etjanster.stockholm.se/Byggochplantjansten/arende/arende/1314552?dataSource=Active
2026-03252,1314554,2026-02-23,,Anmaning att låta åtgärda hissar samt utföra förnyad besiktning,2026-02-24,"Intyg återkommande besiktning, ej godkänt, L7924116",Skrivelse In,ej godkänt,DETERMINISTIC_FAILURE,LIFT,L7924116,1,Tre Brunnar 1,Vällingby Torg 37,Vällingby,NO,https://etjanster.stockholm.se/Byggochplantjansten/arende/arende/1314554?dataSource=Active
2026-03255,1314557,2026-02-24,2026-08-25,Anmaning att låta åtgärda hissar samt utföra förnyad besiktning,2026-02-24,"Intyg återkommande besiktning, ej godkänt, L2849690, L2849681",Skrivelse In,ej godkänt,DETERMINISTIC_FAILURE,LIFT,L2849690 L2849681,2,Fredrikslund 5,Marklandsbacken 11,Åkeslund,YES,https://etjanster.stockholm.se/Byggochplantjansten/arende/arende/1314557?dataSource=Active
2026-03257,1314559,2026-02-23,2026-09-08,Anmaning att låta åtgärda hissar samt utföra förnyad besiktning,2026-02-24,"Intyg återkommande besiktning, ej godkänt, L7046824",Skrivelse In,ej godkänt,DETERMINISTIC_FAILURE,LIFT,L7046824,1,Nimrod 7,Jägmästargatan 2,Hjorthagen,YES,https://etjanster.stockholm.se/Byggochplantjansten/arende/arende/1314559?dataSource=Active
2026-03266,1314568,2026-02-23,2026-03-24,Anmaning att låta åtgärda hissar samt utföra förnyad besiktning,2026-02-24,"Intyg återkommande besiktning, ej godkänt, 44794",Skrivelse In,ej godkänt,DETERMINISTIC_FAILURE,LIFT,44794,1,Orion 16,Surbrunnsgatan 59,Vasastaden,YES,https://etjanster.stockholm.se/Byggochplantjansten/arende/arende/1314568?dataSource=Active
2026-03268,1314570,2026-02-23,2026-03-05,Anmaning att låta åtgärda hissar samt utföra förnyad besiktning,2026-02-24,"Intyg återkommande besiktning, ej godkänt, 25725",Skrivelse In,ej godkänt,DETERMINISTIC_FAILURE,LIFT,25725,1,Grönlandet Södra 7,Wallingatan 3B,Norrmalm,YES,https://etjanster.stockholm.se/Byggochplantjansten/arende/arende/1314570?dataSource=Active
2026-03271,1314573,2026-02-23,2026-02-26,Anmaning att låta åtgärda hissar samt utföra förnyad besiktning,2026-02-24,"Intyg återkommande besiktning, ej godkänt, 28223",Skrivelse In,ej godkänt,DETERMINISTIC_FAILURE,LIFT,28223,1,Knoppen 23,Arbetargatan 24A,Kungsholmen,YES,https://etjanster.stockholm.se/Byggochplantjansten/arende/arende/1314573?dataSource=Active
2026-03272,1314574,2026-02-24,,Anmaning att låta åtgärda port samt utföra förnyad besiktning,2026-02-24,"Intyg återkommande besiktning, ej godkänt, D1550223",Skrivelse In,ej godkänt,DETERMINISTIC_FAILURE,POWERED_GATE_OR_DOOR,D1550223,1,Båglampan 35,Lintavägen 1,Ulvsunda Industriområde,NO,https://etjanster.stockholm.se/Byggochplantjansten/arende/arende/1314574?dataSource=Active
2026-03287,1314589,2026-02-24,2026-09-01,Anmaning att låta åtgärda hissar samt utföra förnyad besiktning,2026-02-24,"Intyg återkommande besiktning, ej godkänt, D1320983",Skrivelse In,ej godkänt,DETERMINISTIC_FAILURE,LIFT,D1320983,1,Uttern 1,Jakobsgatan 27C,Norrmalm,YES,https://etjanster.stockholm.se/Byggochplantjansten/arende/arende/1314589?dataSource=Active
2026-03296,1314598,2026-02-24,,Anmaning att låta åtgärda hiss samt utföra förnyad besiktning,2026-02-24,"Intyg återkommande besiktning, ej godkänt, D1713856",Skrivelse In,ej godkänt,DETERMINISTIC_FAILURE,LIFT,D1713856,1,Jordbruksministern 1,Byälvsvägen 29,Bagarmossen,NO,https://etjanster.stockholm.se/Byggochplantjansten/arende/arende/1314598?dataSource=Active
2026-03299,1314601,2026-02-24,,Anmaning att låta åtgärda hiss samt utföra förnyad besiktning,2026-02-24,"Intyg återkommande besiktning, ej godkänt, L2524558",Skrivelse In,ej godkänt,DETERMINISTIC_FAILURE,LIFT,L2524558,1,Inedal 4,Kronobergsgatan 28,Kungsholmen,NO,https://etjanster.stockholm.se/Byggochplantjansten/arende/arende/1314601?dataSource=Active
2026-03458,1314760,2026-02-26,,Anmaning att låta åtgärda hiss samt utföra förnyad besiktning,2026-02-26,"Intyg återkommande besiktning, ej godkänt, L7064653",Skrivelse In,ej godkänt,DETERMINISTIC_FAILURE,LIFT,L7064653,1,Magnoskopet 3,Harpsundsvägen 145,Högdalen,NO,https://etjanster.stockholm.se/Byggochplantjansten/arende/arende/1314760?dataSource=Active
2026-03463,1314765,2026-02-26,,Anmaning att låta åtgärda hiss samt utföra förnyad besiktning,2026-02-26,"Intyg återkommande besiktning, ej godkänt, L2587026",Skrivelse In,ej godkänt,DETERMINISTIC_FAILURE,LIFT,L2587026,1,Harholmen 3,Äspholmsvägen 37,Skärholmen,NO,https://etjanster.stockholm.se/Byggochplantjansten/arende/arende/1314765?dataSource=Active
2026-03470,1314772,2026-02-26,2026-09-08,Anmaning att låta åtgärda hiss samt utföra förnyad besiktning,2026-02-26,"Intyg återkommande besiktning, ej godkänt, D1656921",Skrivelse In,ej godkänt,DETERMINISTIC_FAILURE,LIFT,D1656921,1,Nimrod 7,Jägmästargatan 2,Hjorthagen,YES,https://etjanster.stockholm.se/Byggochplantjansten/arende/arende/1314772?dataSource=Active
2026-03491,1314793,2026-02-26,2026-03-03,Anmaning att låta åtgärda hiss samt utföra förnyad besiktning,2026-02-26,"Intyg återkommande besiktning, ej godkänt, L3515988",Skrivelse In,ej godkänt,DETERMINISTIC_FAILURE,LIFT,L3515988,1,Spektern 13,Västra Trädgårdsgatan 17,Norrmalm,YES,https://etjanster.stockholm.se/Byggochplantjansten/arende/arende/1314793?dataSource=Active
2026-03496,1314798,2026-02-26,2026-09-02,Anmaning att låta åtgärda hissar samt utföra förnyad besiktning,2026-02-26,"Intyg återkommande besiktning, ej godkänt, 2 st, L2598658, L2598710",Skrivelse In,ej godkänt,DETERMINISTIC_FAILURE,LIFT,L2598658 L2598710,2,Starrbäcken 1,"Starrängsringen 54, Starrängsringen 60",Ladugårdsgärdet,YES,https://etjanster.stockholm.se/Byggochplantjansten/arende/arende/1314798?dataSource=Active
2026-03497,1314799,2026-02-26,2026-09-09,Anmaning att låta åtgärda hiss samt utföra förnyad besiktning,2026-02-26,"Intyg återkommande besiktning, ej godkänt, L2985104",Skrivelse In,ej godkänt,DETERMINISTIC_FAILURE,LIFT,L2985104,1,Tussmötetorpet 16,Tussmötevägen 224,Stureby,YES,https://etjanster.stockholm.se/Byggochplantjansten/arende/arende/1314799?dataSource=Active
2026-03498,1314800,2026-02-26,,Anmaning att låta åtgärda hiss samt utföra förnyad besiktning,2026-02-26,"Intyg återkommande besiktning, ej godkänt, L2733108",Skrivelse In,ej godkänt,DETERMINISTIC_FAILURE,LIFT,L2733108,1,Prästgårdsängen 1,Solberga Hagväg 4,Solberga,NO,https://etjanster.stockholm.se/Byggochplantjansten/arende/arende/1314800?dataSource=Active
2026-03500,1314802,2026-02-26,2026-09-01,Anmaning att låta åtgärda hiss samt utföra förnyad besiktning,2026-02-26,"Intyg återkommande besiktning, ej godkänt, L7552509",Skrivelse In,ej godkänt,DETERMINISTIC_FAILURE,LIFT,L7552509,1,Kolbottnen 2,Hallsbergsgatan 20,Hagsätra,YES,https://etjanster.stockholm.se/Byggochplantjansten/arende/arende/1314802?dataSource=Active
2026-03501,1314803,2026-02-26,2026-02-26,Anmaning att låta åtgärda hiss samt utföra förnyad besiktning,2026-02-26,"Intyg återkommande besiktning, ej godkänt, 30476",Skrivelse In,ej godkänt,DETERMINISTIC_FAILURE,LIFT,30476,1,Skruven 6,Pålsundsgatan 4,Södermalm,NO,https://etjanster.stockholm.se/Byggochplantjansten/arende/arende/1314803?dataSource=Active
2026-03507,1314809,2026-02-26,2026-03-18,Anmaning att låta åtgärda hissar samt utföra förnyad besiktning,2026-02-26,"Intyg återkommande besiktning, ej godkänt, 2 st, 20959, 20960",Skrivelse In,ej godkänt,DETERMINISTIC_FAILURE,LIFT,20959 20960,2,Näktergalen 6,Karlavägen 27A,Östermalm,YES,https://etjanster.stockholm.se/Byggochplantjansten/arende/arende/1314809?dataSource=Active
2026-03509,1314811,2026-02-26,2026-08-27,Anmaning att låta åtgärda hiss samt utföra förnyad besiktning,2026-02-26,"Intyg återkommande besiktning, ej godkänt, 53312",Skrivelse In,ej godkänt,DETERMINISTIC_FAILURE,LIFT,53312,1,Gjutformen 1,Sankt Eriksgatan 7,Kungsholmen,YES,https://etjanster.stockholm.se/Byggochplantjansten/arende/arende/1314811?dataSource=Active
2026-03512,1314814,2026-02-26,2026-09-01,Anmaning att låta åtgärda hiss samt utföra förnyad besiktning,2026-02-26,"Intyg återkommande besiktning, ej godkänt, 58275",Skrivelse In,ej godkänt,DETERMINISTIC_FAILURE,LIFT,58275,1,Furan 9,Eriksbergsgatan 30,Östermalm,NO,https://etjanster.stockholm.se/Byggochplantjansten/arende/arende/1314814?dataSource=Active
2026-03515,1314817,2026-02-26,2026-09-09,Anmaning att låta åtgärda hiss samt utföra förnyad besiktning,2026-02-26,"Intyg återkommande besiktning, ej godkänt, 32687",Skrivelse In,ej godkänt,DETERMINISTIC_FAILURE,LIFT,32687,1,Fyrtornet 5,Folkungagatan 146B,Södermalm,YES,https://etjanster.stockholm.se/Byggochplantjansten/arende/arende/1314817?dataSource=Active
2026-03516,1314818,2026-02-26,2026-09-09,Anmaning att låta åtgärda hiss samt utföra förnyad besiktning,2026-02-26,"Intyg återkommande besiktning, ej godkänt, 30475",Skrivelse In,ej godkänt,DETERMINISTIC_FAILURE,LIFT,30475,1,Skruven 6,Heleneborgsgatan 19,Södermalm,YES,https://etjanster.stockholm.se/Byggochplantjansten/arende/arende/1314818?dataSource=Active
2026-03527,1314829,2026-02-26,,Anmaning att låta åtgärda hiss samt utföra förnyad besiktning,2026-02-26,"Intyg återkommande besiktning, ej godkänt, D1719674",Skrivelse In,ej godkänt,DETERMINISTIC_FAILURE,LIFT,D1719674,1,Tapeten 1,Ringvägen 8,Södermalm,NO,https://etjanster.stockholm.se/Byggochplantjansten/arende/arende/1314829?dataSource=Active
2026-03534,1314836,2026-02-26,2026-09-15,Anmaning att låta åtgärda hiss samt utföra förnyad besiktning,2026-02-26,"Intyg återkommande besiktning, ej godkänt, D1403560",Skrivelse In,ej godkänt,DETERMINISTIC_FAILURE,LIFT,D1403560,1,Årstalund 3,Årsta Torg 5,Årsta,YES,https://etjanster.stockholm.se/Byggochplantjansten/arende/arende/1314836?dataSource=Active
2026-03605,1314907,2026-02-27,2026-09-15,Anmaning att låta åtgärda port samt utföra förnyad besiktning,2026-02-27,"Intyg återkommande besiktning, ej godkänt, L2901739",Skrivelse In,ej godkänt,DETERMINISTIC_FAILURE,POWERED_GATE_OR_DOOR,L2901739,1,Panncentralen 2,Åbyvägen 20A,Östberga,YES,https://etjanster.stockholm.se/Byggochplantjansten/arende/arende/1314907?dataSource=Active
2026-03606,1314908,2026-02-27,2026-09-15,Anmaning att låta åtgärda hiss samt utföra förnyad besiktning,2026-02-27,"Intyg återkommande besiktning, ej godkänt, D1585004",Skrivelse In,ej godkänt,DETERMINISTIC_FAILURE,LIFT,D1585004,1,Schaktugnen 1,Masugnsvägen 50,Ulvsunda Industriområde,YES,https://etjanster.stockholm.se/Byggochplantjansten/arende/arende/1314908?dataSource=Active
2026-03701,1315020,2026-02-27,,Anmaning att låta åtgärda hissar samt utföra förnyad besiktning,2026-03-02,"Intyg återkommande besiktning, ej godkänt, 67133",Skrivelse In,ej godkänt,DETERMINISTIC_FAILURE,LIFT,67133,1,Diamanten 20,Pipersgatan 16,Kungsholmen,NO,https://etjanster.stockholm.se/Byggochplantjansten/arende/arende/1315020?dataSource=Active
2026-03702,1315021,2026-02-27,2026-09-15,Anmaning att låta åtgärda hissar samt utföra förnyad besiktning,2026-03-02,"Intyg återkommande besiktning, ej godkänt, 21957",Skrivelse In,ej godkänt,DETERMINISTIC_FAILURE,LIFT,21957,1,Tamburmajoren 3,Banérgatan 50,Östermalm,YES,https://etjanster.stockholm.se/Byggochplantjansten/arende/arende/1315021?dataSource=Active
2026-03703,1315022,2026-02-27,2026-03-25,Anmaning att låta åtgärda hissar samt utföra förnyad besiktning,2026-03-02,"Intyg återkommande besiktning, ej godkänt, 74660",Skrivelse In,ej godkänt,DETERMINISTIC_FAILURE,LIFT,74660,1,Kurland 11,Kammakargatan 32,Norrmalm,YES,https://etjanster.stockholm.se/Byggochplantjansten/arende/arende/1315022?dataSource=Active
2026-03706,1315025,2026-02-27,2026-03-25,Anmaning att låta åtgärda hissar samt utföra förnyad besiktning,2026-03-02,"Intyg återkommande besiktning, ej godkänt, 68232",Skrivelse In,ej godkänt,DETERMINISTIC_FAILURE,LIFT,68232,1,Kurland 11,Holländargatan 21A,Norrmalm,YES,https://etjanster.stockholm.se/Byggochplantjansten/arende/arende/1315025?dataSource=Active
2026-03709,1315028,2026-02-27,,Anmaning att låta åtgärda hissar samt utföra förnyad besiktning,2026-03-02,"Intyg återkommande besiktning, ej godkänt, 37906",Skrivelse In,ej godkänt,DETERMINISTIC_FAILURE,LIFT,37906,1,Signalisten 1,Rålambsvägen 29,Marieberg,NO,https://etjanster.stockholm.se/Byggochplantjansten/arende/arende/1315028?dataSource=Active
2026-03717,1315036,2026-03-02,,Anmaning att låta åtgärda hiss samt utföra förnyad besiktning,2026-03-02,"Intyg återkommande besiktning, ej godkänt, L7598309",Skrivelse In,ej godkänt,DETERMINISTIC_FAILURE,LIFT,L7598309,1,Långreven 19,Metargatan 15,Södermalm,NO,https://etjanster.stockholm.se/Byggochplantjansten/arende/arende/1315036?dataSource=Active
2026-03718,1315037,2026-03-02,2026-09-10,Anmaning att låta åtgärda hiss samt utföra förnyad besiktning,2026-03-02,"Intyg återkommande besiktning, ej godkänt, D1721139",Skrivelse In,ej godkänt,DETERMINISTIC_FAILURE,LIFT,D1721139,1,Krysstaket 4,Skebokvarnsvägen 67,Bandhagen,YES,https://etjanster.stockholm.se/Byggochplantjansten/arende/arende/1315037?dataSource=Active
2026-03746,1315065,2026-02-27,,Anmaning att låta åtgärda hissar samt utföra förnyad besiktning,2026-03-03,"Intyg återkommande besiktning, ej godkänt, L3135043",Skrivelse In,ej godkänt,DETERMINISTIC_FAILURE,LIFT,L3135043,1,Järnlunden 7,Årstavägen 20,Årsta,YES,https://etjanster.stockholm.se/Byggochplantjansten/arende/arende/1315065?dataSource=Active
2026-03753,1315072,2026-02-27,,Anmaning att låta åtgärda hissar samt utföra förnyad besiktning,2026-03-03,"Intyg återkommande besiktning, ej godkänt, L3487717, L3487725",Skrivelse In,ej godkänt,DETERMINISTIC_FAILURE,LIFT,L3487717 L3487725,2,Primusköket 10,"Essinge Brogata 18, Essinge Brogata 20",Lilla Essingen,NO,https://etjanster.stockholm.se/Byggochplantjansten/arende/arende/1315072?dataSource=Active
2026-03757,1315076,2026-02-27,,Anmaning att låta åtgärda hissar samt utföra förnyad besiktning,2026-03-03,"Intyg återkommande besiktning, ej godkänt, L3515590",Skrivelse In,ej godkänt,DETERMINISTIC_FAILURE,LIFT,L3515590,1,Skansen 23,Sergels Torg 3,Norrmalm,NO,https://etjanster.stockholm.se/Byggochplantjansten/arende/arende/1315076?dataSource=Active
2026-03764,1315083,2026-02-27,2026-09-08,Anmaning att låta åtgärda hissar samt utföra förnyad besiktning,2026-03-03,"Intyg återkommande besiktning, ej godkänt, L3682515",Skrivelse In,ej godkänt,DETERMINISTIC_FAILURE,LIFT,L3682515,1,Tjurberget 4,Ringvägen 107B,Södermalm,YES,https://etjanster.stockholm.se/Byggochplantjansten/arende/arende/1315083?dataSource=Active
2026-03766,1315085,2026-02-27,2026-09-10,Anmaning att låta åtgärda hissar samt utföra förnyad besiktning,2026-03-03,"Intyg återkommande besiktning, ej godkänt, L3707387",Skrivelse In,ej godkänt,DETERMINISTIC_FAILURE,LIFT,L3707387,1,Roslagsbanan 20,Körsbärsvägen 6,Norra Djurgården,YES,https://etjanster.stockholm.se/Byggochplantjansten/arende/arende/1315085?dataSource=Active
2026-03767,1315086,2026-02-27,,Anmaning att låta åtgärda hissar samt utföra förnyad besiktning,2026-03-03,"Intyg återkommande besiktning, ej godkänt, L3715927",Skrivelse In,ej godkänt,DETERMINISTIC_FAILURE,LIFT,L3715927,1,Vindruvan 14,Scheelegatan 8,Kungsholmen,NO,https://etjanster.stockholm.se/Byggochplantjansten/arende/arende/1315086?dataSource=Active
2026-03771,1315090,2026-02-27,2026-09-11,Anmaning att låta åtgärda hissar samt utföra förnyad besiktning,2026-03-03,"Intyg återkommande besiktning, ej godkänt, L3728995",Skrivelse In,ej godkänt,DETERMINISTIC_FAILURE,LIFT,L3728995,1,Hugin 12,Dannemoragatan 6,Vasastaden,YES,https://etjanster.stockholm.se/Byggochplantjansten/arende/arende/1315090?dataSource=Active
2026-03773,1315092,2026-02-27,,Anmaning att låta åtgärda hissar samt utföra förnyad besiktning,2026-03-03,"Intyg återkommande besiktning, ej godkänt, L3751161",Skrivelse In,ej godkänt,DETERMINISTIC_FAILURE,LIFT,L3751161,1,Kornetten 2,Erik Dahlbergsallén 15,Östermalm,YES,https://etjanster.stockholm.se/Byggochplantjansten/arende/arende/1315092?dataSource=Active
2026-03774,1315093,2026-02-27,,Anmaning att låta åtgärda hissar samt utföra förnyad besiktning,2026-03-03,"Intyg återkommande besiktning, ej godkänt, L4043006",Skrivelse In,ej godkänt,DETERMINISTIC_FAILURE,LIFT,L4043006,1,Stämjärnet 1,Heleneborgsgatan 12B,Södermalm,NO,https://etjanster.stockholm.se/Byggochplantjansten/arende/arende/1315093?dataSource=Active
2026-03777,1315096,2026-02-27,2026-03-12,Anmaning att låta åtgärda hissar samt utföra förnyad besiktning,2026-03-03,"Intyg återkommande besiktning, ej godkänt, L4072914",Skrivelse In,ej godkänt,DETERMINISTIC_FAILURE,LIFT,L4072914,1,Kopparsticket 2,Gullmarsvägen 11,Johanneshov,YES,https://etjanster.stockholm.se/Byggochplantjansten/arende/arende/1315096?dataSource=Active
2026-03780,1315099,2026-02-27,,Anmaning att låta åtgärda hissar samt utföra förnyad besiktning,2026-03-03,"Intyg återkommande besiktning, ej godkänt, L4078804",Skrivelse In,ej godkänt,DETERMINISTIC_FAILURE,LIFT,L4078804,1,Pennteckningen 4,Gullmarsvägen 2,Johanneshov,NO,https://etjanster.stockholm.se/Byggochplantjansten/arende/arende/1315099?dataSource=Active
2026-03781,1315100,2026-02-27,,Anmaning att låta åtgärda hissar samt utföra förnyad besiktning,2026-03-03,"Intyg återkommande besiktning, ej godkänt, L4078895, L4078903, L4078911",Skrivelse In,ej godkänt,DETERMINISTIC_FAILURE,LIFT,L4078895 L4078903 L4078911,3,Svärdlången 6,"Årstavägen 68, Årstavägen 70, Årstavägen 72",Årsta,NO,https://etjanster.stockholm.se/Byggochplantjansten/arende/arende/1315100?dataSource=Active
2026-03786,1315105,2026-02-27,2026-09-10,Anmaning att låta åtgärda hissar samt utföra förnyad besiktning,2026-03-03,"Intyg återkommande besiktning, ej godkänt, L6606099",Skrivelse In,ej godkänt,DETERMINISTIC_FAILURE,LIFT,L6606099,1,Draken 22,Wollmar Yxkullsgatan 9,Södermalm,YES,https://etjanster.stockholm.se/Byggochplantjansten/arende/arende/1315105?dataSource=Active
2026-03787,1315106,2026-02-27,,Anmaning att låta åtgärda port samt utföra förnyad besiktning,2026-03-03,"Intyg återkommande besiktning, ej godkänt, L6757512",Skrivelse In,ej godkänt,DETERMINISTIC_FAILURE,POWERED_GATE_OR_DOOR,L6757512,1,Skålen 29,Norrbackagatan 45,Vasastaden,NO,https://etjanster.stockholm.se/Byggochplantjansten/arende/arende/1315106?dataSource=Active
2026-03789,1315108,2026-02-27,2026-09-16,Anmaning att låta åtgärda hissar samt utföra förnyad besiktning,2026-03-03,"Intyg återkommande besiktning, ej godkänt, L9114240",Skrivelse In,ej godkänt,DETERMINISTIC_FAILURE,LIFT,L9114240,1,Snäckan 7,Tegelbacken 6,Norrmalm,YES,https://etjanster.stockholm.se/Byggochplantjansten/arende/arende/1315108?dataSource=Active
2026-03790,1315109,2026-02-27,2026-09-17,Anmaning att låta åtgärda hissar samt utföra förnyad besiktning,2026-03-03,"Intyg återkommande besiktning, ej godkänt, L9212762",Skrivelse In,ej godkänt,DETERMINISTIC_FAILURE,LIFT,L9212762,1,Skutkrossen 15,Krossgatan 25,Vinsta,YES,https://etjanster.stockholm.se/Byggochplantjansten/arende/arende/1315109?dataSource=Active
2026-03792,1315111,2026-02-27,,Anmaning att låta åtgärda hissar samt utföra förnyad besiktning,2026-03-03,"Intyg återkommande besiktning, ej godkänt, L9811738, L9811753",Skrivelse In,ej godkänt,DETERMINISTIC_FAILURE,LIFT,L9811738 L9811753,2,Stormyrtösen 1,"Levertinsgatan 2, Levertinsgatan 6",Kristineberg,NO,https://etjanster.stockholm.se/Byggochplantjansten/arende/arende/1315111?dataSource=Active
2026-03794,1315113,2026-02-27,,Anmaning att låta åtgärda hissar samt utföra förnyad besiktning,2026-03-03,"Intyg återkommande besiktning, ej godkänt, L307843",Skrivelse In,ej godkänt,DETERMINISTIC_FAILURE,LIFT,L307843,1,Djursätra 2,Kungssätravägen 62,Sätra,NO,https://etjanster.stockholm.se/Byggochplantjansten/arende/arende/1315113?dataSource=Active
2026-03795,1315114,2026-03-03,,Anmaning att låta åtgärda hiss samt utföra förnyad besiktning,2026-03-03,"Intyg återkommande besiktning, ej godkänt, 72707",Skrivelse In,ej godkänt,DETERMINISTIC_FAILURE,LIFT,72707,1,Vita Liljan 4,Vita Liljans Väg 20,Bredäng,NO,https://etjanster.stockholm.se/Byggochplantjansten/arende/arende/1315114?dataSource=Active
2026-03796,1315115,2026-02-27,,Anmaning att låta åtgärda hissar samt utföra förnyad besiktning,2026-03-03,"Intyg återkommande besiktning, ej godkänt, S370279, S370294",Skrivelse In,ej godkänt,DETERMINISTIC_FAILURE,LIFT,S370279 S370294,2,Blåmannen 20,"Mäster Samuelsgatan 56, Mäster Samuelsgatan 60",Norrmalm,NO,https://etjanster.stockholm.se/Byggochplantjansten/arende/arende/1315115?dataSource=Active
2026-03799,1315118,2026-02-27,,Anmaning att låta åtgärda hissar samt utföra förnyad besiktning,2026-03-03,"Intyg återkommande besiktning, ej godkänt, S391955, S391956",Skrivelse In,ej godkänt,DETERMINISTIC_FAILURE,LIFT,S391955 S391956,2,Bygeln 1,Kumlagatan 5,Rågsved,NO,https://etjanster.stockholm.se/Byggochplantjansten/arende/arende/1315118?dataSource=Active
2026-03802,1315121,2026-02-27,2026-09-15,Anmaning att låta åtgärda hissar samt utföra förnyad besiktning,2026-03-03,"Intyg återkommande besiktning, ej godkänt, S392057",Skrivelse In,ej godkänt,DETERMINISTIC_FAILURE,LIFT,S392057,1,Mälteriet 2,Vindragarvägen 16,Reimersholme,YES,https://etjanster.stockholm.se/Byggochplantjansten/arende/arende/1315121?dataSource=Active
2026-03812,1315131,2026-02-27,2026-09-08,Anmaning att låta åtgärda hissar samt utföra förnyad besiktning,2026-03-03,"Intyg återkommande besiktning, ej godkänt, S512037, S512038, S512050",Skrivelse In,ej godkänt,DETERMINISTIC_FAILURE,LIFT,S512037 S512038 S512050,3,Luma 1,Lumaparksvägen 7,Södra Hammarbyhamnen,YES,https://etjanster.stockholm.se/Byggochplantjansten/arende/arende/1315131?dataSource=Active
2026-03815,1315134,2026-02-27,,Anmaning att låta åtgärda hissar samt utföra förnyad besiktning,2026-03-03,"Intyg återkommande besiktning, ej godkänt, S520948",Skrivelse In,ej godkänt,DETERMINISTIC_FAILURE,LIFT,S520948,1,Vildmannen 6,Lästmakargatan 1,Norrmalm,NO,https://etjanster.stockholm.se/Byggochplantjansten/arende/arende/1315134?dataSource=Active
2026-03816,1315135,2026-02-27,2026-09-15,Anmaning att låta åtgärda hissar samt utföra förnyad besiktning,2026-03-03,"Intyg återkommande besiktning, ej godkänt, S770147",Skrivelse In,ej godkänt,DETERMINISTIC_FAILURE,LIFT,S770147,1,Ängsö 1,Glavagatan 1,Farsta Strand,YES,https://etjanster.stockholm.se/Byggochplantjansten/arende/arende/1315135?dataSource=Active
2026-03818,1315137,2026-02-27,2026-09-02,Anmaning att låta åtgärda hissar samt utföra förnyad besiktning,2026-03-03,"Intyg återkommande besiktning, ej godkänt, S912063, S958666",Skrivelse In,ej godkänt,DETERMINISTIC_FAILURE,LIFT,S912063 S958666,2,Snäckan 7,Tegelbacken 6,Norrmalm,YES,https://etjanster.stockholm.se/Byggochplantjansten/arende/arende/1315137?dataSource=Active
2026-03819,1315138,2026-02-27,,Anmaning att låta åtgärda hissar samt utföra förnyad besiktning,2026-03-03,"Intyg återkommande besiktning, ej godkänt, S974562",Skrivelse In,ej godkänt,DETERMINISTIC_FAILURE,LIFT,S974562,1,Påsen 1,Textilgatan 41,Södra Hammarbyhamnen,NO,https://etjanster.stockholm.se/Byggochplantjansten/arende/arende/1315138?dataSource=Active
2026-03847,1315166,2026-03-03,2026-09-04,Anmaning att låta åtgärda hissar samt utföra förnyad besiktning,2026-03-03,"Intyg återkommande besiktning, ej godkänt, L2899378",Skrivelse In,ej godkänt,DETERMINISTIC_FAILURE,LIFT,L2899378,1,Jericho 35,Jakobsbergsgatan 18,Norrmalm,YES,https://etjanster.stockholm.se/Byggochplantjansten/arende/arende/1315166?dataSource=Active
2026-03847,1315166,2026-03-03,2026-09-04,Anmaning att låta åtgärda hissar samt utföra förnyad besiktning,2026-03-03,"Intyg återkommande besiktning, ej godkänt, L2899369",Skrivelse In,ej godkänt,DETERMINISTIC_FAILURE,LIFT,L2899369,1,Jericho 35,Jakobsbergsgatan 18,Norrmalm,YES,https://etjanster.stockholm.se/Byggochplantjansten/arende/arende/1315166?dataSource=Active
2026-03848,1315167,2026-03-03,,Anmaning att låta åtgärda hiss samt utföra förnyad besiktning,2026-03-03,"Intyg återkommande besiktning, ej godkänt, L7140703",Skrivelse In,ej godkänt,DETERMINISTIC_FAILURE,LIFT,L7140703,1,Dalen 10,Täppgränd 5,Gamla Enskede,NO,https://etjanster.stockholm.se/Byggochplantjansten/arende/arende/1315167?dataSource=Active
2026-03849,1315168,2026-03-03,2026-03-24,Anmaning att låta åtgärda hiss samt utföra förnyad besiktning,2026-03-03,"Intyg återkommande besiktning, ej godkänt, L2899332",Skrivelse In,ej godkänt,DETERMINISTIC_FAILURE,LIFT,L2899332,1,Jericho 35,Lästmakargatan 19,Norrmalm,YES,https://etjanster.stockholm.se/Byggochplantjansten/arende/arende/1315168?dataSource=Active
2026-03904,1315223,2026-03-04,2026-09-15,Anmaning att låta åtgärda hiss samt utföra förnyad besiktning,2026-03-04,"Intyg återkommande besiktning, ej godkänt, 27519",Skrivelse In,ej godkänt,DETERMINISTIC_FAILURE,LIFT,27519,1,Hjulmakaren 1,Västertorpsvägen 135,Mälarhöjden,YES,https://etjanster.stockholm.se/Byggochplantjansten/arende/arende/1315223?dataSource=Active
2026-03906,1315225,2026-03-04,,Anmaning att låta åtgärda hiss samt utföra förnyad besiktning,2026-03-04,"Intyg återkommande besiktning, ej godkänt, L8258451",Skrivelse In,ej godkänt,DETERMINISTIC_FAILURE,LIFT,L8258451,1,Sadeltaket 1,Bällstavägen 102,Bällsta,NO,https://etjanster.stockholm.se/Byggochplantjansten/arende/arende/1315225?dataSource=Active
2026-03909,1315228,2026-03-04,,Anmaning att låta åtgärda hissar samt utföra förnyad besiktning,2026-03-04,"Intyg återkommande besiktning, ej godkänt, 2 st, L7062673, L7062682",Skrivelse In,ej godkänt,DETERMINISTIC_FAILURE,LIFT,L7062673 L7062682,2,Prästgårdsgärdet 2,"Solberga Hagväg 13, Solberga Hagväg 18",Solberga,NO,https://etjanster.stockholm.se/Byggochplantjansten/arende/arende/1315228?dataSource=Active
2026-03911,1315230,2026-03-04,2026-09-10,Anmaning att låta åtgärda hiss samt utföra förnyad besiktning,2026-03-04,"Intyg återkommande besiktning, ej godkänt, L7841312",Skrivelse In,ej godkänt,DETERMINISTIC_FAILURE,LIFT,L7841312,1,Norrmalm 5:3,Centralplan 17,Norrmalm,YES,https://etjanster.stockholm.se/Byggochplantjansten/arende/arende/1315230?dataSource=Active
2026-03914,1315233,2026-03-04,,Anmaning att låta åtgärda lyftbord samt utföra förnyad besiktning,2026-03-04,"Intyg återkommande besiktning, ej godkänt, D1740931",Skrivelse In,ej godkänt,DETERMINISTIC_FAILURE,UNKNOWN,D1740931,1,Vasastaden 1:116,Cedersdalsgatan 7,Vasastaden,NO,https://etjanster.stockholm.se/Byggochplantjansten/arende/arende/1315233?dataSource=Active
2026-03955,1315274,2026-03-04,2026-09-10,Anmaning att låta åtgärda hiss samt utföra förnyad besiktning,2026-03-04,"Intyg återkommande besiktning, ej godkänt, L7867849",Skrivelse In,ej godkänt,DETERMINISTIC_FAILURE,LIFT,L7867849,1,Norrmalm 5:3,Centralplan 15,Norrmalm,YES,https://etjanster.stockholm.se/Byggochplantjansten/arende/arende/1315274?dataSource=Active
2026-03957,1315276,2026-03-04,2026-09-11,Anmaning att låta åtgärda hiss samt utföra förnyad besiktning,2026-03-04,"Intyg återkommande besiktning, ej godkänt, L7141328",Skrivelse In,ej godkänt,DETERMINISTIC_FAILURE,LIFT,L7141328,1,Fontänen 2,Skulptörvägen 9,Johanneshov,NO,https://etjanster.stockholm.se/Byggochplantjansten/arende/arende/1315276?dataSource=Active
2026-03960,1315279,2026-03-04,2026-09-10,Anmaning att låta åtgärda hiss samt utföra förnyad besiktning,2026-03-04,"Intyg återkommande besiktning, ej godkänt, L7923984",Skrivelse In,ej godkänt,DETERMINISTIC_FAILURE,LIFT,L7923984,1,Sidfoten 1,Årevägen 34,Vällingby,YES,https://etjanster.stockholm.se/Byggochplantjansten/arende/arende/1315279?dataSource=Active
2026-03985,1315304,2026-03-05,2026-03-17,Anmaning att låta åtgärda hiss samt utföra förnyad besiktning,2026-03-05,"Intyg återkommande besiktning, ej godkänt, L7044737",Skrivelse In,ej godkänt,DETERMINISTIC_FAILURE,LIFT,L7044737,1,Keders 15,Bondegatan 64,Södermalm,YES,https://etjanster.stockholm.se/Byggochplantjansten/arende/arende/1315304?dataSource=Active
2026-04007,1315326,2026-03-05,2026-09-10,Anmaning att låta åtgärda hiss samt utföra förnyad besiktning,2026-03-05,"Intyg återkommande besiktning, ej godkänt, L7897683",Skrivelse In,ej godkänt,DETERMINISTIC_FAILURE,LIFT,L7897683,1,Norrmalm 5:3,Centralplan 1,Norrmalm,YES,https://etjanster.stockholm.se/Byggochplantjansten/arende/arende/1315326?dataSource=Active
2026-04009,1315328,2026-03-05,2026-09-10,Anmaning att låta åtgärda hiss samt utföra förnyad besiktning,2026-03-05,"Intyg återkommande besiktning, ej godkänt, 61370",Skrivelse In,ej godkänt,DETERMINISTIC_FAILURE,LIFT,61370,1,Thisbe 3,Lilla Nygatan 13,Gamla Stan,YES,https://etjanster.stockholm.se/Byggochplantjansten/arende/arende/1315328?dataSource=Active
2026-04010,1315329,2026-03-05,,Anmaning att låta åtgärda hissar samt utföra förnyad besiktning,2026-03-05,"Intyg återkommande besiktning, ej godkänt, 2 st, 70408, 70391",Skrivelse In,ej godkänt,DETERMINISTIC_FAILURE,LIFT,70408 70391,2,Väduren 2,"Birger Jarlsgatan 93B, Roslagsgatan 22",Vasastaden,NO,https://etjanster.stockholm.se/Byggochplantjansten/arende/arende/1315329?dataSource=Active
2026-04090,1315409,2026-03-06,2026-04-09,Anmaning att låta åtgärda hiss samt utföra förnyad besiktning,2026-03-06,"Intyg återkommande besiktning, ej godkänt, L2671505",Skrivelse In,ej godkänt,DETERMINISTIC_FAILURE,LIFT,L2671505,1,Spelbomskan 9,Odengatan 69,Vasastaden,YES,https://etjanster.stockholm.se/Byggochplantjansten/arende/arende/1315409?dataSource=Active
2026-04102,1315421,2026-03-06,,Anmaning att låta åtgärda port samt utföra förnyad besiktning,2026-03-06,"Intyg återkommande besiktning, ej godkänt, L2549951",Skrivelse In,ej godkänt,DETERMINISTIC_FAILURE,POWERED_GATE_OR_DOOR,L2549951,1,Provröret 13,Instrumentvägen 17,Hägersten,NO,https://etjanster.stockholm.se/Byggochplantjansten/arende/arende/1315421?dataSource=Active
2026-04103,1315422,2026-03-06,2026-09-10,Anmaning att låta åtgärda hiss samt utföra förnyad besiktning,2026-03-06,"Intyg återkommande besiktning, ej godkänt, L2514372",Skrivelse In,ej godkänt,DETERMINISTIC_FAILURE,LIFT,L2514372,1,Provröret 13,Instrumentvägen 19,Hägersten,YES,https://etjanster.stockholm.se/Byggochplantjansten/arende/arende/1315422?dataSource=Active
2025-19305,1310143,2025-12-09,,Anmaning att låta åtgärda portar samt utföra förnyad besiktning,2026-03-10,"Intyg återkommande besiktning, ej godkänt, D1734388",Skrivelse In,ej godkänt,DETERMINISTIC_FAILURE,POWERED_GATE_OR_DOOR,D1734388,1,Kvarnkammaren 1,"Fornbyvägen 17, Fornbyvägen 29, Fornbyvägen 5",Rinkeby,NO,https://etjanster.stockholm.se/Byggochplantjansten/arende/arende/1310143?dataSource=Active
2026-00694,1311996,2026-01-19,,Anmaning att låta åtgärda hiss samt utföra förnyad besiktning,2026-03-10,"Intyg återkommande besiktning, ej godkänt, L3129855",Skrivelse In,ej godkänt,DETERMINISTIC_FAILURE,LIFT,L3129855,1,Dragningslistan 5,Sparbanksvägen 4,Hägerstensåsen,YES,https://etjanster.stockholm.se/Byggochplantjansten/arende/arende/1311996?dataSource=Active
2026-04229,1315558,2026-03-10,,Anmaning att låta åtgärda hiss samt utföra förnyad besiktning,2026-03-10,"Intyg återkommande besiktning, ej godkänt, 42816",Skrivelse In,ej godkänt,DETERMINISTIC_FAILURE,LIFT,42816,1,Vildmannen 2,Jakobsbergsgatan 8,Norrmalm,YES,https://etjanster.stockholm.se/Byggochplantjansten/arende/arende/1315558?dataSource=Active
2026-04230,1315559,2026-03-10,,Anmaning att låta åtgärda hissar samt utföra förnyad besiktning,2026-03-10,"Intyg återkommande besiktning, ej godkänt, 2 st, 77092, 77093",Skrivelse In,ej godkänt,DETERMINISTIC_FAILURE,LIFT,77092 77093,2,Importhallen 3,Importörvägen 7,Östberga,NO,https://etjanster.stockholm.se/Byggochplantjansten/arende/arende/1315559?dataSource=Active
2026-04231,1315560,2026-03-10,,Anmaning att låta åtgärda hiss samt utföra förnyad besiktning,2026-03-10,"Intyg återkommande besiktning, ej godkänt, 77094",Skrivelse In,ej godkänt,DETERMINISTIC_FAILURE,LIFT,77094,1,Partihallen 2,Importörvägen 40,Östberga,NO,https://etjanster.stockholm.se/Byggochplantjansten/arende/arende/1315560?dataSource=Active
2026-04237,1315566,2026-03-10,2026-09-02,Anmaning att låta åtgärda hissar samt utföra förnyad besiktning,2026-03-10,"Intyg återkommande besiktning, ej godkänt, L2908938, L2911639, L2994505",Skrivelse In,ej godkänt,DETERMINISTIC_FAILURE,LIFT,L2908938 L2911639 L2994505,3,Siktet 5,"Rosenlundsgatan 50, Rosenlundsgatan 54",Södermalm,YES,https://etjanster.stockholm.se/Byggochplantjansten/arende/arende/1315566?dataSource=Active
2026-04249,1315578,2026-03-10,2026-03-26,Anmaning att låta åtgärda hiss samt utföra förnyad besiktning,2026-03-10,"Intyg återkommande besiktning, ej godkänt, L0773937",Skrivelse In,ej godkänt,DETERMINISTIC_FAILURE,LIFT,L0773937,1,Alvik 1:18,Gustavslundsvägen 141,Alvik,YES,https://etjanster.stockholm.se/Byggochplantjansten/arende/arende/1315578?dataSource=Active
2026-04251,1315580,2026-03-10,2026-09-15,Anmaning att låta åtgärda hiss samt utföra förnyad besiktning,2026-03-10,"Intyg återkommande besiktning, ej godkänt, L2542496",Skrivelse In,ej godkänt,DETERMINISTIC_FAILURE,LIFT,L2542496,1,Forsmark 3,Fagerstagatan 47,Lunda,YES,https://etjanster.stockholm.se/Byggochplantjansten/arende/arende/1315580?dataSource=Active
2026-04253,1315582,2026-03-10,2026-09-17,Anmaning att låta åtgärda hiss samt utföra förnyad besiktning,2026-03-10,"Intyg återkommande besiktning, ej godkänt, S490233",Skrivelse In,ej godkänt,DETERMINISTIC_FAILURE,LIFT,S490233,1,Grindpojken 1,Johan Skyttes Väg 340,Långbro,YES,https://etjanster.stockholm.se/Byggochplantjansten/arende/arende/1315582?dataSource=Active
2026-04254,1315583,2026-03-10,2026-09-10,Anmaning att låta åtgärda hiss samt utföra förnyad besiktning,2026-03-10,"Intyg återkommande besiktning, ej godkänt, L3634227",Skrivelse In,ej godkänt,DETERMINISTIC_FAILURE,LIFT,L3634227,1,Kulsprutan 1,Hantverkargatan 88,Kungsholmen,YES,https://etjanster.stockholm.se/Byggochplantjansten/arende/arende/1315583?dataSource=Active
2026-04255,1315584,2026-03-10,2026-09-15,Anmaning att låta åtgärda hiss samt utföra förnyad besiktning,2026-03-10,"Intyg återkommande besiktning, ej godkänt, L1683754",Skrivelse In,ej godkänt,DETERMINISTIC_FAILURE,LIFT,L1683754,1,Liljan 34,Sankt Eriksgatan 90,Vasastaden,YES,https://etjanster.stockholm.se/Byggochplantjansten/arende/arende/1315584?dataSource=Active
2026-04257,1315586,2026-03-10,2026-03-19,Anmaning att låta åtgärda hiss samt utföra förnyad besiktning,2026-03-10,"Intyg återkommande besiktning, ej godkänt, S594063",Skrivelse In,ej godkänt,DETERMINISTIC_FAILURE,LIFT,S594063,1,Manhem 3,Fredhällsgatan 12,Fredhäll,YES,https://etjanster.stockholm.se/Byggochplantjansten/arende/arende/1315586?dataSource=Active
2026-04258,1315587,2026-03-10,2026-09-24,Anmaning att låta åtgärda hiss samt utföra förnyad besiktning,2026-03-10,"Intyg återkommande besiktning, ej godkänt, L3146347",Skrivelse In,ej godkänt,DETERMINISTIC_FAILURE,LIFT,L3146347,1,Godsägaren 19,Hemmansvägen 8,Gamla Enskede,YES,https://etjanster.stockholm.se/Byggochplantjansten/arende/arende/1315587?dataSource=Active
2026-04260,1315589,2026-03-10,2026-09-02,Anmaning att låta åtgärda hiss samt utföra förnyad besiktning,2026-03-10,"Intyg återkommande besiktning, ej godkänt, S642165",Skrivelse In,ej godkänt,DETERMINISTIC_FAILURE,LIFT,S642165,1,Måsholmen 17,Bodholmsplan 1,Skärholmen,YES,https://etjanster.stockholm.se/Byggochplantjansten/arende/arende/1315589?dataSource=Active
2026-04263,1315592,2026-03-10,,Anmaning att låta åtgärda hiss samt utföra förnyad besiktning,2026-03-10,"Intyg återkommande besiktning, ej godkänt, L9202532",Skrivelse In,ej godkänt,DETERMINISTIC_FAILURE,LIFT,L9202532,1,Svea Artilleri 11,Löjtnantsgatan 21,Ladugårdsgärdet,NO,https://etjanster.stockholm.se/Byggochplantjansten/arende/arende/1315592?dataSource=Active
2026-04265,1315594,2026-03-10,,Anmaning att låta åtgärda hiss samt utföra förnyad besiktning,2026-03-10,"Intyg återkommande besiktning, ej godkänt, L0776872",Skrivelse In,ej godkänt,DETERMINISTIC_FAILURE,LIFT,L0776872,1,Terminalen 3,Klarabergsviadukten 70,Norrmalm,NO,https://etjanster.stockholm.se/Byggochplantjansten/arende/arende/1315594?dataSource=Active
2026-04266,1315595,2026-03-10,,Anmaning att låta åtgärda hiss samt utföra förnyad besiktning,2026-03-10,"Intyg återkommande besiktning, ej godkänt, S504906",Skrivelse In,ej godkänt,DETERMINISTIC_FAILURE,LIFT,S504906,1,Blekholmen 4,Västra Järnvägsgatan 17,Norrmalm,NO,https://etjanster.stockholm.se/Byggochplantjansten/arende/arende/1315595?dataSource=Active
2026-04269,1315598,2026-03-10,2026-09-08,Anmaning att låta åtgärda hissar samt utföra förnyad besiktning,2026-03-10,"Intyg återkommande besiktning, ej godkänt, 2 st, L3217387, L6740435",Skrivelse In,ej godkänt,DETERMINISTIC_FAILURE,LIFT,L3217387 L6740435,2,Lokstallet 7,Torsgatan 21,Vasastaden,YES,https://etjanster.stockholm.se/Byggochplantjansten/arende/arende/1315598?dataSource=Active
2026-04270,1315599,2026-03-10,,Anmaning att låta åtgärda hiss samt utföra förnyad besiktning,2026-03-10,"Intyg återkommande besiktning, ej godkänt, L1306794",Skrivelse In,ej godkänt,DETERMINISTIC_FAILURE,LIFT,L1306794,1,Nebulosan 13,Västmannagatan 55,Vasastaden,NO,https://etjanster.stockholm.se/Byggochplantjansten/arende/arende/1315599?dataSource=Active
2026-04272,1315601,2026-03-10,,Anmaning att låta åtgärda hiss samt utföra förnyad besiktning,2026-03-10,"Intyg återkommande besiktning, ej godkänt, L3493046",Skrivelse In,ej godkänt,DETERMINISTIC_FAILURE,LIFT,L3493046,1,Rosen 17,Hälsingegatan 11,Vasastaden,NO,https://etjanster.stockholm.se/Byggochplantjansten/arende/arende/1315601?dataSource=Active
2026-04273,1315602,2026-03-10,2026-03-24,Anmaning att låta åtgärda hiss samt utföra förnyad besiktning,2026-03-10,"Intyg återkommande besiktning, ej godkänt, S370231",Skrivelse In,ej godkänt,DETERMINISTIC_FAILURE,LIFT,S370231,1,Stuten 12,Kungsgatan 27,Norrmalm,YES,https://etjanster.stockholm.se/Byggochplantjansten/arende/arende/1315602?dataSource=Active
2026-04276,1315605,2026-03-10,2026-09-22,Anmaning att låta åtgärda hissar samt utföra förnyad besiktning,2026-03-10,"Intyg återkommande besiktning, ej godkänt, 2 st, S300759, S300760",Skrivelse In,ej godkänt,DETERMINISTIC_FAILURE,LIFT,S300759 S300760,2,Proppen 5,"Redargatan 6, Redargatan 8",Södra Hammarbyhamnen,YES,https://etjanster.stockholm.se/Byggochplantjansten/arende/arende/1315605?dataSource=Active
2026-04278,1315607,2026-03-10,,Anmaning att låta åtgärda hissar samt utföra förnyad besiktning,2026-03-10,"Intyg återkommande besiktning, ej godkänt, 3 st, S942051, S942052, S942063",Skrivelse In,ej godkänt,DETERMINISTIC_FAILURE,LIFT,S942051 S942052 S942063,3,Södersjukhuset 10,Sjukhusbacken 10,Södermalm,YES,https://etjanster.stockholm.se/Byggochplantjansten/arende/arende/1315607?dataSource=Active
2026-04281,1315610,2026-03-10,,Anmaning att låta åtgärda hissar samt utföra förnyad besiktning,2026-03-10,"Intyg återkommande besiktning, ej godkänt, 6 st, S912840, S912841, S912842, S912843, S912847, S912848",Skrivelse In,ej godkänt,DETERMINISTIC_FAILURE,LIFT,S912840 S912841 S912842 S912843 S912847 S912848,6,Rosenbad 9,Drottninggatan 1,Norrmalm,NO,https://etjanster.stockholm.se/Byggochplantjansten/arende/arende/1315610?dataSource=Active
2026-04298,1315627,2026-03-10,2026-09-08,Anmaning att låta åtgärda hiss samt utföra förnyad besiktning,2026-03-10,"Intyg återkommande besiktning, ej godkänt, D1706528",Skrivelse In,ej godkänt,DETERMINISTIC_FAILURE,LIFT,D1706528,1,Traviata 72,Kärrgränd 72,Kälvesta,YES,https://etjanster.stockholm.se/Byggochplantjansten/arende/arende/1315627?dataSource=Active
2026-04300,1315629,2026-03-10,,Anmaning att låta åtgärda hiss samt utföra förnyad besiktning,2026-03-10,"Intyg återkommande besiktning, ej godkänt, L7141257",Skrivelse In,ej godkänt,DETERMINISTIC_FAILURE,LIFT,L7141257,1,Söderarm 1,Lågskärsvägen 14,Kärrtorp,NO,https://etjanster.stockholm.se/Byggochplantjansten/arende/arende/1315629?dataSource=Active
2026-04307,1315636,2026-03-10,,Anmaning att låta åtgärda hiss samt utföra förnyad besiktning,2026-03-10,"Intyg återkommande besiktning, ej godkänt, D1589674",Skrivelse In,ej godkänt,DETERMINISTIC_FAILURE,LIFT,D1589674,1,Holmenkollen 1,Nidarosgatan 10,Husby,NO,https://etjanster.stockholm.se/Byggochplantjansten/arende/arende/1315636?dataSource=Active
2026-04309,1315638,2026-03-10,,Anmaning att låta åtgärda hiss samt utföra förnyad besiktning,2026-03-10,"Intyg återkommande besiktning, ej godkänt, L7347142",Skrivelse In,ej godkänt,DETERMINISTIC_FAILURE,LIFT,L7347142,1,Kolonisten 1,Dalgränd 11,Gamla Enskede,NO,https://etjanster.stockholm.se/Byggochplantjansten/arende/arende/1315638?dataSource=Active
2026-04311,1315640,2026-03-10,2026-09-17,Anmaning att låta åtgärda hissar samt utföra förnyad besiktning,2026-03-10,"Intyg återkommande besiktning, ej godkänt, 2 st, D1589852, D1589871",Skrivelse In,ej godkänt,DETERMINISTIC_FAILURE,LIFT,D1589852 D1589871,2,Telemark 1,"Nidarosgatan 3, Nidarosgatan 32",Husby,YES,https://etjanster.stockholm.se/Byggochplantjansten/arende/arende/1315640?dataSource=Active
2026-04315,1315644,2026-03-10,2026-09-09,Anmaning att låta åtgärda hiss samt utföra förnyad besiktning,2026-03-10,"Intyg återkommande besiktning, ej godkänt, D1540018",Skrivelse In,ej godkänt,DETERMINISTIC_FAILURE,LIFT,D1540018,1,Kungörelsen 9,Konvaljestigen 15,Herrängen,YES,https://etjanster.stockholm.se/Byggochplantjansten/arende/arende/1315644?dataSource=Active
2026-04318,1315647,2026-03-10,,Anmaning att låta åtgärda portar samt utföra förnyad besiktning,2026-03-10,"Intyg återkommande besiktning, ej godkänt, 2 st, L7923804, L7923813",Skrivelse In,ej godkänt,DETERMINISTIC_FAILURE,POWERED_GATE_OR_DOOR,L7923804 L7923813,2,Sidfoten 1,"Vilhelminagatan 13, Vilhelminagatan 5",Vällingby,NO,https://etjanster.stockholm.se/Byggochplantjansten/arende/arende/1315647?dataSource=Active
2026-04364,1315693,2026-03-11,2026-09-08,Anmaning att låta åtgärda hiss samt utföra förnyad besiktning,2026-03-11,"Intyg återkommande besiktning, ej godkänt, 43945",Skrivelse In,ej godkänt,DETERMINISTIC_FAILURE,LIFT,43945,1,Vattuormen 15,Garvargatan 3,Kungsholmen,YES,https://etjanster.stockholm.se/Byggochplantjansten/arende/arende/1315693?dataSource=Active
2026-04366,1315695,2026-03-11,,Anmaning att låta åtgärda hissar samt utföra förnyad besiktning,2026-03-11,"Intyg återkommande besiktning, ej godkänt, 3 st, 69521, 37531, 69522",Skrivelse In,ej godkänt,DETERMINISTIC_FAILURE,LIFT,69521 37531 69522,3,Palmträdet 10,"Kungstensgatan 28A, Kungstensgatan 28C, Kungstensgatan 28D",Vasastaden,NO,https://etjanster.stockholm.se/Byggochplantjansten/arende/arende/1315695?dataSource=Active
2026-04369,1315698,2026-03-11,2026-09-16,Anmaning att låta åtgärda hiss samt utföra förnyad besiktning,2026-03-11,"Intyg återkommande besiktning, ej godkänt, 61662",Skrivelse In,ej godkänt,DETERMINISTIC_FAILURE,LIFT,61662,1,Jungfrun 24,Jungfrugatan 19,Östermalm,YES,https://etjanster.stockholm.se/Byggochplantjansten/arende/arende/1315698?dataSource=Active
2026-04481,1315810,2026-03-12,2026-09-08,Anmaning att låta åtgärda hiss samt utföra förnyad besiktning,2026-03-12,"Intyg återkommande besiktning, ej godkänt, 68584",Skrivelse In,ej godkänt,DETERMINISTIC_FAILURE,LIFT,68584,1,Diamanten 11,Pipersgatan 22,Kungsholmen,YES,https://etjanster.stockholm.se/Byggochplantjansten/arende/arende/1315810?dataSource=Active
2026-04485,1315814,2026-03-12,,Anmaning att låta åtgärda hiss samt utföra förnyad besiktning,2026-03-12,"Intyg återkommande besiktning, ej godkänt, D1384463",Skrivelse In,ej godkänt,DETERMINISTIC_FAILURE,LIFT,D1384463,1,Fredriksdal 10,Hammarby Kaj 2,Södra Hammarbyhamnen,YES,https://etjanster.stockholm.se/Byggochplantjansten/arende/arende/1315814?dataSource=Active
2026-04237,1315566,2026-03-10,2026-09-02,Anmaning att låta åtgärda hissar samt utföra förnyad besiktning,2026-03-13,"Intyg återkommande besiktning, ej godkänt, L2911639",Skrivelse In,ej godkänt,DETERMINISTIC_FAILURE,LIFT,L2911639,1,Siktet 5,"Rosenlundsgatan 50, Rosenlundsgatan 54",Södermalm,YES,https://etjanster.stockholm.se/Byggochplantjansten/arende/arende/1315566?dataSource=Active
2026-04558,1315887,2026-03-12,,Anmaning att låta åtgärda trapphiss samt utföra förnyad besiktning,2026-03-13,"Intyg återkommande besiktning, ej godkänt, D1611865",Skrivelse In,ej godkänt,DETERMINISTIC_FAILURE,LIFT,D1611865,1,Citronen 2,Lindaus Väg 29,Hässelby Villastad,NO,https://etjanster.stockholm.se/Byggochplantjansten/arende/arende/1315887?dataSource=Active
2026-04560,1315889,2026-03-12,,Anmaning att låta åtgärda hissar samt utföra förnyad besiktning,2026-03-13,"Intyg återkommande besiktning, ej godkänt, D1601667, D1600339",Skrivelse In,ej godkänt,DETERMINISTIC_FAILURE,LIFT,D1601667 D1600339,2,Sandkrassen 31,Lupinvägen 37,Hässelby Villastad,NO,https://etjanster.stockholm.se/Byggochplantjansten/arende/arende/1315889?dataSource=Active
2026-04565,1315894,2026-03-12,,Anmaning att låta åtgärda hissar samt utföra förnyad besiktning,2026-03-13,"Intyg återkommande besiktning, ej godkänt, D1539918",Skrivelse In,ej godkänt,DETERMINISTIC_FAILURE,LIFT,D1539918,1,Bygeln 4,Rågsveds Skolgränd 8,Rågsved,NO,https://etjanster.stockholm.se/Byggochplantjansten/arende/arende/1315894?dataSource=Active
2026-04569,1315898,2026-03-12,2026-04-17,Anmaning att låta åtgärda hissar samt utföra förnyad besiktning,2026-03-13,"Intyg återkommande besiktning, ej godkänt, L2806548",Skrivelse In,ej godkänt,DETERMINISTIC_FAILURE,LIFT,L2806548,1,Gropen 29,Brännkyrkagatan 55,Södermalm,YES,https://etjanster.stockholm.se/Byggochplantjansten/arende/arende/1315898?dataSource=Active
2026-04571,1315900,2026-03-12,,Anmaning att låta åtgärda hissar samt utföra förnyad besiktning,2026-03-13,"Intyg återkommande besiktning, ej godkänt, L2938807, L2938816",Skrivelse In,ej godkänt,DETERMINISTIC_FAILURE,LIFT,L2938807 L2938816,2,Skutan 37,Alströmergatan 14,Kungsholmen,NO,https://etjanster.stockholm.se/Byggochplantjansten/arende/arende/1315900?dataSource=Active
2026-04574,1315903,2026-03-12,2026-09-08,Anmaning att låta åtgärda hissar samt utföra förnyad besiktning,2026-03-13,"Intyg återkommande besiktning, ej godkänt, L7917713",Skrivelse In,ej godkänt,DETERMINISTIC_FAILURE,LIFT,L7917713,1,Blackebergs Gård 1,Johan Tillanders Väg 5,Blackeberg,YES,https://etjanster.stockholm.se/Byggochplantjansten/arende/arende/1315903?dataSource=Active
2026-04577,1315906,2026-03-13,,Anmaning att låta åtgärda hissar samt utföra förnyad besiktning,2026-03-13,"Intyg återkommande besiktning, ej godkänt, 50686, 50687, 50688, 50689",Skrivelse In,ej godkänt,DETERMINISTIC_FAILURE,LIFT,50686 50687 50688 50689,4,Kartagos Backe 4,"Olof Gjödingsgatan 11, Olof Gjödingsgatan 5, Olof Gjödingsgatan 7, Olof Gjödingsgatan 9",Kungsholmen,NO,https://etjanster.stockholm.se/Byggochplantjansten/arende/arende/1315906?dataSource=Active
2026-04578,1315907,2026-03-13,,Anmaning att låta åtgärda hissar samt utföra förnyad besiktning,2026-03-13,"Intyg återkommande besiktning, ej godkänt, 67116",Skrivelse In,ej godkänt,DETERMINISTIC_FAILURE,LIFT,67116,1,Smedjan 14,Västeråsgatan 11,Vasastaden,NO,https://etjanster.stockholm.se/Byggochplantjansten/arende/arende/1315907?dataSource=Active
2026-04579,1315908,2026-03-13,2026-09-09,Anmaning att låta åtgärda hissar samt utföra förnyad besiktning,2026-03-13,"Intyg återkommande besiktning, ej godkänt, 70885",Skrivelse In,ej godkänt,DETERMINISTIC_FAILURE,LIFT,70885,1,Måsholmen 20,Bodholmsgången 4,Skärholmen,YES,https://etjanster.stockholm.se/Byggochplantjansten/arende/arende/1315908?dataSource=Active
2026-04583,1315912,2026-03-13,2026-03-24,Anmaning att låta åtgärda hissar samt utföra förnyad besiktning,2026-03-13,"Intyg återkommande besiktning, ej godkänt, L7627901",Skrivelse In,ej godkänt,DETERMINISTIC_FAILURE,LIFT,L7627901,1,Bananen 2,Hantverkargatan 10,Kungsholmen,YES,https://etjanster.stockholm.se/Byggochplantjansten/arende/arende/1315912?dataSource=Active
2026-02754,1314056,2026-02-17,,Anmaning att låta åtgärda hissar samt utföra förnyad besiktning,2026-03-17,"Intyg återkommande besiktning, ej godkänt, 2 st, S875396, S886338",Skrivelse In,ej godkänt,DETERMINISTIC_FAILURE,LIFT,S875396 S886338,2,Humboldt 2,"Hagaesplanaden 73, Hagaesplanaden 75, Ninni Kronbergs Gata 26",Vasastaden,YES,https://etjanster.stockholm.se/Byggochplantjansten/arende/arende/1314056?dataSource=Active
2026-04776,1316108,2026-03-17,,Anmaning att låta åtgärda hiss samt utföra förnyad besiktning,2026-03-17,"Intyg återkommande besiktning, ej godkänt, L9110529",Skrivelse In,ej godkänt,DETERMINISTIC_FAILURE,LIFT,L9110529,1,Akka 9,Vidängsvägen 11,Alvik,YES,https://etjanster.stockholm.se/Byggochplantjansten/arende/arende/1316108?dataSource=Active
2026-04777,1316109,2026-03-17,2026-09-22,Anmaning att låta åtgärda hiss samt utföra förnyad besiktning,2026-03-17,"Intyg återkommande besiktning, ej godkänt, L3110558",Skrivelse In,ej godkänt,DETERMINISTIC_FAILURE,LIFT,L3110558,1,Verkstadsklubben 40,Askrikegatan 11,Ladugårdsgärdet,YES,https://etjanster.stockholm.se/Byggochplantjansten/arende/arende/1316109?dataSource=Active
2026-04779,1316111,2026-03-17,2026-09-08,Anmaning att låta åtgärda hiss samt utföra förnyad besiktning,2026-03-17,"Intyg återkommande besiktning, ej godkänt, L3490703",Skrivelse In,ej godkänt,DETERMINISTIC_FAILURE,LIFT,L3490703,1,Baggen 14,Roslagsgatan 17,Vasastaden,YES,https://etjanster.stockholm.se/Byggochplantjansten/arende/arende/1316111?dataSource=Active
2026-04780,1316112,2026-03-17,2026-09-08,Anmaning att låta åtgärda hiss samt utföra förnyad besiktning,2026-03-17,"Intyg återkommande besiktning, ej godkänt, L3726338",Skrivelse In,ej godkänt,DETERMINISTIC_FAILURE,LIFT,L3726338,1,Eldaren 12,Rörstrandsgatan 14,Vasastaden,YES,https://etjanster.stockholm.se/Byggochplantjansten/arende/arende/1316112?dataSource=Active
2026-04782,1316114,2026-03-17,2026-09-08,Anmaning att låta åtgärda hiss samt utföra förnyad besiktning,2026-03-17,"Intyg återkommande besiktning, ej godkänt, S267202",Skrivelse In,ej godkänt,DETERMINISTIC_FAILURE,LIFT,S267202,1,Torkladan 5,Odelbergsvägen 34,Enskede Gård,YES,https://etjanster.stockholm.se/Byggochplantjansten/arende/arende/1316114?dataSource=Active
2026-04783,1316115,2026-03-17,2026-09-24,Anmaning att låta åtgärda hiss samt utföra förnyad besiktning,2026-03-17,"Intyg återkommande besiktning, ej godkänt, S279774",Skrivelse In,ej godkänt,DETERMINISTIC_FAILURE,LIFT,S279774,1,Kungsbacken 12,Rådmansgatan 57,Vasastaden,YES,https://etjanster.stockholm.se/Byggochplantjansten/arende/arende/1316115?dataSource=Active
2026-04784,1316116,2026-03-17,2026-09-17,Anmaning att låta åtgärda hiss samt utföra förnyad besiktning,2026-03-17,"Intyg återkommande besiktning, ej godkänt, S163345",Skrivelse In,ej godkänt,DETERMINISTIC_FAILURE,LIFT,S163345,1,Maren 1,Sickla Kanalgata 13A,Södra Hammarbyhamnen,YES,https://etjanster.stockholm.se/Byggochplantjansten/arende/arende/1316116?dataSource=Active
2026-04785,1316117,2026-03-17,2026-09-08,Anmaning att låta åtgärda hiss samt utföra förnyad besiktning,2026-03-17,"Intyg återkommande besiktning, ej godkänt, L3492329",Skrivelse In,ej godkänt,DETERMINISTIC_FAILURE,LIFT,L3492329,1,Uggleborg 5,Vasagatan 20,Norrmalm,YES,https://etjanster.stockholm.se/Byggochplantjansten/arende/arende/1316117?dataSource=Active
2026-04787,1316119,2026-03-17,,Anmaning att låta åtgärda hiss samt utföra förnyad besiktning,2026-03-17,"Intyg återkommande besiktning, ej godkänt, S649153",Skrivelse In,ej godkänt,DETERMINISTIC_FAILURE,LIFT,S649153,1,Beridarebanan 10,Hötorget 1,Norrmalm,NO,https://etjanster.stockholm.se/Byggochplantjansten/arende/arende/1316119?dataSource=Active
2026-04789,1316121,2026-03-17,2026-09-10,Anmaning att låta åtgärda port samt utföra förnyad besiktning,2026-03-17,"Intyg återkommande besiktning, ej godkänt, S722364",Skrivelse In,ej godkänt,DETERMINISTIC_FAILURE,POWERED_GATE_OR_DOOR,S722364,1,Kabelrullen 2,Spikskogatan 17,Solberga,YES,https://etjanster.stockholm.se/Byggochplantjansten/arende/arende/1316121?dataSource=Active
2026-04791,1316123,2026-03-17,,Anmaning att låta åtgärda hiss samt utföra förnyad besiktning,2026-03-17,"Intyg återkommande besiktning, ej godkänt, L3718912",Skrivelse In,ej godkänt,DETERMINISTIC_FAILURE,LIFT,L3718912,1,Killingen 39,Sveavägen 136,Vasastaden,NO,https://etjanster.stockholm.se/Byggochplantjansten/arende/arende/1316123?dataSource=Active
2026-04792,1316124,2026-03-17,,Anmaning att låta åtgärda hiss samt utföra förnyad besiktning,2026-03-17,"Intyg återkommande besiktning, ej godkänt, L3713914",Skrivelse In,ej godkänt,DETERMINISTIC_FAILURE,LIFT,L3713914,1,Körsbärsträdet 10,Hantverkargatan 59,Kungsholmen,NO,https://etjanster.stockholm.se/Byggochplantjansten/arende/arende/1316124?dataSource=Active
2026-04794,1316126,2026-03-17,2026-09-16,Anmaning att låta åtgärda hiss samt utföra förnyad besiktning,2026-03-17,"Intyg återkommande besiktning, ej godkänt, L3724192",Skrivelse In,ej godkänt,DETERMINISTIC_FAILURE,LIFT,L3724192,1,Loket 7,Sankt Eriksplan 15,Vasastaden,YES,https://etjanster.stockholm.se/Byggochplantjansten/arende/arende/1316126?dataSource=Active
2026-04795,1316127,2026-03-17,2026-09-04,Anmaning att låta åtgärda hiss samt utföra förnyad besiktning,2026-03-17,"Intyg återkommande besiktning, ej godkänt, L3758885",Skrivelse In,ej godkänt,DETERMINISTIC_FAILURE,LIFT,L3758885,1,Murmästaren 13,Hantverkargatan 25A,Kungsholmen,YES,https://etjanster.stockholm.se/Byggochplantjansten/arende/arende/1316127?dataSource=Active
2026-04797,1316129,2026-03-17,2026-03-19,Anmaning att låta åtgärda hiss samt utföra förnyad besiktning,2026-03-17,"Intyg återkommande besiktning, ej godkänt, L3736436",Skrivelse In,ej godkänt,DETERMINISTIC_FAILURE,LIFT,L3736436,1,Nejlikan 21,Sveavägen 83,Vasastaden,YES,https://etjanster.stockholm.se/Byggochplantjansten/arende/arende/1316129?dataSource=Active
2026-04798,1316130,2026-03-17,2026-09-03,Anmaning att låta åtgärda hiss samt utföra förnyad besiktning,2026-03-17,"Intyg återkommande besiktning, ej godkänt, L3490778",Skrivelse In,ej godkänt,DETERMINISTIC_FAILURE,LIFT,L3490778,1,Muraren 5,Odengatan 29,Vasastaden,YES,https://etjanster.stockholm.se/Byggochplantjansten/arende/arende/1316130?dataSource=Active
2026-04799,1316131,2026-03-17,2026-05-12,Anmaning att låta åtgärda hiss samt utföra förnyad besiktning,2026-03-17,"Intyg återkommande besiktning, ej godkänt, L3735982",Skrivelse In,ej godkänt,DETERMINISTIC_FAILURE,LIFT,L3735982,1,Muraren 7,Birger Jarlsgatan 77,Vasastaden,YES,https://etjanster.stockholm.se/Byggochplantjansten/arende/arende/1316131?dataSource=Active
2026-04801,1316133,2026-03-17,,Anmaning att låta åtgärda hiss samt utföra förnyad besiktning,2026-03-17,"Intyg återkommande besiktning, ej godkänt, L5021605",Skrivelse In,ej godkänt,DETERMINISTIC_FAILURE,LIFT,L5021605,1,Surbrunn 12,Odengatan 38,Vasastaden,NO,https://etjanster.stockholm.se/Byggochplantjansten/arende/arende/1316133?dataSource=Active
2026-04802,1316134,2026-03-17,2026-09-02,Anmaning att låta åtgärda hiss samt utföra förnyad besiktning,2026-03-17,"Intyg återkommande besiktning, ej godkänt, S927491",Skrivelse In,ej godkänt,DETERMINISTIC_FAILURE,LIFT,S927491,1,Trumman 2,Rosenlundsgatan 29A,Södermalm,YES,https://etjanster.stockholm.se/Byggochplantjansten/arende/arende/1316134?dataSource=Active
2026-04805,1316137,2026-03-17,,Anmaning att låta åtgärda hiss samt utföra förnyad besiktning,2026-03-17,"Intyg återkommande besiktning, ej godkänt, L0075499",Skrivelse In,ej godkänt,DETERMINISTIC_FAILURE,LIFT,L0075499,1,Raseborg 3,Esbogatan 7,Akalla,NO,https://etjanster.stockholm.se/Byggochplantjansten/arende/arende/1316137?dataSource=Active
2026-04806,1316138,2026-03-17,,Anmaning att låta åtgärda rulltrappa samt utföra förnyad besiktning,2026-03-17,"Intyg återkommande besiktning, ej godkänt, S866440",Skrivelse In,ej godkänt,DETERMINISTIC_FAILURE,ESCALATOR_OR_MOVING_WALK,S866440,1,Stuten 12,Kungsgatan 27,Norrmalm,NO,https://etjanster.stockholm.se/Byggochplantjansten/arende/arende/1316138?dataSource=Active
2026-04808,1316140,2026-03-17,2026-09-18,Anmaning att låta åtgärda hiss samt utföra förnyad besiktning,2026-03-17,"Intyg återkommande besiktning, ej godkänt, L3129335",Skrivelse In,ej godkänt,DETERMINISTIC_FAILURE,LIFT,L3129335,1,Rågröken 1,Glanshammarsgatan 57,Hagsätra,YES,https://etjanster.stockholm.se/Byggochplantjansten/arende/arende/1316140?dataSource=Active
2026-04809,1316141,2026-03-17,,Anmaning att låta åtgärda hiss samt utföra förnyad besiktning,2026-03-17,"Intyg återkommande besiktning, ej godkänt, L1337740",Skrivelse In,ej godkänt,DETERMINISTIC_FAILURE,LIFT,L1337740,1,Tomtabacken 3,Hoburgsstigen 14,Traneberg,NO,https://etjanster.stockholm.se/Byggochplantjansten/arende/arende/1316141?dataSource=Active
2026-04811,1316143,2026-03-17,2026-06-03,Anmaning att låta åtgärda hiss samt utföra förnyad besiktning,2026-03-17,"Intyg återkommande besiktning, ej godkänt, L3731411",Skrivelse In,ej godkänt,DETERMINISTIC_FAILURE,LIFT,L3731411,1,Trädgårdsmästaren 8,Odengatan 48,Vasastaden,YES,https://etjanster.stockholm.se/Byggochplantjansten/arende/arende/1316143?dataSource=Active
2026-04812,1316144,2026-03-17,2026-09-23,Anmaning att låta åtgärda hiss samt utföra förnyad besiktning,2026-03-17,"Intyg återkommande besiktning, ej godkänt, S472833",Skrivelse In,ej godkänt,DETERMINISTIC_FAILURE,LIFT,S472833,1,Tumsaxen 1,Bastuhagsvägen 55,Stureby,YES,https://etjanster.stockholm.se/Byggochplantjansten/arende/arende/1316144?dataSource=Active
2026-04814,1316146,2026-03-17,2026-03-18,Anmaning att låta åtgärda hiss samt utföra förnyad besiktning,2026-03-17,"Intyg återkommande besiktning, ej godkänt, L1992429",Skrivelse In,ej godkänt,DETERMINISTIC_FAILURE,LIFT,L1992429,1,Valkyrian 24,Dalagatan 39,Vasastaden,YES,https://etjanster.stockholm.se/Byggochplantjansten/arende/arende/1316146?dataSource=Active
2026-04815,1316147,2026-03-17,,Anmaning att låta åtgärda hiss samt utföra förnyad besiktning,2026-03-17,"Intyg återkommande besiktning, ej godkänt, L7743792",Skrivelse In,ej godkänt,DETERMINISTIC_FAILURE,LIFT,L7743792,1,Borgarskolan 3,Kungstensgatan 6,Östermalm,NO,https://etjanster.stockholm.se/Byggochplantjansten/arende/arende/1316147?dataSource=Active
2026-04816,1316148,2026-03-17,2026-09-02,Anmaning att låta åtgärda rulltrappa samt utföra förnyad besiktning,2026-03-17,"Intyg återkommande besiktning, ej godkänt, S924678",Skrivelse In,ej godkänt,DETERMINISTIC_FAILURE,ESCALATOR_OR_MOVING_WALK,S924678,1,Vinkelhaken 9,Kungsgatan 48,Norrmalm,YES,https://etjanster.stockholm.se/Byggochplantjansten/arende/arende/1316148?dataSource=Active
2026-04819,1316151,2026-03-17,,Anmaning att låta åtgärda hiss samt utföra förnyad besiktning,2026-03-17,"Intyg återkommande besiktning, ej godkänt, L3733516",Skrivelse In,ej godkänt,DETERMINISTIC_FAILURE,LIFT,L3733516,1,Volontären 22,Rörstrandsgatan 44,Vasastaden,NO,https://etjanster.stockholm.se/Byggochplantjansten/arende/arende/1316151?dataSource=Active
2026-04821,1316153,2026-03-17,2026-09-08,Anmaning att låta åtgärda hiss samt utföra förnyad besiktning,2026-03-17,"Intyg återkommande besiktning, ej godkänt, L0071852",Skrivelse In,ej godkänt,DETERMINISTIC_FAILURE,LIFT,L0071852,1,Äpplet 5,Bergsgatan 34,Kungsholmen,YES,https://etjanster.stockholm.se/Byggochplantjansten/arende/arende/1316153?dataSource=Active
2026-04822,1316154,2026-03-17,2026-09-08,Anmaning att låta åtgärda hissar samt utföra förnyad besiktning,2026-03-17,"Intyg återkommande besiktning, ej godkänt, 2 st, L6002224, L6002257",Skrivelse In,ej godkänt,DETERMINISTIC_FAILURE,LIFT,L6002224 L6002257,2,Barnbidraget 2,"Dymlingsgränd 5, Dymlingsgränd 7",Hägerstensåsen,YES,https://etjanster.stockholm.se/Byggochplantjansten/arende/arende/1316154?dataSource=Active
2026-04828,1316160,2026-03-17,2026-03-25,Anmaning att låta åtgärda hiss samt utföra förnyad besiktning,2026-03-17,"Intyg återkommande besiktning, ej godkänt, L3733656",Skrivelse In,ej godkänt,DETERMINISTIC_FAILURE,LIFT,L3733656,1,Snöklockan 7,Odengatan 70,Vasastaden,YES,https://etjanster.stockholm.se/Byggochplantjansten/arende/arende/1316160?dataSource=Active
2026-04847,1316179,2026-03-17,2026-03-19,Anmaning att låta åtgärda hiss samt utföra förnyad besiktning,2026-03-17,"Intyg återkommande besiktning, ej godkänt, L2733475",Skrivelse In,ej godkänt,DETERMINISTIC_FAILURE,LIFT,L2733475,1,Fältöversten 7,Karlaplan 19A,Östermalm,YES,https://etjanster.stockholm.se/Byggochplantjansten/arende/arende/1316179?dataSource=Active
2026-04861,1316193,2026-03-17,,Anmaning att låta åtgärda hiss samt utföra förnyad besiktning,2026-03-17,"Intyg återkommande besiktning, ej godkänt, L2528661",Skrivelse In,ej godkänt,DETERMINISTIC_FAILURE,LIFT,L2528661,1,Ryttmästaren 13,Olaus Petrigatan 12,Ladugårdsgärdet,NO,https://etjanster.stockholm.se/Byggochplantjansten/arende/arende/1316193?dataSource=Active
2026-04864,1316196,2026-03-17,2026-09-03,Anmaning att låta åtgärda hiss samt utföra förnyad besiktning,2026-03-17,"Intyg återkommande besiktning, ej godkänt, D1540034",Skrivelse In,ej godkänt,DETERMINISTIC_FAILURE,LIFT,D1540034,1,Malmen 1,Skånegatan 117,Södermalm,YES,https://etjanster.stockholm.se/Byggochplantjansten/arende/arende/1316196?dataSource=Active
2026-04865,1316197,2026-03-17,2026-09-08,Anmaning att låta åtgärda hiss samt utföra förnyad besiktning,2026-03-17,"Intyg återkommande besiktning, ej godkänt, D1727010",Skrivelse In,ej godkänt,DETERMINISTIC_FAILURE,LIFT,D1727010,1,Putsbruket 3,Önskehemsgatan 36,Högdalen,YES,https://etjanster.stockholm.se/Byggochplantjansten/arende/arende/1316197?dataSource=Active
2026-04866,1316198,2026-03-17,2026-09-03,Anmaning att låta åtgärda hiss samt utföra förnyad besiktning,2026-03-17,"Intyg återkommande besiktning, ej godkänt, 50676",Skrivelse In,ej godkänt,DETERMINISTIC_FAILURE,LIFT,50676,1,Päronträdet 10,Pilgatan 9,Kungsholmen,NO,https://etjanster.stockholm.se/Byggochplantjansten/arende/arende/1316198?dataSource=Active
2026-04867,1316199,2026-03-17,2026-09-15,Anmaning att låta åtgärda hissar samt utföra förnyad besiktning,2026-03-17,"Intyg återkommande besiktning, ej godkänt, 2 st, D1394312, D1394317",Skrivelse In,ej godkänt,DETERMINISTIC_FAILURE,LIFT,D1394312 D1394317,2,Enfotakvarnen 1,"Kuddbygränd 4, Kuddbygränd 8",Rinkeby,YES,https://etjanster.stockholm.se/Byggochplantjansten/arende/arende/1316199?dataSource=Active
2026-04897,1316234,2026-03-17,,Anmaning att låta åtgärda hissar samt utföra förnyad besiktning,2026-03-17,"Intyg återkommande besiktning, ej godkänt, 50726, 50724",Skrivelse In,ej godkänt,DETERMINISTIC_FAILURE,LIFT,50726 50724,2,Grundläggaren 24,Döbelnsgatan 38B,Vasastaden,YES,https://etjanster.stockholm.se/Byggochplantjansten/arende/arende/1316234?dataSource=Active
2026-04898,1316235,2026-03-17,2026-09-15,Anmaning att låta åtgärda hissar samt utföra förnyad besiktning,2026-03-17,"Intyg återkommande besiktning, ej godkänt, 70718",Skrivelse In,ej godkänt,DETERMINISTIC_FAILURE,LIFT,70718,1,Tallen 29,Lill-jans Plan 2,Östermalm,YES,https://etjanster.stockholm.se/Byggochplantjansten/arende/arende/1316235?dataSource=Active
2025-20321,1311166,2025-12-23,,Anmaning att låta åtgärda hissar samt utföra förnyad besiktning,2026-03-18,"Intyg återkommande besiktning, ej godkänt, D1704033",Skrivelse In,ej godkänt,DETERMINISTIC_FAILURE,LIFT,D1704033,1,Stettin 6,Tegeluddsvägen 96,Ladugårdsgärdet,NO,https://etjanster.stockholm.se/Byggochplantjansten/arende/arende/1311166?dataSource=Active
2026-04941,1316278,2026-03-18,,Anmaning att låta åtgärda hiss samt utföra förnyad besiktning,2026-03-18,"Intyg återkommande besiktning, ej godkänt, L7419225",Skrivelse In,ej godkänt,DETERMINISTIC_FAILURE,LIFT,L7419225,1,Repslagaren 29,Grev Turegatan 34,Östermalm,NO,https://etjanster.stockholm.se/Byggochplantjansten/arende/arende/1316278?dataSource=Active
2026-04944,1316281,2026-03-18,,Anmaning att låta åtgärda hissar samt utföra förnyad besiktning,2026-03-18,"Intyg återkommande besiktning, ej godkänt, 3 st, D1773438, D1773439, D1773440",Skrivelse In,ej godkänt,DETERMINISTIC_FAILURE,LIFT,D1773438 D1773439 D1773440,3,Akka 10,Vidängsvägen 7,Alvik,NO,https://etjanster.stockholm.se/Byggochplantjansten/arende/arende/1316281?dataSource=Active
2026-04947,1316284,2026-03-18,,Anmaning att låta åtgärda hiss samt utföra förnyad besiktning,2026-03-18,"Intyg återkommande besiktning, ej godkänt, L7044684",Skrivelse In,ej godkänt,DETERMINISTIC_FAILURE,LIFT,L7044684,1,Fyrtornet 1,Åsögatan 185,Södermalm,NO,https://etjanster.stockholm.se/Byggochplantjansten/arende/arende/1316284?dataSource=Active
2026-04948,1316285,2026-03-18,,Anmaning att låta åtgärda hissa samt utföra förnyad besiktning,2026-03-18,"Intyg återkommande besiktning, ej godkänt, D1722078",Skrivelse In,ej godkänt,DETERMINISTIC_FAILURE,LIFT,D1722078,1,Lövsätra 3,Lövsätragränd 36,Sätra,NO,https://etjanster.stockholm.se/Byggochplantjansten/arende/arende/1316285?dataSource=Active
2026-04971,1316308,2026-03-18,2026-09-22,Anmaning att låta åtgärda hissar samt utföra förnyad besiktning,2026-03-18,"Intyg återkommande besiktning, ej godkänt, L7114885",Skrivelse In,ej godkänt,DETERMINISTIC_FAILURE,LIFT,L7114885,1,Vassen 3,Vassbrinken 5,Hässelby Strand,YES,https://etjanster.stockholm.se/Byggochplantjansten/arende/arende/1316308?dataSource=Active
2026-04975,1316312,2026-03-18,,Anmaning att låta åtgärda hissar samt utföra förnyad besiktning,2026-03-18,"Intyg återkommande besiktning, ej godkänt, L7923902, L7923911, 2 st",Skrivelse In,ej godkänt,DETERMINISTIC_FAILURE,LIFT,L7923902 L7923911,2,Sidfoten 1,Vilhelminagatan 17,Vällingby,NO,https://etjanster.stockholm.se/Byggochplantjansten/arende/arende/1316312?dataSource=Active
2025-17425,1308263,2025-11-11,,Anmaning att låta åtgärda hissar samt utföra förnyad besiktning,2026-03-19,"Intyg återkommande besiktning, ej godkänt, L7144423",Skrivelse In,ej godkänt,DETERMINISTIC_FAILURE,LIFT,L7144423,1,Svärdssidan 2,"Harplingegränd 46, Harplingegränd 76",Östberga,NO,https://etjanster.stockholm.se/Byggochplantjansten/arende/arende/1308263?dataSource=Active
2026-05043,1316380,2026-03-19,2026-09-22,Anmaning att låta åtgärda hissar samt utföra förnyad besiktning,2026-03-19,"Intyg återkommande besiktning, ej godkänt, 3 st, S779768, S779770, S779771",Skrivelse In,ej godkänt,DETERMINISTIC_FAILURE,LIFT,S779768 S779770 S779771,3,Pelarbacken Större 8,"Kapellgränd 6A, Kapellgränd 6B, Kapellgränd 6C",Södermalm,YES,https://etjanster.stockholm.se/Byggochplantjansten/arende/arende/1316380?dataSource=Active
2026-05044,1316381,2026-03-19,2026-09-22,Anmaning att låta åtgärda hiss samt utföra förnyad besiktning,2026-03-19,"Intyg återkommande besiktning, ej godkänt, 40609",Skrivelse In,ej godkänt,DETERMINISTIC_FAILURE,LIFT,40609,1,Snöflingan 5,Drottningholmsvägen 55,Marieberg,YES,https://etjanster.stockholm.se/Byggochplantjansten/arende/arende/1316381?dataSource=Active
2026-05077,1316414,2026-03-19,2026-09-17,Anmaning att låta åtgärda hissar samt utföra förnyad besiktning,2026-03-19,"Intyg återkommande besiktning, ej godkänt, D1539995",Skrivelse In,ej godkänt,DETERMINISTIC_FAILURE,LIFT,D1539995,1,Gamen 9,Blekingegatan 55,Södermalm,YES,https://etjanster.stockholm.se/Byggochplantjansten/arende/arende/1316414?dataSource=Active
2026-05128,1316465,2026-03-20,2026-09-22,Anmaning att låta åtgärda hissar samt utföra förnyad besiktning,2026-03-20,"Intyg återkommande besiktning, ej godkänt, 67233, 67234",Skrivelse In,ej godkänt,DETERMINISTIC_FAILURE,LIFT,67233 67234,2,Svanholmen 1,Vårbergsvägen 63,Vårberg,YES,https://etjanster.stockholm.se/Byggochplantjansten/arende/arende/1316465?dataSource=Active
2026-03849,1315168,2026-03-03,2026-03-24,Anmaning att låta åtgärda hiss samt utföra förnyad besiktning,2026-03-24,"Intyg återkommande besiktning, ej godkänt, L2899332",Skrivelse In,ej godkänt,DETERMINISTIC_FAILURE,LIFT,L2899332,1,Jericho 35,Lästmakargatan 19,Norrmalm,YES,https://etjanster.stockholm.se/Byggochplantjansten/arende/arende/1315168?dataSource=Active
2026-04785,1316117,2026-03-17,2026-09-08,Anmaning att låta åtgärda hiss samt utföra förnyad besiktning,2026-03-24,"Intyg återkommande besiktning, ej godkänt, L3492329",Skrivelse In,ej godkänt,DETERMINISTIC_FAILURE,LIFT,L3492329,1,Uggleborg 5,Vasagatan 20,Norrmalm,YES,https://etjanster.stockholm.se/Byggochplantjansten/arende/arende/1316117?dataSource=Active
2026-04801,1316133,2026-03-17,,Anmaning att låta åtgärda hiss samt utföra förnyad besiktning,2026-03-24,"Intyg återkommande besiktning, ej godkänt, L5021605",Skrivelse In,ej godkänt,DETERMINISTIC_FAILURE,LIFT,L5021605,1,Surbrunn 12,Odengatan 38,Vasastaden,NO,https://etjanster.stockholm.se/Byggochplantjansten/arende/arende/1316133?dataSource=Active
2026-05287,1316624,2026-03-24,,Anmaning att låta åtgärda hiss samt utföra förnyad besiktning,2026-03-24,"Intyg återkommande besiktning, ej godkänt, D1768204",Skrivelse In,ej godkänt,DETERMINISTIC_FAILURE,LIFT,D1768204,1,Ferdinand 9,Bromstensvägen 168,Sundby,NO,https://etjanster.stockholm.se/Byggochplantjansten/arende/arende/1316624?dataSource=Active
2026-05382,1316719,2026-03-24,2026-09-17,Anmaning att låta åtgärda hiss samt utföra förnyad besiktning,2026-03-24,"Intyg återkommande besiktning, ej godkänt, S439200",Skrivelse In,ej godkänt,DETERMINISTIC_FAILURE,LIFT,S439200,1,Grishuvudet 2,Arenaslingan 6,Johanneshov,YES,https://etjanster.stockholm.se/Byggochplantjansten/arende/arende/1316719?dataSource=Active
2026-05383,1316720,2026-03-24,2026-09-22,Anmaning att låta åtgärda hiss samt utföra förnyad besiktning,2026-03-24,"Intyg återkommande besiktning, ej godkänt, L3632676",Skrivelse In,ej godkänt,DETERMINISTIC_FAILURE,LIFT,L3632676,1,Brobyggaren 6,Baltzar Von Platens Gata 3,Kungsholmen,YES,https://etjanster.stockholm.se/Byggochplantjansten/arende/arende/1316720?dataSource=Active
2026-05384,1316721,2026-03-24,,Anmaning att låta åtgärda hiss samt utföra förnyad besiktning,2026-03-24,"Intyg återkommande besiktning, ej godkänt, L0057166",Skrivelse In,ej godkänt,DETERMINISTIC_FAILURE,LIFT,L0057166,1,Eldaren 10,Rörstrandsgatan 10,Vasastaden,NO,https://etjanster.stockholm.se/Byggochplantjansten/arende/arende/1316721?dataSource=Active
2026-05385,1316722,2026-03-24,2026-09-22,Anmaning att låta åtgärda hiss samt utföra förnyad besiktning,2026-03-24,"Intyg återkommande besiktning, ej godkänt, L3720133",Skrivelse In,ej godkänt,DETERMINISTIC_FAILURE,LIFT,L3720133,1,Äpplet 11,Coldinutrappan 3,Kungsholmen,YES,https://etjanster.stockholm.se/Byggochplantjansten/arende/arende/1316722?dataSource=Active
2026-05386,1316723,2026-03-24,,Anmaning att låta åtgärda hiss samt utföra förnyad besiktning,2026-03-24,"Intyg återkommande besiktning, ej godkänt, L3722188",Skrivelse In,ej godkänt,DETERMINISTIC_FAILURE,LIFT,L3722188,1,Kättingen 33,Sankt Eriksgatan 57,Kungsholmen,NO,https://etjanster.stockholm.se/Byggochplantjansten/arende/arende/1316723?dataSource=Active
2026-05388,1316725,2026-03-24,2026-04-09,Anmaning att låta åtgärda hiss samt utföra förnyad besiktning,2026-03-24,"Intyg återkommande besiktning, ej godkänt, L3491602",Skrivelse In,ej godkänt,DETERMINISTIC_FAILURE,LIFT,L3491602,1,Kometen 6,Upplandsgatan 33,Vasastaden,YES,https://etjanster.stockholm.se/Byggochplantjansten/arende/arende/1316725?dataSource=Active
2026-05390,1316727,2026-03-24,,Anmaning att låta åtgärda hiss samt utföra förnyad besiktning,2026-03-24,"Intyg återkommande besiktning, ej godkänt, L4043444",Skrivelse In,ej godkänt,DETERMINISTIC_FAILURE,LIFT,L4043444,1,Postsäcken 9,Samaritgränd 1,Södermalm,NO,https://etjanster.stockholm.se/Byggochplantjansten/arende/arende/1316727?dataSource=Active
2026-05391,1316728,2026-03-24,,Anmaning att låta åtgärda hiss samt utföra förnyad besiktning,2026-03-24,"Intyg återkommande besiktning, ej godkänt, L3734571",Skrivelse In,ej godkänt,DETERMINISTIC_FAILURE,LIFT,L3734571,1,Snöklockan 9,Odengatan 74,Vasastaden,NO,https://etjanster.stockholm.se/Byggochplantjansten/arende/arende/1316728?dataSource=Active
2026-05393,1316730,2026-03-24,,Anmaning att låta åtgärda hiss samt utföra förnyad besiktning,2026-03-24,"Intyg återkommande besiktning, ej godkänt, S305204",Skrivelse In,ej godkänt,DETERMINISTIC_FAILURE,LIFT,S305204,1,Lappjäxan 2,Sulvägen 69,Solberga,NO,https://etjanster.stockholm.se/Byggochplantjansten/arende/arende/1316730?dataSource=Active
2026-05394,1316731,2026-03-24,,Anmaning att låta åtgärda hiss samt utföra förnyad besiktning,2026-03-24,"Intyg återkommande besiktning, ej godkänt, L9205006",Skrivelse In,ej godkänt,DETERMINISTIC_FAILURE,LIFT,L9205006,1,Lehusen 11,Fatburs Kvarngata 14,Södermalm,NO,https://etjanster.stockholm.se/Byggochplantjansten/arende/arende/1316731?dataSource=Active
2026-05396,1316733,2026-03-24,2026-09-22,Anmaning att låta åtgärda hiss samt utföra förnyad besiktning,2026-03-24,"Intyg återkommande besiktning, ej godkänt, L5472162",Skrivelse In,ej godkänt,DETERMINISTIC_FAILURE,LIFT,L5472162,1,Snöklockan 2,Karlbergsvägen 11,Vasastaden,YES,https://etjanster.stockholm.se/Byggochplantjansten/arende/arende/1316733?dataSource=Active
2026-05397,1316734,2026-03-24,2026-09-22,Anmaning att låta åtgärda hissar samt utföra förnyad besiktning,2026-03-24,"Intyg återkommande besiktning, ej godkänt, 2 st, S882302, S882303",Skrivelse In,ej godkänt,DETERMINISTIC_FAILURE,LIFT,S882302 S882303,2,Boken 6,Kungsgatan 57,Norrmalm,YES,https://etjanster.stockholm.se/Byggochplantjansten/arende/arende/1316734?dataSource=Active
2026-05399,1316736,2026-03-24,,Anmaning att låta åtgärda hissar samt utföra förnyad besiktning,2026-03-24,"Intyg återkommande besiktning, ej godkänt, 2 st, S199491, S256896",Skrivelse In,ej godkänt,DETERMINISTIC_FAILURE,LIFT,S199491 S256896,2,Spelbomskan 16,Odengatan 53,Vasastaden,NO,https://etjanster.stockholm.se/Byggochplantjansten/arende/arende/1316736?dataSource=Active
2026-05403,1316740,2026-03-24,,Anmaning att låta åtgärda hissar samt utföra förnyad besiktning,2026-03-24,"Intyg återkommande besiktning, ej godkänt, 6 st, S470733, S474688, S476867, S480481, S480668, S483076",Skrivelse In,ej godkänt,DETERMINISTIC_FAILURE,LIFT,S470733 S474688 S476867 S480481 S480668 S483076,6,Telenätet 1,"Mobilgatan 10, Snickerigatan 11, Snickerigatan 9, Tellusgatan 17, Tellusgången 32, Tellusgången 34",Midsommarkransen,NO,https://etjanster.stockholm.se/Byggochplantjansten/arende/arende/1316740?dataSource=Active
2026-05413,1316750,2026-03-25,2026-09-17,Anmaning att låta åtgärda hissar samt utföra förnyad besiktning,2026-03-25,"Intyg återkommande besiktning, ej godkänt, 4 st, 45516, 41914, 45482, 44664",Skrivelse In,ej godkänt,DETERMINISTIC_FAILURE,LIFT,45516 41914 45482 44664,4,Byholmen 2,"Vårholmsbackarna 104, Vårholmsbackarna 106, Vårholmsbackarna 108, Vårholmsbackarna 110",Vårberg,YES,https://etjanster.stockholm.se/Byggochplantjansten/arende/arende/1316750?dataSource=Active
2026-05507,1316844,2026-03-25,2026-09-17,Anmaning att låta åtgärda hiss samt utföra förnyad besiktning,2026-03-25,"Intyg återkommande besiktning, ej godkänt, D1540098",Skrivelse In,ej godkänt,DETERMINISTIC_FAILURE,LIFT,D1540098,1,Piskan 8,Ringvägen 23,Södermalm,YES,https://etjanster.stockholm.se/Byggochplantjansten/arende/arende/1316844?dataSource=Active
2026-05508,1316845,2026-03-25,,Anmaning att låta åtgärda hiss samt utföra förnyad besiktning,2026-03-25,"Intyg återkommande besiktning, ej godkänt, L2515291",Skrivelse In,ej godkänt,DETERMINISTIC_FAILURE,LIFT,L2515291,1,Hammarby Gård 11,Hammarby Kajgata 5,Södra Hammarbyhamnen,NO,https://etjanster.stockholm.se/Byggochplantjansten/arende/arende/1316845?dataSource=Active
2026-05509,1316846,2026-03-25,,Anmaning att låta åtgärda hiss samt utföra förnyad besiktning,2026-03-25,"Intyg återkommande besiktning, ej godkänt, L7063261",Skrivelse In,ej godkänt,DETERMINISTIC_FAILURE,LIFT,L7063261,1,Brevlådan 3,Brevvägen 1,Svedmyra,NO,https://etjanster.stockholm.se/Byggochplantjansten/arende/arende/1316846?dataSource=Active
2026-05511,1316848,2026-03-25,2026-03-26,Anmaning att låta åtgärda hiss samt utföra förnyad besiktning,2026-03-25,"Intyg återkommande besiktning, ej godkänt, L2786178",Skrivelse In,ej godkänt,DETERMINISTIC_FAILURE,LIFT,L2786178,1,Kullinge 1,Risingeplan 19,Tensta,YES,https://etjanster.stockholm.se/Byggochplantjansten/arende/arende/1316848?dataSource=Active
2026-05512,1316849,2026-03-25,,Anmaning att låta åtgärda port samt utföra förnyad besiktning,2026-03-25,"Intyg återkommande besiktning, ej godkänt, D1805105",Skrivelse In,ej godkänt,DETERMINISTIC_FAILURE,POWERED_GATE_OR_DOOR,D1805105,1,Hofors 6,Fagerstagatan 56A,Lunda,NO,https://etjanster.stockholm.se/Byggochplantjansten/arende/arende/1316849?dataSource=Active
2026-05524,1316861,2026-03-26,2026-05-06,Anmaning att låta åtgärda port samt utföra förnyad besiktning,2026-03-26,"Intyg återkommande besiktning, ej godkänt, D1728987",Skrivelse In,ej godkänt,DETERMINISTIC_FAILURE,POWERED_GATE_OR_DOOR,D1728987,1,Kullinge 1,Risingeplan 3,Tensta,NO,https://etjanster.stockholm.se/Byggochplantjansten/arende/arende/1316861?dataSource=Active
2026-05525,1316862,2026-03-26,,Anmaning att låta åtgärda hiss samt utföra förnyad besiktning,2026-03-26,"Intyg återkommande besiktning, ej godkänt, D1550086",Skrivelse In,ej godkänt,DETERMINISTIC_FAILURE,LIFT,D1550086,1,Hällsätra 1,Strömsätravägen 15,Sätra,NO,https://etjanster.stockholm.se/Byggochplantjansten/arende/arende/1316862?dataSource=Active
2026-05526,1316863,2026-03-26,,Anmaning att låta åtgärda hiss samt utföra förnyad besiktning,2026-03-26,"Intyg återkommande besiktning, ej godkänt, D1550074",Skrivelse In,ej godkänt,DETERMINISTIC_FAILURE,LIFT,D1550074,1,Mörtö 7,Fryksdalsbacken 26,Larsboda,NO,https://etjanster.stockholm.se/Byggochplantjansten/arende/arende/1316863?dataSource=Active
2026-05558,1316895,2026-03-26,,Anmaning att låta åtgärda hiss samt utföra förnyad besiktning,2026-03-26,"Intyg återkommande besiktning, ej godkänt, L2791126",Skrivelse In,ej godkänt,DETERMINISTIC_FAILURE,LIFT,L2791126,1,Orren 4,Artillerigatan 65,Östermalm,NO,https://etjanster.stockholm.se/Byggochplantjansten/arende/arende/1316895?dataSource=Active
2026-05559,1316896,2026-03-26,2026-03-26,Anmaning att låta åtgärda hiss samt utföra förnyad besiktning,2026-03-26,"Intyg återkommande besiktning, ej godkänt, L7045905",Skrivelse In,ej godkänt,DETERMINISTIC_FAILURE,LIFT,L7045905,1,Skruven 2,Långholmsgatan 1B,Södermalm,YES,https://etjanster.stockholm.se/Byggochplantjansten/arende/arende/1316896?dataSource=Active
2026-05560,1316897,2026-03-26,,Anmaning att låta åtgärda hiss samt utföra förnyad besiktning,2026-03-26,"Intyg återkommande besiktning, ej godkänt, L2808715",Skrivelse In,ej godkänt,DETERMINISTIC_FAILURE,LIFT,L2808715,1,Viken 1,Lugnets Allé 61,Södra Hammarbyhamnen,NO,https://etjanster.stockholm.se/Byggochplantjansten/arende/arende/1316897?dataSource=Active
2026-05560,1316897,2026-03-26,,Anmaning att låta åtgärda hiss samt utföra förnyad besiktning,2026-03-26,"Intyg återkommande besiktning, ej godkänt, L2808715",Skrivelse In,ej godkänt,DETERMINISTIC_FAILURE,LIFT,L2808715,1,Viken 1,Lugnets Allé 61,Södra Hammarbyhamnen,NO,https://etjanster.stockholm.se/Byggochplantjansten/arende/arende/1316897?dataSource=Active
2026-05561,1316898,2026-03-26,,Anmaning att låta åtgärda hissar samt utföra förnyad besiktning,2026-03-26,"Intyg återkommande besiktning, ej godkänt, 4 st, D1550091, D1550151, D1652338, D1652339",Skrivelse In,ej godkänt,DETERMINISTIC_FAILURE,LIFT,D1550091 D1550151 D1652338 D1652339,4,Magneten 18,Johannesfredsvägen 15,Ulvsunda Industriområde,NO,https://etjanster.stockholm.se/Byggochplantjansten/arende/arende/1316898?dataSource=Active
2026-05562,1316899,2026-03-26,2026-09-22,Anmaning att låta åtgärda hissar samt utföra förnyad besiktning,2026-03-26,"Intyg återkommande besiktning, ej godkänt, 2 st, D1550075, D1550109",Skrivelse In,ej godkänt,DETERMINISTIC_FAILURE,LIFT,D1550075 D1550109,2,Vitgröet 12,Stormbyvägen 2,Solhem,YES,https://etjanster.stockholm.se/Byggochplantjansten/arende/arende/1316899?dataSource=Active
2026-05563,1316900,2026-03-26,,Anmaning att låta åtgärda hiss samt utföra förnyad besiktning,2026-03-26,"Intyg återkommande besiktning, ej godkänt, L2808724",Skrivelse In,ej godkänt,DETERMINISTIC_FAILURE,LIFT,L2808724,1,Viken 1,Lugnets Allé 63,Södra Hammarbyhamnen,NO,https://etjanster.stockholm.se/Byggochplantjansten/arende/arende/1316900?dataSource=Active
2026-05565,1316902,2026-03-26,2026-09-17,Anmaning att låta åtgärda hissar samt utföra förnyad besiktning,2026-03-26,"Intyg återkommande besiktning, ej godkänt, 2 st, L9066808, L9066826",Skrivelse In,ej godkänt,DETERMINISTIC_FAILURE,LIFT,L9066808 L9066826,2,Margretero 7,"Askängsbacken 12, Askängsbacken 20",Mariehäll,YES,https://etjanster.stockholm.se/Byggochplantjansten/arende/arende/1316902?dataSource=Active
2026-05566,1316903,2026-03-26,,Anmaning att låta åtgärda hissar samt utföra förnyad besiktning,2026-03-26,"Intyg återkommande besiktning, ej godkänt, 3 st, D1484981, D1718626, D1718628",Skrivelse In,ej godkänt,DETERMINISTIC_FAILURE,LIFT,D1484981 D1718626 D1718628,3,Plankan 24,"Kristinehovsgatan 12B, Kristinehovsgatan 12C, Varvsgatan 23",Södermalm,NO,https://etjanster.stockholm.se/Byggochplantjansten/arende/arende/1316903?dataSource=Active
2026-05567,1316904,2026-03-26,2026-09-23,Anmaning att låta åtgärda hissar samt utföra förnyad besiktning,2026-03-26,"Intyg återkommande besiktning, ej godkänt, 2 st, L2727464, L2986792",Skrivelse In,ej godkänt,DETERMINISTIC_FAILURE,LIFT,L2727464 L2986792,2,Korsö 1,Storforsplan 5,Farsta,YES,https://etjanster.stockholm.se/Byggochplantjansten/arende/arende/1316904?dataSource=Active
2026-05589,1316926,2026-03-26,,Anmaning att låta åtgärda hiss samt utföra förnyad besiktning,2026-03-26,"Intyg återkommande besiktning, ej godkänt, D1727706",Skrivelse In,ej godkänt,DETERMINISTIC_FAILURE,LIFT,D1727706,1,Timotejen 20,Tellusborgsvägen 67A,Västberga,YES,https://etjanster.stockholm.se/Byggochplantjansten/arende/arende/1316926?dataSource=Active
2026-05606,1316943,2026-03-26,,Anmaning att låta åtgärda hiss samt utföra förnyad besiktning,2026-03-26,"Intyg återkommande besiktning, ej godkänt, 51179",Skrivelse In,ej godkänt,DETERMINISTIC_FAILURE,LIFT,51179,1,Harvpinnen 1,Gotlandsgatan 58,Södermalm,NO,https://etjanster.stockholm.se/Byggochplantjansten/arende/arende/1316943?dataSource=Active
2026-05610,1316947,2026-03-26,2026-04-13,Anmaning att låta åtgärda hissar samt utföra förnyad besiktning,2026-03-26,"Intyg återkommande besiktning, ej godkänt, 6 st, L2785937, L2785946, L2785955, L2785964, L2785973, L2785982",Skrivelse In,ej godkänt,DETERMINISTIC_FAILURE,LIFT,L2785937 L2785946 L2785955 L2785964 L2785973 L2785982,6,Vättinge 3,"Hyppingeplan 15, Hyppingeplan 17, Hyppingeplan 19, Hyppingeplan 5, Hyppingeplan 7, Hyppingeplan 9",Tensta,YES,https://etjanster.stockholm.se/Byggochplantjansten/arende/arende/1316947?dataSource=Active
2026-05612,1316949,2026-03-26,,Anmaning att låta åtgärda hissar samt utföra förnyad besiktning,2026-03-26,"Intyg återkommande besiktning, ej godkänt, 4 st, L7047190, L7047207, L7047234, L7047289",Skrivelse In,ej godkänt,DETERMINISTIC_FAILURE,LIFT,L7047190 L7047207 L7047234 L7047289,4,Starrbäcken 3,"Starrängsringen 34, Starrängsringen 36, Starrängsringen 40, Starrängsringen 50",Ladugårdsgärdet,NO,https://etjanster.stockholm.se/Byggochplantjansten/arende/arende/1316949?dataSource=Active
2026-05722,1317059,2026-03-30,2026-09-17,Anmaning att låta åtgärda hiss samt utföra förnyad besiktning (Östermalmstorg T-bana),2026-03-30,"Intyg återkommande besiktning, ej godkänt, L7852748",Skrivelse In,ej godkänt,DETERMINISTIC_FAILURE,LIFT,L7852748,1,Östermalm 2:118,"Information saknas för ""Adress""",Östermalm,YES,https://etjanster.stockholm.se/Byggochplantjansten/arende/arende/1317059?dataSource=Active
2026-05723,1317060,2026-03-30,2026-09-22,Anmaning att låta åtgärda hiss samt utföra förnyad besiktning,2026-03-30,"Intyg återkommande besiktning, ej godkänt, L7492100",Skrivelse In,ej godkänt,DETERMINISTIC_FAILURE,LIFT,L7492100,1,Diligensen 9,Samaritgränd 4,Södermalm,YES,https://etjanster.stockholm.se/Byggochplantjansten/arende/arende/1317060?dataSource=Active
2026-05724,1317061,2026-03-30,,Anmaning att låta åtgärda hiss samt utföra förnyad besiktning,2026-03-30,"Intyg återkommande besiktning, ej godkänt, D1535198",Skrivelse In,ej godkänt,DETERMINISTIC_FAILURE,LIFT,D1535198,1,Kungsstenen 5,Kungstensgatan 45,Vasastaden,NO,https://etjanster.stockholm.se/Byggochplantjansten/arende/arende/1317061?dataSource=Active
2026-05725,1317062,2026-03-30,,Anmaning att låta åtgärda hiss samt utföra förnyad besiktning,2026-03-30,"Intyg återkommande besiktning, ej godkänt, L7924152",Skrivelse In,ej godkänt,DETERMINISTIC_FAILURE,LIFT,L7924152,1,Tuschet 1,Vittangigatan 22,Vällingby,NO,https://etjanster.stockholm.se/Byggochplantjansten/arende/arende/1317062?dataSource=Active
2026-05726,1317063,2026-03-30,,Anmaning att låta åtgärda hiss samt utföra förnyad besiktning,2026-03-30,"Intyg återkommande besiktning, ej godkänt, L7919917",Skrivelse In,ej godkänt,DETERMINISTIC_FAILURE,LIFT,L7919917,1,Tre Brunnar 1,Vällingby Torg 59,Vällingby,NO,https://etjanster.stockholm.se/Byggochplantjansten/arende/arende/1317063?dataSource=Active
2026-05727,1317064,2026-03-30,2026-09-17,Anmaning att låta åtgärda hiss samt utföra förnyad besiktning,2026-03-30,"Intyg återkommande besiktning, ej godkänt, L2797488",Skrivelse In,ej godkänt,DETERMINISTIC_FAILURE,LIFT,L2797488,1,Jordgubben 19,Fleminggatan 49,Kungsholmen,YES,https://etjanster.stockholm.se/Byggochplantjansten/arende/arende/1317064?dataSource=Active
2026-05728,1317065,2026-03-30,,Anmaning att låta åtgärda hiss samt utföra förnyad besiktning,2026-03-30,"Intyg återkommande besiktning, ej godkänt, L7037665",Skrivelse In,ej godkänt,DETERMINISTIC_FAILURE,LIFT,L7037665,1,Landbyska Verket 10,Birger Jarlsgatan 22,Östermalm,NO,https://etjanster.stockholm.se/Byggochplantjansten/arende/arende/1317065?dataSource=Active
2026-05729,1317066,2026-03-30,2026-09-11,Anmaning att låta åtgärda hissar samt utföra förnyad besiktning,2026-03-30,"Intyg återkommande besiktning, ej godkänt, 2 st, L9065792, L9066791",Skrivelse In,ej godkänt,DETERMINISTIC_FAILURE,LIFT,L9065792 L9066791,2,Margretero 7,"Askängsbacken 4, Askängsbacken 8",Mariehäll,YES,https://etjanster.stockholm.se/Byggochplantjansten/arende/arende/1317066?dataSource=Active
2026-05731,1317068,2026-03-30,,Anmaning att låta åtgärda hiss samt utföra förnyad besiktning,2026-03-30,"Intyg återkommande besiktning, ej godkänt, L3703493",Skrivelse In,ej godkänt,DETERMINISTIC_FAILURE,LIFT,L3703493,1,Sidensvansen 5,Östermalmsgatan 18,Östermalm,NO,https://etjanster.stockholm.se/Byggochplantjansten/arende/arende/1317068?dataSource=Active
2026-05732,1317069,2026-03-30,,Anmaning att låta åtgärda hiss samt utföra förnyad besiktning,2026-03-30,"Intyg återkommande besiktning, ej godkänt, S368621",Skrivelse In,ej godkänt,DETERMINISTIC_FAILURE,LIFT,S368621,1,Blåklinten 19,Upplandsgatan 63,Vasastaden,NO,https://etjanster.stockholm.se/Byggochplantjansten/arende/arende/1317069?dataSource=Active
2026-05733,1317070,2026-03-30,2026-09-15,Anmaning att låta åtgärda port samt utföra förnyad besiktning,2026-03-30,"Intyg återkommande besiktning, ej godkänt, S1014727",Skrivelse In,ej godkänt,DETERMINISTIC_FAILURE,POWERED_GATE_OR_DOOR,S1014727,1,Kaplanen 1,Nockeby Kyrkväg 50,Nockeby,YES,https://etjanster.stockholm.se/Byggochplantjansten/arende/arende/1317070?dataSource=Active
2026-05734,1317071,2026-03-30,2026-09-15,Anmaning att låta åtgärda hiss samt utföra förnyad besiktning,2026-03-30,"Intyg återkommande besiktning, ej godkänt, L7549363",Skrivelse In,ej godkänt,DETERMINISTIC_FAILURE,LIFT,L7549363,1,Diamanten 9,Kungsholmsgatan 17B,Kungsholmen,YES,https://etjanster.stockholm.se/Byggochplantjansten/arende/arende/1317071?dataSource=Active
2026-05735,1317072,2026-03-30,,Anmaning att låta åtgärda hiss samt utföra förnyad besiktning,2026-03-30,"Intyg återkommande besiktning, ej godkänt, S1014364",Skrivelse In,ej godkänt,DETERMINISTIC_FAILURE,LIFT,S1014364,1,Gipsgjutaren 29,Sockenvägen 536A,Enskededalen,NO,https://etjanster.stockholm.se/Byggochplantjansten/arende/arende/1317072?dataSource=Active
2026-05736,1317073,2026-03-30,2026-04-09,Anmaning att låta åtgärda hiss samt utföra förnyad besiktning,2026-03-30,"Intyg återkommande besiktning, ej godkänt, L0106104",Skrivelse In,ej godkänt,DETERMINISTIC_FAILURE,LIFT,L0106104,1,Kåkenhusen 37,Regeringsgatan 66,Norrmalm,YES,https://etjanster.stockholm.se/Byggochplantjansten/arende/arende/1317073?dataSource=Active
2026-05737,1317074,2026-03-30,,Anmaning att låta åtgärda hiss samt utföra förnyad besiktning,2026-03-30,"Intyg återkommande besiktning, ej godkänt, L3109667",Skrivelse In,ej godkänt,DETERMINISTIC_FAILURE,LIFT,L3109667,1,Lägret 4,Torstenssonsgatan 12,Östermalm,NO,https://etjanster.stockholm.se/Byggochplantjansten/arende/arende/1317074?dataSource=Active
2026-05792,1317129,2026-03-30,2026-09-22,Anmaning att låta åtgärda hiss samt utföra förnyad besiktning,2026-03-30,"Intyg återkommande besiktning, ej godkänt, L6788368",Skrivelse In,ej godkänt,DETERMINISTIC_FAILURE,LIFT,L6788368,1,Roslagen 1,Tulegatan 14A,Vasastaden,YES,https://etjanster.stockholm.se/Byggochplantjansten/arende/arende/1317129?dataSource=Active
2026-05793,1317130,2026-03-30,2026-09-16,Anmaning att låta åtgärda hiss samt utföra förnyad besiktning,2026-03-30,"Intyg återkommande besiktning, ej godkänt, S289264",Skrivelse In,ej godkänt,DETERMINISTIC_FAILURE,LIFT,S289264,1,Plomben 5,Örnsbergsvägen 9,Hägersten,YES,https://etjanster.stockholm.se/Byggochplantjansten/arende/arende/1317130?dataSource=Active
2026-05794,1317131,2026-03-30,2026-09-15,Anmaning att låta åtgärda hiss samt utföra förnyad besiktning,2026-03-30,"Intyg återkommande besiktning, ej godkänt, S388762",Skrivelse In,ej godkänt,DETERMINISTIC_FAILURE,LIFT,S388762,1,Racketen 9,Gustavslundsvägen 153,Alvik,YES,https://etjanster.stockholm.se/Byggochplantjansten/arende/arende/1317131?dataSource=Active
2026-05795,1317132,2026-03-30,,Anmaning att låta åtgärda hiss samt utföra förnyad besiktning,2026-03-30,"Intyg återkommande besiktning, ej godkänt, L3632866",Skrivelse In,ej godkänt,DETERMINISTIC_FAILURE,LIFT,L3632866,1,Systern 6,Sysslomansgatan 11,Marieberg,NO,https://etjanster.stockholm.se/Byggochplantjansten/arende/arende/1317132?dataSource=Active
2026-05796,1317133,2026-03-30,2026-09-22,Anmaning att låta åtgärda hiss samt utföra förnyad besiktning,2026-03-30,"Intyg återkommande besiktning, ej godkänt, S510836",Skrivelse In,ej godkänt,DETERMINISTIC_FAILURE,LIFT,S510836,1,Våghalsen 12,Sveavägen 59,Vasastaden,YES,https://etjanster.stockholm.se/Byggochplantjansten/arende/arende/1317133?dataSource=Active
2026-05797,1317134,2026-03-30,2026-04-23,Anmaning att låta åtgärda hiss samt utföra förnyad besiktning,2026-03-30,"Intyg återkommande besiktning, ej godkänt, L0765453",Skrivelse In,ej godkänt,DETERMINISTIC_FAILURE,LIFT,L0765453,1,Vågskivan 26,Hallandsgatan 44,Södermalm,YES,https://etjanster.stockholm.se/Byggochplantjansten/arende/arende/1317134?dataSource=Active
2026-05798,1317135,2026-03-30,2026-09-17,Anmaning att låta åtgärda hiss samt utföra förnyad besiktning,2026-03-30,"Intyg återkommande besiktning, ej godkänt, L3482734",Skrivelse In,ej godkänt,DETERMINISTIC_FAILURE,LIFT,L3482734,1,Vildsvinet 11,Grevgatan 43,Östermalm,YES,https://etjanster.stockholm.se/Byggochplantjansten/arende/arende/1317135?dataSource=Active
2026-05799,1317136,2026-03-30,,Anmaning att låta åtgärda hiss samt utföra förnyad besiktning,2026-03-30,"Intyg återkommande besiktning, ej godkänt, L3488608",Skrivelse In,ej godkänt,DETERMINISTIC_FAILURE,LIFT,L3488608,1,Trängkåren 6,Rålambsvägen 13,Marieberg,NO,https://etjanster.stockholm.se/Byggochplantjansten/arende/arende/1317136?dataSource=Active
2026-05800,1317137,2026-03-30,2026-09-22,Anmaning att låta åtgärda hissar samt utföra förnyad besiktning,2026-03-30,"Intyg återkommande besiktning, ej godkänt, 3 st, L3261401, L3261427, L3261435",Skrivelse In,ej godkänt,DETERMINISTIC_FAILURE,LIFT,L3261401 L3261427 L3261435,3,Duvan 6,Klara Södra Kyrkogata 1,Norrmalm,YES,https://etjanster.stockholm.se/Byggochplantjansten/arende/arende/1317137?dataSource=Active
2026-05801,1317138,2026-03-30,,Anmaning att låta åtgärda portar samt utföra förnyad besiktning,2026-03-30,"Intyg återkommande besiktning, ej godkänt, 2 st, L9442120, S452004",Skrivelse In,ej godkänt,DETERMINISTIC_FAILURE,POWERED_GATE_OR_DOOR,L9442120 S452004,2,Skebo 2,Fagerstagatan 21A,Lunda,NO,https://etjanster.stockholm.se/Byggochplantjansten/arende/arende/1317138?dataSource=Active
2026-05802,1317139,2026-03-30,,Anmaning att låta åtgärda hissar samt utföra förnyad besiktning,2026-03-30,"Intyg återkommande besiktning, ej godkänt, 2 st, S229495, S229496",Skrivelse In,ej godkänt,DETERMINISTIC_FAILURE,LIFT,S229495 S229496,2,Fartygstrafiken 1,"Hammarbyterrassen 34, Hammarbyterrassen 36",Södra Hammarbyhamnen,YES,https://etjanster.stockholm.se/Byggochplantjansten/arende/arende/1317139?dataSource=Active
2026-05804,1317141,2026-03-30,,Anmaning att låta åtgärda hissar samt utföra förnyad besiktning,2026-03-30,"Intyg återkommande besiktning, ej godkänt, 2 st, L3479631, L3479649",Skrivelse In,ej godkänt,DETERMINISTIC_FAILURE,LIFT,L3479631 L3479649,2,Ingenjören 9,"Ringvägen 89A, Ringvägen 89B",Södermalm,NO,https://etjanster.stockholm.se/Byggochplantjansten/arende/arende/1317141?dataSource=Active
2026-05805,1317142,2026-03-30,,Anmaning att låta åtgärda hiss samt utföra förnyad besiktning,2026-03-30,"Intyg återkommande besiktning, ej godkänt, L3479656",Skrivelse In,ej godkänt,DETERMINISTIC_FAILURE,LIFT,L3479656,1,Ingenjören 8,Grindsgatan 56,Södermalm,NO,https://etjanster.stockholm.se/Byggochplantjansten/arende/arende/1317142?dataSource=Active
2026-05807,1317144,2026-03-30,2026-09-17,Anmaning att låta åtgärda hissar samt utföra förnyad besiktning,2026-03-30,"Intyg återkommande besiktning, ej godkänt, 2 st, L3670999, L3671054",Skrivelse In,ej godkänt,DETERMINISTIC_FAILURE,LIFT,L3670999 L3671054,2,Renen 24,"Brahegatan 60, Grev Turegatan 77",Östermalm,YES,https://etjanster.stockholm.se/Byggochplantjansten/arende/arende/1317144?dataSource=Active
2026-05810,1317147,2026-03-30,2026-03-31,Anmaning att låta åtgärda hissar samt utföra förnyad besiktning,2026-03-30,"Intyg återkommande besiktning, ej godkänt, 3 st, S748946, S748947",Skrivelse In,ej godkänt,DETERMINISTIC_FAILURE,LIFT,S748946 S748947,2,Medborgarhuset 1,Folkungagatan 43,Södermalm,YES,https://etjanster.stockholm.se/Byggochplantjansten/arende/arende/1317147?dataSource=Active
2026-05812,1317149,2026-03-30,,Anmaning att låta åtgärda hissar samt utföra förnyad besiktning,2026-03-30,"Intyg återkommande besiktning, ej godkänt, 3 st, S479154, S479156, S480485",Skrivelse In,ej godkänt,DETERMINISTIC_FAILURE,LIFT,S479154 S479156 S480485,3,Navigatören 1,"Vinggatan 24, Vinggatan 32, Vinggatan 34",Skarpnäcks Gård,YES,https://etjanster.stockholm.se/Byggochplantjansten/arende/arende/1317149?dataSource=Active
2026-05814,1317151,2026-03-30,,Anmaning att låta åtgärda hissar samt utföra förnyad besiktning,2026-03-30,"Intyg återkommande besiktning, ej godkänt, 3 st, S938509, S938654, S938655",Skrivelse In,ej godkänt,DETERMINISTIC_FAILURE,LIFT,S938509 S938654 S938655,3,Gångaren 12,Sankt Göransplan 1,Stadshagen,NO,https://etjanster.stockholm.se/Byggochplantjansten/arende/arende/1317151?dataSource=Active
2026-05815,1317152,2026-03-30,,Anmaning att låta åtgärda hissar samt utföra förnyad besiktning,2026-03-30,"Intyg återkommande besiktning, ej godkänt, 2 st, L3711462, L3711470",Skrivelse In,ej godkänt,DETERMINISTIC_FAILURE,LIFT,L3711462 L3711470,2,Skutan 26,"Gjutargatan 12, Svarvargatan 8",Kungsholmen,NO,https://etjanster.stockholm.se/Byggochplantjansten/arende/arende/1317152?dataSource=Active
2026-05816,1317153,2026-03-30,,Anmaning att låta åtgärda hissar samt utföra förnyad besiktning,2026-03-30,"Intyg återkommande besiktning, ej godkänt, 2 st, S314520, S314521",Skrivelse In,ej godkänt,DETERMINISTIC_FAILURE,LIFT,S314520 S314521,2,Perstorp 3,"Ekebergabacken 85, Ekebergabacken 87",Farsta,NO,https://etjanster.stockholm.se/Byggochplantjansten/arende/arende/1317153?dataSource=Active
2026-05817,1317154,2026-03-30,2026-09-22,Anmaning att låta åtgärda hiss samt utföra förnyad besiktning,2026-03-30,"Intyg återkommande besiktning, ej godkänt, L3131877",Skrivelse In,ej godkänt,DETERMINISTIC_FAILURE,LIFT,L3131877,1,Höstacken 1,Olshammarsgatan 64,Hagsätra,YES,https://etjanster.stockholm.se/Byggochplantjansten/arende/arende/1317154?dataSource=Active
2026-05818,1317155,2026-03-30,2026-09-22,Anmaning att låta åtgärda hiss samt utföra förnyad besiktning,2026-03-30,"Intyg återkommande besiktning, ej godkänt, L3131943",Skrivelse In,ej godkänt,DETERMINISTIC_FAILURE,LIFT,L3131943,1,Höstacken 2,Olshammarsgatan 58,Hagsätra,YES,https://etjanster.stockholm.se/Byggochplantjansten/arende/arende/1317155?dataSource=Active
2026-05820,1317157,2026-03-30,2026-09-22,Anmaning att låta åtgärda hissar samt utföra förnyad besiktning,2026-03-30,"Intyg återkommande besiktning, ej godkänt, 2 st, L3128352, L3128360",Skrivelse In,ej godkänt,DETERMINISTIC_FAILURE,LIFT,L3128352 L3128360,2,Struthatten 4,"Glanshammarsgatan 56, Glanshammarsgatan 66",Hagsätra,YES,https://etjanster.stockholm.se/Byggochplantjansten/arende/arende/1317157?dataSource=Active
2026-05883,1317220,2026-03-27,,Anmaning att låta åtgärda hissar samt utföra förnyad besiktning,2026-03-31,"Intyg återkommande besiktning, ej godkänt, 75824",Skrivelse In,ej godkänt,DETERMINISTIC_FAILURE,LIFT,75824,1,Solkraften 20,Vindkraftsvägen 17,Skrubba,NO,https://etjanster.stockholm.se/Byggochplantjansten/arende/arende/1317220?dataSource=Active
2026-05907,1317244,2026-03-31,2026-09-15,Anmaning att låta åtgärda hiss samt utföra förnyad besiktning,2026-03-31,"Intyg återkommande besiktning, ej godkänt, L2660866",Skrivelse In,ej godkänt,DETERMINISTIC_FAILURE,LIFT,L2660866,1,Skjutsgossen 12,Torkel Knutssonsgatan 22A,Södermalm,YES,https://etjanster.stockholm.se/Byggochplantjansten/arende/arende/1317244?dataSource=Active
2026-06067,1317404,2026-04-02,,Anmaning att låta åtgärda hiss samt utföra förnyad besiktning,2026-04-02,"Intyg återkommande besiktning, ej godkänt, L2549460",Skrivelse In,ej godkänt,DETERMINISTIC_FAILURE,LIFT,L2549460,1,Valnöten 8,Hantverkargatan 26,Kungsholmen,NO,https://etjanster.stockholm.se/Byggochplantjansten/arende/arende/1317404?dataSource=Active
2026-06069,1317406,2026-04-02,2026-08-13,Anmaning att låta åtgärda hissar samt utföra förnyad besiktning,2026-04-02,"Intyg återkommande besiktning, ej godkänt, 2 st, 54871, 54537",Skrivelse In,ej godkänt,DETERMINISTIC_FAILURE,LIFT,54871 54537,2,Barnhuset 25,Upplandsgatan 4,Norrmalm,YES,https://etjanster.stockholm.se/Byggochplantjansten/arende/arende/1317406?dataSource=Active
2026-06070,1317407,2026-04-02,2026-04-13,Anmaning att låta åtgärda hiss samt utföra förnyad besiktning,2026-04-02,"Intyg återkommande besiktning, ej godkänt, 25534",Skrivelse In,ej godkänt,DETERMINISTIC_FAILURE,LIFT,25534,1,Barnhuset 20,Upplandsgatan 2,Norrmalm,YES,https://etjanster.stockholm.se/Byggochplantjansten/arende/arende/1317407?dataSource=Active
2026-06071,1317408,2026-04-02,,Anmaning att låta åtgärda hiss samt utföra förnyad besiktning,2026-04-02,"Intyg återkommande besiktning, ej godkänt, 32087",Skrivelse In,ej godkänt,DETERMINISTIC_FAILURE,LIFT,32087,1,Bolmen 2,Ralångsvägen 5,Årsta,NO,https://etjanster.stockholm.se/Byggochplantjansten/arende/arende/1317408?dataSource=Active
2025-17073,1307911,2025-11-04,2026-06-18,Anmaning att låta åtgärda hiss samt utföra förnyad besiktning,2026-04-09,"Intyg återkommande besiktning, ej godkänt, S789218",Skrivelse In,ej godkänt,DETERMINISTIC_FAILURE,LIFT,S789218,1,Tranbodarne 13,Katarinavägen 19,Södermalm,YES,https://etjanster.stockholm.se/Byggochplantjansten/arende/arende/1307911?dataSource=Active
2026-01878,1313180,2026-02-04,2026-08-25,Anmaning att låta åtgärda hiss samt utföra förnyad besiktning,2026-04-09,"Intyg återkommande besiktning, ej godkänt, D1540158",Skrivelse In,ej godkänt,DETERMINISTIC_FAILURE,LIFT,D1540158,1,Hållkarlen 1,Timmermansgatan 46,Södermalm,YES,https://etjanster.stockholm.se/Byggochplantjansten/arende/arende/1313180?dataSource=Active
2026-04565,1315894,2026-03-12,,Anmaning att låta åtgärda hissar samt utföra förnyad besiktning,2026-04-09,"Intyg återkommande besiktning, ej godkänt, D1539918",Skrivelse In,ej godkänt,DETERMINISTIC_FAILURE,LIFT,D1539918,1,Bygeln 4,Rågsveds Skolgränd 8,Rågsved,NO,https://etjanster.stockholm.se/Byggochplantjansten/arende/arende/1315894?dataSource=Active
2026-06408,1317746,2026-04-09,,"Anmaning att låta åtgärda hiss samt utföra förnyad besiktning, Herrängens skola",2026-04-09,"Intyg återkommande besiktning, ej godkänt, D1540096",Skrivelse In,ej godkänt,DETERMINISTIC_FAILURE,LIFT,D1540096,1,Kungörelsen 9,Konvaljestigen 15,Herrängen,NO,https://etjanster.stockholm.se/Byggochplantjansten/arende/arende/1317746?dataSource=Active
2026-06409,1317747,2026-04-09,,Anmaning att låta åtgärda hissar samt utföra förnyad besiktning,2026-04-09,"Intyg återkommande besiktning, ej godkänt, 2 st, L2972403, L2972350",Skrivelse In,ej godkänt,DETERMINISTIC_FAILURE,LIFT,L2972403 L2972350,2,Jericho 36,"Jakobsbergsgatan 16, Norrlandsgatan 21",Norrmalm,NO,https://etjanster.stockholm.se/Byggochplantjansten/arende/arende/1317747?dataSource=Active
2026-06410,1317748,2026-04-09,,Anmaning att låta åtgärda hiss samt utföra förnyad besiktning,2026-04-09,"Intyg återkommande besiktning, ej godkänt, L2992285",Skrivelse In,ej godkänt,DETERMINISTIC_FAILURE,LIFT,L2992285,1,Dagakarlen 32,Åsögatan 137,Södermalm,NO,https://etjanster.stockholm.se/Byggochplantjansten/arende/arende/1317748?dataSource=Active
2026-06411,1317749,2026-04-09,,Anmaning att låta åtgärda hiss samt utföra förnyad besiktning,2026-04-09,"Intyg återkommande besiktning, ej godkänt, L2811167",Skrivelse In,ej godkänt,DETERMINISTIC_FAILURE,LIFT,L2811167,1,Urvädersklippan Större 21,Urvädersgränd 6B,Södermalm,NO,https://etjanster.stockholm.se/Byggochplantjansten/arende/arende/1317749?dataSource=Active
2026-06412,1317750,2026-04-09,,Anmaning att låta åtgärda hiss samt utföra förnyad besiktning,2026-04-09,"Intyg återkommande besiktning, ej godkänt, D1320659",Skrivelse In,ej godkänt,DETERMINISTIC_FAILURE,LIFT,D1320659,1,Blästern 14,Gävlegatan 18A,Vasastaden,NO,https://etjanster.stockholm.se/Byggochplantjansten/arende/arende/1317750?dataSource=Active
2026-06413,1317751,2026-04-09,,Anmaning att låta åtgärda hiss samt utföra förnyad besiktning,2026-04-09,"Intyg återkommande besiktning, ej godkänt, D1718552",Skrivelse In,ej godkänt,DETERMINISTIC_FAILURE,LIFT,D1718552,1,Nikolaus 8,Kärvbacken 7,Sundby,NO,https://etjanster.stockholm.se/Byggochplantjansten/arende/arende/1317751?dataSource=Active
2026-06414,1317752,2026-04-09,,Anmaning att låta åtgärda hiss samt utföra förnyad besiktning,2026-04-09,"Intyg återkommande besiktning, ej godkänt, L2809652",Skrivelse In,ej godkänt,DETERMINISTIC_FAILURE,LIFT,L2809652,1,Hinken 5,Nybohovsbacken 81,Liljeholmen,NO,https://etjanster.stockholm.se/Byggochplantjansten/arende/arende/1317752?dataSource=Active
2026-06415,1317753,2026-04-09,2026-04-10,Anmaning att låta åtgärda hiss samt utföra förnyad besiktning,2026-04-09,"Intyg återkommande besiktning, ej godkänt, L7902916",Skrivelse In,ej godkänt,DETERMINISTIC_FAILURE,LIFT,L7902916,1,Silverskopan 3,Torsgränd 7,Vasastaden,YES,https://etjanster.stockholm.se/Byggochplantjansten/arende/arende/1317753?dataSource=Active
2026-06416,1317754,2026-04-09,,Anmaning att låta åtgärda port samt utföra förnyad besiktning,2026-04-09,"Intyg återkommande besiktning, ej godkänt, D1724621",Skrivelse In,ej godkänt,DETERMINISTIC_FAILURE,POWERED_GATE_OR_DOOR,D1724621,1,Silverskopan 3,Torsgränd 9,Vasastaden,NO,https://etjanster.stockholm.se/Byggochplantjansten/arende/arende/1317754?dataSource=Active
2026-06418,1317756,2026-04-09,2026-05-07,Anmaning att låta åtgärda hiss samt utföra förnyad besiktning,2026-04-09,"Intyg återkommande besiktning, ej godkänt, L2906074",Skrivelse In,ej godkänt,DETERMINISTIC_FAILURE,LIFT,L2906074,1,Herden 5,Fleminggatan 107,Kungsholmen,YES,https://etjanster.stockholm.se/Byggochplantjansten/arende/arende/1317756?dataSource=Active
2026-06431,1317769,2026-04-09,,Anmaning att låta åtgärda hiss samt utföra förnyad besiktning,2026-04-09,"Intyg återkommande besiktning, ej godkänt, D1323964",Skrivelse In,ej godkänt,DETERMINISTIC_FAILURE,LIFT,D1323964,1,Vasastaden 1:16,Solnavägen 1E,Vasastaden,NO,https://etjanster.stockholm.se/Byggochplantjansten/arende/arende/1317769?dataSource=Active
2026-06435,1317773,2026-04-01,,Anmaning att låta åtgärda hissar samt utföra förnyad besiktning,2026-04-09,"Intyg återkommande besiktning, ej godkänt, 46282",Skrivelse In,ej godkänt,DETERMINISTIC_FAILURE,LIFT,46282,1,Isbrytaren 20,Kungsholms Strand 179,Kungsholmen,NO,https://etjanster.stockholm.se/Byggochplantjansten/arende/arende/1317773?dataSource=Active
2026-06439,1317777,2026-04-01,2026-04-09,Anmaning att låta åtgärda hissar samt utföra förnyad besiktning,2026-04-09,"Intyg återkommande besiktning, ej godkänt, L0073114 (besiktningsdatum 2026-03-27)",Skrivelse In,ej godkänt,DETERMINISTIC_FAILURE,LIFT,L0073114,1,Knarrarnäs 3,Färögatan 5,Kista,NO,https://etjanster.stockholm.se/Byggochplantjansten/arende/arende/1317777?dataSource=Active
2026-06443,1317781,2026-04-07,,Anmaning att låta åtgärda hissar samt utföra förnyad besiktning,2026-04-09,"Intyg återkommande besiktning, ej godkänt, 25266",Skrivelse In,ej godkänt,DETERMINISTIC_FAILURE,LIFT,25266,1,Rensnålen 1,Strålgatan 2,Lilla Essingen,NO,https://etjanster.stockholm.se/Byggochplantjansten/arende/arende/1317781?dataSource=Active
2026-06445,1317783,2026-04-07,,Anmaning att låta åtgärda hissar samt utföra förnyad besiktning,2026-04-09,"Intyg återkommande besiktning, ej godkänt, 40161, 40162",Skrivelse In,ej godkänt,DETERMINISTIC_FAILURE,LIFT,40161 40162,2,Riddaren 23,"Riddargatan 3A, Riddargatan 3B",Östermalm,NO,https://etjanster.stockholm.se/Byggochplantjansten/arende/arende/1317783?dataSource=Active
2026-06446,1317784,2026-04-07,,Anmaning att låta åtgärda hissar samt utföra förnyad besiktning,2026-04-09,"Intyg återkommande besiktning, ej godkänt, 56426",Skrivelse In,ej godkänt,DETERMINISTIC_FAILURE,LIFT,56426,1,Munklägret 15,Norr Mälarstrand 18,Kungsholmen,NO,https://etjanster.stockholm.se/Byggochplantjansten/arende/arende/1317784?dataSource=Active
2026-06447,1317785,2026-04-07,,Anmaning att låta åtgärda hissar samt utföra förnyad besiktning,2026-04-09,"Intyg återkommande besiktning, ej godkänt, 57440",Skrivelse In,ej godkänt,DETERMINISTIC_FAILURE,LIFT,57440,1,Sonfjället 3,Husarvikstorget 16,Hjorthagen,NO,https://etjanster.stockholm.se/Byggochplantjansten/arende/arende/1317785?dataSource=Active
2026-06460,1317798,2026-04-09,2026-05-04,Anmaning att låta åtgärda hiss samt utföra förnyad besiktning,2026-04-09,"Intyg återkommande besiktning, ej godkänt, L4058814",Skrivelse In,ej godkänt,DETERMINISTIC_FAILURE,LIFT,L4058814,1,Byggmästaren 2,Arkadvägen 7,Johanneshov,YES,https://etjanster.stockholm.se/Byggochplantjansten/arende/arende/1317798?dataSource=Active
2026-06461,1317799,2026-04-09,2026-05-12,Anmaning att låta åtgärda hiss samt utföra förnyad besiktning,2026-04-09,"Intyg återkommande besiktning, ej godkänt, S521326",Skrivelse In,ej godkänt,DETERMINISTIC_FAILURE,LIFT,S521326,1,Västända 1,Johanneshovsvägen 116,Årsta,YES,https://etjanster.stockholm.se/Byggochplantjansten/arende/arende/1317799?dataSource=Active
2026-06462,1317800,2026-04-09,,Anmaning att låta åtgärda fordonslyft samt utföra förnyad besiktning,2026-04-09,"Intyg återkommande besiktning, ej godkänt, S1015517",Skrivelse In,ej godkänt,DETERMINISTIC_FAILURE,UNKNOWN,S1015517,1,Kulsprutan 1,Drottningholmsvägen 19,Kungsholmen,NO,https://etjanster.stockholm.se/Byggochplantjansten/arende/arende/1317800?dataSource=Active
2026-06463,1317801,2026-04-09,,Anmaning att låta åtgärda hiss samt utföra förnyad besiktning,2026-04-09,"Intyg återkommande besiktning, ej godkänt, L3685047",Skrivelse In,ej godkänt,DETERMINISTIC_FAILURE,LIFT,L3685047,1,Bondesonen 21,Bondegatan 50,Södermalm,NO,https://etjanster.stockholm.se/Byggochplantjansten/arende/arende/1317801?dataSource=Active
2026-06464,1317802,2026-04-09,,Anmaning att låta åtgärda hiss samt utföra förnyad besiktning,2026-04-09,"Intyg återkommande besiktning, ej godkänt, L3261419",Skrivelse In,ej godkänt,DETERMINISTIC_FAILURE,LIFT,L3261419,1,Duvan 6,Klara Södra Kyrkogata 1,Norrmalm,NO,https://etjanster.stockholm.se/Byggochplantjansten/arende/arende/1317802?dataSource=Active
2026-06465,1317803,2026-04-09,,Anmaning att låta åtgärda hiss samt utföra förnyad besiktning,2026-04-09,"Intyg återkommande besiktning, ej godkänt, S275349",Skrivelse In,ej godkänt,DETERMINISTIC_FAILURE,LIFT,S275349,1,Eden 1,Pär Lagerkvists Gata 8,Stadshagen,NO,https://etjanster.stockholm.se/Byggochplantjansten/arende/arende/1317803?dataSource=Active
2026-06467,1317805,2026-04-09,,Anmaning att låta åtgärda hiss samt utföra förnyad besiktning,2026-04-09,"Intyg återkommande besiktning, ej godkänt, S231277",Skrivelse In,ej godkänt,DETERMINISTIC_FAILURE,LIFT,S231277,1,Köksfläkten 5,Luxgatan 25,Lilla Essingen,NO,https://etjanster.stockholm.se/Byggochplantjansten/arende/arende/1317805?dataSource=Active
2026-06468,1317806,2026-04-09,2026-04-23,Anmaning att låta åtgärda hiss samt utföra förnyad besiktning,2026-04-09,"Intyg återkommande besiktning, ej godkänt, L0106021",Skrivelse In,ej godkänt,DETERMINISTIC_FAILURE,LIFT,L0106021,1,Huggjärnet 18,Heleneborgsgatan 50,Södermalm,YES,https://etjanster.stockholm.se/Byggochplantjansten/arende/arende/1317806?dataSource=Active
2026-06471,1317809,2026-04-09,,Anmaning att låta åtgärda hiss samt utföra förnyad besiktning,2026-04-09,"Intyg återkommande besiktning, ej godkänt, S637586",Skrivelse In,ej godkänt,DETERMINISTIC_FAILURE,LIFT,S637586,1,Kolding 2,Kronborgsgränd 10,Kista,NO,https://etjanster.stockholm.se/Byggochplantjansten/arende/arende/1317809?dataSource=Active
2026-06472,1317810,2026-04-09,,Anmaning att låta åtgärda hiss samt utföra förnyad besiktning,2026-04-09,"Intyg återkommande besiktning, ej godkänt, L3491602",Skrivelse In,ej godkänt,DETERMINISTIC_FAILURE,LIFT,L3491602,1,Kometen 6,Upplandsgatan 33,Vasastaden,NO,https://etjanster.stockholm.se/Byggochplantjansten/arende/arende/1317810?dataSource=Active
2026-06474,1317812,2026-04-09,,Anmaning att låta åtgärda hiss samt utföra förnyad besiktning,2026-04-09,"Intyg återkommande besiktning, ej godkänt, L0775189",Skrivelse In,ej godkänt,DETERMINISTIC_FAILURE,LIFT,L0775189,1,Lagern 15,Olof Palmes Gata 23,Norrmalm,NO,https://etjanster.stockholm.se/Byggochplantjansten/arende/arende/1317812?dataSource=Active
2026-06476,1317814,2026-04-09,2026-04-16,Anmaning att låta åtgärda hiss samt utföra förnyad besiktning,2026-04-09,"Intyg återkommande besiktning, ej godkänt, L3475035",Skrivelse In,ej godkänt,DETERMINISTIC_FAILURE,LIFT,L3475035,1,Mallen 8,Tjustgatan 9,Södermalm,YES,https://etjanster.stockholm.se/Byggochplantjansten/arende/arende/1317814?dataSource=Active
2026-06479,1317817,2026-04-09,,Anmaning att låta åtgärda hiss samt utföra förnyad besiktning,2026-04-09,"Intyg återkommande besiktning, ej godkänt, S502353",Skrivelse In,ej godkänt,DETERMINISTIC_FAILURE,LIFT,S502353,1,Hingsten 12,Klintbacken 90,Mariehäll,NO,https://etjanster.stockholm.se/Byggochplantjansten/arende/arende/1317817?dataSource=Active
2026-06481,1317819,2026-04-09,,Anmaning att låta åtgärda hiss samt utföra förnyad besiktning,2026-04-09,"Intyg återkommande besiktning, ej godkänt, L1641661",Skrivelse In,ej godkänt,DETERMINISTIC_FAILURE,LIFT,L1641661,1,Melonen 1,Gaveliusgatan 10,Södermalm,NO,https://etjanster.stockholm.se/Byggochplantjansten/arende/arende/1317819?dataSource=Active
2026-06482,1317820,2026-04-09,2026-09-23,Anmaning att låta åtgärda fordonslyft samt utföra förnyad besiktning,2026-04-09,"Intyg återkommande besiktning, ej godkänt, S288374",Skrivelse In,ej godkänt,DETERMINISTIC_FAILURE,UNKNOWN,S288374,1,Murmästare-ämbetet 1,Murmästarvägen 21,Bredäng,YES,https://etjanster.stockholm.se/Byggochplantjansten/arende/arende/1317820?dataSource=Active
2026-06483,1317821,2026-04-09,,Anmaning att låta åtgärda hiss samt utföra förnyad besiktning,2026-04-09,"Intyg återkommande besiktning, ej godkänt, L3733532",Skrivelse In,ej godkänt,DETERMINISTIC_FAILURE,LIFT,L3733532,1,Nebulosan 14,Odengatan 85,Vasastaden,YES,https://etjanster.stockholm.se/Byggochplantjansten/arende/arende/1317821?dataSource=Active
2026-06484,1317822,2026-04-09,2026-09-22,Anmaning att låta åtgärda hiss samt utföra förnyad besiktning,2026-04-09,"Intyg återkommande besiktning, ej godkänt, S894794",Skrivelse In,ej godkänt,DETERMINISTIC_FAILURE,LIFT,S894794,1,Baltic 24,Annedalsvägen 39,Mariehäll,YES,https://etjanster.stockholm.se/Byggochplantjansten/arende/arende/1317822?dataSource=Active
2026-06485,1317823,2026-04-09,,Anmaning att låta åtgärda hiss samt utföra förnyad besiktning,2026-04-09,"Intyg återkommande besiktning, ej godkänt, S763191",Skrivelse In,ej godkänt,DETERMINISTIC_FAILURE,LIFT,S763191,1,Guldfisken 18,Nybrogatan 57A,Östermalm,NO,https://etjanster.stockholm.se/Byggochplantjansten/arende/arende/1317823?dataSource=Active
2026-06486,1317824,2026-04-09,2026-06-26,Anmaning att låta åtgärda hiss samt utföra förnyad besiktning,2026-04-09,"Intyg återkommande besiktning, ej godkänt, L4072633",Skrivelse In,ej godkänt,DETERMINISTIC_FAILURE,LIFT,L4072633,1,Assuransen 1,Bokbindarvägen 76,Hägerstensåsen,YES,https://etjanster.stockholm.se/Byggochplantjansten/arende/arende/1317824?dataSource=Active
2026-06487,1317825,2026-04-09,,Anmaning att låta åtgärda hiss samt utföra förnyad besiktning,2026-04-09,"Intyg återkommande besiktning, ej godkänt, L4042370",Skrivelse In,ej godkänt,DETERMINISTIC_FAILURE,LIFT,L4042370,1,Pålen 8,Krukmakargatan 44,Södermalm,NO,https://etjanster.stockholm.se/Byggochplantjansten/arende/arende/1317825?dataSource=Active
2026-06489,1317827,2026-04-09,,Anmaning att låta åtgärda hiss samt utföra förnyad besiktning,2026-04-09,"Intyg återkommande besiktning, ej godkänt, L1104793",Skrivelse In,ej godkänt,DETERMINISTIC_FAILURE,LIFT,L1104793,1,Måns Bock 6,Nybrokajen 7,Norrmalm,NO,https://etjanster.stockholm.se/Byggochplantjansten/arende/arende/1317827?dataSource=Active
2026-06490,1317828,2026-04-09,2026-09-22,Anmaning att låta åtgärda hiss samt utföra förnyad besiktning,2026-04-09,"Intyg återkommande besiktning, ej godkänt, L3730512",Skrivelse In,ej godkänt,DETERMINISTIC_FAILURE,LIFT,L3730512,1,Staren 7,Roslagsgatan 58,Vasastaden,YES,https://etjanster.stockholm.se/Byggochplantjansten/arende/arende/1317828?dataSource=Active
2026-06491,1317829,2026-04-09,,Anmaning att låta åtgärda hiss samt utföra förnyad besiktning,2026-04-09,"Intyg återkommande besiktning, ej godkänt, L3131984",Skrivelse In,ej godkänt,DETERMINISTIC_FAILURE,LIFT,L3131984,1,Höstacken 3,Olshammarsgatan 54,Hagsätra,NO,https://etjanster.stockholm.se/Byggochplantjansten/arende/arende/1317829?dataSource=Active
2026-06493,1317831,2026-04-09,2026-08-27,Anmaning att låta åtgärda hiss samt utföra förnyad besiktning,2026-04-09,"Intyg återkommande besiktning, ej godkänt, L4049599",Skrivelse In,ej godkänt,DETERMINISTIC_FAILURE,LIFT,L4049599,1,Lindkronan 1,Vita Liljans Väg 66,Bredäng,YES,https://etjanster.stockholm.se/Byggochplantjansten/arende/arende/1317831?dataSource=Active
2026-06494,1317832,2026-04-09,,Anmaning att låta åtgärda hiss samt utföra förnyad besiktning,2026-04-09,"Intyg återkommande besiktning, ej godkänt, S477245",Skrivelse In,ej godkänt,DETERMINISTIC_FAILURE,LIFT,S477245,1,Tritonia 4,Stora Nygatan 20,Gamla Stan,NO,https://etjanster.stockholm.se/Byggochplantjansten/arende/arende/1317832?dataSource=Active
2026-06540,1317878,2026-04-10,2026-04-15,Anmaning att låta åtgärda hissar samt utföra förnyad besiktning,2026-04-10,"Intyg återkommande besiktning, ej godkänt, 4 st, L3714045, L3714052, L3714060, L3714078",Skrivelse In,ej godkänt,DETERMINISTIC_FAILURE,LIFT,L3714045 L3714052 L3714060 L3714078,4,Bananen 3,Hantverkargatan 12,Kungsholmen,YES,https://etjanster.stockholm.se/Byggochplantjansten/arende/arende/1317878?dataSource=Active
2026-06541,1317879,2026-04-10,,Anmaning att låta åtgärda hissar samt utföra förnyad besiktning,2026-04-10,"Intyg återkommande besiktning, ej godkänt, 2 st, L1002062, L3495009",Skrivelse In,ej godkänt,DETERMINISTIC_FAILURE,LIFT,L1002062 L3495009,2,Bergslagen 3,"Kammakargatan 66, Västmannagatan 10",Norrmalm,NO,https://etjanster.stockholm.se/Byggochplantjansten/arende/arende/1317879?dataSource=Active
2026-06542,1317880,2026-04-10,,Anmaning att låta åtgärda hissar samt utföra förnyad besiktning,2026-04-10,"Intyg återkommande besiktning, ej godkänt, 4 st, L0075721, L0075739, L0100305, L3666039",Skrivelse In,ej godkänt,DETERMINISTIC_FAILURE,LIFT,L0075721 L0075739 L0100305 L3666039,4,Lagern 14,"Kungsgatan 64, Kungsgatan 66",Norrmalm,NO,https://etjanster.stockholm.se/Byggochplantjansten/arende/arende/1317880?dataSource=Active
2026-06544,1317882,2026-04-10,,Anmaning att låta åtgärda hissar samt utföra förnyad besiktning,2026-04-10,"Intyg återkommande besiktning, ej godkänt, 2 st, L3709961, L3709987",Skrivelse In,ej godkänt,DETERMINISTIC_FAILURE,LIFT,L3709961 L3709987,2,Signalpatrullen 13,"Wennerbergsgatan 6A, Wennerbergsgatan 6B",Marieberg,NO,https://etjanster.stockholm.se/Byggochplantjansten/arende/arende/1317882?dataSource=Active
2026-06546,1317884,2026-04-10,,Anmaning att låta åtgärda hissar samt utföra förnyad besiktning,2026-04-10,"Intyg återkommande besiktning, ej godkänt, 4 st, S409300, S409307, S413460, S414968",Skrivelse In,ej godkänt,DETERMINISTIC_FAILURE,LIFT,S409300 S409307 S413460 S414968,4,Grishuvudet 2,"Arenaslingan 14, Arenaslingan 18, Arenaslingan 6, Arenaslingan 8",Johanneshov,NO,https://etjanster.stockholm.se/Byggochplantjansten/arende/arende/1317884?dataSource=Active
2026-06548,1317886,2026-04-10,,Anmaning att låta åtgärda hissar samt utföra förnyad besiktning,2026-04-10,"Intyg återkommande besiktning, ej godkänt, 4 st, S258341, S384118, S384119, S1016451",Skrivelse In,ej godkänt,DETERMINISTIC_FAILURE,LIFT,S258341 S384118 S384119 S1016451,4,Tre Vapen 4,"Banérgatan 62, Värtavägen 42",Ladugårdsgärdet,NO,https://etjanster.stockholm.se/Byggochplantjansten/arende/arende/1317886?dataSource=Active
2026-06566,1317904,2026-04-09,,Anmaning att låta åtgärda port samt utföra förnyad besiktning,2026-04-10,"Intyg återkommande besiktning, ej godkänt, D1386355",Skrivelse In,ej godkänt,DETERMINISTIC_FAILURE,POWERED_GATE_OR_DOOR,D1386355,1,Direktrisen 2,Fruängstorget 1,Fruängen,NO,https://etjanster.stockholm.se/Byggochplantjansten/arende/arende/1317904?dataSource=Active
2026-06569,1317907,2026-04-10,,Anmaning att låta åtgärda hissar samt utföra förnyad besiktning,2026-04-10,"Intyg återkommande besiktning, ej godkänt, 41870",Skrivelse In,ej godkänt,DETERMINISTIC_FAILURE,LIFT,41870,1,Kamelian 17,Karlbergsvägen 31,Vasastaden,NO,https://etjanster.stockholm.se/Byggochplantjansten/arende/arende/1317907?dataSource=Active
2026-06570,1317908,2026-04-10,,Anmaning att låta åtgärda hissar samt utföra förnyad besiktning,2026-04-10,"Intyg återkommande besiktning, ej godkänt, 43785",Skrivelse In,ej godkänt,DETERMINISTIC_FAILURE,LIFT,43785,1,Kamelian 17,Sigtunagatan 19,Vasastaden,NO,https://etjanster.stockholm.se/Byggochplantjansten/arende/arende/1317908?dataSource=Active
2026-05728,1317065,2026-03-30,,Anmaning att låta åtgärda hiss samt utföra förnyad besiktning,2026-04-13,"Intyg återkommande besiktning, ej godkänt, L7037665",Skrivelse In,ej godkänt,DETERMINISTIC_FAILURE,LIFT,L7037665,1,Landbyska Verket 10,Birger Jarlsgatan 22,Östermalm,NO,https://etjanster.stockholm.se/Byggochplantjansten/arende/arende/1317065?dataSource=Active
2026-06672,1318010,2026-04-13,,Anmaning att låta åtgärda hiss samt utföra förnyad besiktning,2026-04-13,"Intyg återkommande besiktning, ej godkänt, D1328299",Skrivelse In,ej godkänt,DETERMINISTIC_FAILURE,LIFT,D1328299,1,Grannarne 6,Skeppargatan 45,Östermalm,NO,https://etjanster.stockholm.se/Byggochplantjansten/arende/arende/1318010?dataSource=Active
2026-06673,1318011,2026-04-13,,Anmaning att låta åtgärda hiss samt utföra förnyad besiktning,2026-04-13,"Intyg återkommande besiktning, ej godkänt, L7644357",Skrivelse In,ej godkänt,DETERMINISTIC_FAILURE,LIFT,L7644357,1,Sillö 7,Fryksdalsbacken 5,Larsboda,NO,https://etjanster.stockholm.se/Byggochplantjansten/arende/arende/1318011?dataSource=Active
2026-06675,1318013,2026-04-13,,Anmaning att låta åtgärda hiss samt utföra förnyad besiktning,2026-04-13,"Intyg återkommande besiktning, ej godkänt, L2874886",Skrivelse In,ej godkänt,DETERMINISTIC_FAILURE,LIFT,L2874886,1,Tonbadet 2,Edestavägen 24,Högdalen,NO,https://etjanster.stockholm.se/Byggochplantjansten/arende/arende/1318013?dataSource=Active
2026-06681,1318019,2026-04-13,,Anmaning att låta åtgärda hiss samt utföra förnyad besiktning,2026-04-13,"Intyg återkommande besiktning, ej godkänt, 35910",Skrivelse In,ej godkänt,DETERMINISTIC_FAILURE,LIFT,35910,1,Åkervickern 3,Carl Bondes Väg 6,Hässelby Villastad,NO,https://etjanster.stockholm.se/Byggochplantjansten/arende/arende/1318019?dataSource=Active
2026-06682,1318020,2026-04-13,,Anmaning att låta åtgärda hiss samt utföra förnyad besiktning,2026-04-13,"Intyg återkommande besiktning, ej godkänt, 77665",Skrivelse In,ej godkänt,DETERMINISTIC_FAILURE,LIFT,77665,1,Västergök 2,Sankt Eriksgatan 10,Kungsholmen,NO,https://etjanster.stockholm.se/Byggochplantjansten/arende/arende/1318020?dataSource=Active
2026-06683,1318021,2026-04-13,,Anmaning att låta åtgärda hiss samt utföra förnyad besiktning,2026-04-13,"Intyg återkommande besiktning, ej godkänt, 54716",Skrivelse In,ej godkänt,DETERMINISTIC_FAILURE,LIFT,54716,1,Flaggan 4,Erstagatan 14,Södermalm,NO,https://etjanster.stockholm.se/Byggochplantjansten/arende/arende/1318021?dataSource=Active
2026-06684,1318022,2026-04-13,,Anmaning att låta åtgärda hiss samt utföra förnyad besiktning,2026-04-13,"Intyg återkommande besiktning, ej godkänt, 73380",Skrivelse In,ej godkänt,DETERMINISTIC_FAILURE,LIFT,73380,1,Pettersbergsgården 34,Pettersbergsvägen 72A,Mälarhöjden,NO,https://etjanster.stockholm.se/Byggochplantjansten/arende/arende/1318022?dataSource=Active
2026-06685,1318023,2026-04-13,,Anmaning att låta åtgärda hissar samt utföra förnyad besiktning,2026-04-13,"Intyg återkommande besiktning, ej godkänt, 2 st, 69873, 70026",Skrivelse In,ej godkänt,DETERMINISTIC_FAILURE,LIFT,69873 70026,2,Geten 31,"Döbelnsgatan 60, Tulegatan 49",Vasastaden,NO,https://etjanster.stockholm.se/Byggochplantjansten/arende/arende/1318023?dataSource=Active
2026-06687,1318025,2026-04-13,,Anmaning att låta åtgärda hissar samt utföra förnyad besiktning,2026-04-13,"Intyg återkommande besiktning, ej godkänt, 3 st, 50878, 50879, 50880",Skrivelse In,ej godkänt,DETERMINISTIC_FAILURE,LIFT,50878 50879 50880,3,Galjonsbilden 29,"Matrosbacken 1, Matrosbacken 3, Matrosbacken 5",Gröndal,NO,https://etjanster.stockholm.se/Byggochplantjansten/arende/arende/1318025?dataSource=Active
2026-06809,1318147,2026-04-14,,Anmaning att låta åtgärda hiss samt utföra förnyad besiktning,2026-04-14,"Intyg återkommande besiktning, ej godkänt, D1720762",Skrivelse In,ej godkänt,DETERMINISTIC_FAILURE,LIFT,D1720762,1,Fäboden 1,Bjursätragatan 19B,Rågsved,NO,https://etjanster.stockholm.se/Byggochplantjansten/arende/arende/1318147?dataSource=Active
2025-19428,1310266,2025-12-11,2026-08-14,Anmaning att låta åtgärda hiss samt utföra förnyad besiktning,2026-04-15,"Intyg återkommande besiktning, ej godkänt, 73191",Skrivelse In,ej godkänt,DETERMINISTIC_FAILURE,LIFT,73191,1,Tendern 11,Atlasmuren 12,Vasastaden,YES,https://etjanster.stockholm.se/Byggochplantjansten/arende/arende/1310266?dataSource=Active
2026-06821,1318159,2026-04-15,2026-04-28,Anmaning att låta åtgärda hiss samt utföra förnyad besiktning,2026-04-15,"Intyg återkommande besiktning, ej godkänt, 60837",Skrivelse In,ej godkänt,DETERMINISTIC_FAILURE,LIFT,60837,1,Eken 13,Villagatan 9,Östermalm,YES,https://etjanster.stockholm.se/Byggochplantjansten/arende/arende/1318159?dataSource=Active
2026-06824,1318162,2026-04-15,,Anmaning att låta åtgärda hiss samt utföra förnyad besiktning,2026-04-15,"Intyg återkommande besiktning, ej godkänt, 50882",Skrivelse In,ej godkänt,DETERMINISTIC_FAILURE,LIFT,50882,1,Blocket 31,Matrosbacken 8,Gröndal,NO,https://etjanster.stockholm.se/Byggochplantjansten/arende/arende/1318162?dataSource=Active
2026-06839,1318177,2026-04-15,,Anmaning att låta åtgärda hiss samt utföra förnyad besiktning,2026-04-15,"Intyg återkommande besiktning, ej godkänt, L2657398",Skrivelse In,ej godkänt,DETERMINISTIC_FAILURE,LIFT,L2657398,1,Norrtälje 5,Iversonsgatan 6,Östermalm,NO,https://etjanster.stockholm.se/Byggochplantjansten/arende/arende/1318177?dataSource=Active
2026-06841,1318179,2026-04-15,,Anmaning att låta åtgärda hiss samt utföra förnyad besiktning (Alvik T-bana),2026-04-15,"Intyg återkommande besiktning, ej godkänt, D1381552",Skrivelse In,ej godkänt,DETERMINISTIC_FAILURE,LIFT,D1381552,1,Traneberg 1:13,"Information saknas för ""Adress""",Traneberg,NO,https://etjanster.stockholm.se/Byggochplantjansten/arende/arende/1318179?dataSource=Active
2026-06842,1318180,2026-04-15,,Anmaning att låta åtgärda hiss samt utföra förnyad besiktning,2026-04-15,"Intyg återkommande besiktning, ej godkänt, L2611623",Skrivelse In,ej godkänt,DETERMINISTIC_FAILURE,LIFT,L2611623,1,Överkikaren 31,Pustegränd 3,Södermalm,NO,https://etjanster.stockholm.se/Byggochplantjansten/arende/arende/1318180?dataSource=Active
2026-06863,1318201,2026-04-15,,Anmaning att låta åtgärda hissar samt utföra förnyad besiktning,2026-04-15,"Intyg återkommande besiktning, ej godkänt, 28695",Skrivelse In,ej godkänt,DETERMINISTIC_FAILURE,LIFT,28695,1,Förrådet 6,Skattegårdsvägen 130,Vinsta,NO,https://etjanster.stockholm.se/Byggochplantjansten/arende/arende/1318201?dataSource=Active
2026-06864,1318202,2026-04-15,,Anmaning att låta åtgärda hissar samt utföra förnyad besiktning,2026-04-15,"Intyg återkommande besiktning, ej godkänt, 50865",Skrivelse In,ej godkänt,DETERMINISTIC_FAILURE,LIFT,50865,1,Mjärden 2,Mjärdgränd 3,Södermalm,NO,https://etjanster.stockholm.se/Byggochplantjansten/arende/arende/1318202?dataSource=Active
2026-06866,1318204,2026-04-15,,Anmaning att låta åtgärda hissar samt utföra förnyad besiktning,2026-04-15,"Intyg återkommande besiktning, ej godkänt, L8405416",Skrivelse In,ej godkänt,DETERMINISTIC_FAILURE,LIFT,L8405416,1,Åkeshov 1:1,"Information saknas för ""Adress""",Åkeshov,NO,https://etjanster.stockholm.se/Byggochplantjansten/arende/arende/1318204?dataSource=Active
2026-06868,1318206,2026-04-15,,Anmaning att låta åtgärda hissar samt utföra förnyad besiktning,2026-04-15,"Intyg återkommande besiktning, ej godkänt, D1599988",Skrivelse In,ej godkänt,DETERMINISTIC_FAILURE,LIFT,D1599988,1,Grinden 16,Sankt Eriksgatan 32,Kungsholmen,NO,https://etjanster.stockholm.se/Byggochplantjansten/arende/arende/1318206?dataSource=Active
2026-06960,1318302,2026-04-16,,Anmaning att låta åtgärda hiss samt utföra förnyad besiktning,2026-04-16,"Intyg återkommande besiktning, ej godkänt, D1600334",Skrivelse In,ej godkänt,DETERMINISTIC_FAILURE,LIFT,D1600334,1,Ragnfrid 18,Rotemansbacken 3,Solhem,NO,https://etjanster.stockholm.se/Byggochplantjansten/arende/arende/1318302?dataSource=Active
2026-06962,1318304,2026-04-16,2026-05-19,Anmaning att låta åtgärda hiss samt utföra förnyad besiktning,2026-04-16,"Intyg återkommande besiktning, ej godkänt, 77300",Skrivelse In,ej godkänt,DETERMINISTIC_FAILURE,LIFT,77300,1,Horndal 1,Fagerstagatan 29,Lunda,YES,https://etjanster.stockholm.se/Byggochplantjansten/arende/arende/1318304?dataSource=Active
2026-06963,1318305,2026-04-16,,Anmaning att låta åtgärda hiss samt utföra förnyad besiktning,2026-04-16,"Intyg återkommande besiktning, ej godkänt, 69700",Skrivelse In,ej godkänt,DETERMINISTIC_FAILURE,LIFT,69700,1,Hagen 15,Sankt Paulsgatan 36,Södermalm,NO,https://etjanster.stockholm.se/Byggochplantjansten/arende/arende/1318305?dataSource=Active
2026-06964,1318306,2026-04-16,,Anmaning att låta åtgärda hissar samt utföra förnyad besiktning,2026-04-16,"Intyg återkommande besiktning, ej godkänt, 2 st, 50891, 50893",Skrivelse In,ej godkänt,DETERMINISTIC_FAILURE,LIFT,50891 50893,2,Bommen 9,"Sjöbjörnsvägen 70, Sjöbjörnsvägen 74",Gröndal,NO,https://etjanster.stockholm.se/Byggochplantjansten/arende/arende/1318306?dataSource=Active
2026-07039,1318381,2026-04-17,,Anmaning att låta åtgärda hiss samt utföra förnyad besiktning,2026-04-17,"Intyg återkommande besiktning, ej godkänt, L7035845",Skrivelse In,ej godkänt,DETERMINISTIC_FAILURE,LIFT,L7035845,1,Ludvigsberg 15,Söder Mälarstrand 49,Södermalm,NO,https://etjanster.stockholm.se/Byggochplantjansten/arende/arende/1318381?dataSource=Active
2026-07041,1318383,2026-04-17,,Anmaning att låta åtgärda hiss samt utföra förnyad besiktning,2026-04-17,"Intyg återkommande besiktning, ej godkänt, L2806039",Skrivelse In,ej godkänt,DETERMINISTIC_FAILURE,LIFT,L2806039,1,Morkullan 31,Birger Jarlsgatan 100,Östermalm,NO,https://etjanster.stockholm.se/Byggochplantjansten/arende/arende/1318383?dataSource=Active
2026-07043,1318385,2026-04-17,,Anmaning att låta åtgärda hiss samt utföra förnyad besiktning,2026-04-17,"Intyg återkommande besiktning, ej godkänt, D1715619",Skrivelse In,ej godkänt,DETERMINISTIC_FAILURE,LIFT,D1715619,1,Ensligheten 2,Förridargränd 4,Hässelby Gård,NO,https://etjanster.stockholm.se/Byggochplantjansten/arende/arende/1318385?dataSource=Active
2026-07046,1318388,2026-04-17,,Anmaning att låta åtgärda hissar samt utföra förnyad besiktning,2026-04-17,"Intyg återkommande besiktning, ej godkänt, 2 st, D1757970, L2761837",Skrivelse In,ej godkänt,DETERMINISTIC_FAILURE,LIFT,D1757970 L2761837,2,Djurgården 1:35,Allmänna Gränd 1,Djurgården,NO,https://etjanster.stockholm.se/Byggochplantjansten/arende/arende/1318388?dataSource=Active
2026-07055,1318397,2026-04-17,,Anmaning att låta åtgärda hiss samt utföra förnyad besiktning,2026-04-17,"Intyg återkommande besiktning, ej godkänt, 68030",Skrivelse In,ej godkänt,DETERMINISTIC_FAILURE,LIFT,68030,1,Domnarvet 16,Fagerstagatan 7,Lunda,NO,https://etjanster.stockholm.se/Byggochplantjansten/arende/arende/1318397?dataSource=Active
2026-07081,1318423,2026-04-17,,Anmaning att låta åtgärda hiss samt utföra förnyad besiktning,2026-04-17,"Intyg återkommande besiktning, ej godkänt, L7627036",Skrivelse In,ej godkänt,DETERMINISTIC_FAILURE,LIFT,L7627036,1,Vallonen 2,Drottninggatan 65,Norrmalm,NO,https://etjanster.stockholm.se/Byggochplantjansten/arende/arende/1318423?dataSource=Active
2026-07230,1318576,2026-04-17,,Anmaning att låta åtgärda hissar samt utföra förnyad besiktning,2026-04-21,"Intyg återkommande besiktning, ej godkänt, D1626205",Skrivelse In,ej godkänt,DETERMINISTIC_FAILURE,LIFT,D1626205,1,Getholmen 1,Ekholmsvägen 36,Skärholmen,NO,https://etjanster.stockholm.se/Byggochplantjansten/arende/arende/1318576?dataSource=Active
2026-07249,1318595,2026-04-21,,Anmaning att låta åtgärda port samt utföra förnyad besiktning,2026-04-21,"Intyg återkommande besiktning, ej godkänt, D1543260",Skrivelse In,ej godkänt,DETERMINISTIC_FAILURE,POWERED_GATE_OR_DOOR,D1543260,1,Skutkrossen 13,Krossgatan 37,Vinsta,NO,https://etjanster.stockholm.se/Byggochplantjansten/arende/arende/1318595?dataSource=Active
2026-07251,1318597,2026-04-21,,Anmaning att låta åtgärda hiss samt utföra förnyad besiktning (Adolf Fredriks musikklasser),2026-04-21,"Intyg återkommande besiktning, ej godkänt, D1539926",Skrivelse In,ej godkänt,DETERMINISTIC_FAILURE,LIFT,D1539926,1,Blosset 2,Västmannagatan 19,Vasastaden,NO,https://etjanster.stockholm.se/Byggochplantjansten/arende/arende/1318597?dataSource=Active
2026-07254,1318600,2026-04-21,,Anmaning att låta åtgärda hiss samt utföra förnyad besiktning,2026-04-21,"Intyg återkommande besiktning, ej godkänt, L8324343",Skrivelse In,ej godkänt,DETERMINISTIC_FAILURE,LIFT,L8324343,1,Murmästaren 9,Hantverkargatan 21,Kungsholmen,NO,https://etjanster.stockholm.se/Byggochplantjansten/arende/arende/1318600?dataSource=Active
2026-07256,1318602,2026-04-21,,Anmaning att låta åtgärda hiss samt utföra förnyad besiktning,2026-04-21,"Intyg återkommande besiktning, ej godkänt, L2637534",Skrivelse In,ej godkänt,DETERMINISTIC_FAILURE,LIFT,L2637534,1,Guldfisken 32,Grev Turegatan 44,Östermalm,NO,https://etjanster.stockholm.se/Byggochplantjansten/arende/arende/1318602?dataSource=Active
2026-07258,1318604,2026-04-21,,Anmaning att låta åtgärda hiss samt utföra förnyad besiktning,2026-04-21,"Intyg återkommande besiktning, ej godkänt, D1592335",Skrivelse In,ej godkänt,DETERMINISTIC_FAILURE,LIFT,D1592335,1,Repslagaren 37,Humlegårdsgatan 6,Östermalm,NO,https://etjanster.stockholm.se/Byggochplantjansten/arende/arende/1318604?dataSource=Active
2026-07260,1318606,2026-04-21,,Anmaning att låta åtgärda hiss samt utföra förnyad besiktning,2026-04-21,"Intyg återkommande besiktning, ej godkänt, D1589650",Skrivelse In,ej godkänt,DETERMINISTIC_FAILURE,LIFT,D1589650,1,Bergen 1,Bergengatan 10,Husby,NO,https://etjanster.stockholm.se/Byggochplantjansten/arende/arende/1318606?dataSource=Active
2026-07378,1318724,2026-04-22,,Anmaning att låta åtgärda hissar samt utföra förnyad besiktning,2026-04-22,"Intyg återkommande besiktning, ej godkänt, 3 st, 50871, 50868, 50866",Skrivelse In,ej godkänt,DETERMINISTIC_FAILURE,LIFT,50871 50868 50866,3,Mjärden 2,"Tullgårdsgatan 24, Tullgårdsgatan 28, Tullgårdsgatan 34",Södermalm,NO,https://etjanster.stockholm.se/Byggochplantjansten/arende/arende/1318724?dataSource=Active
2026-04318,1315647,2026-03-10,,Anmaning att låta åtgärda portar samt utföra förnyad besiktning,2026-04-23,"Intyg återkommande besiktning, ej godkänt, L7923813",Skrivelse In,ej godkänt,DETERMINISTIC_FAILURE,POWERED_GATE_OR_DOOR,L7923813,1,Sidfoten 1,"Vilhelminagatan 13, Vilhelminagatan 5",Vällingby,NO,https://etjanster.stockholm.se/Byggochplantjansten/arende/arende/1315647?dataSource=Active
2026-06833,1318171,2026-04-15,2026-04-23,Anmaning att låta åtgärda hiss samt utföra förnyad besiktning,2026-04-23,"Intyg återkommande besiktning, ej godkänt, L3650611 (Besiktningsdatum 2026-04-09)",Skrivelse In,ej godkänt,DETERMINISTIC_FAILURE,LIFT,L3650611,1,Båtsmannen Större 22,Folkungagatan 74,Södermalm,NO,https://etjanster.stockholm.se/Byggochplantjansten/arende/arende/1318171?dataSource=Active
2026-07417,1318763,2026-04-23,,Anmaning att låta åtgärda hiss samt utföra förnyad besiktning,2026-04-23,"Intyg återkommande besiktning, ej godkänt, 32124",Skrivelse In,ej godkänt,DETERMINISTIC_FAILURE,LIFT,32124,1,Kulsprutan 4,Sankt Eriksgatan 25A,Kungsholmen,NO,https://etjanster.stockholm.se/Byggochplantjansten/arende/arende/1318763?dataSource=Active
2026-07418,1318764,2026-04-23,,Anmaning att låta åtgärda hiss samt utföra förnyad besiktning,2026-04-23,"Intyg återkommande besiktning, ej godkänt, 64166",Skrivelse In,ej godkänt,DETERMINISTIC_FAILURE,LIFT,64166,1,Pilastern 1,Pelargatan 7,Johanneshov,NO,https://etjanster.stockholm.se/Byggochplantjansten/arende/arende/1318764?dataSource=Active
2026-07419,1318765,2026-04-23,,Anmaning att låta åtgärda hiss samt utföra förnyad besiktning,2026-04-23,"Intyg återkommande besiktning, ej godkänt, 41238",Skrivelse In,ej godkänt,DETERMINISTIC_FAILURE,LIFT,41238,1,Kölhalningen 10,Bergsundsgatan 8,Södermalm,NO,https://etjanster.stockholm.se/Byggochplantjansten/arende/arende/1318765?dataSource=Active
2026-07422,1318768,2026-04-23,,Anmaning att låta åtgärda hissar samt utföra förnyad besiktning,2026-04-23,"Intyg återkommande besiktning, ej godkänt, 2 st, 49216, 50021",Skrivelse In,ej godkänt,DETERMINISTIC_FAILURE,LIFT,49216 50021,2,Skålen 18,"Norra Stationsgatan 115, Norrbackagatan 27A",Vasastaden,NO,https://etjanster.stockholm.se/Byggochplantjansten/arende/arende/1318768?dataSource=Active
2026-07425,1318771,2026-04-23,,Anmaning att låta åtgärda hissar samt utföra förnyad besiktning,2026-04-23,"Intyg återkommande besiktning, ej godkänt, 4 st, 39508, 39509, 39510, 39511",Skrivelse In,ej godkänt,DETERMINISTIC_FAILURE,LIFT,39508 39509 39510 39511,4,Kroken 23,"Bohusgatan 11, Bohusgatan 13, Götgatan 107A, Götgatan 107B",Södermalm,NO,https://etjanster.stockholm.se/Byggochplantjansten/arende/arende/1318771?dataSource=Active
2026-07426,1318772,2026-04-23,2026-05-04,Anmaning att låta åtgärda hiss samt utföra förnyad besiktning,2026-04-23,"Intyg återkommande besiktning, ej godkänt, D1589671",Skrivelse In,ej godkänt,DETERMINISTIC_FAILURE,LIFT,D1589671,1,Holmenkollen 1,Nidarosgatan 4,Husby,YES,https://etjanster.stockholm.se/Byggochplantjansten/arende/arende/1318772?dataSource=Active
2026-07427,1318773,2026-04-23,,Anmaning att låta åtgärda hiss samt utföra förnyad besiktning,2026-04-23,"Intyg återkommande besiktning, ej godkänt, L2820960",Skrivelse In,ej godkänt,DETERMINISTIC_FAILURE,LIFT,L2820960,1,Västergötland 21,Repslagargatan 17A,Södermalm,NO,https://etjanster.stockholm.se/Byggochplantjansten/arende/arende/1318773?dataSource=Active
2026-07428,1318774,2026-04-23,2026-05-12,Anmaning att låta åtgärda hiss samt utföra förnyad besiktning,2026-04-23,"Intyg återkommande besiktning, ej godkänt, D1589854",Skrivelse In,ej godkänt,DETERMINISTIC_FAILURE,LIFT,D1589854,1,Telemark 1,Nidarosgatan 5,Husby,YES,https://etjanster.stockholm.se/Byggochplantjansten/arende/arende/1318774?dataSource=Active
2026-07438,1318784,2026-04-23,,Anmaning att låta åtgärda hissar samt utföra förnyad besiktning,2026-04-23,"Intyg återkommande besiktning, ej godkänt, 2 st, 50902, 50904",Skrivelse In,ej godkänt,DETERMINISTIC_FAILURE,LIFT,50902 50904,2,Kartan 2,Råggatan 1,Södermalm,NO,https://etjanster.stockholm.se/Byggochplantjansten/arende/arende/1318784?dataSource=Active
2026-07440,1318786,2026-04-23,,Anmaning att låta åtgärda hiss samt utföra förnyad besiktning,2026-04-23,"Intyg återkommande besiktning, ej godkänt, 32163",Skrivelse In,ej godkänt,DETERMINISTIC_FAILURE,LIFT,32163,1,Modellen 7,Birkagatan 31,Vasastaden,NO,https://etjanster.stockholm.se/Byggochplantjansten/arende/arende/1318786?dataSource=Active
2026-07441,1318787,2026-04-23,,Anmaning att låta åtgärda hiss samt utföra förnyad besiktning,2026-04-23,"Intyg återkommande besiktning, ej godkänt, 40417",Skrivelse In,ej godkänt,DETERMINISTIC_FAILURE,LIFT,40417,1,Berget 1,Västmannagatan 15B,Norrmalm,NO,https://etjanster.stockholm.se/Byggochplantjansten/arende/arende/1318787?dataSource=Active
2026-07465,1318811,2026-04-23,,Anmaning att låta åtgärda port samt utföra förnyad besiktning,2026-04-23,"Intyg återkommande besiktning, ej godkänt, D1709232",Skrivelse In,ej godkänt,DETERMINISTIC_FAILURE,POWERED_GATE_OR_DOOR,D1709232,1,Arkivbläcket 2,Bräckegatan 14,Vällingby,NO,https://etjanster.stockholm.se/Byggochplantjansten/arende/arende/1318811?dataSource=Active
2026-07469,1318815,2026-04-23,,Anmaning att låta åtgärda hissar samt utföra förnyad besiktning,2026-04-23,"Intyg återkommande besiktning, ej godkänt, L7617636",Skrivelse In,ej godkänt,DETERMINISTIC_FAILURE,LIFT,L7617636,1,Danmark 6,Borgarfjordsgatan 21A,Kista,NO,https://etjanster.stockholm.se/Byggochplantjansten/arende/arende/1318815?dataSource=Active
2026-07471,1318817,2026-04-23,2026-04-28,Anmaning att låta åtgärda hissar samt utföra förnyad besiktning,2026-04-23,"Intyg återkommande besiktning, ej godkänt, D1601508",Skrivelse In,ej godkänt,DETERMINISTIC_FAILURE,LIFT,D1601508,1,Mejeristen 1,Älvkällevägen 4,Enskedefältet,YES,https://etjanster.stockholm.se/Byggochplantjansten/arende/arende/1318817?dataSource=Active
2026-07472,1318818,2026-04-23,2026-09-09,Anmaning att låta åtgärda hiss samt utföra förnyad besiktning,2026-04-23,"Intyg återkommande besiktning, ej godkänt, L8165579",Skrivelse In,ej godkänt,DETERMINISTIC_FAILURE,LIFT,L8165579,1,Danmark 2,Hanstavägen 55,Kista,YES,https://etjanster.stockholm.se/Byggochplantjansten/arende/arende/1318818?dataSource=Active
2026-07490,1318836,2026-04-23,2026-05-04,Anmaning att låta åtgärda hiss samt utföra förnyad besiktning,2026-04-23,"Intyg återkommande besiktning, ej godkänt, D1589873",Skrivelse In,ej godkänt,DETERMINISTIC_FAILURE,LIFT,D1589873,1,Telemark 1,Nidarosgatan 34,Husby,YES,https://etjanster.stockholm.se/Byggochplantjansten/arende/arende/1318836?dataSource=Active
2026-07493,1318839,2026-04-23,,Anmaning att låta åtgärda hiss samt utföra förnyad besiktning,2026-04-23,"Intyg återkommande besiktning, ej godkänt, L7894622",Skrivelse In,ej godkänt,DETERMINISTIC_FAILURE,LIFT,L7894622,1,Kusin Vitamin 1,Dartanjangs Gata 20,Mariehäll,NO,https://etjanster.stockholm.se/Byggochplantjansten/arende/arende/1318839?dataSource=Active
2026-07494,1318840,2026-04-23,,Anmaning att låta åtgärda hiss samt utföra förnyad besiktning,2026-04-23,"Intyg återkommande besiktning, ej godkänt, 55040",Skrivelse In,ej godkänt,DETERMINISTIC_FAILURE,LIFT,55040,1,Mätkilen 1,Skrakgränd 9,Fagersjö,NO,https://etjanster.stockholm.se/Byggochplantjansten/arende/arende/1318840?dataSource=Active
2026-07497,1318843,2026-04-23,,Anmaning att låta åtgärda hiss samt utföra förnyad besiktning,2026-04-23,"Intyg återkommande besiktning, ej godkänt, L6252852",Skrivelse In,ej godkänt,DETERMINISTIC_FAILURE,LIFT,L6252852,1,Adlern Mindre 25,Vegagatan 2,Vasastaden,NO,https://etjanster.stockholm.se/Byggochplantjansten/arende/arende/1318843?dataSource=Active
2026-07498,1318844,2026-04-23,,Anmaning att låta åtgärda hiss samt utföra förnyad besiktning,2026-04-23,"Intyg återkommande besiktning, ej godkänt, L3631918",Skrivelse In,ej godkänt,DETERMINISTIC_FAILURE,LIFT,L3631918,1,Ankaret 25,Alströmergatan 31,Kungsholmen,NO,https://etjanster.stockholm.se/Byggochplantjansten/arende/arende/1318844?dataSource=Active
2026-07499,1318845,2026-04-23,,Anmaning att låta åtgärda hiss samt utföra förnyad besiktning,2026-04-23,"Intyg återkommande besiktning, ej godkänt, S535285",Skrivelse In,ej godkänt,DETERMINISTIC_FAILURE,LIFT,S535285,1,Particentralen 8,Marknadsvägen 6,Östberga,NO,https://etjanster.stockholm.se/Byggochplantjansten/arende/arende/1318845?dataSource=Active
2026-07501,1318847,2026-04-23,2026-05-19,Anmaning att låta åtgärda hiss samt utföra förnyad besiktning,2026-04-23,"Intyg återkommande besiktning, ej godkänt, L3478674",Skrivelse In,ej godkänt,DETERMINISTIC_FAILURE,LIFT,L3478674,1,Bonden Större 37,Bondegatan 24,Södermalm,YES,https://etjanster.stockholm.se/Byggochplantjansten/arende/arende/1318847?dataSource=Active
2026-07508,1318861,2026-04-23,,Anmaning att låta åtgärda hiss samt utföra förnyad besiktning,2026-04-23,"Intyg återkommande besiktning, ej godkänt, L7534191",Skrivelse In,ej godkänt,DETERMINISTIC_FAILURE,LIFT,L7534191,1,Bäverbäcken 1,Bäverbäcksgränd 15,Rågsved,NO,https://etjanster.stockholm.se/Byggochplantjansten/arende/arende/1318861?dataSource=Active
2026-07509,1318862,2026-04-23,2026-05-26,Anmaning att låta åtgärda hiss samt utföra förnyad besiktning,2026-04-23,"Intyg återkommande besiktning, ej godkänt, L3718764",Skrivelse In,ej godkänt,DETERMINISTIC_FAILURE,LIFT,L3718764,1,Dammsugaren 10,Essinge Brogata 39,Lilla Essingen,YES,https://etjanster.stockholm.se/Byggochplantjansten/arende/arende/1318862?dataSource=Active
2026-07510,1318863,2026-04-23,,Anmaning att låta åtgärda hiss samt utföra förnyad besiktning,2026-04-23,"Intyg återkommande besiktning, ej godkänt, L9118621",Skrivelse In,ej godkänt,DETERMINISTIC_FAILURE,LIFT,L9118621,1,Gesunden 4,Svärdlångsvägen 25,Årsta,NO,https://etjanster.stockholm.se/Byggochplantjansten/arende/arende/1318863?dataSource=Active
2026-07512,1318865,2026-04-23,,Anmaning att låta åtgärda hiss samt utföra förnyad besiktning,2026-04-23,"Intyg återkommande besiktning, ej godkänt, L3678786",Skrivelse In,ej godkänt,DETERMINISTIC_FAILURE,LIFT,L3678786,1,Guldfisken 22,Grev Turegatan 46,Östermalm,NO,https://etjanster.stockholm.se/Byggochplantjansten/arende/arende/1318865?dataSource=Active
2026-07513,1318866,2026-04-23,,Anmaning att låta åtgärda hiss samt utföra förnyad besiktning,2026-04-23,"Intyg återkommande besiktning, ej godkänt, L9148396",Skrivelse In,ej godkänt,DETERMINISTIC_FAILURE,LIFT,L9148396,1,Gurkan 1,Katarina Bangata 79,Södermalm,NO,https://etjanster.stockholm.se/Byggochplantjansten/arende/arende/1318866?dataSource=Active
2026-07514,1318867,2026-04-23,,Anmaning att låta åtgärda hiss samt utföra förnyad besiktning,2026-04-23,"Intyg återkommande besiktning, ej godkänt, L3652690",Skrivelse In,ej godkänt,DETERMINISTIC_FAILURE,LIFT,L3652690,1,Hagen 16,Sankt Paulsgatan 34,Södermalm,NO,https://etjanster.stockholm.se/Byggochplantjansten/arende/arende/1318867?dataSource=Active
2026-07515,1318868,2026-04-23,,Anmaning att låta åtgärda hiss samt utföra förnyad besiktning,2026-04-23,"Intyg återkommande besiktning, ej godkänt, L5200993",Skrivelse In,ej godkänt,DETERMINISTIC_FAILURE,LIFT,L5200993,1,Höken 21,Östgötagatan 36,Södermalm,NO,https://etjanster.stockholm.se/Byggochplantjansten/arende/arende/1318868?dataSource=Active
2026-07516,1318869,2026-04-23,,Anmaning att låta åtgärda hiss samt utföra förnyad besiktning,2026-04-23,"Intyg återkommande besiktning, ej godkänt, S391943",Skrivelse In,ej godkänt,DETERMINISTIC_FAILURE,LIFT,S391943,1,Jungfru Lona 2,Kinmanssonsvägen 41,Hägersten,NO,https://etjanster.stockholm.se/Byggochplantjansten/arende/arende/1318869?dataSource=Active
2026-07517,1318870,2026-04-23,2026-04-28,Anmaning att låta åtgärda hiss samt utföra förnyad besiktning,2026-04-23,"Intyg återkommande besiktning, ej godkänt, L6469175",Skrivelse In,ej godkänt,DETERMINISTIC_FAILURE,LIFT,L6469175,1,Kattryggen 10,Tavastgatan 21,Södermalm,YES,https://etjanster.stockholm.se/Byggochplantjansten/arende/arende/1318870?dataSource=Active
2026-07551,1318904,2026-04-24,,Anmaning att låta åtgärda hiss samt utföra förnyad besiktning,2026-04-24,"Intyg återkommande besiktning, ej godkänt, L3654407",Skrivelse In,ej godkänt,DETERMINISTIC_FAILURE,LIFT,L3654407,1,Kornet 12,Ringvägen 62,Södermalm,NO,https://etjanster.stockholm.se/Byggochplantjansten/arende/arende/1318904?dataSource=Active
2026-07552,1318905,2026-04-24,,Anmaning att låta åtgärda hiss samt utföra förnyad besiktning,2026-04-24,"Intyg återkommande besiktning, ej godkänt, L6808109",Skrivelse In,ej godkänt,DETERMINISTIC_FAILURE,LIFT,L6808109,1,Kronoberg 18,Kungsholmsgatan 37,Kungsholmen,NO,https://etjanster.stockholm.se/Byggochplantjansten/arende/arende/1318905?dataSource=Active
2026-07553,1318906,2026-04-24,,Anmaning att låta åtgärda hiss samt utföra förnyad besiktning,2026-04-24,"Intyg återkommande besiktning, ej godkänt, L3720604",Skrivelse In,ej godkänt,DETERMINISTIC_FAILURE,LIFT,L3720604,1,Lödkolven 2,Luxgatan 5,Lilla Essingen,NO,https://etjanster.stockholm.se/Byggochplantjansten/arende/arende/1318906?dataSource=Active
2026-07555,1318908,2026-04-24,,Anmaning att låta åtgärda hiss samt utföra förnyad besiktning,2026-04-24,"Intyg återkommande besiktning, ej godkänt, L3487758",Skrivelse In,ej godkänt,DETERMINISTIC_FAILURE,LIFT,L3487758,1,Montebello 2,Essinge Brogata 7,Lilla Essingen,NO,https://etjanster.stockholm.se/Byggochplantjansten/arende/arende/1318908?dataSource=Active
2026-07556,1318909,2026-04-24,,Anmaning att låta åtgärda hiss samt utföra förnyad besiktning,2026-04-24,"Intyg återkommande besiktning, ej godkänt, S960612",Skrivelse In,ej godkänt,DETERMINISTIC_FAILURE,LIFT,S960612,1,Södermalm 4:1,Söder Mälarstrand 5,Södermalm,NO,https://etjanster.stockholm.se/Byggochplantjansten/arende/arende/1318909?dataSource=Active
2026-07557,1318910,2026-04-24,,Anmaning att låta åtgärda hiss samt utföra förnyad besiktning,2026-04-24,"Intyg återkommande besiktning, ej godkänt, L4073425",Skrivelse In,ej godkänt,DETERMINISTIC_FAILURE,LIFT,L4073425,1,Paradisfågeln 2,Sverkersgatan 6,Aspudden,NO,https://etjanster.stockholm.se/Byggochplantjansten/arende/arende/1318910?dataSource=Active
2026-07558,1318911,2026-04-24,2026-05-25,Anmaning att låta åtgärda hiss samt utföra förnyad besiktning,2026-04-24,"Intyg återkommande besiktning, ej godkänt, L3476439",Skrivelse In,ej godkänt,DETERMINISTIC_FAILURE,LIFT,L3476439,1,Plogen 3,Katarina Bangata 42,Södermalm,YES,https://etjanster.stockholm.se/Byggochplantjansten/arende/arende/1318911?dataSource=Active
2026-07560,1318913,2026-04-24,,Anmaning att låta åtgärda hiss samt utföra förnyad besiktning,2026-04-24,"Intyg återkommande besiktning, ej godkänt, S1006921",Skrivelse In,ej godkänt,DETERMINISTIC_FAILURE,LIFT,S1006921,1,Sperlingens Backe 56,Birger Jarlsgatan 18,Östermalm,NO,https://etjanster.stockholm.se/Byggochplantjansten/arende/arende/1318913?dataSource=Active
2026-07561,1318914,2026-04-24,2026-05-04,Anmaning att låta åtgärda hiss samt utföra förnyad besiktning,2026-04-24,"Intyg återkommande besiktning, ej godkänt, L4042594",Skrivelse In,ej godkänt,DETERMINISTIC_FAILURE,LIFT,L4042594,1,Pålen 6,Ringvägen 12,Södermalm,YES,https://etjanster.stockholm.se/Byggochplantjansten/arende/arende/1318914?dataSource=Active
2026-07563,1318916,2026-04-24,2026-05-25,Anmaning att låta åtgärda hiss samt utföra förnyad besiktning,2026-04-24,"Intyg återkommande besiktning, ej godkänt, L3650645",Skrivelse In,ej godkänt,DETERMINISTIC_FAILURE,LIFT,L3650645,1,Rovan 4,Katarina Bangata 47,Södermalm,YES,https://etjanster.stockholm.se/Byggochplantjansten/arende/arende/1318916?dataSource=Active
2026-07564,1318917,2026-04-24,,Anmaning att låta åtgärda hiss samt utföra förnyad besiktning,2026-04-24,"Intyg återkommande besiktning, ej godkänt, S705309",Skrivelse In,ej godkänt,DETERMINISTIC_FAILURE,LIFT,S705309,1,Taktäckaren 2,Tulegatan 15,Vasastaden,NO,https://etjanster.stockholm.se/Byggochplantjansten/arende/arende/1318917?dataSource=Active
2026-07567,1318920,2026-04-24,,Anmaning att låta åtgärda hiss samt utföra förnyad besiktning,2026-04-24,"Intyg återkommande besiktning, ej godkänt, L0058453",Skrivelse In,ej godkänt,DETERMINISTIC_FAILURE,LIFT,L0058453,1,Sumpen 14,Norrlandsgatan 22,Norrmalm,NO,https://etjanster.stockholm.se/Byggochplantjansten/arende/arende/1318920?dataSource=Active
2026-07569,1318922,2026-04-24,,Anmaning att låta åtgärda hiss samt utföra förnyad besiktning,2026-04-24,"Intyg återkommande besiktning, ej godkänt, S227882",Skrivelse In,ej godkänt,DETERMINISTIC_FAILURE,LIFT,S227882,1,Hedvig 16,Bennebolsgatan 16,Solhem,NO,https://etjanster.stockholm.se/Byggochplantjansten/arende/arende/1318922?dataSource=Active
2026-07571,1318924,2026-04-24,,Anmaning att låta åtgärda hiss samt utföra förnyad besiktning,2026-04-24,"Intyg återkommande besiktning, ej godkänt, L4043840",Skrivelse In,ej godkänt,DETERMINISTIC_FAILURE,LIFT,L4043840,1,Ångpannan 19,Verkstadsgatan 3,Södermalm,NO,https://etjanster.stockholm.se/Byggochplantjansten/arende/arende/1318924?dataSource=Active
2026-07573,1318926,2026-04-24,2026-06-04,Anmaning att låta åtgärda hiss samt utföra förnyad besiktning,2026-04-24,"Intyg återkommande besiktning, ej godkänt, L4058681",Skrivelse In,ej godkänt,DETERMINISTIC_FAILURE,LIFT,L4058681,1,Tre Byttor 2,Klubbacken 59,Hägersten,YES,https://etjanster.stockholm.se/Byggochplantjansten/arende/arende/1318926?dataSource=Active
2026-07575,1318928,2026-04-24,,Anmaning att låta åtgärda ridåvägg samt utföra förnyad besiktning,2026-04-24,"Intyg återkommande besiktning, ej godkänt, S338934",Skrivelse In,ej godkänt,DETERMINISTIC_FAILURE,UNKNOWN,S338934,1,Kaprifolium 2,Pilörtsgränd 5,Hässelby Villastad,NO,https://etjanster.stockholm.se/Byggochplantjansten/arende/arende/1318928?dataSource=Active
2026-07576,1318929,2026-04-24,,Anmaning att låta åtgärda hiss samt utföra förnyad besiktning,2026-04-24,"Intyg återkommande besiktning, ej godkänt, L3356235",Skrivelse In,ej godkänt,DETERMINISTIC_FAILURE,LIFT,L3356235,1,Hägern Större 14,Klara Östra Kyrkogata 12,Norrmalm,NO,https://etjanster.stockholm.se/Byggochplantjansten/arende/arende/1318929?dataSource=Active
2026-07577,1318930,2026-04-24,,Anmaning att låta åtgärda rulltrappor samt utföra förnyad besiktning,2026-04-24,"Intyg återkommande besiktning, ej godkänt, 2 st, S529092, S529093",Skrivelse In,ej godkänt,DETERMINISTIC_FAILURE,ESCALATOR_OR_MOVING_WALK,S529092 S529093,2,Vasastaden 1:16,Norra Stationsgatan 80C,Vasastaden,NO,https://etjanster.stockholm.se/Byggochplantjansten/arende/arende/1318930?dataSource=Active
2026-07578,1318931,2026-04-24,,Anmaning att låta åtgärda hissar samt utföra förnyad besiktning,2026-04-24,"Intyg återkommande besiktning, ej godkänt, 3 st, S976101, S1015235, S1015444",Skrivelse In,ej godkänt,DETERMINISTIC_FAILURE,LIFT,S976101 S1015235 S1015444,3,Persikan 6,"Tegelviksgatan 12A, Tegelviksgatan 8A",Södermalm,NO,https://etjanster.stockholm.se/Byggochplantjansten/arende/arende/1318931?dataSource=Active
2026-07746,1319112,2026-04-28,,Anmaning att låta åtgärda hiss samt utföra förnyad besiktning,2026-04-28,"Intyg återkommande besiktning, ej godkänt, L7891563",Skrivelse In,ej godkänt,DETERMINISTIC_FAILURE,LIFT,L7891563,1,Arkivbläcket 2,Bräckegatan 16,Vällingby,NO,https://etjanster.stockholm.se/Byggochplantjansten/arende/arende/1319112?dataSource=Active
2026-07752,1319118,2026-04-28,,Anmaning att låta åtgärda hiss samt utföra förnyad besiktning,2026-04-28,"Intyg återkommande besiktning, ej godkänt, L7036022",Skrivelse In,ej godkänt,DETERMINISTIC_FAILURE,LIFT,L7036022,1,Muttern 3,Heleneborgsgatan 15B,Södermalm,NO,https://etjanster.stockholm.se/Byggochplantjansten/arende/arende/1319118?dataSource=Active
2026-07753,1319119,2026-04-28,,Anmaning att låta åtgärda hiss samt utföra förnyad besiktning,2026-04-28,"Intyg återkommande besiktning, ej godkänt, D1539987",Skrivelse In,ej godkänt,DETERMINISTIC_FAILURE,LIFT,D1539987,1,Resedan 2,Karlbergsvägen 15,Vasastaden,NO,https://etjanster.stockholm.se/Byggochplantjansten/arende/arende/1319119?dataSource=Active
2026-07754,1319120,2026-04-28,,Anmaning att låta åtgärda hiss samt utföra förnyad besiktning,2026-04-28,"Intyg återkommande besiktning, ej godkänt, L2820960",Skrivelse In,ej godkänt,DETERMINISTIC_FAILURE,LIFT,L2820960,1,Västergötland 21,Repslagargatan 17A,Södermalm,NO,https://etjanster.stockholm.se/Byggochplantjansten/arende/arende/1319120?dataSource=Active
2026-06416,1317754,2026-04-09,,Anmaning att låta åtgärda port samt utföra förnyad besiktning,2026-04-30,"Intyg återkommande besiktning, ej godkänt, D1724621",Skrivelse In,ej godkänt,DETERMINISTIC_FAILURE,POWERED_GATE_OR_DOOR,D1724621,1,Silverskopan 3,Torsgränd 9,Vasastaden,NO,https://etjanster.stockholm.se/Byggochplantjansten/arende/arende/1317754?dataSource=Active
2026-07898,1319264,2026-04-30,,Anmaning att låta åtgärda hiss samt utföra förnyad besiktning,2026-04-30,"Intyg återkommande besiktning, ej godkänt, D1696620",Skrivelse In,ej godkänt,DETERMINISTIC_FAILURE,LIFT,D1696620,1,Magdalena 3,Sankt Paulsgatan 16,Södermalm,NO,https://etjanster.stockholm.se/Byggochplantjansten/arende/arende/1319264?dataSource=Active
2026-07900,1319266,2026-04-30,,Anmaning att låta åtgärda hiss samt utföra förnyad besiktning,2026-04-30,"Intyg återkommande besiktning, ej godkänt, D1600236",Skrivelse In,ej godkänt,DETERMINISTIC_FAILURE,LIFT,D1600236,1,Krysstaket 7,Skebokvarnsvägen 55,Bandhagen,NO,https://etjanster.stockholm.se/Byggochplantjansten/arende/arende/1319266?dataSource=Active
2026-07901,1319267,2026-04-30,,Anmaning att låta åtgärda hiss samt utföra förnyad besiktning,2026-04-30,"Intyg återkommande besiktning, ej godkänt, D1601284",Skrivelse In,ej godkänt,DETERMINISTIC_FAILURE,LIFT,D1601284,1,Lagunen 1,Vävar Johans Gata 5,Södra Hammarbyhamnen,NO,https://etjanster.stockholm.se/Byggochplantjansten/arende/arende/1319267?dataSource=Active
2026-07904,1319270,2026-04-30,2026-09-09,Anmaning att låta åtgärda hiss samt utföra förnyad besiktning,2026-04-30,"Intyg återkommande besiktning, ej godkänt, L2969426",Skrivelse In,ej godkänt,DETERMINISTIC_FAILURE,LIFT,L2969426,1,Danmark 2,Danmarksgatan 15,Kista,YES,https://etjanster.stockholm.se/Byggochplantjansten/arende/arende/1319270?dataSource=Active
2026-07906,1319272,2026-04-30,,Anmaning att låta åtgärda hiss samt utföra förnyad besiktning,2026-04-30,"Intyg återkommande besiktning, ej godkänt, D1394159",Skrivelse In,ej godkänt,DETERMINISTIC_FAILURE,LIFT,D1394159,1,Jägaren 35,Tegnérgatan 14,Vasastaden,NO,https://etjanster.stockholm.se/Byggochplantjansten/arende/arende/1319272?dataSource=Active
2026-07908,1319274,2026-04-30,2026-09-09,Anmaning att låta åtgärda hissar samt utföra förnyad besiktning,2026-04-30,"Intyg återkommande besiktning, ej godkänt, 3 st, L2718269, L2995979, L2995988",Skrivelse In,ej godkänt,DETERMINISTIC_FAILURE,LIFT,L2718269 L2995979 L2995988,3,Danmark 2,Danmarksgatan 15,Kista,YES,https://etjanster.stockholm.se/Byggochplantjansten/arende/arende/1319274?dataSource=Active
2026-07909,1319275,2026-04-30,2026-06-12,Anmaning att låta åtgärda hissar samt utföra förnyad besiktning,2026-04-30,"Intyg återkommande besiktning, ej godkänt, 2 st, L2809867, L2809885",Skrivelse In,ej godkänt,DETERMINISTIC_FAILURE,LIFT,L2809867 L2809885,2,Ryttmästaren 7,"Olaus Petrigatan 2, Olaus Petrigatan 6",Ladugårdsgärdet,YES,https://etjanster.stockholm.se/Byggochplantjansten/arende/arende/1319275?dataSource=Active
2026-07910,1319276,2026-04-30,,Anmaning att låta åtgärda hiss samt utföra förnyad besiktning,2026-04-30,"Intyg återkommande besiktning, ej godkänt, L7780834",Skrivelse In,ej godkänt,DETERMINISTIC_FAILURE,LIFT,L7780834,1,Sätra Stall 1,Sätravarvsvägen 3,Sätra,NO,https://etjanster.stockholm.se/Byggochplantjansten/arende/arende/1319276?dataSource=Active
2026-07911,1319277,2026-04-30,,Anmaning att låta åtgärda hiss samt utföra förnyad besiktning,2026-04-30,"Intyg återkommande besiktning, ej godkänt, L9058657",Skrivelse In,ej godkänt,DETERMINISTIC_FAILURE,LIFT,L9058657,1,Fyrkanten 14,Apelbergsgatan 40,Norrmalm,NO,https://etjanster.stockholm.se/Byggochplantjansten/arende/arende/1319277?dataSource=Active
2026-07913,1319279,2026-04-30,,Anmaning att låta åtgärda hiss samt utföra förnyad besiktning,2026-04-30,"Intyg återkommande besiktning, ej godkänt, D1601280",Skrivelse In,ej godkänt,DETERMINISTIC_FAILURE,LIFT,D1601280,1,Dansken 1,Vinjegatan 25,Blackeberg,NO,https://etjanster.stockholm.se/Byggochplantjansten/arende/arende/1319279?dataSource=Active
2026-05883,1317220,2026-03-27,,Anmaning att låta åtgärda hissar samt utföra förnyad besiktning,2026-05-04,"Intyg återkommande besiktning, ej godkänt, 75824",Skrivelse In,ej godkänt,DETERMINISTIC_FAILURE,LIFT,75824,1,Solkraften 20,Vindkraftsvägen 17,Skrubba,NO,https://etjanster.stockholm.se/Byggochplantjansten/arende/arende/1317220?dataSource=Active
2026-07378,1318724,2026-04-22,,Anmaning att låta åtgärda hissar samt utföra förnyad besiktning,2026-05-04,"Intyg återkommande besiktning, ej godkänt, 2 st, 50868, 50866",Skrivelse In,ej godkänt,DETERMINISTIC_FAILURE,LIFT,50868 50866,2,Mjärden 2,"Tullgårdsgatan 24, Tullgårdsgatan 28, Tullgårdsgatan 34",Södermalm,NO,https://etjanster.stockholm.se/Byggochplantjansten/arende/arende/1318724?dataSource=Active
2026-07425,1318771,2026-04-23,,Anmaning att låta åtgärda hissar samt utföra förnyad besiktning,2026-05-04,"Intyg återkommande besiktning, ej godkänt, 39509",Skrivelse In,ej godkänt,DETERMINISTIC_FAILURE,LIFT,39509,1,Kroken 23,"Bohusgatan 11, Bohusgatan 13, Götgatan 107A, Götgatan 107B",Södermalm,NO,https://etjanster.stockholm.se/Byggochplantjansten/arende/arende/1318771?dataSource=Active
2026-07494,1318840,2026-04-23,,Anmaning att låta åtgärda hiss samt utföra förnyad besiktning,2026-05-04,"Intyg återkommande besiktning, ej godkänt, 55040",Skrivelse In,ej godkänt,DETERMINISTIC_FAILURE,LIFT,55040,1,Mätkilen 1,Skrakgränd 9,Fagersjö,NO,https://etjanster.stockholm.se/Byggochplantjansten/arende/arende/1318840?dataSource=Active
2026-08009,1319375,2026-05-04,2026-05-06,Anmaning att låta åtgärda hiss samt utföra förnyad besiktning,2026-05-04,"Intyg återkommande besiktning, ej godkänt, 77294",Skrivelse In,ej godkänt,DETERMINISTIC_FAILURE,LIFT,77294,1,Finspång 6,Finspångsgatan 49,Lunda,YES,https://etjanster.stockholm.se/Byggochplantjansten/arende/arende/1319375?dataSource=Active
2026-08010,1319376,2026-05-04,,Anmaning att låta åtgärda hiss samt utföra förnyad besiktning,2026-05-04,"Intyg återkommande besiktning, ej godkänt, 55084",Skrivelse In,ej godkänt,DETERMINISTIC_FAILURE,LIFT,55084,1,Stapelbädden 5,Ekensbergsvägen 3,Gröndal,NO,https://etjanster.stockholm.se/Byggochplantjansten/arende/arende/1319376?dataSource=Active
2026-08011,1319377,2026-05-04,,Anmaning att låta åtgärda hiss samt utföra förnyad besiktning,2026-05-04,"Intyg återkommande besiktning, ej godkänt, 60615",Skrivelse In,ej godkänt,DETERMINISTIC_FAILURE,LIFT,60615,1,Smedjan 6,Västmannagatan 97,Vasastaden,NO,https://etjanster.stockholm.se/Byggochplantjansten/arende/arende/1319377?dataSource=Active
2026-08013,1319379,2026-05-04,,Anmaning att låta åtgärda hissar samt utföra förnyad besiktning,2026-05-04,"Intyg återkommande besiktning, ej godkänt, 5 st, 26153, 33344, 38158, 43621, 44529",Skrivelse In,ej godkänt,DETERMINISTIC_FAILURE,LIFT,26153 33344 38158 43621 44529,5,Krubban 18,Storgatan 41,Östermalm,NO,https://etjanster.stockholm.se/Byggochplantjansten/arende/arende/1319379?dataSource=Active
2026-08015,1319381,2026-05-04,,Anmaning att låta åtgärda hiss samt utföra förnyad besiktning,2026-05-04,"Intyg återkommande besiktning, ej godkänt, 35395",Skrivelse In,ej godkänt,DETERMINISTIC_FAILURE,LIFT,35395,1,Holmen 2,Korphoppsgatan 21,Södra Hammarbyhamnen,NO,https://etjanster.stockholm.se/Byggochplantjansten/arende/arende/1319381?dataSource=Active
2026-08018,1319384,2026-05-04,,Anmaning att låta åtgärda hissar samt utföra förnyad besiktning,2026-05-04,"Intyg återkommande besiktning, ej godkänt, 4 st, 23041, 23047, 23048, 49501",Skrivelse In,ej godkänt,DETERMINISTIC_FAILURE,LIFT,23041 23047 23048 49501,4,Bulten 19,"Borgargatan 12, Borgargatan 14, Långholmsgatan 17, Långholmsgatan 19",Södermalm,NO,https://etjanster.stockholm.se/Byggochplantjansten/arende/arende/1319384?dataSource=Active
2026-08021,1319387,2026-05-04,2026-05-07,Anmaning att låta åtgärda hiss samt utföra förnyad besiktning,2026-05-04,"Intyg återkommande besiktning, ej godkänt, 25271",Skrivelse In,ej godkänt,DETERMINISTIC_FAILURE,LIFT,25271,1,Gubben Noak 4,Selmedalsvägen 24,Hägersten,YES,https://etjanster.stockholm.se/Byggochplantjansten/arende/arende/1319387?dataSource=Active
2026-08022,1319388,2026-05-04,2026-07-07,Anmaning att låta åtgärda hissar samt utföra förnyad besiktning,2026-05-04,"Intyg återkommande besiktning, ej godkänt, 3 st, 36471, 39138, 50906",Skrivelse In,ej godkänt,DETERMINISTIC_FAILURE,LIFT,36471 39138 50906,3,Tisaren 1,"Orrfjärdsgränd 3, Orrfjärdsgränd 5, Orrfjärdsgränd 7",Årsta,YES,https://etjanster.stockholm.se/Byggochplantjansten/arende/arende/1319388?dataSource=Active
2026-08023,1319389,2026-05-04,,Anmaning att låta åtgärda hiss samt utföra förnyad besiktning,2026-05-04,"Intyg återkommande besiktning, ej godkänt, 50916",Skrivelse In,ej godkänt,DETERMINISTIC_FAILURE,LIFT,50916,1,Städrocken 3,Fruängsgatan 12,Fruängen,NO,https://etjanster.stockholm.se/Byggochplantjansten/arende/arende/1319389?dataSource=Active
2026-08026,1319392,2026-05-04,,Anmaning att låta åtgärda hiss samt utföra förnyad besiktning,2026-05-04,"Intyg återkommande besiktning, ej godkänt, 64063",Skrivelse In,ej godkänt,DETERMINISTIC_FAILURE,LIFT,64063,1,Gräsklipparen 3,Gräsklipparvägen 9,Vinsta,NO,https://etjanster.stockholm.se/Byggochplantjansten/arende/arende/1319392?dataSource=Active
2026-08032,1319398,2026-05-04,,Anmaning att låta åtgärda hiss samt utföra förnyad besiktning,2026-05-04,"Intyg återkommande besiktning, ej godkänt, D1601263",Skrivelse In,ej godkänt,DETERMINISTIC_FAILURE,LIFT,D1601263,1,Arvskiftet 1,Trolle-bondes Gata 21,Nälsta,NO,https://etjanster.stockholm.se/Byggochplantjansten/arende/arende/1319398?dataSource=Active
2026-08033,1319399,2026-05-04,2026-08-31,Anmaning att låta åtgärda hiss samt utföra förnyad besiktning,2026-05-04,"Intyg återkommande besiktning, ej godkänt, L7046075",Skrivelse In,ej godkänt,DETERMINISTIC_FAILURE,LIFT,L7046075,1,Krejaren 18,Sibyllegatan 31,Östermalm,YES,https://etjanster.stockholm.se/Byggochplantjansten/arende/arende/1319399?dataSource=Active
2026-08034,1319400,2026-05-04,,Anmaning att låta åtgärda hiss samt utföra förnyad besiktning,2026-05-04,"Intyg återkommande besiktning, ej godkänt, L2913708",Skrivelse In,ej godkänt,DETERMINISTIC_FAILURE,LIFT,L2913708,1,Spettet 18,Hornsbruksgatan 5B,Södermalm,NO,https://etjanster.stockholm.se/Byggochplantjansten/arende/arende/1319400?dataSource=Active
2026-08035,1319401,2026-05-04,,Anmaning att låta åtgärda hiss samt utföra förnyad besiktning,2026-05-04,"Intyg återkommande besiktning, ej godkänt, L2982232",Skrivelse In,ej godkänt,DETERMINISTIC_FAILURE,LIFT,L2982232,1,Vale 1,Hagagatan 24,Vasastaden,NO,https://etjanster.stockholm.se/Byggochplantjansten/arende/arende/1319401?dataSource=Active
2026-08188,1319554,2026-05-05,,Anmaning att låta åtgärda hiss samt utföra förnyad besiktning,2026-05-05,"Intyg återkommande besiktning, ej godkänt, S906098",Skrivelse In,ej godkänt,DETERMINISTIC_FAILURE,LIFT,S906098,1,Domnarvet 36,Fagerstagatan 15,Lunda,NO,https://etjanster.stockholm.se/Byggochplantjansten/arende/arende/1319554?dataSource=Active
2026-08189,1319555,2026-05-05,,Anmaning att låta åtgärda hiss samt utföra förnyad besiktning,2026-05-05,"Intyg återkommande besiktning, ej godkänt, S1018806",Skrivelse In,ej godkänt,DETERMINISTIC_FAILURE,LIFT,S1018806,1,Barnhusväderkvarnen 31,Rådmansgatan 67,Vasastaden,NO,https://etjanster.stockholm.se/Byggochplantjansten/arende/arende/1319555?dataSource=Active
2026-08191,1319557,2026-05-05,,Anmaning att låta åtgärda port samt utföra förnyad besiktning,2026-05-05,"Intyg återkommande besiktning, ej godkänt, S1018727",Skrivelse In,ej godkänt,DETERMINISTIC_FAILURE,POWERED_GATE_OR_DOOR,S1018727,1,Furudal 7,Fagerstagatan 16,Lunda,NO,https://etjanster.stockholm.se/Byggochplantjansten/arende/arende/1319557?dataSource=Active
2026-08194,1319560,2026-05-05,,Anmaning att låta åtgärda port samt utföra förnyad besiktning,2026-05-05,"Intyg återkommande besiktning, ej godkänt, S1020026",Skrivelse In,ej godkänt,DETERMINISTIC_FAILURE,POWERED_GATE_OR_DOOR,S1020026,1,Hälsan 10,Rådmansgatan 31,Vasastaden,NO,https://etjanster.stockholm.se/Byggochplantjansten/arende/arende/1319560?dataSource=Active
2026-08196,1319562,2026-05-05,,Anmaning att låta åtgärda hiss samt utföra förnyad besiktning,2026-05-05,"Intyg återkommande besiktning, ej godkänt, S671929",Skrivelse In,ej godkänt,DETERMINISTIC_FAILURE,LIFT,S671929,1,Hästskon 12,Hamngatan 28,Norrmalm,YES,https://etjanster.stockholm.se/Byggochplantjansten/arende/arende/1319562?dataSource=Active
2026-08198,1319564,2026-05-05,,Anmaning att låta åtgärda hiss samt utföra förnyad besiktning,2026-05-05,"Intyg återkommande besiktning, ej godkänt, S855853",Skrivelse In,ej godkänt,DETERMINISTIC_FAILURE,LIFT,S855853,1,Jakob Mindre 5,Jakobs Torg 3,Norrmalm,NO,https://etjanster.stockholm.se/Byggochplantjansten/arende/arende/1319564?dataSource=Active
2026-08199,1319565,2026-05-05,,Anmaning att låta åtgärda hiss samt utföra förnyad besiktning,2026-05-05,"Intyg återkommande besiktning, ej godkänt, S579121",Skrivelse In,ej godkänt,DETERMINISTIC_FAILURE,LIFT,S579121,1,Lagringen 1,Årgångsgatan 1,Liljeholmen,NO,https://etjanster.stockholm.se/Byggochplantjansten/arende/arende/1319565?dataSource=Active
2026-08200,1319566,2026-05-05,,Anmaning att låta åtgärda hiss samt utföra förnyad besiktning,2026-05-05,"Intyg återkommande besiktning, ej godkänt, L3720661",Skrivelse In,ej godkänt,DETERMINISTIC_FAILURE,LIFT,L3720661,1,Isbrytaren 21,Kungsholms Strand 177,Kungsholmen,NO,https://etjanster.stockholm.se/Byggochplantjansten/arende/arende/1319566?dataSource=Active
2026-08201,1319567,2026-05-05,,Anmaning att låta åtgärda hiss samt utföra förnyad besiktning,2026-05-05,"Intyg återkommande besiktning, ej godkänt, L3711439",Skrivelse In,ej godkänt,DETERMINISTIC_FAILURE,LIFT,L3711439,1,Kulsprutan 2,Hantverkargatan 86,Kungsholmen,NO,https://etjanster.stockholm.se/Byggochplantjansten/arende/arende/1319567?dataSource=Active
2026-08203,1319569,2026-05-05,,Anmaning att låta åtgärda hiss samt utföra förnyad besiktning,2026-05-05,"Intyg återkommande besiktning, ej godkänt, S947149",Skrivelse In,ej godkänt,DETERMINISTIC_FAILURE,LIFT,S947149,1,Majblomstret 14,Diavoxvägen 26,Västberga,NO,https://etjanster.stockholm.se/Byggochplantjansten/arende/arende/1319569?dataSource=Active
2026-00315,1311617,2026-01-12,,Anmaning att låta åtgärda hiss samt utföra förnyad besiktning,2026-05-06,"Intyg återkommande besiktning, ej godkänt, D1308000, D1308004, D1308031, L7900203",Skrivelse In,ej godkänt,DETERMINISTIC_FAILURE,LIFT,D1308000 D1308004 D1308031 L7900203,4,Vallgossen 14,Sankt Göransgatan 95,Kungsholmen,NO,https://etjanster.stockholm.se/Byggochplantjansten/arende/arende/1311617?dataSource=Active
2026-01933,1313235,2026-02-04,2026-08-24,Anmaning att låta åtgärda hissar samt utföra förnyad besiktningAnmaning att låta åtgärda hissar samt utföra förnyad besiktning,2026-05-06,"Intyg återkommande besiktning, ej godkänt, 56551",Skrivelse In,ej godkänt,DETERMINISTIC_FAILURE,LIFT,56551,1,Kopparn 7,Klippgatan 19C,Södermalm,YES,https://etjanster.stockholm.se/Byggochplantjansten/arende/arende/1313235?dataSource=Active
2026-07567,1318920,2026-04-24,,Anmaning att låta åtgärda hiss samt utföra förnyad besiktning,2026-05-06,"Intyg återkommande besiktning, ej godkänt, L0058453",Skrivelse In,ej godkänt,DETERMINISTIC_FAILURE,LIFT,L0058453,1,Sumpen 14,Norrlandsgatan 22,Norrmalm,NO,https://etjanster.stockholm.se/Byggochplantjansten/arende/arende/1318920?dataSource=Active
2026-08031,1319397,2026-05-04,2026-05-06,Anmaning att låta åtgärda hissar samt utföra förnyad besiktning,2026-05-06,"Intyg återkommande besiktning, ej godkänt, 3 st, L3752219, L3752227, L3752235 (Besiktningsdatum 2026-04-24)",Skrivelse In,ej godkänt,DETERMINISTIC_FAILURE,LIFT,L3752219 L3752227 L3752235,3,Morkullan 38,Birger Jarlsgatan 104,Östermalm,NO,https://etjanster.stockholm.se/Byggochplantjansten/arende/arende/1319397?dataSource=Active
2026-08224,1319590,2026-05-06,2026-05-06,Anmaning att låta åtgärda hiss samt utföra förnyad besiktning,2026-05-06,"Intyg återkommande besiktning, ej godkänt, L3633088",Skrivelse In,ej godkänt,DETERMINISTIC_FAILURE,LIFT,L3633088,1,Pontonjären 1,Baltzar Von Platens Gata 2,Kungsholmen,YES,https://etjanster.stockholm.se/Byggochplantjansten/arende/arende/1319590?dataSource=Active
2026-08226,1319592,2026-05-06,,Anmaning att låta åtgärda hiss samt utföra förnyad besiktning,2026-05-06,"Intyg återkommande besiktning, ej godkänt, S974914",Skrivelse In,ej godkänt,DETERMINISTIC_FAILURE,LIFT,S974914,1,Hästskon 9,Regeringsgatan 45,Norrmalm,NO,https://etjanster.stockholm.se/Byggochplantjansten/arende/arende/1319592?dataSource=Active
2026-08228,1319594,2026-05-06,2026-05-07,Anmaning att låta åtgärda hiss samt utföra förnyad besiktning,2026-05-06,"Intyg återkommande besiktning, ej godkänt, S364606",Skrivelse In,ej godkänt,DETERMINISTIC_FAILURE,LIFT,S364606,1,Fruktkorgen 1,Scheelegatan 7,Kungsholmen,YES,https://etjanster.stockholm.se/Byggochplantjansten/arende/arende/1319594?dataSource=Active
2026-08229,1319595,2026-05-06,,Anmaning att låta åtgärda hiss samt utföra förnyad besiktning,2026-05-06,"Intyg återkommande besiktning, ej godkänt, L3631207",Skrivelse In,ej godkänt,DETERMINISTIC_FAILURE,LIFT,L3631207,1,Vattenborgen 4,Stadshagsplan 6,Stadshagen,NO,https://etjanster.stockholm.se/Byggochplantjansten/arende/arende/1319595?dataSource=Active
2026-08231,1319597,2026-05-06,2026-05-19,Anmaning att låta åtgärda hiss samt utföra förnyad besiktning,2026-05-06,"Intyg återkommande besiktning, ej godkänt, L6150650",Skrivelse In,ej godkänt,DETERMINISTIC_FAILURE,LIFT,L6150650,1,Ängsbotten 8,Storängskroken 14,Hjorthagen,YES,https://etjanster.stockholm.se/Byggochplantjansten/arende/arende/1319597?dataSource=Active
2026-08232,1319598,2026-05-06,,Anmaning att låta åtgärda portar samt utföra förnyad besiktning,2026-05-06,"Intyg återkommande besiktning, ej godkänt, 2 st, S297546, S471363",Skrivelse In,ej godkänt,DETERMINISTIC_FAILURE,POWERED_GATE_OR_DOOR,S297546 S471363,2,Finspång 3,Finspångsgatan 53,Lunda,NO,https://etjanster.stockholm.se/Byggochplantjansten/arende/arende/1319598?dataSource=Active
2026-08233,1319599,2026-05-06,,Anmaning att låta åtgärda portar samt utföra förnyad besiktning,2026-05-06,"Intyg återkommande besiktning, ej godkänt, 3 st, S185808, S185812, S609844",Skrivelse In,ej godkänt,DETERMINISTIC_FAILURE,POWERED_GATE_OR_DOOR,S185808 S185812 S609844,3,Dikesrenen 16,Vretensborgsvägen 1,Västberga,NO,https://etjanster.stockholm.se/Byggochplantjansten/arende/arende/1319599?dataSource=Active
2026-08238,1319604,2026-05-06,,Anmaning att låta åtgärda hissar samt utföra förnyad besiktning,2026-05-06,"Intyg återkommande besiktning, ej godkänt, 2 st, S449371, S457717",Skrivelse In,ej godkänt,DETERMINISTIC_FAILURE,LIFT,S449371 S457717,2,Flygkaptenen 1,"Drakflygargatan 8, Vinggatan 20",Skarpnäcks Gård,NO,https://etjanster.stockholm.se/Byggochplantjansten/arende/arende/1319604?dataSource=Active
2026-08241,1319607,2026-05-06,2026-06-02,Anmaning att låta åtgärda hissar samt utföra förnyad besiktning,2026-05-06,"Intyg återkommande besiktning, ej godkänt, 2 st, S698944, S286417",Skrivelse In,ej godkänt,DETERMINISTIC_FAILURE,LIFT,S698944 S286417,2,Bodarne 14,"Strandvägen 1, Strandvägen 3",Östermalm,YES,https://etjanster.stockholm.se/Byggochplantjansten/arende/arende/1319607?dataSource=Active
2026-08244,1319610,2026-05-06,,Anmaning att låta åtgärda hissar samt utföra förnyad besiktning,2026-05-06,"Intyg återkommande besiktning, ej godkänt, 2 st, S392182, S505370",Skrivelse In,ej godkänt,DETERMINISTIC_FAILURE,LIFT,S392182 S505370,2,Stranninge 1,"Elinsborgsbacken 5, Elinsborgsbacken 7",Tensta,NO,https://etjanster.stockholm.se/Byggochplantjansten/arende/arende/1319610?dataSource=Active
2026-08246,1319612,2026-05-06,,Anmaning att låta åtgärda hissar samt utföra förnyad besiktning,2026-05-06,"Intyg återkommande besiktning, ej godkänt, 5 st, S671928, S671931, S745301, S746034, S784221",Skrivelse In,ej godkänt,DETERMINISTIC_FAILURE,LIFT,S671928 S671931 S745301 S746034 S784221,5,Hästskon 12,"Malmskillnadsgatan 11, Malmskillnadsgatan 19, Malmskillnadsgatan 38A, Malmskillnadsgatan 40B, Sveavägen 10B",Norrmalm,YES,https://etjanster.stockholm.se/Byggochplantjansten/arende/arende/1319612?dataSource=Active
2026-08249,1319615,2026-05-05,,Anmaning att låta åtgärda hissar samt utföra förnyad besiktning,2026-05-06,"Intyg återkommande besiktning, ej godkänt, D1469956",Skrivelse In,ej godkänt,DETERMINISTIC_FAILURE,LIFT,D1469956,1,Måsholmen 22,Bredholmsgatan 4,Skärholmen,NO,https://etjanster.stockholm.se/Byggochplantjansten/arende/arende/1319615?dataSource=Active
2026-08263,1319629,2026-05-06,2026-06-22,Anmaning att låta åtgärda hissar samt utföra förnyad besiktning,2026-05-06,"Intyg återkommande besiktning, ej godkänt, L2951515",Skrivelse In,ej godkänt,DETERMINISTIC_FAILURE,LIFT,L2951515,1,Hörninge 5,Tenstavägen 106,Tensta,YES,https://etjanster.stockholm.se/Byggochplantjansten/arende/arende/1319629?dataSource=Active
2026-08310,1319676,2026-05-06,2026-05-12,Anmaning att låta åtgärda hissar samt utföra förnyad besiktning,2026-05-06,"Intyg återkommande besiktning, ej godkänt, 2 st, L7734929, L7734938",Skrivelse In,ej godkänt,DETERMINISTIC_FAILURE,LIFT,L7734929 L7734938,2,Elefanten Mindre 1,Drottninggatan 25,Norrmalm,YES,https://etjanster.stockholm.se/Byggochplantjansten/arende/arende/1319676?dataSource=Active
2026-07472,1318818,2026-04-23,2026-09-09,Anmaning att låta åtgärda hiss samt utföra förnyad besiktning,2026-05-07,"Intyg återkommande besiktning, ej godkänt, L8165579",Skrivelse In,ej godkänt,DETERMINISTIC_FAILURE,LIFT,L8165579,1,Danmark 2,Hanstavägen 55,Kista,YES,https://etjanster.stockholm.se/Byggochplantjansten/arende/arende/1318818?dataSource=Active
2026-08372,1319738,2026-05-06,2026-06-02,Anmaning att låta åtgärda hissar samt utföra förnyad besiktning,2026-05-07,"Intyg återkommande besiktning, ej godkänt, D1394161",Skrivelse In,ej godkänt,DETERMINISTIC_FAILURE,LIFT,D1394161,1,Jägaren 35,Tegnérgatan 12,Vasastaden,YES,https://etjanster.stockholm.se/Byggochplantjansten/arende/arende/1319738?dataSource=Active
2026-08385,1319751,2026-05-07,,Anmaning att låta åtgärda portar samt utföra förnyad besiktning,2026-05-07,"Intyg återkommande besiktning, ej godkänt, 11 st, D1810593, D1810601, D1810683, D1810685, D1810689, D1810696, D1810698, D1810703, D1810705, D1810706, D1810902",Skrivelse In,ej godkänt,DETERMINISTIC_FAILURE,POWERED_GATE_OR_DOOR,D1810593 D1810601 D1810683 D1810685 D1810689 D1810696 D1810698 D1810703 D1810705 D1810706 D1810902,11,Tippen 4,Selaövägen 17,Högdalen,NO,https://etjanster.stockholm.se/Byggochplantjansten/arende/arende/1319751?dataSource=Active
2026-08387,1319753,2026-05-07,,Anmaning att låta åtgärda hiss samt utföra förnyad besiktning,2026-05-07,"Intyg återkommande besiktning, ej godkänt, D1601799",Skrivelse In,ej godkänt,DETERMINISTIC_FAILURE,LIFT,D1601799,1,Luma 1,Lumaparksvägen 5,Södra Hammarbyhamnen,NO,https://etjanster.stockholm.se/Byggochplantjansten/arende/arende/1319753?dataSource=Active
2026-08389,1319755,2026-05-07,,Anmaning att låta åtgärda hiss samt utföra förnyad besiktning (Hässelby Gård T-bana),2026-05-07,"Intyg återkommande besiktning, ej godkänt, L2741224",Skrivelse In,ej godkänt,DETERMINISTIC_FAILURE,LIFT,L2741224,1,Grimsta 1:2,Hässelby Torg 6,Hässelby Gård,NO,https://etjanster.stockholm.se/Byggochplantjansten/arende/arende/1319755?dataSource=Active
2026-06962,1318304,2026-04-16,2026-05-19,Anmaning att låta åtgärda hiss samt utföra förnyad besiktning,2026-05-08,"Intyg återkommande besiktning, ej godkänt, 77300",Skrivelse In,ej godkänt,DETERMINISTIC_FAILURE,LIFT,77300,1,Horndal 1,Fagerstagatan 29,Lunda,YES,https://etjanster.stockholm.se/Byggochplantjansten/arende/arende/1318304?dataSource=Active
2026-08477,1319843,2026-05-08,,Anmaning att låta åtgärda hissar samt utföra förnyad besiktning,2026-05-08,"Intyg återkommande besiktning, ej godkänt, 77177",Skrivelse In,ej godkänt,DETERMINISTIC_FAILURE,LIFT,77177,1,Djurgården 1:1,Sollidsbacken 9,Djurgården,NO,https://etjanster.stockholm.se/Byggochplantjansten/arende/arende/1319843?dataSource=Active
2025-13652,1304490,2025-09-09,,Anmaning att låta åtgärda hiss samt utföra förnyad besiktning,2026-05-12,"Intyg återkommande besiktning, ej godkänt, L7043943",Skrivelse In,ej godkänt,DETERMINISTIC_FAILURE,LIFT,L7043943,1,Italien Större 16,Snickarbacken 2,Norrmalm,NO,https://etjanster.stockholm.se/Byggochplantjansten/arende/arende/1304490?dataSource=Active
2026-08636,1320004,2026-05-08,,Anmaning att låta åtgärda hissar samt utföra förnyad besiktning,2026-05-12,"Intyg återkommande besiktning, ej godkänt, L2823903",Skrivelse In,ej godkänt,DETERMINISTIC_FAILURE,LIFT,L2823903,1,Valkyrian 19,Dalagatan 35A,Vasastaden,NO,https://etjanster.stockholm.se/Byggochplantjansten/arende/arende/1320004?dataSource=Active
2026-08647,1320015,2026-05-11,2026-05-26,Anmaning att låta åtgärda hissar samt utföra förnyad besiktning,2026-05-12,"Intyg återkommande besiktning, ej godkänt, 78362",Skrivelse In,ej godkänt,DETERMINISTIC_FAILURE,LIFT,78362,1,Induktorn 15,Ranhammarsvägen 6,Ulvsunda Industriområde,YES,https://etjanster.stockholm.se/Byggochplantjansten/arende/arende/1320015?dataSource=Active
2026-08648,1320016,2026-05-11,2026-06-03,Anmaning att låta åtgärda hissar samt utföra förnyad besiktning,2026-05-12,"Intyg återkommande besiktning, ej godkänt, 65981",Skrivelse In,ej godkänt,DETERMINISTIC_FAILURE,LIFT,65981,1,Riddaren 26,Nybrogatan 15,Östermalm,YES,https://etjanster.stockholm.se/Byggochplantjansten/arende/arende/1320016?dataSource=Active
2026-08650,1320018,2026-05-11,,Anmaning att låta åtgärda hissar samt utföra förnyad besiktning,2026-05-12,"Intyg återkommande besiktning, ej godkänt, 50117",Skrivelse In,ej godkänt,DETERMINISTIC_FAILURE,LIFT,50117,1,Racketen 10,Gustavslundsvägen 151B,Alvik,NO,https://etjanster.stockholm.se/Byggochplantjansten/arende/arende/1320018?dataSource=Active
2026-08657,1320025,2026-05-11,,Anmaning att låta åtgärda hissar samt utföra förnyad besiktning,2026-05-12,"Intyg återkommande besiktning, ej godkänt, L2548925",Skrivelse In,ej godkänt,DETERMINISTIC_FAILURE,LIFT,L2548925,1,Blekholmen 1,Klarabergsviadukten 90,Norrmalm,NO,https://etjanster.stockholm.se/Byggochplantjansten/arende/arende/1320025?dataSource=Active
2026-08673,1320041,2026-05-12,,Anmaning att låta åtgärda hissar samt utföra förnyad besiktning,2026-05-12,"Intyg återkommande besiktning, ej godkänt, D1809802",Skrivelse In,ej godkänt,DETERMINISTIC_FAILURE,LIFT,D1809802,1,Rosen 19,Hälsingegatan 7,Vasastaden,NO,https://etjanster.stockholm.se/Byggochplantjansten/arende/arende/1320041?dataSource=Active
2026-08696,1320064,2026-05-12,,Anmaning att låta åtgärda hissar samt utföra förnyad besiktning,2026-05-12,"Intyg återkommande besiktning, ej godkänt, D1411650",Skrivelse In,ej godkänt,DETERMINISTIC_FAILURE,LIFT,D1411650,1,Lindbacken 10,Upplandsgatan 7,Norrmalm,NO,https://etjanster.stockholm.se/Byggochplantjansten/arende/arende/1320064?dataSource=Active
2026-09003,1320371,2026-05-19,,Anmaning att låta åtgärda hiss samt utföra förnyad besiktning,2026-05-19,"Intyg återkommande besiktning, ej godkänt, L2526618",Skrivelse In,ej godkänt,DETERMINISTIC_FAILURE,LIFT,L2526618,1,Helsingör 1,Helsingörsgatan 12,Kista,NO,https://etjanster.stockholm.se/Byggochplantjansten/arende/arende/1320371?dataSource=Active
2026-09004,1320372,2026-05-19,,Anmaning att låta åtgärda port samt utföra förnyad besiktning,2026-05-19,"Intyg återkommande besiktning, ej godkänt, L7790010",Skrivelse In,ej godkänt,DETERMINISTIC_FAILURE,POWERED_GATE_OR_DOOR,L7790010,1,Östberga 1:8,Transportvägen 10,Östberga,NO,https://etjanster.stockholm.se/Byggochplantjansten/arende/arende/1320372?dataSource=Active
2026-09005,1320373,2026-05-19,,Anmaning att låta åtgärda hiss samt utföra förnyad besiktning,2026-05-19,"Intyg återkommande besiktning, ej godkänt, L9008380",Skrivelse In,ej godkänt,DETERMINISTIC_FAILURE,LIFT,L9008380,1,Vreten 17,Västberga Allé 11,Västberga,NO,https://etjanster.stockholm.se/Byggochplantjansten/arende/arende/1320373?dataSource=Active
2026-09006,1320374,2026-05-19,,Anmaning att låta åtgärda hiss samt utföra förnyad besiktning,2026-05-19,"Intyg återkommande besiktning, ej godkänt, L2526654",Skrivelse In,ej godkänt,DETERMINISTIC_FAILURE,LIFT,L2526654,1,Helsingör 2,Helsingörsgatan 22,Kista,NO,https://etjanster.stockholm.se/Byggochplantjansten/arende/arende/1320374?dataSource=Active
2026-09007,1320375,2026-05-19,,Anmaning att låta åtgärda hiss samt utföra förnyad besiktning,2026-05-19,"Intyg återkommande besiktning, ej godkänt, D1811997",Skrivelse In,ej godkänt,DETERMINISTIC_FAILURE,LIFT,D1811997,1,Resedan 2,Karlbergsvägen 15,Vasastaden,NO,https://etjanster.stockholm.se/Byggochplantjansten/arende/arende/1320375?dataSource=Active
2026-09009,1320377,2026-05-19,,Anmaning att låta åtgärda hiss samt utföra förnyad besiktning,2026-05-19,"Intyg återkommande besiktning, ej godkänt, D1540171",Skrivelse In,ej godkänt,DETERMINISTIC_FAILURE,LIFT,D1540171,1,Nätet 2,Bohusgatan 24,Södermalm,NO,https://etjanster.stockholm.se/Byggochplantjansten/arende/arende/1320377?dataSource=Active
2026-09010,1320378,2026-05-19,,Anmaning att låta åtgärda hissar samt utföra förnyad besiktning,2026-05-19,"Intyg återkommande besiktning, ej godkänt, 2 st, L7778561, L7801909",Skrivelse In,ej godkänt,DETERMINISTIC_FAILURE,LIFT,L7778561 L7801909,2,Västberga 1:1,"Västberga Allé 20, Västberga Allé 22",Västberga,NO,https://etjanster.stockholm.se/Byggochplantjansten/arende/arende/1320378?dataSource=Active
2026-09011,1320379,2026-05-19,,Anmaning att låta åtgärda hiss samt utföra förnyad besiktning,2026-05-19,"Intyg återkommande besiktning, ej godkänt, D1724365",Skrivelse In,ej godkänt,DETERMINISTIC_FAILURE,LIFT,D1724365,1,Kolonnen 6,Ringvägen 123,Södermalm,NO,https://etjanster.stockholm.se/Byggochplantjansten/arende/arende/1320379?dataSource=Active
2026-09012,1320380,2026-05-19,,Anmaning att låta åtgärda hiss samt utföra förnyad besiktning,2026-05-19,"Intyg återkommande besiktning, ej godkänt, 54739",Skrivelse In,ej godkänt,DETERMINISTIC_FAILURE,LIFT,54739,1,Djursborg 12,Östermalmsgatan 95,Östermalm,NO,https://etjanster.stockholm.se/Byggochplantjansten/arende/arende/1320380?dataSource=Active
2026-09013,1320381,2026-05-19,,Anmaning att låta åtgärda hiss samt utföra förnyad besiktning,2026-05-19,"Intyg återkommande besiktning, ej godkänt, 25246",Skrivelse In,ej godkänt,DETERMINISTIC_FAILURE,LIFT,25246,1,Fatbursbrunnen 8,Maria Prästgårdsgata 17,Södermalm,NO,https://etjanster.stockholm.se/Byggochplantjansten/arende/arende/1320381?dataSource=Active
2026-09014,1320382,2026-05-19,,Anmaning att låta åtgärda hiss samt utföra förnyad besiktning,2026-05-19,"Intyg återkommande besiktning, ej godkänt, 54740",Skrivelse In,ej godkänt,DETERMINISTIC_FAILURE,LIFT,54740,1,Lönnen 7,Floragatan 4,Östermalm,NO,https://etjanster.stockholm.se/Byggochplantjansten/arende/arende/1320382?dataSource=Active
2026-09015,1320383,2026-05-19,,Anmaning att låta åtgärda hissar samt utföra förnyad besiktning,2026-05-19,"Intyg återkommande besiktning, ej godkänt, 2 st, 45132, 45135",Skrivelse In,ej godkänt,DETERMINISTIC_FAILURE,LIFT,45132 45135,2,Möllan 1,"Rinkebysvängen 70A, Rinkebysvängen 70D",Rinkeby,YES,https://etjanster.stockholm.se/Byggochplantjansten/arende/arende/1320383?dataSource=Active
2026-07491,1318837,2026-04-23,,Anmaning att låta åtgärda hiss samt utföra förnyad besiktning,2026-05-20,"Intyg återkommande besiktning, ej godkänt, 64527",Skrivelse In,ej godkänt,DETERMINISTIC_FAILURE,LIFT,64527,1,Krubban 18,Storgatan 41,Östermalm,NO,https://etjanster.stockholm.se/Byggochplantjansten/arende/arende/1318837?dataSource=Active
2026-08660,1320028,2026-05-12,2026-05-20,Anmaning att låta åtgärda hiss samt utföra förnyad besiktning,2026-05-20,"Intyg återkommande besiktning, ej godkänt, L5934229 (Besiktningsdatum 2026-05-06)",Skrivelse In,ej godkänt,DETERMINISTIC_FAILURE,LIFT,L5934229,1,Rabatten 9,Fjällgatan 44,Södermalm,NO,https://etjanster.stockholm.se/Byggochplantjansten/arende/arende/1320028?dataSource=Active
2026-09019,1320387,2026-05-20,,Anmaning att låta åtgärda hiss samt utföra förnyad besiktning,2026-05-20,"Intyg återkommande besiktning, ej godkänt, 78337",Skrivelse In,ej godkänt,DETERMINISTIC_FAILURE,LIFT,78337,1,Prästgårdsvreten 3,Götalandsvägen 209,Solberga,NO,https://etjanster.stockholm.se/Byggochplantjansten/arende/arende/1320387?dataSource=Active
2026-09020,1320388,2026-05-20,2026-05-26,Anmaning att låta åtgärda hiss samt utföra förnyad besiktning,2026-05-20,"Intyg återkommande besiktning, ej godkänt, 50102",Skrivelse In,ej godkänt,DETERMINISTIC_FAILURE,LIFT,50102,1,Mältaren 1,Torkhusgatan 9,Södra Hammarbyhamnen,YES,https://etjanster.stockholm.se/Byggochplantjansten/arende/arende/1320388?dataSource=Active
2026-09021,1320389,2026-05-20,,Anmaning att låta åtgärda hiss samt utföra förnyad besiktning,2026-05-20,"Intyg återkommande besiktning, ej godkänt, 77567",Skrivelse In,ej godkänt,DETERMINISTIC_FAILURE,LIFT,77567,1,Miklaholt 1,Haukadalsgatan 12,Kista,NO,https://etjanster.stockholm.se/Byggochplantjansten/arende/arende/1320389?dataSource=Active
2026-09022,1320390,2026-05-20,,Anmaning att låta åtgärda hissar samt utföra förnyad besiktning,2026-05-20,"Intyg återkommande besiktning, ej godkänt, 2 st, 52824, 52830",Skrivelse In,ej godkänt,DETERMINISTIC_FAILURE,LIFT,52824 52830,2,Järnbärarorden 1,"Järnbärarvägen 20, Järnbärarvägen 34",Bredäng,NO,https://etjanster.stockholm.se/Byggochplantjansten/arende/arende/1320390?dataSource=Active
2026-09023,1320391,2026-05-20,,Anmaning att låta åtgärda hiss samt utföra förnyad besiktning,2026-05-20,"Intyg återkommande besiktning, ej godkänt, 63031",Skrivelse In,ej godkänt,DETERMINISTIC_FAILURE,LIFT,63031,1,Glaven 8,Sankt Göransgatan 126,Stadshagen,NO,https://etjanster.stockholm.se/Byggochplantjansten/arende/arende/1320391?dataSource=Active
2026-09067,1320435,2026-05-20,,Anmaning att låta åtgärda hiss samt utföra förnyad besiktning,2026-05-20,"Intyg återkommande besiktning, ej godkänt, S269938",Skrivelse In,ej godkänt,DETERMINISTIC_FAILURE,LIFT,S269938,1,Fornvården 10,Styresman Sanders Väg 4,Beckomberga,NO,https://etjanster.stockholm.se/Byggochplantjansten/arende/arende/1320435?dataSource=Active
2026-09070,1320438,2026-05-20,,Anmaning att låta åtgärda hiss samt utföra förnyad besiktning,2026-05-20,"Intyg återkommande besiktning, ej godkänt, L3724499",Skrivelse In,ej godkänt,DETERMINISTIC_FAILURE,LIFT,L3724499,1,Gjutaren 26,Rörstrandsgatan 4,Vasastaden,NO,https://etjanster.stockholm.se/Byggochplantjansten/arende/arende/1320438?dataSource=Active
2026-09072,1320440,2026-05-20,,Anmaning att låta åtgärda hiss samt utföra förnyad besiktning,2026-05-20,"Intyg återkommande besiktning, ej godkänt, S637739",Skrivelse In,ej godkänt,DETERMINISTIC_FAILURE,LIFT,S637739,1,Blästern 6,Gävlegatan 22,Vasastaden,NO,https://etjanster.stockholm.se/Byggochplantjansten/arende/arende/1320440?dataSource=Active
2026-09076,1320444,2026-05-20,2026-06-04,Anmaning att låta åtgärda hiss samt utföra förnyad besiktning,2026-05-20,"Intyg återkommande besiktning, ej godkänt, S372962",Skrivelse In,ej godkänt,DETERMINISTIC_FAILURE,LIFT,S372962,1,Polarräven 4,Grönviksvägen 172A,Nockeby,YES,https://etjanster.stockholm.se/Byggochplantjansten/arende/arende/1320444?dataSource=Active
2026-09078,1320446,2026-05-20,,Anmaning att låta åtgärda hiss samt utföra förnyad besiktning,2026-05-20,"Intyg återkommande besiktning, ej godkänt, S820570",Skrivelse In,ej godkänt,DETERMINISTIC_FAILURE,LIFT,S820570,1,Brädstapeln 16,Fleminggatan 18,Kungsholmen,NO,https://etjanster.stockholm.se/Byggochplantjansten/arende/arende/1320446?dataSource=Active
2026-09079,1320447,2026-05-20,2026-05-26,Anmaning att låta åtgärda hiss samt utföra förnyad besiktning,2026-05-20,"Intyg återkommande besiktning, ej godkänt, L3682218",Skrivelse In,ej godkänt,DETERMINISTIC_FAILURE,LIFT,L3682218,1,Bävern 9,Grev Turegatan 80,Östermalm,YES,https://etjanster.stockholm.se/Byggochplantjansten/arende/arende/1320447?dataSource=Active
2026-09080,1320448,2026-05-20,,Anmaning att låta åtgärda hiss samt utföra förnyad besiktning,2026-05-20,"Intyg återkommande besiktning, ej godkänt, S591083",Skrivelse In,ej godkänt,DETERMINISTIC_FAILURE,LIFT,S591083,1,Nedre Vätan 13,Birger Jarlsgatan 29,Norrmalm,NO,https://etjanster.stockholm.se/Byggochplantjansten/arende/arende/1320448?dataSource=Active
2026-09082,1320450,2026-05-20,2026-06-04,Anmaning att låta åtgärda hiss samt utföra förnyad besiktning,2026-05-20,"Intyg återkommande besiktning, ej godkänt, S159454",Skrivelse In,ej godkänt,DETERMINISTIC_FAILURE,LIFT,S159454,1,Lux 5,Primusgatan 86,Lilla Essingen,YES,https://etjanster.stockholm.se/Byggochplantjansten/arende/arende/1320450?dataSource=Active
2026-09083,1320451,2026-05-20,,Anmaning att låta åtgärda hiss samt utföra förnyad besiktning,2026-05-20,"Intyg återkommande besiktning, ej godkänt, S963191",Skrivelse In,ej godkänt,DETERMINISTIC_FAILURE,LIFT,S963191,1,Tre Vapen 1,Borgvägen 1,Ladugårdsgärdet,NO,https://etjanster.stockholm.se/Byggochplantjansten/arende/arende/1320451?dataSource=Active
2026-09084,1320452,2026-05-20,2026-05-25,Anmaning att låta åtgärda hiss samt utföra förnyad besiktning,2026-05-20,"Intyg återkommande besiktning, ej godkänt, L3479763",Skrivelse In,ej godkänt,DETERMINISTIC_FAILURE,LIFT,L3479763,1,Bonden Mindre 16,Bondegatan 34,Södermalm,YES,https://etjanster.stockholm.se/Byggochplantjansten/arende/arende/1320452?dataSource=Active
2026-09086,1320454,2026-05-20,,Anmaning att låta åtgärda hiss samt utföra förnyad besiktning,2026-05-20,"Intyg återkommande besiktning, ej godkänt, S795348",Skrivelse In,ej godkänt,DETERMINISTIC_FAILURE,LIFT,S795348,1,Lärjungen 2,Torsgatan 10,Norrmalm,NO,https://etjanster.stockholm.se/Byggochplantjansten/arende/arende/1320454?dataSource=Active
2026-09087,1320455,2026-05-20,,Anmaning att låta åtgärda hiss samt utföra förnyad besiktning,2026-05-20,"Intyg återkommande besiktning, ej godkänt, S376578",Skrivelse In,ej godkänt,DETERMINISTIC_FAILURE,LIFT,S376578,1,Skären 6,Biblioteksgatan 1,Norrmalm,NO,https://etjanster.stockholm.se/Byggochplantjansten/arende/arende/1320455?dataSource=Active
2026-09089,1320457,2026-05-20,2026-06-03,Anmaning att låta åtgärda hiss samt utföra förnyad besiktning,2026-05-20,"Intyg återkommande besiktning, ej godkänt, S161168",Skrivelse In,ej godkänt,DETERMINISTIC_FAILURE,LIFT,S161168,1,Hägern Mindre 6,Klara Östra Kyrkogata 2B,Norrmalm,YES,https://etjanster.stockholm.se/Byggochplantjansten/arende/arende/1320457?dataSource=Active
2026-09090,1320458,2026-05-20,,Anmaning att låta åtgärda hiss samt utföra förnyad besiktning,2026-05-20,"Intyg återkommande besiktning, ej godkänt, L3682804",Skrivelse In,ej godkänt,DETERMINISTIC_FAILURE,LIFT,L3682804,1,Kattryggen 2,Brännkyrkagatan 32,Södermalm,NO,https://etjanster.stockholm.se/Byggochplantjansten/arende/arende/1320458?dataSource=Active
2026-09091,1320459,2026-05-20,,Anmaning att låta åtgärda hiss samt utföra förnyad besiktning,2026-05-20,"Intyg återkommande besiktning, ej godkänt, S480991",Skrivelse In,ej godkänt,DETERMINISTIC_FAILURE,LIFT,S480991,1,Årstadalsskolan 7,Sjöviksbacken 47,Liljeholmen,NO,https://etjanster.stockholm.se/Byggochplantjansten/arende/arende/1320459?dataSource=Active
2026-09092,1320460,2026-05-20,,Anmaning att låta åtgärda port samt utföra förnyad besiktning,2026-05-20,"Intyg återkommande besiktning, ej godkänt, S625303",Skrivelse In,ej godkänt,DETERMINISTIC_FAILURE,POWERED_GATE_OR_DOOR,S625303,1,Stillbilden 4,Stallarholmsvägen 22,Högdalen,NO,https://etjanster.stockholm.se/Byggochplantjansten/arende/arende/1320460?dataSource=Active
2026-09094,1320462,2026-05-20,,Anmaning att låta åtgärda hiss samt utföra förnyad besiktning,2026-05-20,"Intyg återkommande besiktning, ej godkänt, S411569",Skrivelse In,ej godkänt,DETERMINISTIC_FAILURE,LIFT,S411569,1,Skravelberget Större 20,Birger Jarlsgatan 6,Östermalm,NO,https://etjanster.stockholm.se/Byggochplantjansten/arende/arende/1320462?dataSource=Active
2026-09095,1320463,2026-05-20,,Anmaning att låta åtgärda hiss samt utföra förnyad besiktning,2026-05-20,"Intyg återkommande besiktning, ej godkänt, L3650132",Skrivelse In,ej godkänt,DETERMINISTIC_FAILURE,LIFT,L3650132,1,Tranbodarne 13,Katarinavägen 19,Södermalm,NO,https://etjanster.stockholm.se/Byggochplantjansten/arende/arende/1320463?dataSource=Active
2026-09096,1320464,2026-05-20,,Anmaning att låta åtgärda hiss samt utföra förnyad besiktning,2026-05-20,"Intyg återkommande besiktning, ej godkänt, S265007",Skrivelse In,ej godkänt,DETERMINISTIC_FAILURE,LIFT,S265007,1,Träspånet 4,Rubanksgränd 3,Gubbängen,NO,https://etjanster.stockholm.se/Byggochplantjansten/arende/arende/1320464?dataSource=Active
2026-09098,1320466,2026-05-20,2026-06-12,Anmaning att låta åtgärda rullramp samt utföra förnyad besiktning,2026-05-20,"Intyg återkommande besiktning, ej godkänt, S568353",Skrivelse In,ej godkänt,DETERMINISTIC_FAILURE,ESCALATOR_OR_MOVING_WALK,S568353,1,Casablanca 1,Hamnpirsvägen 12,Ladugårdsgärdet,YES,https://etjanster.stockholm.se/Byggochplantjansten/arende/arende/1320466?dataSource=Active
2026-09100,1320468,2026-05-20,,Anmaning att låta åtgärda hissar samt utföra förnyad besiktning,2026-05-20,"Intyg återkommande besiktning, ej godkänt, 2 st, L3476272, L3476280",Skrivelse In,ej godkänt,DETERMINISTIC_FAILURE,LIFT,L3476272 L3476280,2,Monumentet 26,"Ölandsgatan 53, Östgötagatan 62",Södermalm,NO,https://etjanster.stockholm.se/Byggochplantjansten/arende/arende/1320468?dataSource=Active
2026-09102,1320470,2026-05-20,,Anmaning att låta åtgärda hissar samt utföra förnyad besiktning,2026-05-20,"Intyg återkommande besiktning, ej godkänt, 2 st, L3122121, L3722139",Skrivelse In,ej godkänt,DETERMINISTIC_FAILURE,LIFT,L3122121 L3722139,2,Kättingen 27,Fridhemsgatan 68,Kungsholmen,NO,https://etjanster.stockholm.se/Byggochplantjansten/arende/arende/1320470?dataSource=Active
2026-09103,1320471,2026-05-20,,Anmaning att låta åtgärda hissar samt utföra förnyad besiktning,2026-05-20,"Intyg återkommande besiktning, ej godkänt, 2 st, L3668282, L3668340",Skrivelse In,ej godkänt,DETERMINISTIC_FAILURE,LIFT,L3668282 L3668340,2,Lammet 9,"Bryggargatan 2, Drottninggatan 55",Norrmalm,NO,https://etjanster.stockholm.se/Byggochplantjansten/arende/arende/1320471?dataSource=Active
2026-09104,1320472,2026-05-20,,Anmaning att låta åtgärda hissar samt utföra förnyad besiktning,2026-05-20,"Intyg återkommande besiktning, ej godkänt, 2 st, S387533, S387534",Skrivelse In,ej godkänt,DETERMINISTIC_FAILURE,LIFT,S387533 S387534,2,Norra Djurgården 1:48,Universitetsvägen 10A,Norra Djurgården,NO,https://etjanster.stockholm.se/Byggochplantjansten/arende/arende/1320472?dataSource=Active
2026-09110,1320478,2026-05-20,2026-05-26,Anmaning att låta åtgärda hissar samt utföra förnyad besiktning,2026-05-20,"Intyg återkommande besiktning, ej godkänt, 2 st, S299520, S299521",Skrivelse In,ej godkänt,DETERMINISTIC_FAILURE,LIFT,S299520 S299521,2,Loka Brunn 1,Valentin Sabbats Gata 8,Vasastaden,YES,https://etjanster.stockholm.se/Byggochplantjansten/arende/arende/1320478?dataSource=Active
2026-09111,1320479,2026-05-20,,Anmaning att låta åtgärda portar samt utföra förnyad besiktning,2026-05-20,"Intyg återkommande besiktning, ej godkänt, 2 st, S1021570, S1021571",Skrivelse In,ej godkänt,DETERMINISTIC_FAILURE,POWERED_GATE_OR_DOOR,S1021570 S1021571,2,Kroppefjäll 4,Missionsvägen 60,Ulvsunda,NO,https://etjanster.stockholm.se/Byggochplantjansten/arende/arende/1320479?dataSource=Active
2026-09112,1320480,2026-05-20,,Anmaning att låta åtgärda hissar samt utföra förnyad besiktning,2026-05-20,"Intyg återkommande besiktning, ej godkänt, 2 st, L3666070, S450327",Skrivelse In,ej godkänt,DETERMINISTIC_FAILURE,LIFT,L3666070 S450327,2,Bryggmästaren 5,"Kungsgatan 53, Målargatan 1",Norrmalm,NO,https://etjanster.stockholm.se/Byggochplantjansten/arende/arende/1320480?dataSource=Active
2026-09113,1320481,2026-05-20,,Anmaning att låta åtgärda portar samt utföra förnyad besiktning,2026-05-20,"Intyg återkommande besiktning, ej godkänt, 3 st, S920120, S920121, S920123",Skrivelse In,ej godkänt,DETERMINISTIC_FAILURE,POWERED_GATE_OR_DOOR,S920120 S920121 S920123,3,Lagret 1,Upplagsvägen 17,Västberga,NO,https://etjanster.stockholm.se/Byggochplantjansten/arende/arende/1320481?dataSource=Active
2026-09114,1320482,2026-05-20,,Anmaning att låta åtgärda hissar samt utföra förnyad besiktning,2026-05-20,"Intyg återkommande besiktning, ej godkänt, 4 st, S671927, S671930, S745302, S746033",Skrivelse In,ej godkänt,DETERMINISTIC_FAILURE,LIFT,S671927 S671930 S745302 S746033,4,Hästskon 12,"Malmskillnadsgatan 21, Sveavägen 10A, Sveavägen 10B",Norrmalm,YES,https://etjanster.stockholm.se/Byggochplantjansten/arende/arende/1320482?dataSource=Active
2026-09215,1320583,2026-05-21,,Anmaning att låta åtgärda hiss samt utföra förnyad besiktning,2026-05-21,"Intyg återkommande besiktning, ej godkänt, D1539975",Skrivelse In,ej godkänt,DETERMINISTIC_FAILURE,LIFT,D1539975,1,Stolpkvarnen 1,Bredbyplan 34,Rinkeby,NO,https://etjanster.stockholm.se/Byggochplantjansten/arende/arende/1320583?dataSource=Active
2026-09239,1320607,2026-05-21,,Anmaning att låta åtgärda hiss samt utföra förnyad besiktning,2026-05-21,"Intyg återkommande besiktning, ej godkänt, L2934945",Skrivelse In,ej godkänt,DETERMINISTIC_FAILURE,LIFT,L2934945,1,Förrådsbacken 1,Oxenstiernsgatan 20,Östermalm,NO,https://etjanster.stockholm.se/Byggochplantjansten/arende/arende/1320607?dataSource=Active
2026-09240,1320608,2026-05-21,,Anmaning att låta åtgärda hiss samt utföra förnyad besiktning,2026-05-21,"Intyg återkommande besiktning, ej godkänt, D1724202",Skrivelse In,ej godkänt,DETERMINISTIC_FAILURE,LIFT,D1724202,1,Gränsholmen 1,Gränsholmsbacken 19,Vårberg,NO,https://etjanster.stockholm.se/Byggochplantjansten/arende/arende/1320608?dataSource=Active
2025-16964,1307802,2025-11-04,,Anmaning att låta åtgärda port samt utföra förnyad besiktning,2026-05-26,"Intyg återkommande besiktning, ej godkänt, L7894257",Skrivelse In,ej godkänt,DETERMINISTIC_FAILURE,POWERED_GATE_OR_DOOR,L7894257,1,Skänninge 1,Tensta Allé 55,Tensta,NO,https://etjanster.stockholm.se/Byggochplantjansten/arende/arende/1307802?dataSource=Active
2026-09465,1320834,2026-05-26,,Anmaning att låta åtgärda hiss samt utföra förnyad besiktning,2026-05-26,"Intyg återkommande besiktning, ej godkänt, L7798183",Skrivelse In,ej godkänt,DETERMINISTIC_FAILURE,LIFT,L7798183,1,Orgelpipan 6,Vasagatan 22,Norrmalm,NO,https://etjanster.stockholm.se/Byggochplantjansten/arende/arende/1320834?dataSource=Active
2026-09469,1320838,2026-05-26,,Anmaning att låta åtgärda hiss samt utföra förnyad besiktning,2026-05-26,"Intyg återkommande besiktning, ej godkänt, L7888942",Skrivelse In,ej godkänt,DETERMINISTIC_FAILURE,LIFT,L7888942,1,Kanslisilket 7,Bräckegatan 5,Vällingby,NO,https://etjanster.stockholm.se/Byggochplantjansten/arende/arende/1320838?dataSource=Active
2026-09471,1320840,2026-05-26,,Anmaning att låta åtgärda hissar samt utföra förnyad besiktning,2026-05-26,"Intyg återkommande besiktning, ej godkänt, 2 st, D1627654, D1637730",Skrivelse In,ej godkänt,DETERMINISTIC_FAILURE,LIFT,D1627654 D1637730,2,Kiwin 1,"Lottens Gata 6, Tegelviksgatan 26",Södermalm,NO,https://etjanster.stockholm.se/Byggochplantjansten/arende/arende/1320840?dataSource=Active
2026-09473,1320842,2026-05-26,,Anmaning att låta åtgärda hissar samt utföra förnyad besiktning,2026-05-26,"Intyg återkommande besiktning, ej godkänt, 2 st, L2710829, L2710838",Skrivelse In,ej godkänt,DETERMINISTIC_FAILURE,LIFT,L2710829 L2710838,2,Kungsbacken 14,"Drottninggatan 112B, Drottninggatan 112C",Vasastaden,NO,https://etjanster.stockholm.se/Byggochplantjansten/arende/arende/1320842?dataSource=Active
2026-09474,1320843,2026-05-26,2026-07-07,Anmaning att låta åtgärda hiss samt utföra förnyad besiktning,2026-05-26,"Intyg återkommande besiktning, ej godkänt, L2507737",Skrivelse In,ej godkänt,DETERMINISTIC_FAILURE,LIFT,L2507737,1,Islandet 15,Adolf Fredriks Kyrkogata 15,Norrmalm,YES,https://etjanster.stockholm.se/Byggochplantjansten/arende/arende/1320843?dataSource=Active
2026-09475,1320844,2026-05-26,2026-08-21,Anmaning att låta åtgärda hiss samt utföra förnyad besiktning,2026-05-26,"Intyg återkommande besiktning, ej godkänt, L7036148",Skrivelse In,ej godkänt,DETERMINISTIC_FAILURE,LIFT,L7036148,1,Forellen 7,Karlavägen 56,Östermalm,YES,https://etjanster.stockholm.se/Byggochplantjansten/arende/arende/1320844?dataSource=Active
2026-09477,1320846,2026-05-26,,Anmaning att låta åtgärda hissar samt utföra förnyad besiktning,2026-05-26,"Intyg återkommande besiktning, ej godkänt, 3 st, L7895014, L7895032, L7895121",Skrivelse In,ej godkänt,DETERMINISTIC_FAILURE,LIFT,L7895014 L7895032 L7895121,3,Korthållaren 5,"Lyckselevägen 11, Lyckselevägen 3, Lyckselevägen 5",Vällingby,NO,https://etjanster.stockholm.se/Byggochplantjansten/arende/arende/1320846?dataSource=Active
2026-09484,1320853,2026-05-26,,Anmaning att låta åtgärda hiss samt utföra förnyad besiktning,2026-05-26,"Intyg återkommande besiktning, ej godkänt, D1599899",Skrivelse In,ej godkänt,DETERMINISTIC_FAILURE,LIFT,D1599899,1,Siktet 5,Rosenlundsgatan 50,Södermalm,NO,https://etjanster.stockholm.se/Byggochplantjansten/arende/arende/1320853?dataSource=Active
2026-09485,1320854,2026-05-26,2026-05-27,Anmaning att låta åtgärda hiss samt utföra förnyad besiktning,2026-05-26,"Intyg återkommande besiktning, ej godkänt, L3478278",Skrivelse In,ej godkänt,DETERMINISTIC_FAILURE,LIFT,L3478278,1,Bondesonen 24,Skånegatan 79,Södermalm,YES,https://etjanster.stockholm.se/Byggochplantjansten/arende/arende/1320854?dataSource=Active
2026-09492,1320861,2026-05-26,,Anmaning att låta åtgärda hiss samt utföra förnyad besiktning,2026-05-26,"Intyg återkommande besiktning, ej godkänt, D1539774",Skrivelse In,ej godkänt,DETERMINISTIC_FAILURE,LIFT,D1539774,1,Sätesdalen 1,Norgegatan 4,Husby,NO,https://etjanster.stockholm.se/Byggochplantjansten/arende/arende/1320861?dataSource=Active
2026-09514,1320883,2026-05-26,,Anmaning att låta åtgärda hissar samt utföra förnyad besiktning,2026-05-26,"Intyg återkommande besiktning, ej godkänt, 2 st, 42312, 42322",Skrivelse In,ej godkänt,DETERMINISTIC_FAILURE,LIFT,42312 42322,2,Brunnsläkaren 1,"Eastmansvägen 10, Eastmansvägen 12",Vasastaden,NO,https://etjanster.stockholm.se/Byggochplantjansten/arende/arende/1320883?dataSource=Active
2026-09538,1320909,2026-05-26,2026-06-18,Anmaning att låta åtgärda hiss samt utföra förnyad besiktning,2026-05-26,"Intyg återkommande besiktning, ej godkänt, 68613",Skrivelse In,ej godkänt,DETERMINISTIC_FAILURE,LIFT,68613,1,Påsen 15,Heliosgatan 13,Södra Hammarbyhamnen,YES,https://etjanster.stockholm.se/Byggochplantjansten/arende/arende/1320909?dataSource=Active
2026-09539,1320911,2026-05-26,2026-09-23,Anmaning att låta åtgärda hiss samt utföra förnyad besiktning,2026-05-26,"Intyg återkommande besiktning, ej godkänt, 51829",Skrivelse In,ej godkänt,DETERMINISTIC_FAILURE,LIFT,51829,1,Veterinären 10,Grevgatan 67,Östermalm,YES,https://etjanster.stockholm.se/Byggochplantjansten/arende/arende/1320911?dataSource=Active
2026-09540,1320912,2026-05-26,2026-05-28,Anmaning att låta åtgärda hiss samt utföra förnyad besiktning,2026-05-26,"Intyg återkommande besiktning, ej godkänt, 45869",Skrivelse In,ej godkänt,DETERMINISTIC_FAILURE,LIFT,45869,1,Såningsmannen 9,Fågelkärrsvägen 1C,Gamla Enskede,YES,https://etjanster.stockholm.se/Byggochplantjansten/arende/arende/1320912?dataSource=Active
2026-09542,1320914,2026-05-26,2026-06-25,Anmaning att låta åtgärda hiss samt utföra förnyad besiktning,2026-05-26,"Intyg återkommande besiktning, ej godkänt, 52795",Skrivelse In,ej godkänt,DETERMINISTIC_FAILURE,LIFT,52795,1,Brantholmen 1,Brantholmsgränd 20,Skärholmen,YES,https://etjanster.stockholm.se/Byggochplantjansten/arende/arende/1320914?dataSource=Active
2026-09543,1320915,2026-05-26,,Anmaning att låta åtgärda hissar samt utföra förnyad besiktning,2026-05-26,"Intyg återkommande besiktning, ej godkänt, 3 st, 52818, 52822, 52823",Skrivelse In,ej godkänt,DETERMINISTIC_FAILURE,LIFT,52818 52822 52823,3,Fågelholmen 8,"Ekholmsvägen 233, Ekholmsvägen 241, Ekholmsvägen 243",Skärholmen,NO,https://etjanster.stockholm.se/Byggochplantjansten/arende/arende/1320915?dataSource=Active
2026-09561,1320933,2026-05-26,2026-08-21,Anmaning att låta åtgärda hiss samt utföra förnyad besiktning,2026-05-26,"Intyg återkommande besiktning, ej godkänt, S705983",Skrivelse In,ej godkänt,DETERMINISTIC_FAILURE,LIFT,S705983,1,Glavsfjorden 6,Rämensvägen 29B,Årsta,YES,https://etjanster.stockholm.se/Byggochplantjansten/arende/arende/1320933?dataSource=Active
2026-09562,1320934,2026-05-26,,Anmaning att låta åtgärda hiss samt utföra förnyad besiktning,2026-05-26,"Intyg återkommande besiktning, ej godkänt, L3750007",Skrivelse In,ej godkänt,DETERMINISTIC_FAILURE,LIFT,L3750007,1,Hökaren 1,Russinvägen 18,Hökarängen,NO,https://etjanster.stockholm.se/Byggochplantjansten/arende/arende/1320934?dataSource=Active
2026-09563,1320935,2026-05-26,,Anmaning att låta åtgärda hiss samt utföra förnyad besiktning,2026-05-26,"Intyg återkommande besiktning, ej godkänt, L3129509",Skrivelse In,ej godkänt,DETERMINISTIC_FAILURE,LIFT,L3129509,1,Stora Katrineberg 10,Liljeholmsvägen 10,Liljeholmen,NO,https://etjanster.stockholm.se/Byggochplantjansten/arende/arende/1320935?dataSource=Active
2026-09564,1320936,2026-05-26,,Anmaning att låta åtgärda hiss samt utföra förnyad besiktning,2026-05-26,"Intyg återkommande besiktning, ej godkänt, L1679810",Skrivelse In,ej godkänt,DETERMINISTIC_FAILURE,LIFT,L1679810,1,Läraren 7,Torsgatan 8,Norrmalm,NO,https://etjanster.stockholm.se/Byggochplantjansten/arende/arende/1320936?dataSource=Active
2026-09565,1320937,2026-05-26,,Anmaning att låta åtgärda port samt utföra förnyad besiktning,2026-05-26,"Intyg återkommande besiktning, ej godkänt, S830628",Skrivelse In,ej godkänt,DETERMINISTIC_FAILURE,POWERED_GATE_OR_DOOR,S830628,1,Lyckan 9,Lindhagensgatan 122,Stadshagen,NO,https://etjanster.stockholm.se/Byggochplantjansten/arende/arende/1320937?dataSource=Active
2026-09596,1320968,2026-05-27,,Anmaning att låta åtgärda hiss samt utföra förnyad besiktning,2026-05-27,"Intyg återkommande besiktning, ej godkänt, L3752193",Skrivelse In,ej godkänt,DETERMINISTIC_FAILURE,LIFT,L3752193,1,Oxeln 7,Kungstensgatan 3,Östermalm,NO,https://etjanster.stockholm.se/Byggochplantjansten/arende/arende/1320968?dataSource=Active
2026-09598,1320970,2026-05-27,,Anmaning att låta åtgärda hiss samt utföra förnyad besiktning,2026-05-27,"Intyg återkommande besiktning, ej godkänt, S372467",Skrivelse In,ej godkänt,DETERMINISTIC_FAILURE,LIFT,S372467,1,Sankt Göran 1,Wollmar Yxkullsgatan 3,Södermalm,NO,https://etjanster.stockholm.se/Byggochplantjansten/arende/arende/1320970?dataSource=Active
2026-09600,1320972,2026-05-27,,Anmaning att låta åtgärda hiss samt utföra förnyad besiktning,2026-05-27,"Intyg återkommande besiktning, ej godkänt, S264297",Skrivelse In,ej godkänt,DETERMINISTIC_FAILURE,LIFT,S264297,1,Svea Artilleri 7,Bo Bergmans Gata 1,Ladugårdsgärdet,NO,https://etjanster.stockholm.se/Byggochplantjansten/arende/arende/1320972?dataSource=Active
2026-09601,1320973,2026-05-27,,Anmaning att låta åtgärda port samt utföra förnyad besiktning,2026-05-27,"Intyg återkommande besiktning, ej godkänt, L5113154",Skrivelse In,ej godkänt,DETERMINISTIC_FAILURE,POWERED_GATE_OR_DOOR,L5113154,1,Skotten 9,Målargatan 4,Norrmalm,NO,https://etjanster.stockholm.se/Byggochplantjansten/arende/arende/1320973?dataSource=Active
2026-09603,1320975,2026-05-27,,Anmaning att låta åtgärda hiss samt utföra förnyad besiktning,2026-05-27,"Intyg återkommande besiktning, ej godkänt, L9197914",Skrivelse In,ej godkänt,DETERMINISTIC_FAILURE,LIFT,L9197914,1,Svea Artilleri 5,Löjtnantsgatan 24,Ladugårdsgärdet,NO,https://etjanster.stockholm.se/Byggochplantjansten/arende/arende/1320975?dataSource=Active
2026-09604,1320976,2026-05-27,,Anmaning att låta åtgärda port samt utföra förnyad besiktning,2026-05-27,"Intyg återkommande besiktning, ej godkänt, S729116",Skrivelse In,ej godkänt,DETERMINISTIC_FAILURE,POWERED_GATE_OR_DOOR,S729116,1,Kolsva 2,Avestagatan 56,Lunda,NO,https://etjanster.stockholm.se/Byggochplantjansten/arende/arende/1320976?dataSource=Active
2026-09606,1320978,2026-05-27,,Anmaning att låta åtgärda hiss samt utföra förnyad besiktning,2026-05-27,"Intyg återkommande besiktning, ej godkänt, L5234711",Skrivelse In,ej godkänt,DETERMINISTIC_FAILURE,LIFT,L5234711,1,Ulvsunda Slott 1,Margretelundsvägen 125,Ulvsunda,NO,https://etjanster.stockholm.se/Byggochplantjansten/arende/arende/1320978?dataSource=Active
2026-09607,1320979,2026-05-27,,Anmaning att låta åtgärda portar samt utföra förnyad besiktning,2026-05-27,"Intyg återkommande besiktning, ej godkänt, 2 st, S1022008, S1022011",Skrivelse In,ej godkänt,DETERMINISTIC_FAILURE,POWERED_GATE_OR_DOOR,S1022008 S1022011,2,Murmästare-ämbetet 1,Murmästarvägen 21,Bredäng,NO,https://etjanster.stockholm.se/Byggochplantjansten/arende/arende/1320979?dataSource=Active
2026-09610,1320982,2026-05-27,,Anmaning att låta åtgärda hiss samt utföra förnyad besiktning,2026-05-27,"Intyg återkommande besiktning, ej godkänt, L3478260",Skrivelse In,ej godkänt,DETERMINISTIC_FAILURE,LIFT,L3478260,1,Bondesonen 24,Nytorgsgatan 33,Södermalm,NO,https://etjanster.stockholm.se/Byggochplantjansten/arende/arende/1320982?dataSource=Active
2026-09611,1320983,2026-05-27,,Anmaning att låta åtgärda hissar samt utföra förnyad besiktning,2026-05-27,"Intyg återkommande besiktning, ej godkänt, 4 st, S573621, S573622, S573629, S587172",Skrivelse In,ej godkänt,DETERMINISTIC_FAILURE,LIFT,S573621 S573622 S573629 S587172,4,Skansen 18,Brunkebergstorg 9,Norrmalm,NO,https://etjanster.stockholm.se/Byggochplantjansten/arende/arende/1320983?dataSource=Active
2026-09619,1320991,2026-05-27,,Anmaning att låta åtgärda hissar samt utföra förnyad besiktning,2026-05-27,"Intyg återkommande besiktning, ej godkänt, 2 st, L9195074, L9195090",Skrivelse In,ej godkänt,DETERMINISTIC_FAILURE,LIFT,L9195074 L9195090,2,Starrbäcken 4,"Starrängsringen 56, Starrängsringen 58",Ladugårdsgärdet,NO,https://etjanster.stockholm.se/Byggochplantjansten/arende/arende/1320991?dataSource=Active
2026-09621,1320993,2026-05-27,,Anmaning att låta åtgärda hissar samt utföra förnyad besiktning,2026-05-27,"Intyg återkommande besiktning, ej godkänt, 3 st, L9196676, L9197120, L9197708",Skrivelse In,ej godkänt,DETERMINISTIC_FAILURE,LIFT,L9196676 L9197120 L9197708,3,Svea Artilleri 21,"Löjtnantsgatan 26, Starrängsringen 67, Starrängsringen 71",Ladugårdsgärdet,NO,https://etjanster.stockholm.se/Byggochplantjansten/arende/arende/1320993?dataSource=Active
2026-09625,1320997,2026-05-27,2026-06-04,Anmaning att låta åtgärda hiss samt utföra förnyad besiktning,2026-05-27,"Intyg återkommande besiktning, ej godkänt, L3266020",Skrivelse In,ej godkänt,DETERMINISTIC_FAILURE,LIFT,L3266020,1,Stormkransen 1,Saltmätargatan 8,Vasastaden,YES,https://etjanster.stockholm.se/Byggochplantjansten/arende/arende/1320997?dataSource=Active
2026-09627,1320999,2026-05-27,2026-06-04,Anmaning att låta åtgärda hiss samt utföra förnyad besiktning,2026-05-27,"Intyg återkommande besiktning, ej godkänt, L3491107",Skrivelse In,ej godkänt,DETERMINISTIC_FAILURE,LIFT,L3491107,1,Stormkransen 11,Sveavägen 47,Vasastaden,YES,https://etjanster.stockholm.se/Byggochplantjansten/arende/arende/1320999?dataSource=Active
2026-09628,1321000,2026-05-27,,Anmaning att låta åtgärda hissar samt utföra förnyad besiktning,2026-05-27,"Intyg återkommande besiktning, ej godkänt, 2 st, L3727740, L3727757",Skrivelse In,ej godkänt,DETERMINISTIC_FAILURE,LIFT,L3727740 L3727757,2,Terrakottan 2,"Birkagatan 7, Birkagatan 9",Vasastaden,NO,https://etjanster.stockholm.se/Byggochplantjansten/arende/arende/1321000?dataSource=Active
2026-09637,1321009,2026-05-27,,Anmaning att låta åtgärda hiss samt utföra förnyad besiktning,2026-05-27,"Intyg återkommande besiktning, ej godkänt, 51580",Skrivelse In,ej godkänt,DETERMINISTIC_FAILURE,LIFT,51580,1,Ullfors 1,Finspångsgatan 31,Lunda,NO,https://etjanster.stockholm.se/Byggochplantjansten/arende/arende/1321009?dataSource=Active
2026-09644,1321016,2026-05-27,,Anmaning att låta åtgärda hissar samt utföra förnyad besiktning,2026-05-27,"Intyg återkommande besiktning, ej godkänt, 6 st, 52799, 52800, 52801, 52803, 52807, 52809",Skrivelse In,ej godkänt,DETERMINISTIC_FAILURE,LIFT,52799 52800 52801 52803 52807 52809,6,Brantholmen 1,"Brantholmsgränd 28, Brantholmsgränd 30, Brantholmsgränd 32, Brantholmsgränd 36, Brantholmsgränd 54, Brantholmsgränd 58",Skärholmen,YES,https://etjanster.stockholm.se/Byggochplantjansten/arende/arende/1321016?dataSource=Active
2026-09650,1321022,2026-05-26,,Anmaning att låta åtgärda hissar samt utföra förnyad besiktning,2026-05-27,"Intyg återkommande besiktning, ej godkänt, 52812, 52813",Skrivelse In,ej godkänt,DETERMINISTIC_FAILURE,LIFT,52812 52813,2,Brantholmen 1,Brantholmsgränd 62,Skärholmen,YES,https://etjanster.stockholm.se/Byggochplantjansten/arende/arende/1321022?dataSource=Active
2026-09651,1321023,2026-05-26,,Anmaning att låta åtgärda hissar samt utföra förnyad besiktning,2026-05-27,"Intyg återkommande besiktning, ej godkänt, 73041",Skrivelse In,ej godkänt,DETERMINISTIC_FAILURE,LIFT,73041,1,Görväln 2,Bränningevägen 22,Årsta,NO,https://etjanster.stockholm.se/Byggochplantjansten/arende/arende/1321023?dataSource=Active
2026-09652,1321024,2026-05-27,2026-06-04,Anmaning att låta åtgärda hissar samt utföra förnyad besiktning,2026-05-27,"Intyg återkommande besiktning, ej godkänt, 2 st, L2984427, L2984454",Skrivelse In,ej godkänt,DETERMINISTIC_FAILURE,LIFT,L2984427 L2984454,2,Sommaren 11,Alsnögatan 7,Södermalm,YES,https://etjanster.stockholm.se/Byggochplantjansten/arende/arende/1321024?dataSource=Active
2026-09654,1321026,2026-05-27,,Anmaning att låta åtgärda hiss samt utföra förnyad besiktning,2026-05-27,"Intyg återkommande besiktning, ej godkänt, L2584154",Skrivelse In,ej godkänt,DETERMINISTIC_FAILURE,LIFT,L2584154,1,Hästen 19,Hamngatan 18,Norrmalm,NO,https://etjanster.stockholm.se/Byggochplantjansten/arende/arende/1321026?dataSource=Active
2026-09660,1321032,2026-05-27,,Anmaning att låta åtgärda hiss samt utföra förnyad besiktning,2026-05-27,"Intyg återkommande besiktning, ej godkänt, 54459",Skrivelse In,ej godkänt,DETERMINISTIC_FAILURE,LIFT,54459,1,Europa 8,Köpmangatan 4,Gamla Stan,NO,https://etjanster.stockholm.se/Byggochplantjansten/arende/arende/1321032?dataSource=Active
2026-09661,1321033,2026-05-27,,Anmaning att låta åtgärda hiss samt utföra förnyad besiktning,2026-05-27,"Intyg återkommande besiktning, ej godkänt, 58272",Skrivelse In,ej godkänt,DETERMINISTIC_FAILURE,LIFT,58272,1,Europa 7,Köpmangatan 8,Gamla Stan,NO,https://etjanster.stockholm.se/Byggochplantjansten/arende/arende/1321033?dataSource=Active
2026-09740,1321112,2026-05-28,,Anmaning att låta åtgärda hissar samt utföra förnyad besiktning,2026-05-28,"Intyg återkommande besiktning, ej godkänt, D1763457, D1763459",Skrivelse In,ej godkänt,DETERMINISTIC_FAILURE,LIFT,D1763457 D1763459,2,Järflotta 4,Sunneplan 10,Farsta,NO,https://etjanster.stockholm.se/Byggochplantjansten/arende/arende/1321112?dataSource=Active
2026-09742,1321114,2026-05-28,,Anmaning att låta åtgärda hissar samt utföra förnyad besiktning,2026-05-28,"Intyg återkommande besiktning, ej godkänt, D1814334",Skrivelse In,ej godkänt,DETERMINISTIC_FAILURE,LIFT,D1814334,1,Gubbängsgården 19,Gubbängsvägen 63,Gubbängen,NO,https://etjanster.stockholm.se/Byggochplantjansten/arende/arende/1321114?dataSource=Active
2026-09743,1321115,2026-05-28,,Anmaning att låta åtgärda hissar samt utföra förnyad besiktning,2026-05-28,"Intyg återkommande besiktning, ej godkänt, 33074, 33075",Skrivelse In,ej godkänt,DETERMINISTIC_FAILURE,LIFT,33074 33075,2,Grannarne 1,"Kommendörsgatan 34, Nybergsgatan 10",Östermalm,NO,https://etjanster.stockholm.se/Byggochplantjansten/arende/arende/1321115?dataSource=Active
2026-09760,1321132,2026-05-28,,Anmaning att låta åtgärda hissar samt utföra förnyad besiktning,2026-05-29,"Intyg återkommande besiktning, ej godkänt, L7923939",Skrivelse In,ej godkänt,DETERMINISTIC_FAILURE,LIFT,L7923939,1,Sidfoten 1,Vilhelminagatan 19,Vällingby,NO,https://etjanster.stockholm.se/Byggochplantjansten/arende/arende/1321132?dataSource=Active
2026-09761,1321133,2026-05-28,,Anmaning att låta åtgärda hissar samt utföra förnyad besiktning,2026-05-29,"Intyg återkommande besiktning, ej godkänt, D1601519",Skrivelse In,ej godkänt,DETERMINISTIC_FAILURE,LIFT,D1601519,1,Konsumenten 1,Konsumentvägen 8A,Älvsjö,NO,https://etjanster.stockholm.se/Byggochplantjansten/arende/arende/1321133?dataSource=Active
2026-10022,1321394,2026-06-02,,Anmaning att låta åtgärda hiss samt utföra förnyad besiktning,2026-06-02,"Intyg återkommande besiktning, ej godkänt, 45120",Skrivelse In,ej godkänt,DETERMINISTIC_FAILURE,LIFT,45120,1,Magasinet 1,Varuvägen 11,Älvsjö,NO,https://etjanster.stockholm.se/Byggochplantjansten/arende/arende/1321394?dataSource=Active
2026-10023,1321395,2026-06-02,,Anmaning att låta åtgärda hiss samt utföra förnyad besiktning,2026-06-02,"Intyg återkommande besiktning, ej godkänt, 44659",Skrivelse In,ej godkänt,DETERMINISTIC_FAILURE,LIFT,44659,1,Munin 33,Sveavägen 131,Vasastaden,NO,https://etjanster.stockholm.se/Byggochplantjansten/arende/arende/1321395?dataSource=Active
2026-10082,1321454,2026-06-03,,Anmaning att låta åtgärda port samt utföra förnyad besiktning,2026-06-03,"Intyg återkommande besiktning, ej godkänt, S1023323",Skrivelse In,ej godkänt,DETERMINISTIC_FAILURE,POWERED_GATE_OR_DOOR,S1023323,1,Hedenbacken Mindre 9,Grev Turegatan 39,Östermalm,NO,https://etjanster.stockholm.se/Byggochplantjansten/arende/arende/1321454?dataSource=Active
2026-10083,1321455,2026-06-03,2026-06-23,Anmaning att låta åtgärda hiss samt utföra förnyad besiktning,2026-06-03,"Intyg återkommande besiktning, ej godkänt, L0788687",Skrivelse In,ej godkänt,DETERMINISTIC_FAILURE,LIFT,L0788687,1,Linden 5,Villagatan 4,Östermalm,YES,https://etjanster.stockholm.se/Byggochplantjansten/arende/arende/1321455?dataSource=Active
2026-10084,1321456,2026-06-03,,Anmaning att låta åtgärda hiss samt utföra förnyad besiktning,2026-06-03,"Intyg återkommande besiktning, ej godkänt, L3686904",Skrivelse In,ej godkänt,DETERMINISTIC_FAILURE,LIFT,L3686904,1,Näckström 6,Arsenalsgatan 8C,Norrmalm,NO,https://etjanster.stockholm.se/Byggochplantjansten/arende/arende/1321456?dataSource=Active
2026-10085,1321457,2026-06-03,,Anmaning att låta åtgärda hiss samt utföra förnyad besiktning,2026-06-03,"Intyg återkommande besiktning, ej godkänt, S490239",Skrivelse In,ej godkänt,DETERMINISTIC_FAILURE,LIFT,S490239,1,Kopisten 2,Jämtlandsgatan 119,Råcksta,NO,https://etjanster.stockholm.se/Byggochplantjansten/arende/arende/1321457?dataSource=Active
2026-10086,1321458,2026-06-03,,Anmaning att låta åtgärda hiss samt utföra förnyad besiktning,2026-06-03,"Intyg återkommande besiktning, ej godkänt, L3106804",Skrivelse In,ej godkänt,DETERMINISTIC_FAILURE,LIFT,L3106804,1,Mörsaren 10,Rindögatan 18,Ladugårdsgärdet,NO,https://etjanster.stockholm.se/Byggochplantjansten/arende/arende/1321458?dataSource=Active
2026-10087,1321459,2026-06-03,,Anmaning att låta åtgärda hiss samt utföra förnyad besiktning,2026-06-03,"Intyg återkommande besiktning, ej godkänt, L3751351",Skrivelse In,ej godkänt,DETERMINISTIC_FAILURE,LIFT,L3751351,1,Nybyggsgrind 3,Sandelsgatan 35,Ladugårdsgärdet,NO,https://etjanster.stockholm.se/Byggochplantjansten/arende/arende/1321459?dataSource=Active
2026-10088,1321460,2026-06-03,,Anmaning att låta åtgärda hiss samt utföra förnyad besiktning,2026-06-03,"Intyg återkommande besiktning, ej godkänt, S376502",Skrivelse In,ej godkänt,DETERMINISTIC_FAILURE,LIFT,S376502,1,Lidarände 2,Arne Beurlings Torg 3,Kista,NO,https://etjanster.stockholm.se/Byggochplantjansten/arende/arende/1321460?dataSource=Active
2026-10089,1321461,2026-06-03,,Anmaning att låta åtgärda hiss samt utföra förnyad besiktning,2026-06-03,"Intyg återkommande besiktning, ej godkänt, L3492808",Skrivelse In,ej godkänt,DETERMINISTIC_FAILURE,LIFT,L3492808,1,Smedjan 8,Vanadisvägen 32,Vasastaden,NO,https://etjanster.stockholm.se/Byggochplantjansten/arende/arende/1321461?dataSource=Active
2026-10090,1321462,2026-06-03,,Anmaning att låta åtgärda hiss samt utföra förnyad besiktning,2026-06-03,"Intyg återkommande besiktning, ej godkänt, S341577",Skrivelse In,ej godkänt,DETERMINISTIC_FAILURE,LIFT,S341577,1,Astrid 12,Norrskensbacken 1A,Solhem,NO,https://etjanster.stockholm.se/Byggochplantjansten/arende/arende/1321462?dataSource=Active
2026-10091,1321463,2026-06-03,,Anmaning att låta åtgärda hiss samt utföra förnyad besiktning,2026-06-03,"Intyg återkommande besiktning, ej godkänt, S552631",Skrivelse In,ej godkänt,DETERMINISTIC_FAILURE,LIFT,S552631,1,Robertsfors 2,Domnarvsgatan 9A,Lunda,NO,https://etjanster.stockholm.se/Byggochplantjansten/arende/arende/1321463?dataSource=Active
2026-10092,1321464,2026-06-03,,Anmaning att låta åtgärda hiss samt utföra förnyad besiktning,2026-06-03,"Intyg återkommande besiktning, ej godkänt, S640805",Skrivelse In,ej godkänt,DETERMINISTIC_FAILURE,LIFT,S640805,1,Wienerkransen 1,Sköndalsvägen 89,Sköndal,NO,https://etjanster.stockholm.se/Byggochplantjansten/arende/arende/1321464?dataSource=Active
2026-10093,1321465,2026-06-03,,Anmaning att låta åtgärda hiss samt utföra förnyad besiktning,2026-06-03,"Intyg återkommande besiktning, ej godkänt, L3476082",Skrivelse In,ej godkänt,DETERMINISTIC_FAILURE,LIFT,L3476082,1,Båtsmannen Större 18,Folkungagatan 68,Södermalm,NO,https://etjanster.stockholm.se/Byggochplantjansten/arende/arende/1321465?dataSource=Active
2026-10094,1321466,2026-06-03,,Anmaning att låta åtgärda hissar samt utföra förnyad besiktning,2026-06-03,"Intyg återkommande besiktning, ej godkänt, 2 st, L4043816, L4043824",Skrivelse In,ej godkänt,DETERMINISTIC_FAILURE,LIFT,L4043816 L4043824,2,Uven Större 22,"Brännkyrkagatan 81, Hornsgatan 92",Södermalm,NO,https://etjanster.stockholm.se/Byggochplantjansten/arende/arende/1321466?dataSource=Active
2026-10095,1321467,2026-06-03,2026-06-12,Anmaning att låta åtgärda hissar samt utföra förnyad besiktning,2026-06-03,"Intyg återkommande besiktning, ej godkänt, 2 st, L0652149, L9120437",Skrivelse In,ej godkänt,DETERMINISTIC_FAILURE,LIFT,L0652149 L9120437,2,Tullgården 2,Bohusgatan 14,Södermalm,YES,https://etjanster.stockholm.se/Byggochplantjansten/arende/arende/1321467?dataSource=Active
2026-10096,1321468,2026-06-03,,Anmaning att låta åtgärda portar samt utföra förnyad besiktning,2026-06-03,"Intyg återkommande besiktning, ej godkänt, 2 st, L7017254, S194817",Skrivelse In,ej godkänt,DETERMINISTIC_FAILURE,POWERED_GATE_OR_DOOR,L7017254 S194817,2,Väbeln 3,Studentbacken 15,Ladugårdsgärdet,NO,https://etjanster.stockholm.se/Byggochplantjansten/arende/arende/1321468?dataSource=Active
2026-10097,1321469,2026-06-03,2026-08-20,Anmaning att låta åtgärda hissar samt utföra förnyad besiktning,2026-06-03,"Intyg återkommande besiktning, ej godkänt, 3 st, S900197, S900201, S926748",Skrivelse In,ej godkänt,DETERMINISTIC_FAILURE,LIFT,S900197 S900201 S926748,3,Rosteriet 7,"Liljeholmsgränd 2, Liljeholmsvägen 32, Liljeholmsvägen 34",Liljeholmen,YES,https://etjanster.stockholm.se/Byggochplantjansten/arende/arende/1321469?dataSource=Active
2026-10099,1321471,2026-06-03,,Anmaning att låta åtgärda hissar samt utföra förnyad besiktning,2026-06-03,"Intyg återkommande besiktning, ej godkänt, 4 st, L0056713, L3109063, L3110079, S585597",Skrivelse In,ej godkänt,DETERMINISTIC_FAILURE,LIFT,L0056713 L3109063 L3110079 S585597,4,Norra Djurgården 1:45,"Frescati Hagväg 10, Frescati Hagväg 14, Frescati Hagväg 8",Norra Djurgården,NO,https://etjanster.stockholm.se/Byggochplantjansten/arende/arende/1321471?dataSource=Active
2026-10100,1321472,2026-06-03,,Anmaning att låta åtgärda hissar samt utföra förnyad besiktning,2026-06-03,"Intyg återkommande besiktning, ej godkänt, 7 st, L0103176, L3482221, L9456864, S162054, S170356, S257087, S510610",Skrivelse In,ej godkänt,DETERMINISTIC_FAILURE,LIFT,L0103176 L3482221 L9456864 S162054 S170356 S257087 S510610,7,Norra Djurgården 1:44,"Kräftriket 23A, Kräftriket 24A, Kräftriket 2A, Kräftriket 6A, Kräftriket 7A",Norra Djurgården,NO,https://etjanster.stockholm.se/Byggochplantjansten/arende/arende/1321472?dataSource=Active
2026-10101,1321473,2026-06-03,,Anmaning att låta åtgärda hissar samt utföra förnyad besiktning,2026-06-03,"Intyg återkommande besiktning, ej godkänt, 2 st, L3106499, S324033",Skrivelse In,ej godkänt,DETERMINISTIC_FAILURE,LIFT,L3106499 S324033,2,Norra Djurgården 1:48,"Svante Arrhenius Väg 20A, Universitetsvägen 16",Norra Djurgården,NO,https://etjanster.stockholm.se/Byggochplantjansten/arende/arende/1321473?dataSource=Active
2026-10102,1321474,2026-06-03,,Anmaning att låta åtgärda hiss samt utföra förnyad besiktning,2026-06-03,"Intyg återkommande besiktning, ej godkänt, S698428",Skrivelse In,ej godkänt,DETERMINISTIC_FAILURE,LIFT,S698428,1,Norra Djurgården 1:49,Teknikringen 76,Norra Djurgården,NO,https://etjanster.stockholm.se/Byggochplantjansten/arende/arende/1321474?dataSource=Active
2026-10103,1321475,2026-06-03,,Anmaning att låta åtgärda hiss samt utföra förnyad besiktning,2026-06-03,"Intyg återkommande besiktning, ej godkänt, S809258",Skrivelse In,ej godkänt,DETERMINISTIC_FAILURE,LIFT,S809258,1,Idrottshögskolan 1,Drottning Sofias Väg 20,Norra Djurgården,NO,https://etjanster.stockholm.se/Byggochplantjansten/arende/arende/1321475?dataSource=Active
2026-10120,1321492,2026-06-03,,Anmaning att låta åtgärda hiss samt utföra förnyad besiktning,2026-06-03,"Intyg återkommande besiktning, ej godkänt, 56169",Skrivelse In,ej godkänt,DETERMINISTIC_FAILURE,LIFT,56169,1,Sjölejonet 7,Luntmakargatan 78,Vasastaden,NO,https://etjanster.stockholm.se/Byggochplantjansten/arende/arende/1321492?dataSource=Active
2026-10121,1321493,2026-06-03,,Anmaning att låta åtgärda hiss samt utföra förnyad besiktning,2026-06-03,"Intyg återkommande besiktning, ej godkänt, 54955",Skrivelse In,ej godkänt,DETERMINISTIC_FAILURE,LIFT,54955,1,Kadetten 21,Tomtebogatan 42,Vasastaden,NO,https://etjanster.stockholm.se/Byggochplantjansten/arende/arende/1321493?dataSource=Active
2026-10122,1321494,2026-06-03,,Anmaning att låta åtgärda hiss samt utföra förnyad besiktning,2026-06-03,"Intyg återkommande besiktning, ej godkänt, 54954",Skrivelse In,ej godkänt,DETERMINISTIC_FAILURE,LIFT,54954,1,Kadetten 20,Tomtebogatan 40,Vasastaden,NO,https://etjanster.stockholm.se/Byggochplantjansten/arende/arende/1321494?dataSource=Active
2026-10123,1321495,2026-06-03,,Anmaning att låta åtgärda hiss samt utföra förnyad besiktning,2026-06-03,"Intyg återkommande besiktning, ej godkänt, 70434",Skrivelse In,ej godkänt,DETERMINISTIC_FAILURE,LIFT,70434,1,Sothönan 11,Erik Segersälls Väg 18,Aspudden,NO,https://etjanster.stockholm.se/Byggochplantjansten/arende/arende/1321495?dataSource=Active
2026-10124,1321496,2026-06-03,,Anmaning att låta åtgärda hiss samt utföra förnyad besiktning,2026-06-03,"Intyg återkommande besiktning, ej godkänt, D1539928",Skrivelse In,ej godkänt,DETERMINISTIC_FAILURE,LIFT,D1539928,1,Mariehamn 3,Mariehamnsgatan 5,Akalla,NO,https://etjanster.stockholm.se/Byggochplantjansten/arende/arende/1321496?dataSource=Active
2026-10164,1321540,2026-06-04,,Anmaning att låta åtgärda hiss samt utföra förnyad besiktning,2026-06-04,"Intyg återkommande besiktning, ej godkänt, 57264",Skrivelse In,ej godkänt,DETERMINISTIC_FAILURE,LIFT,57264,1,Gjutaren 29,Tomtebogatan 1A,Vasastaden,NO,https://etjanster.stockholm.se/Byggochplantjansten/arende/arende/1321540?dataSource=Active
2026-10166,1321542,2026-06-04,,Anmaning att låta åtgärda hiss samt utföra förnyad besiktning,2026-06-04,"Intyg återkommande besiktning, ej godkänt, 62605",Skrivelse In,ej godkänt,DETERMINISTIC_FAILURE,LIFT,62605,1,Båten 10,Grubbens Gata 3,Kungsholmen,NO,https://etjanster.stockholm.se/Byggochplantjansten/arende/arende/1321542?dataSource=Active
2026-10167,1321543,2026-06-04,,Anmaning att låta åtgärda hissar samt utföra förnyad besiktning,2026-06-04,"Intyg återkommande besiktning, ej godkänt, 2 st,  32084, 38484",Skrivelse In,ej godkänt,DETERMINISTIC_FAILURE,LIFT,32084 38484,2,Lokföraren 1,Årstaängsvägen 13,Liljeholmen,YES,https://etjanster.stockholm.se/Byggochplantjansten/arende/arende/1321543?dataSource=Active
2026-10181,1321557,2026-06-04,,Anmaning att låta åtgärda hiss samt utföra förnyad besiktning,2026-06-04,"Intyg återkommande besiktning, ej godkänt, D1540015",Skrivelse In,ej godkänt,DETERMINISTIC_FAILURE,LIFT,D1540015,1,Zinket 2,Kanngjutargränd 12,Grimsta,NO,https://etjanster.stockholm.se/Byggochplantjansten/arende/arende/1321557?dataSource=Active
2026-10185,1321561,2026-06-04,,Anmaning att låta åtgärda hiss samt utföra förnyad besiktning,2026-06-04,"Intyg återkommande besiktning, ej godkänt, D1540038",Skrivelse In,ej godkänt,DETERMINISTIC_FAILURE,LIFT,D1540038,1,Tjället 9,Sankt Göransgatan 145A,Stadshagen,NO,https://etjanster.stockholm.se/Byggochplantjansten/arende/arende/1321561?dataSource=Active
2026-10188,1321564,2026-06-04,,Anmaning att låta åtgärda hissar samt utföra förnyad besiktning,2026-06-04,"Intyg återkommande besiktning, ej godkänt, 2 st, L2932223, L2932232",Skrivelse In,ej godkänt,DETERMINISTIC_FAILURE,LIFT,L2932223 L2932232,2,Käpplingeholmen 4,Blasieholmsgatan 4A,Norrmalm,YES,https://etjanster.stockholm.se/Byggochplantjansten/arende/arende/1321564?dataSource=Active
2026-10189,1321565,2026-06-04,,Anmaning att låta åtgärda hiss samt utföra förnyad besiktning,2026-06-04,"Intyg återkommande besiktning, ej godkänt, D1696934",Skrivelse In,ej godkänt,DETERMINISTIC_FAILURE,LIFT,D1696934,1,Vitbetan 29,Katarina Bangata 75,Södermalm,NO,https://etjanster.stockholm.se/Byggochplantjansten/arende/arende/1321565?dataSource=Active
2026-10190,1321566,2026-06-04,,Anmaning att låta åtgärda hissar samt utföra förnyad besiktning,2026-06-04,"Intyg återkommande besiktning, ej godkänt, 2 st, L2810140, L2810159",Skrivelse In,ej godkänt,DETERMINISTIC_FAILURE,LIFT,L2810140 L2810159,2,Loket 8,Sankt Eriksplan 13,Vasastaden,NO,https://etjanster.stockholm.se/Byggochplantjansten/arende/arende/1321566?dataSource=Active
2026-10191,1321567,2026-06-04,2026-06-04,Anmaning att låta åtgärda hiss samt utföra förnyad besiktning,2026-06-04,"Intyg återkommande besiktning, ej godkänt, L7555739",Skrivelse In,ej godkänt,DETERMINISTIC_FAILURE,LIFT,L7555739,1,Murmästaren 7,Kungsholmstorg 16,Kungsholmen,YES,https://etjanster.stockholm.se/Byggochplantjansten/arende/arende/1321567?dataSource=Active
2026-10192,1321568,2026-06-04,,Anmaning att låta åtgärda hiss samt utföra förnyad besiktning,2026-06-04,"Intyg återkommande besiktning, ej godkänt, D1600798",Skrivelse In,ej godkänt,DETERMINISTIC_FAILURE,LIFT,D1600798,1,Barnhusbarnet 1,Nordenflychtsvägen 20,Kristineberg,NO,https://etjanster.stockholm.se/Byggochplantjansten/arende/arende/1321568?dataSource=Active
2026-10193,1321569,2026-06-04,2026-08-11,Anmaning att låta åtgärda hiss samt utföra förnyad besiktning,2026-06-04,"Intyg återkommande besiktning, ej godkänt, D1696669",Skrivelse In,ej godkänt,DETERMINISTIC_FAILURE,LIFT,D1696669,1,Bondesonen 23,Skånegatan 83,Södermalm,YES,https://etjanster.stockholm.se/Byggochplantjansten/arende/arende/1321569?dataSource=Active
2026-10194,1321570,2026-06-04,,Anmaning att låta åtgärda hiss samt utföra förnyad besiktning,2026-06-04,"Intyg återkommande besiktning, ej godkänt, L2626288",Skrivelse In,ej godkänt,DETERMINISTIC_FAILURE,LIFT,L2626288,1,Pagen 2,Kungsholmsgatan 20,Kungsholmen,NO,https://etjanster.stockholm.se/Byggochplantjansten/arende/arende/1321570?dataSource=Active
2026-10195,1321571,2026-06-04,,Anmaning att låta åtgärda hiss samt utföra förnyad besiktning,2026-06-04,"Intyg återkommande besiktning, ej godkänt, L2796783",Skrivelse In,ej godkänt,DETERMINISTIC_FAILURE,LIFT,L2796783,1,Adam Och Eva 10,Drottninggatan 70,Norrmalm,NO,https://etjanster.stockholm.se/Byggochplantjansten/arende/arende/1321571?dataSource=Active
2026-10196,1321572,2026-06-04,,Anmaning att låta åtgärda hiss samt utföra förnyad besiktning,2026-06-04,"Intyg återkommande besiktning, ej godkänt, L2633538",Skrivelse In,ej godkänt,DETERMINISTIC_FAILURE,LIFT,L2633538,1,Pilen 8,Bryggargatan 10,Norrmalm,NO,https://etjanster.stockholm.se/Byggochplantjansten/arende/arende/1321572?dataSource=Active
2026-10197,1321573,2026-06-04,,Anmaning att låta åtgärda hiss samt utföra förnyad besiktning,2026-06-04,"Intyg återkommande besiktning, ej godkänt, D1599527",Skrivelse In,ej godkänt,DETERMINISTIC_FAILURE,LIFT,D1599527,1,Fältöversten 7,Erik Dahlbergsallén 18,Östermalm,NO,https://etjanster.stockholm.se/Byggochplantjansten/arende/arende/1321573?dataSource=Active
2026-10198,1321574,2026-06-04,,Anmaning att låta åtgärda hiss samt utföra förnyad besiktning,2026-06-04,"Intyg återkommande besiktning, ej godkänt, D1721556",Skrivelse In,ej godkänt,DETERMINISTIC_FAILURE,LIFT,D1721556,1,Fyrkanten 11,Sveavägen 34,Norrmalm,NO,https://etjanster.stockholm.se/Byggochplantjansten/arende/arende/1321574?dataSource=Active
2026-10199,1321575,2026-06-04,2026-06-12,Anmaning att låta åtgärda hiss samt utföra förnyad besiktning,2026-06-04,"Intyg återkommande besiktning, ej godkänt, L2515835",Skrivelse In,ej godkänt,DETERMINISTIC_FAILURE,LIFT,L2515835,1,Loket 12,Sankt Eriksplan 1,Vasastaden,YES,https://etjanster.stockholm.se/Byggochplantjansten/arende/arende/1321575?dataSource=Active
2026-10231,1321607,2026-06-04,,Anmaning att låta åtgärda hiss samt utföra förnyad besiktning,2026-06-04,"Intyg återkommande besiktning, ej godkänt, 61017",Skrivelse In,ej godkänt,DETERMINISTIC_FAILURE,LIFT,61017,1,Veterinären 15,Östermalmsgatan 92,Östermalm,NO,https://etjanster.stockholm.se/Byggochplantjansten/arende/arende/1321607?dataSource=Active
2026-10234,1321610,2026-06-04,,Anmaning att låta åtgärda hissar samt utföra förnyad besiktning,2026-06-04,"Intyg återkommande besiktning, ej godkänt, 2 st, 52919, 52920",Skrivelse In,ej godkänt,DETERMINISTIC_FAILURE,LIFT,52919 52920,2,Knarrarnäs 10,Isafjordsgatan 7,Kista,NO,https://etjanster.stockholm.se/Byggochplantjansten/arende/arende/1321610?dataSource=Active
2026-10297,1321673,2026-06-04,,Anmaning att låta åtgärda port samt utföra förnyad besiktning,2026-06-05,"Intyg återkommande besiktning, ej godkänt, L9148180",Skrivelse In,ej godkänt,DETERMINISTIC_FAILURE,POWERED_GATE_OR_DOOR,L9148180,1,Producenten 1,Producentvägen 2,Östberga,NO,https://etjanster.stockholm.se/Byggochplantjansten/arende/arende/1321673?dataSource=Active
2026-10319,1321695,2026-06-05,,Anmaning att låta åtgärda hissar samt utföra förnyad besiktning,2026-06-05,"Intyg återkommande besiktning, ej godkänt,",Skrivelse In,ej godkänt,DETERMINISTIC_FAILURE,LIFT,,0,Stettin 5,Sandhamnsgatan 67,Ladugårdsgärdet,NO,https://etjanster.stockholm.se/Byggochplantjansten/arende/arende/1321695?dataSource=Active
2026-10544,1321920,2026-06-10,,Anmaning att låta åtgärda port samt utföra förnyad besiktning,2026-06-10,"Intyg återkommande besiktning, ej godkänt, L8289954",Skrivelse In,ej godkänt,DETERMINISTIC_FAILURE,POWERED_GATE_OR_DOOR,L8289954,1,Elementet 8,Ulvsundavägen 112,Ulvsunda Industriområde,NO,https://etjanster.stockholm.se/Byggochplantjansten/arende/arende/1321920?dataSource=Active
2026-10545,1321921,2026-06-10,,Anmaning att låta åtgärda hiss samt utföra förnyad besiktning,2026-06-10,"Intyg återkommande besiktning, ej godkänt, D1548351",Skrivelse In,ej godkänt,DETERMINISTIC_FAILURE,LIFT,D1548351,1,Elementet 1,Ulvsundavägen 106C,Ulvsunda Industriområde,NO,https://etjanster.stockholm.se/Byggochplantjansten/arende/arende/1321921?dataSource=Active
2026-10546,1321922,2026-06-10,,Anmaning att låta åtgärda hiss samt utföra förnyad besiktning,2026-06-10,"Intyg återkommande besiktning, ej godkänt, D1662198",Skrivelse In,ej godkänt,DETERMINISTIC_FAILURE,LIFT,D1662198,1,Mars Och Vulcanus 1,Mynttorget 2,Gamla Stan,NO,https://etjanster.stockholm.se/Byggochplantjansten/arende/arende/1321922?dataSource=Active
2026-10547,1321923,2026-06-10,,Anmaning att låta åtgärda rulltrappa samt utföra förnyad besiktning,2026-06-10,"Intyg återkommande besiktning, ej godkänt, D1702754",Skrivelse In,ej godkänt,DETERMINISTIC_FAILURE,ESCALATOR_OR_MOVING_WALK,D1702754,1,Roddaren 58,Sankt Eriksgatan 44,Kungsholmen,NO,https://etjanster.stockholm.se/Byggochplantjansten/arende/arende/1321923?dataSource=Active
2026-10548,1321924,2026-06-10,,Anmaning att låta åtgärda hiss samt utföra förnyad besiktning,2026-06-10,"Intyg återkommande besiktning, ej godkänt, L7040197",Skrivelse In,ej godkänt,DETERMINISTIC_FAILURE,LIFT,L7040197,1,Helgeandsholmen 1,Riksgatan 1,Gamla Stan,NO,https://etjanster.stockholm.se/Byggochplantjansten/arende/arende/1321924?dataSource=Active
2026-10549,1321925,2026-06-10,2026-06-12,Anmaning att låta åtgärda hissar samt utföra förnyad besiktning,2026-06-10,"Intyg återkommande besiktning, ej godkänt, 3 st, L7360903, L7360930, L7360985",Skrivelse In,ej godkänt,DETERMINISTIC_FAILURE,LIFT,L7360903 L7360930 L7360985,3,Spårvagnen 4,"Birger Jarlsgatan 57, Tulegatan 2",Vasastaden,YES,https://etjanster.stockholm.se/Byggochplantjansten/arende/arende/1321925?dataSource=Active
2026-10550,1321926,2026-06-10,,Anmaning att låta åtgärda hiss samt utföra förnyad besiktning,2026-06-10,"Intyg återkommande besiktning, ej godkänt, L7317184",Skrivelse In,ej godkänt,DETERMINISTIC_FAILURE,LIFT,L7317184,1,Djursätra 3,Kungssätravägen 33,Sätra,NO,https://etjanster.stockholm.se/Byggochplantjansten/arende/arende/1321926?dataSource=Active
2026-10551,1321927,2026-06-10,,Anmaning att låta åtgärda hiss samt utföra förnyad besiktning,2026-06-10,"Intyg återkommande besiktning, ej godkänt, L2865716",Skrivelse In,ej godkänt,DETERMINISTIC_FAILURE,LIFT,L2865716,1,Jericho 34,Jakobsbergsgatan 24,Norrmalm,NO,https://etjanster.stockholm.se/Byggochplantjansten/arende/arende/1321927?dataSource=Active
2026-10653,1322029,2026-06-11,,Anmaning att låta åtgärda hiss samt utföra förnyad besiktning,2026-06-11,"Intyg återkommande besiktning, ej godkänt, L9221417",Skrivelse In,ej godkänt,DETERMINISTIC_FAILURE,LIFT,L9221417,1,Drönaren 1,Forsskålsgatan 9,Hammarbyhöjden,NO,https://etjanster.stockholm.se/Byggochplantjansten/arende/arende/1322029?dataSource=Active
2026-10654,1322030,2026-06-11,,Anmaning att låta åtgärda hiss samt utföra förnyad besiktning,2026-06-11,"Intyg återkommande besiktning, ej godkänt, L6784904",Skrivelse In,ej godkänt,DETERMINISTIC_FAILURE,LIFT,L6784904,1,Apotekaren 22,Kungstensgatan 21A,Vasastaden,NO,https://etjanster.stockholm.se/Byggochplantjansten/arende/arende/1322030?dataSource=Active
2026-10655,1322031,2026-06-11,,Anmaning att låta åtgärda hiss samt utföra förnyad besiktning,2026-06-11,"Intyg återkommande besiktning, ej godkänt, L6304497",Skrivelse In,ej godkänt,DETERMINISTIC_FAILURE,LIFT,L6304497,1,Baggen 2,Roslagsgatan 19,Vasastaden,NO,https://etjanster.stockholm.se/Byggochplantjansten/arende/arende/1322031?dataSource=Active
2026-10656,1322032,2026-06-11,2026-07-13,Anmaning att låta åtgärda hiss samt utföra förnyad besiktning,2026-06-11,"Intyg återkommande besiktning, ej godkänt, S326308",Skrivelse In,ej godkänt,DETERMINISTIC_FAILURE,LIFT,S326308,1,Blasieholmen 54,Hovslagargatan 1,Norrmalm,YES,https://etjanster.stockholm.se/Byggochplantjansten/arende/arende/1322032?dataSource=Active
2026-10657,1322033,2026-06-11,,Anmaning att låta åtgärda hiss samt utföra förnyad besiktning,2026-06-11,"Intyg återkommande besiktning, ej godkänt, S521676",Skrivelse In,ej godkänt,DETERMINISTIC_FAILURE,LIFT,S521676,1,Eldaren 4,Tomtebogatan 11,Vasastaden,NO,https://etjanster.stockholm.se/Byggochplantjansten/arende/arende/1322033?dataSource=Active
2026-10658,1322034,2026-06-11,,Anmaning att låta åtgärda hiss samt utföra förnyad besiktning,2026-06-11,"Intyg återkommande besiktning, ej godkänt, L3725363",Skrivelse In,ej godkänt,DETERMINISTIC_FAILURE,LIFT,L3725363,1,Eldaren 16,Vikingagatan 16,Vasastaden,NO,https://etjanster.stockholm.se/Byggochplantjansten/arende/arende/1322034?dataSource=Active
2026-10659,1322035,2026-06-11,,Anmaning att låta åtgärda hiss samt utföra förnyad besiktning,2026-06-11,"Intyg återkommande besiktning, ej godkänt, L4057089",Skrivelse In,ej godkänt,DETERMINISTIC_FAILURE,LIFT,L4057089,1,Flaggan 1,Beckbrännarbacken 1,Södermalm,NO,https://etjanster.stockholm.se/Byggochplantjansten/arende/arende/1322035?dataSource=Active
2026-10660,1322036,2026-06-11,,Anmaning att låta åtgärda hiss samt utföra förnyad besiktning,2026-06-11,"Intyg återkommande besiktning, ej godkänt, S553792",Skrivelse In,ej godkänt,DETERMINISTIC_FAILURE,LIFT,S553792,1,Fulufjället 1,Sulitelmavägen 21,Traneberg,NO,https://etjanster.stockholm.se/Byggochplantjansten/arende/arende/1322036?dataSource=Active
2026-10662,1322038,2026-06-11,,Anmaning att låta åtgärda hiss samt utföra förnyad besiktning,2026-06-11,"Intyg återkommande besiktning, ej godkänt, L3684081",Skrivelse In,ej godkänt,DETERMINISTIC_FAILURE,LIFT,L3684081,1,Skvalberget 15,Grev Turegatan 29A,Östermalm,NO,https://etjanster.stockholm.se/Byggochplantjansten/arende/arende/1322038?dataSource=Active
2026-10663,1322039,2026-06-11,,Anmaning att låta åtgärda hiss samt utföra förnyad besiktning,2026-06-11,"Intyg återkommande besiktning, ej godkänt, S660750",Skrivelse In,ej godkänt,DETERMINISTIC_FAILURE,LIFT,S660750,1,Enzymet 2,Nina Einhorns Gata 7,Vasastaden,NO,https://etjanster.stockholm.se/Byggochplantjansten/arende/arende/1322039?dataSource=Active
2026-10665,1322041,2026-06-11,,Anmaning att låta åtgärda hiss samt utföra förnyad besiktning,2026-06-11,"Intyg återkommande besiktning, ej godkänt, L3485513",Skrivelse In,ej godkänt,DETERMINISTIC_FAILURE,LIFT,L3485513,1,Hobergsgubben 6,Sunnerdahlsplan 3,Smedslätten,NO,https://etjanster.stockholm.se/Byggochplantjansten/arende/arende/1322041?dataSource=Active
2026-10670,1322046,2026-06-11,,Anmaning att låta åtgärda hiss samt utföra förnyad besiktning,2026-06-11,"Intyg återkommande besiktning, ej godkänt, L3481462",Skrivelse In,ej godkänt,DETERMINISTIC_FAILURE,LIFT,L3481462,1,Hornblåsaren 6,Strandvägen 63,Östermalm,NO,https://etjanster.stockholm.se/Byggochplantjansten/arende/arende/1322046?dataSource=Active
2026-10671,1322047,2026-06-11,,Anmaning att låta åtgärda hiss samt utföra förnyad besiktning,2026-06-11,"Intyg återkommande besiktning, ej godkänt, L3490273",Skrivelse In,ej godkänt,DETERMINISTIC_FAILURE,LIFT,L3490273,1,Kikaren 1,Västmannagatan 31,Vasastaden,NO,https://etjanster.stockholm.se/Byggochplantjansten/arende/arende/1322047?dataSource=Active
2026-10673,1322049,2026-06-11,,Anmaning att låta åtgärda port samt utföra förnyad besiktning,2026-06-11,"Intyg återkommande besiktning, ej godkänt, S1024517",Skrivelse In,ej godkänt,DETERMINISTIC_FAILURE,POWERED_GATE_OR_DOOR,S1024517,1,Krabaten 7,Skeppargatan 8,Östermalm,NO,https://etjanster.stockholm.se/Byggochplantjansten/arende/arende/1322049?dataSource=Active
2026-10675,1322051,2026-06-11,,Anmaning att låta åtgärda hiss samt utföra förnyad besiktning,2026-06-11,"Intyg återkommande besiktning, ej godkänt, L3722022",Skrivelse In,ej godkänt,DETERMINISTIC_FAILURE,LIFT,L3722022,1,Grinden 2,Sankt Göransgatan 64,Kungsholmen,NO,https://etjanster.stockholm.se/Byggochplantjansten/arende/arende/1322051?dataSource=Active
2026-10676,1322052,2026-06-11,,Anmaning att låta åtgärda hiss samt utföra förnyad besiktning,2026-06-11,"Intyg återkommande besiktning, ej godkänt, L5126198",Skrivelse In,ej godkänt,DETERMINISTIC_FAILURE,LIFT,L5126198,1,Blekholmen 2,Kungsbron 21,Norrmalm,NO,https://etjanster.stockholm.se/Byggochplantjansten/arende/arende/1322052?dataSource=Active
2026-10677,1322053,2026-06-11,,Anmaning att låta åtgärda hiss samt utföra förnyad besiktning,2026-06-11,"Intyg återkommande besiktning, ej godkänt, L3650553",Skrivelse In,ej godkänt,DETERMINISTIC_FAILURE,LIFT,L3650553,1,Rudan Mindre 10,Folkungagatan 83,Södermalm,NO,https://etjanster.stockholm.se/Byggochplantjansten/arende/arende/1322053?dataSource=Active
2026-10678,1322054,2026-06-11,,Anmaning att låta åtgärda hiss samt utföra förnyad besiktning,2026-06-11,"Intyg återkommande besiktning, ej godkänt, L3719853",Skrivelse In,ej godkänt,DETERMINISTIC_FAILURE,LIFT,L3719853,1,Inedal 1,Inedalsgatan 13A,Kungsholmen,NO,https://etjanster.stockholm.se/Byggochplantjansten/arende/arende/1322054?dataSource=Active
2026-10684,1322060,2026-06-11,,Anmaning att låta åtgärda hiss samt utföra förnyad besiktning,2026-06-11,"Intyg återkommande besiktning, ej godkänt, L4047981",Skrivelse In,ej godkänt,DETERMINISTIC_FAILURE,LIFT,L4047981,1,Borren 40,Varvsgatan 2,Södermalm,NO,https://etjanster.stockholm.se/Byggochplantjansten/arende/arende/1322060?dataSource=Active
2026-10685,1322061,2026-06-11,,Anmaning att låta åtgärda hiss samt utföra förnyad besiktning,2026-06-11,"Intyg återkommande besiktning, ej godkänt, S824112",Skrivelse In,ej godkänt,DETERMINISTIC_FAILURE,LIFT,S824112,1,Svea Artilleri 2,Jungfrugatan 49,Ladugårdsgärdet,NO,https://etjanster.stockholm.se/Byggochplantjansten/arende/arende/1322061?dataSource=Active
2026-10686,1322062,2026-06-11,,Anmaning att låta åtgärda hiss samt utföra förnyad besiktning,2026-06-11,"Intyg återkommande besiktning, ej godkänt, L0752717",Skrivelse In,ej godkänt,DETERMINISTIC_FAILURE,LIFT,L0752717,1,Pilen 27,Bryggargatan 12A,Norrmalm,NO,https://etjanster.stockholm.se/Byggochplantjansten/arende/arende/1322062?dataSource=Active
2026-10687,1322063,2026-06-11,,Anmaning att låta åtgärda hiss samt utföra förnyad besiktning,2026-06-11,"Intyg återkommande besiktning, ej godkänt, L0845602",Skrivelse In,ej godkänt,DETERMINISTIC_FAILURE,LIFT,L0845602,1,Pilen 31,Gamla Brogatan 29,Norrmalm,NO,https://etjanster.stockholm.se/Byggochplantjansten/arende/arende/1322063?dataSource=Active
2026-02626,1313928,2026-02-16,2026-07-06,Anmaning att låta åtgärda hiss samt utföra förnyad besiktning,2026-06-12,"Intyg återkommande besiktning, ej godkänt, 55418",Skrivelse In,ej godkänt,DETERMINISTIC_FAILURE,LIFT,55418,1,Bojen 4,Industrigatan 4B,Kungsholmen,YES,https://etjanster.stockholm.se/Byggochplantjansten/arende/arende/1313928?dataSource=Active
2026-10701,1322077,2026-06-10,,Anmaning att låta åtgärda hissar samt utföra förnyad besiktning,2026-06-12,"Intyg återkommande besiktning, ej godkänt, 33754",Skrivelse In,ej godkänt,DETERMINISTIC_FAILURE,LIFT,33754,1,Ankaret 5,Fleminggatan 62B,Kungsholmen,NO,https://etjanster.stockholm.se/Byggochplantjansten/arende/arende/1322077?dataSource=Active
2026-10702,1322078,2026-06-10,,Anmaning att låta åtgärda hissar samt utföra förnyad besiktning,2026-06-12,"Intyg återkommande besiktning, ej godkänt, L7039967",Skrivelse In,ej godkänt,DETERMINISTIC_FAILURE,LIFT,L7039967,1,Ormsaltaren 6,Klevgränd 1A,Södermalm,NO,https://etjanster.stockholm.se/Byggochplantjansten/arende/arende/1322078?dataSource=Active
2026-10703,1322079,2026-06-10,,Anmaning att låta åtgärda hissar samt utföra förnyad besiktning,2026-06-12,"Intyg återkommande besiktning, ej godkänt, L2638373, L2638382",Skrivelse In,ej godkänt,DETERMINISTIC_FAILURE,LIFT,L2638373 L2638382,2,Kvadraten 35,Tjurbergsgatan 27C,Södermalm,NO,https://etjanster.stockholm.se/Byggochplantjansten/arende/arende/1322079?dataSource=Active
2026-10710,1322086,2026-06-12,,Anmaning att låta åtgärda hissar samt utföra förnyad besiktning,2026-06-12,"Intyg återkommande besiktning, ej godkänt, D1539779",Skrivelse In,ej godkänt,DETERMINISTIC_FAILURE,LIFT,D1539779,1,Centauren 1,Rålambsvägen 22,Marieberg,NO,https://etjanster.stockholm.se/Byggochplantjansten/arende/arende/1322086?dataSource=Active
2026-10722,1322098,2026-06-12,,Anmaning att låta åtgärda hiss samt utföra förnyad besiktning,2026-06-12,"Intyg återkommande besiktning, ej godkänt, L3653938",Skrivelse In,ej godkänt,DETERMINISTIC_FAILURE,LIFT,L3653938,1,Andromeda 8,Själagårdsgatan 1,Gamla Stan,NO,https://etjanster.stockholm.se/Byggochplantjansten/arende/arende/1322098?dataSource=Active
2026-10724,1322100,2026-06-12,,Anmaning att låta åtgärda hiss samt utföra förnyad besiktning,2026-06-12,"Intyg återkommande besiktning, ej godkänt, L3735008",Skrivelse In,ej godkänt,DETERMINISTIC_FAILURE,LIFT,L3735008,1,Muraren 8,Birger Jarlsgatan 75,Vasastaden,NO,https://etjanster.stockholm.se/Byggochplantjansten/arende/arende/1322100?dataSource=Active
2026-10725,1322101,2026-06-12,,Anmaning att låta åtgärda hiss samt utföra förnyad besiktning,2026-06-12,"Intyg återkommande besiktning, ej godkänt, 51178",Skrivelse In,ej godkänt,DETERMINISTIC_FAILURE,LIFT,51178,1,Vitbetan 31,Malmgårdsvägen 14,Södermalm,NO,https://etjanster.stockholm.se/Byggochplantjansten/arende/arende/1322101?dataSource=Active
2026-10726,1322102,2026-06-12,,Anmaning att låta åtgärda port samt utföra förnyad besiktning,2026-06-12,"Intyg återkommande besiktning, ej godkänt, 51592",Skrivelse In,ej godkänt,DETERMINISTIC_FAILURE,POWERED_GATE_OR_DOOR,51592,1,Ullfors 1,Finspångsgatan 29,Lunda,NO,https://etjanster.stockholm.se/Byggochplantjansten/arende/arende/1322102?dataSource=Active
2026-10728,1322104,2026-06-12,,Anmaning att låta åtgärda hiss samt utföra förnyad besiktning,2026-06-12,"Intyg återkommande besiktning, ej godkänt, 78557",Skrivelse In,ej godkänt,DETERMINISTIC_FAILURE,LIFT,78557,1,Muttern 7,Heleneborgsgatan 7A,Södermalm,NO,https://etjanster.stockholm.se/Byggochplantjansten/arende/arende/1322104?dataSource=Active
2026-10729,1322105,2026-06-12,,Anmaning att låta åtgärda hiss samt utföra förnyad besiktning,2026-06-12,"Intyg återkommande besiktning, ej godkänt, L9790411",Skrivelse In,ej godkänt,DETERMINISTIC_FAILURE,LIFT,L9790411,1,Stammen 2,Fjällgatan 20A,Södermalm,NO,https://etjanster.stockholm.se/Byggochplantjansten/arende/arende/1322105?dataSource=Active
2026-10730,1322106,2026-06-12,,Anmaning att låta åtgärda hiss samt utföra förnyad besiktning,2026-06-12,"Intyg återkommande besiktning, ej godkänt, 52242",Skrivelse In,ej godkänt,DETERMINISTIC_FAILURE,LIFT,52242,1,Snöklockan 10,Dalagatan 52,Vasastaden,NO,https://etjanster.stockholm.se/Byggochplantjansten/arende/arende/1322106?dataSource=Active
2026-10731,1322107,2026-06-12,,Anmaning att låta åtgärda hiss samt utföra förnyad besiktning,2026-06-12,"Intyg återkommande besiktning, ej godkänt, 50107",Skrivelse In,ej godkänt,DETERMINISTIC_FAILURE,LIFT,50107,1,Artilleriberget 3,Valhallavägen 129,Ladugårdsgärdet,NO,https://etjanster.stockholm.se/Byggochplantjansten/arende/arende/1322107?dataSource=Active
2026-10733,1322109,2026-06-12,,Anmaning att låta åtgärda hiss samt utföra förnyad besiktning,2026-06-12,"Intyg återkommande besiktning, ej godkänt, L9133216",Skrivelse In,ej godkänt,DETERMINISTIC_FAILURE,LIFT,L9133216,1,Ladugårdsgärdet 1:5,Mörka Kroken 28,Ladugårdsgärdet,NO,https://etjanster.stockholm.se/Byggochplantjansten/arende/arende/1322109?dataSource=Active
2026-10734,1322110,2026-06-12,,Anmaning att låta åtgärda hiss samt utföra förnyad besiktning,2026-06-12,"Intyg återkommande besiktning, ej godkänt, 48137",Skrivelse In,ej godkänt,DETERMINISTIC_FAILURE,LIFT,48137,1,Taptot 12,Hedinsgatan 9,Ladugårdsgärdet,NO,https://etjanster.stockholm.se/Byggochplantjansten/arende/arende/1322110?dataSource=Active
2026-10736,1322112,2026-06-12,,Anmaning att låta åtgärda port samt utföra förnyad besiktning,2026-06-12,"Intyg återkommande besiktning, ej godkänt, S267874",Skrivelse In,ej godkänt,DETERMINISTIC_FAILURE,POWERED_GATE_OR_DOOR,S267874,1,Vildrosen 16,Nioörtsvägen 30,Midsommarkransen,NO,https://etjanster.stockholm.se/Byggochplantjansten/arende/arende/1322112?dataSource=Active
2026-10737,1322113,2026-06-12,,Anmaning att låta åtgärda hissar samt utföra förnyad besiktning,2026-06-12,"Intyg återkommande besiktning, ej godkänt, (3), 36833, 36834, 36835",Skrivelse In,ej godkänt,DETERMINISTIC_FAILURE,LIFT,36833 36834 36835,3,Kråkskär 1,"Larsbodavägen 38, Larsbodavägen 42, Larsbodavägen 46",Farsta,NO,https://etjanster.stockholm.se/Byggochplantjansten/arende/arende/1322113?dataSource=Active
2026-10738,1322114,2026-06-12,,Anmaning att låta åtgärda hiss samt utföra förnyad besiktning,2026-06-12,"Intyg återkommande besiktning, ej godkänt, L4057394",Skrivelse In,ej godkänt,DETERMINISTIC_FAILURE,LIFT,L4057394,1,Vitbetan 30,Malmgårdsvägen 12,Södermalm,NO,https://etjanster.stockholm.se/Byggochplantjansten/arende/arende/1322114?dataSource=Active
2026-10739,1322115,2026-06-12,,Anmaning att låta åtgärda hiss samt utföra förnyad besiktning,2026-06-12,"Intyg återkommande besiktning, ej godkänt, L4044053",Skrivelse In,ej godkänt,DETERMINISTIC_FAILURE,LIFT,L4044053,1,Våmbsjön 1,Skälderviksplan 11,Årsta,NO,https://etjanster.stockholm.se/Byggochplantjansten/arende/arende/1322115?dataSource=Active
2026-10740,1322116,2026-06-12,,Anmaning att låta åtgärda hiss samt utföra förnyad besiktning,2026-06-12,"Intyg återkommande besiktning, ej godkänt, L3631165",Skrivelse In,ej godkänt,DETERMINISTIC_FAILURE,LIFT,L3631165,1,Vårdtornet 4,Parkgatan 6,Kungsholmen,NO,https://etjanster.stockholm.se/Byggochplantjansten/arende/arende/1322116?dataSource=Active
2026-10741,1322117,2026-06-12,2026-06-12,Anmaning att låta åtgärda hiss samt utföra förnyad besiktning,2026-06-12,"Intyg återkommande besiktning, ej godkänt, D1549071",Skrivelse In,ej godkänt,DETERMINISTIC_FAILURE,LIFT,D1549071,1,Kattrumpstullen 14,Albanovägen 21,Norra Djurgården,NO,https://etjanster.stockholm.se/Byggochplantjansten/arende/arende/1322117?dataSource=Active
2026-10743,1322119,2026-06-12,,Anmaning att låta åtgärda hissar samt utföra förnyad besiktning,2026-06-12,"Intyg återkommande besiktning, ej godkänt, 3 st, L4049862, L4049888, L4049920",Skrivelse In,ej godkänt,DETERMINISTIC_FAILURE,LIFT,L4049862 L4049888 L4049920,3,Järnbärarorden 3,"Järnbärarvägen 16, Järnbärarvägen 2, Järnbärarvägen 6",Bredäng,NO,https://etjanster.stockholm.se/Byggochplantjansten/arende/arende/1322119?dataSource=Active
2026-10744,1322120,2026-06-12,,Anmaning att låta åtgärda portar samt utföra förnyad besiktning,2026-06-12,"Intyg återkommande besiktning, ej godkänt, 2 st, S1023955, S1023956",Skrivelse In,ej godkänt,DETERMINISTIC_FAILURE,POWERED_GATE_OR_DOOR,S1023955 S1023956,2,Magasinet 7,Varuvägen 15,Älvsjö,NO,https://etjanster.stockholm.se/Byggochplantjansten/arende/arende/1322120?dataSource=Active
2026-10745,1322121,2026-06-12,,Anmaning att låta åtgärda portar samt utföra förnyad besiktning,2026-06-12,"Intyg återkommande besiktning, ej godkänt, 2 st, S665857, S665858",Skrivelse In,ej godkänt,DETERMINISTIC_FAILURE,POWERED_GATE_OR_DOOR,S665857 S665858,2,Magasinet 6,Varuvägen 17,Älvsjö,NO,https://etjanster.stockholm.se/Byggochplantjansten/arende/arende/1322121?dataSource=Active
2026-10746,1322122,2026-06-12,,Anmaning att låta åtgärda hissar samt utföra förnyad besiktning,2026-06-12,"Intyg återkommande besiktning, ej godkänt,3 st, L3088473, S320785, S320786",Skrivelse In,ej godkänt,DETERMINISTIC_FAILURE,LIFT,L3088473 S320785 S320786,3,Svärdssidan 1,"Harplingegränd 110, Harplingegränd 96, Onsalagränd 7",Östberga,NO,https://etjanster.stockholm.se/Byggochplantjansten/arende/arende/1322122?dataSource=Active
2026-10747,1322123,2026-06-12,,Anmaning att låta åtgärda hissar samt utföra förnyad besiktning,2026-06-12,"Intyg återkommande besiktning, ej godkänt, 4 st, L3483625, L3483633, L3483641, L3484441",Skrivelse In,ej godkänt,DETERMINISTIC_FAILURE,LIFT,L3483625 L3483633 L3483641 L3484441,4,Norra Djurgården 1:1,Museivägen 7,Ladugårdsgärdet,NO,https://etjanster.stockholm.se/Byggochplantjansten/arende/arende/1322123?dataSource=Active
2026-10749,1322125,2026-06-12,,Anmaning att låta åtgärda hissar samt utföra förnyad besiktning,2026-06-12,"Intyg återkommande besiktning, ej godkänt, 4 st, L4044277, L4044285, L4044293, L4044616",Skrivelse In,ej godkänt,DETERMINISTIC_FAILURE,LIFT,L4044277 L4044285 L4044293 L4044616,4,Fickspegeln 1,"Eva Bonniers Gata 10, Eva Bonniers Gata 4, Eva Bonniers Gata 6, Eva Bonniers Gata 8",Fruängen,NO,https://etjanster.stockholm.se/Byggochplantjansten/arende/arende/1322125?dataSource=Active
2026-10751,1322127,2026-06-12,,Anmaning att låta åtgärda hissar samt utföra förnyad besiktning,2026-06-12,"Intyg återkommande besiktning, ej godkänt, 3 st, L0071761, L0072967, L0073452",Skrivelse In,ej godkänt,DETERMINISTIC_FAILURE,LIFT,L0071761 L0072967 L0073452,3,Sandvik 14,"Svartviksslingan 102, Svartviksslingan 96, Svartviksslingan 98",Traneberg,NO,https://etjanster.stockholm.se/Byggochplantjansten/arende/arende/1322127?dataSource=Active
2026-10752,1322128,2026-06-12,,Anmaning att låta åtgärda hissar samt utföra förnyad besiktning,2026-06-12,"Intyg återkommande besiktning, ej godkänt, 3 st, L0105478, L0105486, L0105585",Skrivelse In,ej godkänt,DETERMINISTIC_FAILURE,LIFT,L0105478 L0105486 L0105585,3,Sandvik 13,"Svartviksslingan 88, Svartviksslingan 90, Svartviksslingan 94",Traneberg,NO,https://etjanster.stockholm.se/Byggochplantjansten/arende/arende/1322128?dataSource=Active
2026-10754,1322130,2026-06-12,,Anmaning att låta åtgärda hissar samt utföra förnyad besiktning,2026-06-12,"Intyg återkommande besiktning, ej godkänt, 3 st, L0106641, L0106658, L0106666",Skrivelse In,ej godkänt,DETERMINISTIC_FAILURE,LIFT,L0106641 L0106658 L0106666,3,Sandvik 12,"Svartviksslingan 82, Svartviksslingan 84, Svartviksslingan 86",Traneberg,NO,https://etjanster.stockholm.se/Byggochplantjansten/arende/arende/1322130?dataSource=Active
2026-10759,1322135,2026-06-12,,Anmaning att låta åtgärda hiss samt utföra förnyad besiktning,2026-06-12,"Intyg återkommande besiktning, ej godkänt, L7360912",Skrivelse In,ej godkänt,DETERMINISTIC_FAILURE,LIFT,L7360912,1,Spårvagnen 4,Birger Jarlsgatan 57,Vasastaden,NO,https://etjanster.stockholm.se/Byggochplantjansten/arende/arende/1322135?dataSource=Active
2026-10774,1322150,2026-06-12,,Anmaning att låta åtgärda hissar samt utföra förnyad besiktning,2026-06-12,"Intyg återkommande besiktning, ej godkänt, (2), D1763204, D1763216",Skrivelse In,ej godkänt,DETERMINISTIC_FAILURE,LIFT,D1763204 D1763216,2,Gunnebo 12,Salagatan 44,Solhem,NO,https://etjanster.stockholm.se/Byggochplantjansten/arende/arende/1322150?dataSource=Active
2026-10779,1322155,2026-06-12,,Anmaning att låta åtgärda hiss samt utföra förnyad besiktning,2026-06-12,"Intyg återkommande besiktning, ej godkänt, 40200",Skrivelse In,ej godkänt,DETERMINISTIC_FAILURE,LIFT,40200,1,Bondetorpet 31,Skånegatan 80,Södermalm,NO,https://etjanster.stockholm.se/Byggochplantjansten/arende/arende/1322155?dataSource=Active
2026-10780,1322156,2026-06-12,,Anmaning att låta åtgärda hiss samt utföra förnyad besiktning,2026-06-12,"Intyg återkommande besiktning, ej godkänt, 78558",Skrivelse In,ej godkänt,DETERMINISTIC_FAILURE,LIFT,78558,1,Mullvaden Första 22,Hornsgatan 39A,Södermalm,NO,https://etjanster.stockholm.se/Byggochplantjansten/arende/arende/1322156?dataSource=Active
2026-10782,1322158,2026-06-12,,Anmaning att låta åtgärda hiss samt utföra förnyad besiktning,2026-06-12,"Intyg återkommande besiktning, ej godkänt, 41848",Skrivelse In,ej godkänt,DETERMINISTIC_FAILURE,LIFT,41848,1,Bergsund 42,Bergsunds Strand 27,Södermalm,NO,https://etjanster.stockholm.se/Byggochplantjansten/arende/arende/1322158?dataSource=Active
2026-10783,1322159,2026-06-12,,Anmaning att låta åtgärda hiss samt utföra förnyad besiktning,2026-06-12,"Intyg återkommande besiktning, ej godkänt, 30639",Skrivelse In,ej godkänt,DETERMINISTIC_FAILURE,LIFT,30639,1,Paradiset 14,Strandbergsgatan 49,Stadshagen,NO,https://etjanster.stockholm.se/Byggochplantjansten/arende/arende/1322159?dataSource=Active
2026-10785,1322161,2026-06-12,,Anmaning att låta åtgärda hiss samt utföra förnyad besiktning,2026-06-12,"Intyg återkommande besiktning, ej godkänt, 54619",Skrivelse In,ej godkänt,DETERMINISTIC_FAILURE,LIFT,54619,1,Sankt Göran 5,Maria Prästgårdsgata 14,Södermalm,NO,https://etjanster.stockholm.se/Byggochplantjansten/arende/arende/1322161?dataSource=Active
2026-10787,1322163,2026-06-12,,Anmaning att låta åtgärda hiss samt utföra förnyad besiktning,2026-06-12,"Intyg återkommande besiktning, ej godkänt, 39909",Skrivelse In,ej godkänt,DETERMINISTIC_FAILURE,LIFT,39909,1,Uven Större 25,Brännkyrkagatan 83,Södermalm,NO,https://etjanster.stockholm.se/Byggochplantjansten/arende/arende/1322163?dataSource=Active
2026-10824,1322202,2026-06-15,,Anmaning att låta åtgärda hiss samt utföra förnyad besiktning,2026-06-15,"Intyg återkommande besiktning, ej godkänt, L9037429",Skrivelse In,ej godkänt,DETERMINISTIC_FAILURE,LIFT,L9037429,1,Fatburen 1,Västgötagränd 8,Södermalm,NO,https://etjanster.stockholm.se/Byggochplantjansten/arende/arende/1322202?dataSource=Active
2026-10829,1322207,2026-06-15,,Anmaning att låta åtgärda hissar samt utföra förnyad besiktning,2026-06-15,"Intyg återkommande besiktning, ej godkänt, (2), 69333. 69337",Skrivelse In,ej godkänt,DETERMINISTIC_FAILURE,LIFT,69333 69337,2,Kromosomen 4,"Anna Whitlocks Gata 1, Anna Whitlocks Gata 13",Vasastaden,YES,https://etjanster.stockholm.se/Byggochplantjansten/arende/arende/1322207?dataSource=Active
2026-10831,1322209,2026-06-15,,Anmaning att låta åtgärda hissar samt utföra förnyad besiktning,2026-06-15,"Intyg återkommande besiktning, ej godkänt, (3), 52042, 42771, 43617",Skrivelse In,ej godkänt,DETERMINISTIC_FAILURE,LIFT,52042 42771 43617,3,Kättingen 30,"Sankt Eriksgatan 63A, Sankt Eriksgatan 63B",Kungsholmen,NO,https://etjanster.stockholm.se/Byggochplantjansten/arende/arende/1322209?dataSource=Active
2026-10832,1322210,2026-06-15,,Anmaning att låta åtgärda port samt utföra förnyad besiktning,2026-06-15,"Intyg återkommande besiktning, ej godkänt, (2), 77854, 77848",Skrivelse In,ej godkänt,DETERMINISTIC_FAILURE,POWERED_GATE_OR_DOOR,77854 77848,2,Varubilen 1,Konsumentvägen 13,Älvsjö,NO,https://etjanster.stockholm.se/Byggochplantjansten/arende/arende/1322210?dataSource=Active
2026-09474,1320843,2026-05-26,2026-07-07,Anmaning att låta åtgärda hiss samt utföra förnyad besiktning,2026-06-18,"Intyg återkommande besiktning, ej godkänt, L2507737",Skrivelse In,ej godkänt,DETERMINISTIC_FAILURE,LIFT,L2507737,1,Islandet 15,Adolf Fredriks Kyrkogata 15,Norrmalm,YES,https://etjanster.stockholm.se/Byggochplantjansten/arende/arende/1320843?dataSource=Active
2026-11121,1322500,2026-06-18,,Anmaning att låta åtgärda hiss samt utföra förnyad besiktning,2026-06-18,"Intyg återkommande besiktning, ej godkänt, D1703843",Skrivelse In,ej godkänt,DETERMINISTIC_FAILURE,LIFT,D1703843,1,Nattskiftet 15,Drivhjulsvägen 26,Västberga,NO,https://etjanster.stockholm.se/Byggochplantjansten/arende/arende/1322500?dataSource=Active
2026-11124,1322503,2026-06-18,,Anmaning att låta åtgärda hiss samt utföra förnyad besiktning,2026-06-18,"Intyg återkommande besiktning, ej godkänt, 68710",Skrivelse In,ej godkänt,DETERMINISTIC_FAILURE,LIFT,68710,1,Målaren 4,Birger Jarlsgatan 81,Vasastaden,NO,https://etjanster.stockholm.se/Byggochplantjansten/arende/arende/1322503?dataSource=Active
2026-11127,1322506,2026-06-18,,Anmaning att låta åtgärda hiss samt utföra förnyad besiktning,2026-06-18,"Intyg återkommande besiktning, ej godkänt, 43501",Skrivelse In,ej godkänt,DETERMINISTIC_FAILURE,LIFT,43501,1,Killingen 20,Döbelnsgatan 83,Vasastaden,NO,https://etjanster.stockholm.se/Byggochplantjansten/arende/arende/1322506?dataSource=Active
2026-11140,1322519,2026-06-18,,Anmaning att låta åtgärda hissar samt utföra förnyad besiktning,2026-06-18,"Intyg återkommande besiktning, ej godkänt, (2), D1540230, D1539770",Skrivelse In,ej godkänt,DETERMINISTIC_FAILURE,LIFT,D1540230 D1539770,2,Centauren 1,"Konradsbergsgatan 2A, Konradsbergsgatan 7A",Marieberg,NO,https://etjanster.stockholm.se/Byggochplantjansten/arende/arende/1322519?dataSource=Active
2026-11141,1322520,2026-06-18,,Anmaning att låta åtgärda hissar samt utföra förnyad besiktning,2026-06-18,"Intyg återkommande besiktning, ej godkänt, (3), 54284, 54285, 54286",Skrivelse In,ej godkänt,DETERMINISTIC_FAILURE,LIFT,54284 54285 54286,3,Västergarn 6,"Beckomberga Ängsväg 10, Beckomberga Ängsväg 14, Beckomberga Ängsväg 16",Beckomberga,NO,https://etjanster.stockholm.se/Byggochplantjansten/arende/arende/1322520?dataSource=Active
2026-11144,1322523,2026-06-18,,Anmaning att låta åtgärda hissar samt utföra förnyad besiktning,2026-06-18,"Intyg återkommande besiktning, ej godkänt, S756662",Skrivelse In,ej godkänt,DETERMINISTIC_FAILURE,LIFT,S756662,1,Geysir 1,Österögatan 4,Kista,NO,https://etjanster.stockholm.se/Byggochplantjansten/arende/arende/1322523?dataSource=Active
2026-11156,1322535,2026-06-18,,Anmaning att låta åtgärda hiss samt utföra förnyad besiktning,2026-06-18,"Intyg återkommande besiktning, ej godkänt, L2519297",Skrivelse In,ej godkänt,DETERMINISTIC_FAILURE,LIFT,L2519297,1,Loket 20,Völundsgatan 10,Vasastaden,NO,https://etjanster.stockholm.se/Byggochplantjansten/arende/arende/1322535?dataSource=Active
2026-11162,1322541,2026-06-18,,Anmaning att låta åtgärda hiss samt utföra förnyad besiktning,2026-06-18,"Intyg återkommande besiktning, ej godkänt, D1606139",Skrivelse In,ej godkänt,DETERMINISTIC_FAILURE,LIFT,D1606139,1,Orren 6,Jungfrugatan 40,Östermalm,NO,https://etjanster.stockholm.se/Byggochplantjansten/arende/arende/1322541?dataSource=Active
2026-11165,1322544,2026-06-18,,Anmaning att låta åtgärda hissar samt utföra förnyad besiktning,2026-06-18,"Intyg återkommande besiktning, ej godkänt, 3 st, D1411028. L8303419, L8341360",Skrivelse In,ej godkänt,DETERMINISTIC_FAILURE,LIFT,D1411028 L8303419 L8341360,3,Halden 3,Nordkapsgatan 5,Husby,NO,https://etjanster.stockholm.se/Byggochplantjansten/arende/arende/1322544?dataSource=Active
2026-11169,1322548,2026-06-18,2026-08-21,Anmaning att låta åtgärda hiss samt utföra förnyad besiktning,2026-06-18,"Intyg återkommande besiktning, ej godkänt, L2521819",Skrivelse In,ej godkänt,DETERMINISTIC_FAILURE,LIFT,L2521819,1,Häckelfjäll 8,Fiskargatan 14,Södermalm,YES,https://etjanster.stockholm.se/Byggochplantjansten/arende/arende/1322548?dataSource=Active
2026-11170,1322549,2026-06-18,,Anmaning att låta åtgärda hissar samt utföra förnyad besiktning,2026-06-18,"Intyg återkommande besiktning, ej godkänt, (2), L2951453, L2951462",Skrivelse In,ej godkänt,DETERMINISTIC_FAILURE,LIFT,L2951453 L2951462,2,Stora Tensta 1,"Stora Tenstagränd 14, Stora Tenstagränd 16",Tensta,NO,https://etjanster.stockholm.se/Byggochplantjansten/arende/arende/1322549?dataSource=Active
2026-11173,1322552,2026-06-18,,Anmaning att låta åtgärda hiss samt utföra förnyad besiktning,2026-06-18,"Intyg återkommande besiktning, ej godkänt, D1540368",Skrivelse In,ej godkänt,DETERMINISTIC_FAILURE,LIFT,D1540368,1,Segelbåten 9,Polhemsgatan 35,Kungsholmen,NO,https://etjanster.stockholm.se/Byggochplantjansten/arende/arende/1322552?dataSource=Active
2026-11181,1322560,2026-06-18,,Anmaning att låta åtgärda hiss samt utföra förnyad besiktning,2026-06-18,"Intyg återkommande besiktning, ej godkänt, 54667",Skrivelse In,ej godkänt,DETERMINISTIC_FAILURE,LIFT,54667,1,Vagnhallen 18,Jämtlandsgatan 135,Råcksta,NO,https://etjanster.stockholm.se/Byggochplantjansten/arende/arende/1322560?dataSource=Active
2026-11183,1322562,2026-06-18,,Anmaning att låta åtgärda port samt utföra förnyad besiktning,2026-06-18,"Intyg återkommande besiktning, ej godkänt, 77513",Skrivelse In,ej godkänt,DETERMINISTIC_FAILURE,POWERED_GATE_OR_DOOR,77513,1,Hällsätra 2,Stensätravägen 3,Sätra,NO,https://etjanster.stockholm.se/Byggochplantjansten/arende/arende/1322562?dataSource=Active
2026-01640,1312942,2026-02-02,,Anmaning att låta åtgärda hissar samt utföra förnyad besiktning,2026-06-22,"Intyg återkommande besiktning, ej godkänt, S832715",Skrivelse In,ej godkänt,DETERMINISTIC_FAILURE,LIFT,S832715,1,Ordonnansen 6,"Värtavägen 53B, Värtavägen 53F",Ladugårdsgärdet,NO,https://etjanster.stockholm.se/Byggochplantjansten/arende/arende/1312942?dataSource=Active
2026-07578,1318931,2026-04-24,,Anmaning att låta åtgärda hissar samt utföra förnyad besiktning,2026-06-22,"Intyg återkommande besiktning, ej godkänt, S1015444",Skrivelse In,ej godkänt,DETERMINISTIC_FAILURE,LIFT,S1015444,1,Persikan 6,"Tegelviksgatan 12A, Tegelviksgatan 8A",Södermalm,NO,https://etjanster.stockholm.se/Byggochplantjansten/arende/arende/1318931?dataSource=Active
2026-11215,1322594,2026-06-22,,Anmaning att låta åtgärda hiss samt utföra förnyad besiktning,2026-06-22,"Intyg återkommande besiktning, ej godkänt, S391988",Skrivelse In,ej godkänt,DETERMINISTIC_FAILURE,LIFT,S391988,1,Kastanjen 7,Vattenledningsvägen 28,Midsommarkransen,NO,https://etjanster.stockholm.se/Byggochplantjansten/arende/arende/1322594?dataSource=Active
2026-11216,1322595,2026-06-22,,Anmaning att låta åtgärda hiss samt utföra förnyad besiktning,2026-06-22,"Intyg återkommande besiktning, ej godkänt, S230997",Skrivelse In,ej godkänt,DETERMINISTIC_FAILURE,LIFT,S230997,1,Tamburen 1,Kuskgränd 8,Hässelby Gård,NO,https://etjanster.stockholm.se/Byggochplantjansten/arende/arende/1322595?dataSource=Active
2026-11218,1322597,2026-06-22,,Anmaning att låta åtgärda hiss samt utföra förnyad besiktning,2026-06-22,"Intyg återkommande besiktning, ej godkänt, L3665452",Skrivelse In,ej godkänt,DETERMINISTIC_FAILURE,LIFT,L3665452,1,Leran 7,Norrbackagatan 3,Vasastaden,NO,https://etjanster.stockholm.se/Byggochplantjansten/arende/arende/1322597?dataSource=Active
2026-11221,1322600,2026-06-22,2026-06-23,Anmaning att låta åtgärda port samt utföra förnyad besiktning,2026-06-22,"Intyg återkommande besiktning, ej godkänt, (2), S345936, S1024743",Skrivelse In,ej godkänt,DETERMINISTIC_FAILURE,POWERED_GATE_OR_DOOR,S345936 S1024743,2,Magdalena 2,Sankt Paulsgatan 14,Södermalm,YES,https://etjanster.stockholm.se/Byggochplantjansten/arende/arende/1322600?dataSource=Active
2026-11222,1322601,2026-06-22,,Anmaning att låta åtgärda hiss samt utföra förnyad besiktning,2026-06-22,"Intyg återkommande besiktning, ej godkänt, L0790725",Skrivelse In,ej godkänt,DETERMINISTIC_FAILURE,LIFT,L0790725,1,Vitsippan 8,Svandammsvägen 40,Midsommarkransen,NO,https://etjanster.stockholm.se/Byggochplantjansten/arende/arende/1322601?dataSource=Active
2026-11225,1322604,2026-06-22,,Anmaning att låta åtgärda hiss samt utföra förnyad besiktning,2026-06-22,"Intyg återkommande besiktning, ej godkänt, L3718970",Skrivelse In,ej godkänt,DETERMINISTIC_FAILURE,LIFT,L3718970,1,Drabanten 3,Kungsbro Strand 29,Kungsholmen,NO,https://etjanster.stockholm.se/Byggochplantjansten/arende/arende/1322604?dataSource=Active
2026-11226,1322605,2026-06-22,,Anmaning att låta åtgärda hiss samt utföra förnyad besiktning,2026-06-22,"Intyg återkommande besiktning, ej godkänt, S1021986",Skrivelse In,ej godkänt,DETERMINISTIC_FAILURE,LIFT,S1021986,1,Majblomstret 13,Diavoxvägen 18A,Västberga,NO,https://etjanster.stockholm.se/Byggochplantjansten/arende/arende/1322605?dataSource=Active
2026-11227,1322606,2026-06-22,,Anmaning att låta åtgärda hissar samt utföra förnyad besiktning,2026-06-22,"Intyg återkommande besiktning, ej godkänt, (3), S547615, S547614, S547616",Skrivelse In,ej godkänt,DETERMINISTIC_FAILURE,LIFT,S547615 S547614 S547616,3,Hydrografen 1,"Finn Malmgrens Väg 2B, Finn Malmgrens Väg 4B, Finn Malmgrens Väg 4C",Hammarbyhöjden,NO,https://etjanster.stockholm.se/Byggochplantjansten/arende/arende/1322606?dataSource=Active
2026-11229,1322608,2026-06-22,2026-07-07,Anmaning att låta åtgärda hiss samt utföra förnyad besiktning,2026-06-22,"Intyg återkommande besiktning, ej godkänt, L3108768",Skrivelse In,ej godkänt,DETERMINISTIC_FAILURE,LIFT,L3108768,1,Tallen 25,Villagatan 23,Östermalm,YES,https://etjanster.stockholm.se/Byggochplantjansten/arende/arende/1322608?dataSource=Active
2026-11230,1322609,2026-06-22,,Anmaning att låta åtgärda hiss samt utföra förnyad besiktning,2026-06-22,"Intyg återkommande besiktning, ej godkänt, L0654475",Skrivelse In,ej godkänt,DETERMINISTIC_FAILURE,LIFT,L0654475,1,Eken 2,Engelbrektsgatan 6,Östermalm,NO,https://etjanster.stockholm.se/Byggochplantjansten/arende/arende/1322609?dataSource=Active
2026-11232,1322611,2026-06-22,,Anmaning att låta åtgärda port samt utföra förnyad besiktning (Hus M),2026-06-22,"Intyg återkommande besiktning, ej godkänt, S1024925",Skrivelse In,ej godkänt,DETERMINISTIC_FAILURE,POWERED_GATE_OR_DOOR,S1024925,1,Ladugårdsgärdet 1:4,Liljas Gata 4,Ladugårdsgärdet,NO,https://etjanster.stockholm.se/Byggochplantjansten/arende/arende/1322611?dataSource=Active
2026-11234,1322613,2026-06-22,,Anmaning att låta åtgärda hiss samt utföra förnyad besiktning,2026-06-22,"Intyg återkommande besiktning, ej godkänt, S637510",Skrivelse In,ej godkänt,DETERMINISTIC_FAILURE,LIFT,S637510,1,Finngrundet 1,Garagevägen 22,Hammarbyhöjden,NO,https://etjanster.stockholm.se/Byggochplantjansten/arende/arende/1322613?dataSource=Active
2026-11235,1322614,2026-06-22,,Anmaning att låta åtgärda hiss samt utföra förnyad besiktning,2026-06-22,"Intyg återkommande besiktning, ej godkänt, S642428",Skrivelse In,ej godkänt,DETERMINISTIC_FAILURE,LIFT,S642428,1,Betongarbetaren 15,Oxelvägen 6,Enskededalen,NO,https://etjanster.stockholm.se/Byggochplantjansten/arende/arende/1322614?dataSource=Active
2026-11238,1322617,2026-06-22,,Anmaning att låta åtgärda port samt utföra förnyad besiktning,2026-06-22,"Intyg återkommande besiktning, ej godkänt, L0834101",Skrivelse In,ej godkänt,DETERMINISTIC_FAILURE,POWERED_GATE_OR_DOOR,L0834101,1,Solkraften 8,Solkraftsvägen 14C,Skrubba,NO,https://etjanster.stockholm.se/Byggochplantjansten/arende/arende/1322617?dataSource=Active
2026-11240,1322619,2026-06-22,,Anmaning att låta åtgärda hiss samt utföra förnyad besiktning,2026-06-22,"Intyg återkommande besiktning, ej godkänt, S423754",Skrivelse In,ej godkänt,DETERMINISTIC_FAILURE,LIFT,S423754,1,Adam Och Eva 14,Slöjdgatan 7,Norrmalm,NO,https://etjanster.stockholm.se/Byggochplantjansten/arende/arende/1322619?dataSource=Active
2026-11247,1322626,2026-06-22,,Anmaning att låta åtgärda hissar samt utföra förnyad besiktning,2026-06-22,"Intyg återkommande besiktning, ej godkänt, L0640326",Skrivelse In,ej godkänt,DETERMINISTIC_FAILURE,LIFT,L0640326,1,Sillö 5,"Fryksdalsbacken 3, Mårbackagatan 19",Larsboda,NO,https://etjanster.stockholm.se/Byggochplantjansten/arende/arende/1322626?dataSource=Active
2026-11247,1322626,2026-06-22,,Anmaning att låta åtgärda hissar samt utföra förnyad besiktning,2026-06-22,"Intyg återkommande besiktning, ej godkänt, (3), L0806356, L0830265, L0806356",Skrivelse In,ej godkänt,DETERMINISTIC_FAILURE,LIFT,L0806356 L0830265 L0806356,3,Sillö 5,"Fryksdalsbacken 3, Mårbackagatan 19",Larsboda,NO,https://etjanster.stockholm.se/Byggochplantjansten/arende/arende/1322626?dataSource=Active
2026-11250,1322629,2026-06-22,,Anmaning att låta åtgärda hiss samt utföra förnyad besiktning,2026-06-22,"Intyg återkommande besiktning, ej godkänt, L2808475",Skrivelse In,ej godkänt,DETERMINISTIC_FAILURE,LIFT,L2808475,1,Perseus 10,Köpmantorget 1,Gamla Stan,NO,https://etjanster.stockholm.se/Byggochplantjansten/arende/arende/1322629?dataSource=Active
2026-11251,1322630,2026-06-22,,Anmaning att låta åtgärda port samt utföra förnyad besiktning,2026-06-22,"Intyg återkommande besiktning, ej godkänt, S538765",Skrivelse In,ej godkänt,DETERMINISTIC_FAILURE,POWERED_GATE_OR_DOOR,S538765,1,Trängkåren 6,Rålambsvägen 7,Marieberg,NO,https://etjanster.stockholm.se/Byggochplantjansten/arende/arende/1322630?dataSource=Active
2026-11255,1322634,2026-06-22,,Anmaning att låta åtgärda port samt utföra förnyad besiktning,2026-06-22,"Intyg återkommande besiktning, ej godkänt, D1817470, D1817481, D1817484, D1817486",Skrivelse In,ej godkänt,DETERMINISTIC_FAILURE,POWERED_GATE_OR_DOOR,D1817470 D1817481 D1817484 D1817486,4,Akalla 4:1,"Information saknas för ""Adress""",Kista,NO,https://etjanster.stockholm.se/Byggochplantjansten/arende/arende/1322634?dataSource=Active
2026-11260,1322639,2026-06-22,,Anmaning att låta åtgärda hiss samt utföra förnyad besiktning,2026-06-22,"Intyg återkommande besiktning, ej godkänt, 63627",Skrivelse In,ej godkänt,DETERMINISTIC_FAILURE,LIFT,63627,1,Staben 2,Smedsbacksgatan 9,Ladugårdsgärdet,NO,https://etjanster.stockholm.se/Byggochplantjansten/arende/arende/1322639?dataSource=Active
2026-11262,1322641,2026-06-22,,Anmaning att låta åtgärda hiss samt utföra förnyad besiktning,2026-06-22,"Intyg återkommande besiktning, ej godkänt, 24404",Skrivelse In,ej godkänt,DETERMINISTIC_FAILURE,LIFT,24404,1,Upplagsbordet 3,Vittangigatan 20,Vällingby,NO,https://etjanster.stockholm.se/Byggochplantjansten/arende/arende/1322641?dataSource=Active
2026-11263,1322642,2026-06-22,,Anmaning att låta åtgärda hiss samt utföra förnyad besiktning,2026-06-22,"Intyg återkommande besiktning, ej godkänt, 24403, 24402",Skrivelse In,ej godkänt,DETERMINISTIC_FAILURE,LIFT,24403 24402,2,Ritningen 3,Vittangigatan 16,Vällingby,NO,https://etjanster.stockholm.se/Byggochplantjansten/arende/arende/1322642?dataSource=Active
2026-11281,1322660,2026-06-22,,Anmaning att låta åtgärda hiss samt utföra förnyad besiktning,2026-06-22,"Intyg återkommande besiktning, ej godkänt, S779686",Skrivelse In,ej godkänt,DETERMINISTIC_FAILURE,LIFT,S779686,1,Arenan 6,Arenavägen 35,Johanneshov,NO,https://etjanster.stockholm.se/Byggochplantjansten/arende/arende/1322660?dataSource=Active
2026-11294,1322673,2026-06-22,,Anmaning att låta åtgärda hiss samt utföra förnyad besiktning,2026-06-22,"Intyg återkommande besiktning, ej godkänt, L4046017",Skrivelse In,ej godkänt,DETERMINISTIC_FAILURE,LIFT,L4046017,1,Stubbåkern 1,Vintrosagatan 7,Hagsätra,NO,https://etjanster.stockholm.se/Byggochplantjansten/arende/arende/1322673?dataSource=Active
2026-11295,1322674,2026-06-22,,Anmaning att låta åtgärda hiss samt utföra förnyad besiktning,2026-06-22,"Intyg återkommande besiktning, ej godkänt, S215021",Skrivelse In,ej godkänt,DETERMINISTIC_FAILURE,LIFT,S215021,1,Tapetrabatten 3,Loviselundsvägen 21B,Hässelby Gård,NO,https://etjanster.stockholm.se/Byggochplantjansten/arende/arende/1322674?dataSource=Active
2026-11296,1322675,2026-06-22,,Anmaning att låta åtgärda hiss samt utföra förnyad besiktning,2026-06-22,"Intyg återkommande besiktning, ej godkänt, S1025039",Skrivelse In,ej godkänt,DETERMINISTIC_FAILURE,LIFT,S1025039,1,Oxen Större 21,Mäster Samuelsgatan 18,Norrmalm,NO,https://etjanster.stockholm.se/Byggochplantjansten/arende/arende/1322675?dataSource=Active
2026-11297,1322676,2026-06-22,,Anmaning att låta åtgärda hiss samt utföra förnyad besiktning,2026-06-22,"Intyg återkommande besiktning, ej godkänt, S741244",Skrivelse In,ej godkänt,DETERMINISTIC_FAILURE,LIFT,S741244,1,Kollekthåven 1,Thorsten Levenstams Väg 4C,Sköndal,NO,https://etjanster.stockholm.se/Byggochplantjansten/arende/arende/1322676?dataSource=Active
2026-11299,1322678,2026-06-22,,Anmaning att låta åtgärda hiss samt utföra förnyad besiktning,2026-06-22,"Intyg återkommande besiktning, ej godkänt, L3482494",Skrivelse In,ej godkänt,DETERMINISTIC_FAILURE,LIFT,L3482494,1,Aspen 4,Karlavägen 30,Östermalm,NO,https://etjanster.stockholm.se/Byggochplantjansten/arende/arende/1322678?dataSource=Active
2026-11300,1322679,2026-06-22,,Anmaning att låta åtgärda hiss samt utföra förnyad besiktning,2026-06-22,"Intyg återkommande besiktning, ej godkänt, S735478",Skrivelse In,ej godkänt,DETERMINISTIC_FAILURE,LIFT,S735478,1,Mårtensdal 13,Hammarbybacken 27,Södra Hammarbyhamnen,NO,https://etjanster.stockholm.se/Byggochplantjansten/arende/arende/1322679?dataSource=Active
2026-11301,1322680,2026-06-22,,Anmaning att låta åtgärda hiss samt utföra förnyad besiktning,2026-06-22,"Intyg återkommande besiktning, ej godkänt, S515003",Skrivelse In,ej godkänt,DETERMINISTIC_FAILURE,LIFT,S515003,1,Muraren 9,Birger Jarlsgatan 71,Vasastaden,NO,https://etjanster.stockholm.se/Byggochplantjansten/arende/arende/1322680?dataSource=Active
2026-11303,1322682,2026-06-22,,Anmaning att låta åtgärda hiss samt utföra förnyad besiktning,2026-06-22,"Intyg återkommande besiktning, ej godkänt, S447600",Skrivelse In,ej godkänt,DETERMINISTIC_FAILURE,LIFT,S447600,1,Skoveln 1,Rabattvägen 40,Vinsta,NO,https://etjanster.stockholm.se/Byggochplantjansten/arende/arende/1322682?dataSource=Active
2026-11304,1322683,2026-06-22,,Anmaning att låta åtgärda hissar samt utföra förnyad besiktning,2026-06-22,"Intyg återkommande besiktning, ej godkänt, (5), S290278, S290277, S290276, S289032, S289031",Skrivelse In,ej godkänt,DETERMINISTIC_FAILURE,LIFT,S290278 S290277 S290276 S289032 S289031,5,Mentorn 1,"Kungsbron 16, Kungsbron 2",Norrmalm,NO,https://etjanster.stockholm.se/Byggochplantjansten/arende/arende/1322683?dataSource=Active
2026-10774,1322150,2026-06-12,,Anmaning att låta åtgärda hissar samt utföra förnyad besiktning,2026-06-23,"Intyg återkommande besiktning, ej godkänt, D1763204",Skrivelse In,ej godkänt,DETERMINISTIC_FAILURE,LIFT,D1763204,1,Gunnebo 12,Salagatan 44,Solhem,NO,https://etjanster.stockholm.se/Byggochplantjansten/arende/arende/1322150?dataSource=Active
2026-11365,1322744,2026-06-22,,Anmaning att låta åtgärda hissar samt utföra förnyad besiktning,2026-06-23,"Intyg återkommande besiktning, ej godkänt, 34462, 34480",Skrivelse In,ej godkänt,DETERMINISTIC_FAILURE,LIFT,34462 34480,2,Smaragden 20,Kungsklippan 11,Kungsholmen,NO,https://etjanster.stockholm.se/Byggochplantjansten/arende/arende/1322744?dataSource=Active
2026-11366,1322745,2026-06-22,,Anmaning att låta åtgärda hissar samt utföra förnyad besiktning,2026-06-23,"Intyg återkommande besiktning, ej godkänt, 67161",Skrivelse In,ej godkänt,DETERMINISTIC_FAILURE,LIFT,67161,1,Cassiopea 7,Kindstugatan 1,Gamla Stan,NO,https://etjanster.stockholm.se/Byggochplantjansten/arende/arende/1322745?dataSource=Active
2026-11367,1322746,2026-06-22,,Anmaning att låta åtgärda hissar samt utföra förnyad besiktning,2026-06-23,"Intyg återkommande besiktning, ej godkänt, 67067, 67211, 67070, 67212, 67915, 68755, 68247, 67068, 68367",Skrivelse In,ej godkänt,DETERMINISTIC_FAILURE,LIFT,67067 67211 67070 67212 67915 68755 68247 67068 68367,9,Asea 3,Västbergavägen 43,Västberga,NO,https://etjanster.stockholm.se/Byggochplantjansten/arende/arende/1322746?dataSource=Active
2026-11369,1322748,2026-06-22,,Anmaning att låta åtgärda hissar samt utföra förnyad besiktning,2026-06-23,"Intyg återkommande besiktning, ej godkänt, 45658, 45659",Skrivelse In,ej godkänt,DETERMINISTIC_FAILURE,LIFT,45658 45659,2,Skördemannen 11,Kungsholmsgatan 34,Kungsholmen,NO,https://etjanster.stockholm.se/Byggochplantjansten/arende/arende/1322748?dataSource=Active
2026-11374,1322753,2026-06-23,,Anmaning att låta åtgärda hissar samt utföra förnyad besiktning,2026-06-23,"Intyg återkommande besiktning, ej godkänt, 60128",Skrivelse In,ej godkänt,DETERMINISTIC_FAILURE,LIFT,60128,1,Ostmästaren 1,Ostmästargränd 2,Enskedefältet,NO,https://etjanster.stockholm.se/Byggochplantjansten/arende/arende/1322753?dataSource=Active
2026-11376,1322755,2026-06-23,,Anmaning att låta åtgärda hissar samt utföra förnyad besiktning,2026-06-23,"Intyg återkommande besiktning, ej godkänt, Tegnérgatan",Skrivelse In,ej godkänt,DETERMINISTIC_FAILURE,LIFT,,0,Flygaren 14,Tegnérgatan 16,Vasastaden,NO,https://etjanster.stockholm.se/Byggochplantjansten/arende/arende/1322755?dataSource=Active
2026-11377,1322756,2026-06-23,,Anmaning att låta åtgärda hissar samt utföra förnyad besiktning,2026-06-23,"Intyg återkommande besiktning, ej godkänt, 74851",Skrivelse In,ej godkänt,DETERMINISTIC_FAILURE,LIFT,74851,1,Stiftelsen 1,Björngårdsgatan 23,Södermalm,NO,https://etjanster.stockholm.se/Byggochplantjansten/arende/arende/1322756?dataSource=Active
2026-11455,1322834,2026-06-23,,Anmaning att låta åtgärda hissar samt utföra förnyad besiktning,2026-06-24,"Intyg återkommande besiktning, ej godkänt, L2810220",Skrivelse In,ej godkänt,DETERMINISTIC_FAILURE,LIFT,L2810220,1,Rio 10,Sandhamnsgatan 12,Ladugårdsgärdet,NO,https://etjanster.stockholm.se/Byggochplantjansten/arende/arende/1322834?dataSource=Active
2026-11457,1322836,2026-06-23,,Anmaning att låta åtgärda hissar samt utföra förnyad besiktning,2026-06-24,"Intyg återkommande besiktning, ej godkänt, L2810097",Skrivelse In,ej godkänt,DETERMINISTIC_FAILURE,LIFT,L2810097,1,Kattrumpstullen 2,Roslagstullsbacken 41,Norra Djurgården,NO,https://etjanster.stockholm.se/Byggochplantjansten/arende/arende/1322836?dataSource=Active
2026-11458,1322838,2026-06-23,,Anmaning att låta åtgärda hissar samt utföra förnyad besiktning,2026-06-24,"Intyg återkommande besiktning, ej godkänt, L2808153",Skrivelse In,ej godkänt,DETERMINISTIC_FAILURE,LIFT,L2808153,1,Smältan 3,Karlbergsvägen 63,Vasastaden,NO,https://etjanster.stockholm.se/Byggochplantjansten/arende/arende/1322838?dataSource=Active
2026-11468,1322847,2026-06-24,,Anmaning att låta åtgärda hissar samt utföra förnyad besiktning,2026-06-24,"Intyg återkommande besiktning, ej godkänt, L2584814",Skrivelse In,ej godkänt,DETERMINISTIC_FAILURE,LIFT,L2584814,1,Mullvadsberget 29,Hornsgatan 130,Södermalm,NO,https://etjanster.stockholm.se/Byggochplantjansten/arende/arende/1322847?dataSource=Active
2026-11471,1322850,2026-06-24,,Anmaning att låta åtgärda rulltrappor samt utföra förnyad besiktning,2026-06-24,"Intyg återkommande besiktning, ej godkänt, L2757557",Skrivelse In,ej godkänt,DETERMINISTIC_FAILURE,ESCALATOR_OR_MOVING_WALK,L2757557,1,Stubinen 2,"Information saknas för ""Adress""",Liljeholmen,NO,https://etjanster.stockholm.se/Byggochplantjansten/arende/arende/1322850?dataSource=Active
2025-13616,1304454,2025-09-08,2026-07-10,Anmaning att låta åtgärda hissar samt utföra förnyad besiktning,2026-06-25,"Intyg återkommande besiktning, ej godkänt, L2576109",Skrivelse In,ej godkänt,DETERMINISTIC_FAILURE,LIFT,L2576109,1,Kastrup 12,Kastrupgatan 7,Kista,YES,https://etjanster.stockholm.se/Byggochplantjansten/arende/arende/1304454?dataSource=Active
2026-11556,1322936,2026-06-25,,Anmaning att låta åtgärda hiss samt utföra förnyad besiktning,2026-06-25,"Intyg återkommande besiktning, ej godkänt, 48812",Skrivelse In,ej godkänt,DETERMINISTIC_FAILURE,LIFT,48812,1,Orren 6,Jungfrugatan 40,Östermalm,NO,https://etjanster.stockholm.se/Byggochplantjansten/arende/arende/1322936?dataSource=Active
2026-11558,1322938,2026-06-25,,Anmaning att låta åtgärda hiss samt utföra förnyad besiktning,2026-06-25,"Intyg återkommande besiktning, ej godkänt, D1405455",Skrivelse In,ej godkänt,DETERMINISTIC_FAILURE,LIFT,D1405455,1,Vindstruten 1,Skarpnäcks Allé 43,Skarpnäcks Gård,NO,https://etjanster.stockholm.se/Byggochplantjansten/arende/arende/1322938?dataSource=Active
2026-11560,1322940,2026-06-25,,Anmaning att låta åtgärda hiss samt utföra förnyad besiktning,2026-06-25,"Intyg återkommande besiktning, ej godkänt, L2808144",Skrivelse In,ej godkänt,DETERMINISTIC_FAILURE,LIFT,L2808144,1,Smältan 4,Karlbergsvägen 61,Vasastaden,NO,https://etjanster.stockholm.se/Byggochplantjansten/arende/arende/1322940?dataSource=Active
2026-11561,1322941,2026-06-25,2026-07-10,Anmaning att låta åtgärda hiss samt utföra förnyad besiktning,2026-06-25,"Intyg återkommande besiktning, ej godkänt, L2581684",Skrivelse In,ej godkänt,DETERMINISTIC_FAILURE,LIFT,L2581684,1,Kastrup 12,Köpenhamnsgatan 6,Kista,YES,https://etjanster.stockholm.se/Byggochplantjansten/arende/arende/1322941?dataSource=Active
2026-11623,1323009,2026-06-26,,Anmaning att låta åtgärda hissar samt utföra förnyad besiktning,2026-06-26,"Intyg återkommande besiktning, ej godkänt, S466013",Skrivelse In,ej godkänt,DETERMINISTIC_FAILURE,LIFT,S466013,1,Blåmannen 20,Mäster Samuelsgatan 56,Norrmalm,NO,https://etjanster.stockholm.se/Byggochplantjansten/arende/arende/1323009?dataSource=Active
2026-11654,1323042,2026-06-26,,Anmaning att låta åtgärda hissar samt utföra förnyad besiktning,2026-06-26,"Intyg återkommande besiktning, ej godkänt, L2524512",Skrivelse In,ej godkänt,DETERMINISTIC_FAILURE,LIFT,L2524512,1,Gjuteriet 1,Pontonjärgatan 38,Kungsholmen,NO,https://etjanster.stockholm.se/Byggochplantjansten/arende/arende/1323042?dataSource=Active
2026-12199,1323626,2026-07-06,,Anmaning att låta åtgärda hiss samt utföra förnyad besiktning,2026-07-06,"Intyg återkommande besiktning, ej godkänt, L2596052",Skrivelse In,ej godkänt,DETERMINISTIC_FAILURE,LIFT,L2596052,1,Kornet 9,Ringvägen 54,Södermalm,NO,https://etjanster.stockholm.se/Byggochplantjansten/arende/arende/1323626?dataSource=Active
2026-12200,1323627,2026-07-06,,Anmaning att låta åtgärda hiss samt utföra förnyad besiktning,2026-07-06,"Intyg återkommande besiktning, ej godkänt, D1762243",Skrivelse In,ej godkänt,DETERMINISTIC_FAILURE,LIFT,D1762243,1,Stigbygeln 5,Sergels Torg 12,Norrmalm,NO,https://etjanster.stockholm.se/Byggochplantjansten/arende/arende/1323627?dataSource=Active
2026-12201,1323628,2026-06-29,,Anmaning att låta åtgärda hissar samt utföra förnyad besiktning,2026-07-06,"Intyg återkommande besiktning, ej godkänt, L9944513",Skrivelse In,ej godkänt,DETERMINISTIC_FAILURE,LIFT,L9944513,1,Wahrenberg 11,Vattugatan 1,Norrmalm,NO,https://etjanster.stockholm.se/Byggochplantjansten/arende/arende/1323628?dataSource=Active
2026-12202,1323629,2026-06-30,,Anmaning att låta åtgärda hissar samt utföra förnyad besiktning,2026-07-06,"Intyg återkommande besiktning, ej godkänt, L2519055",Skrivelse In,ej godkänt,DETERMINISTIC_FAILURE,LIFT,L2519055,1,Midgård 19,Frejgatan 48,Vasastaden,NO,https://etjanster.stockholm.se/Byggochplantjansten/arende/arende/1323629?dataSource=Active
2026-12203,1323630,2026-06-30,,Anmaning att låta åtgärda hissar samt utföra förnyad besiktning,2026-07-06,"Intyg återkommande besiktning, ej godkänt, L2941384, L2941400",Skrivelse In,ej godkänt,DETERMINISTIC_FAILURE,LIFT,L2941384 L2941400,2,Valkyrian 23,Dalagatan 41,Vasastaden,NO,https://etjanster.stockholm.se/Byggochplantjansten/arende/arende/1323630?dataSource=Active
2025-17495,1308333,2025-11-11,,Anmaning att låta åtgärda hiss samt utföra förnyad besiktning,2026-07-07,"Intyg återkommande besiktning, ej godkänt, S670698",Skrivelse In,ej godkänt,DETERMINISTIC_FAILURE,LIFT,S670698,1,Fredriksdal 10,Hammarby Allé 3,Södra Hammarbyhamnen,YES,https://etjanster.stockholm.se/Byggochplantjansten/arende/arende/1308333?dataSource=Active
2026-12194,1323621,2026-07-06,2026-07-07,Anmaning att låta åtgärda hiss samt utföra förnyad besiktning,2026-07-07,"Intyg återkommande besiktning, ej godkänt, S461232 (Besiktningsdatum 2026-06-23)",Skrivelse In,ej godkänt,DETERMINISTIC_FAILURE,LIFT,S461232,1,Hekla 1,Isafjordsgatan 16,Kista,NO,https://etjanster.stockholm.se/Byggochplantjansten/arende/arende/1323621?dataSource=Active
2026-12217,1323644,2026-07-07,,Anmaning att låta åtgärda hiss samt utföra förnyad besiktning,2026-07-07,"Intyg återkommande besiktning, ej godkänt, L3719796",Skrivelse In,ej godkänt,DETERMINISTIC_FAILURE,LIFT,L3719796,1,Piperska Muren 2,Kungsholmsgatan 31,Kungsholmen,NO,https://etjanster.stockholm.se/Byggochplantjansten/arende/arende/1323644?dataSource=Active
2026-12218,1323645,2026-07-07,,Anmaning att låta åtgärda hiss samt utföra förnyad besiktning,2026-07-07,"Intyg återkommande besiktning, ej godkänt, L3700481",Skrivelse In,ej godkänt,DETERMINISTIC_FAILURE,LIFT,L3700481,1,Humlegården 6,Sturegatan 16A,Östermalm,NO,https://etjanster.stockholm.se/Byggochplantjansten/arende/arende/1323645?dataSource=Active
2026-12219,1323646,2026-07-07,,Anmaning att låta åtgärda hiss samt utföra förnyad besiktning,2026-07-07,"Intyg återkommande besiktning, ej godkänt, S637585",Skrivelse In,ej godkänt,DETERMINISTIC_FAILURE,LIFT,S637585,1,Kolding 2,Kronborgsgränd 16,Kista,NO,https://etjanster.stockholm.se/Byggochplantjansten/arende/arende/1323646?dataSource=Active
2026-12220,1323647,2026-07-07,,Anmaning att låta åtgärda hiss samt utföra förnyad besiktning,2026-07-07,"Intyg återkommande besiktning, ej godkänt, L3703410",Skrivelse In,ej godkänt,DETERMINISTIC_FAILURE,LIFT,L3703410,1,Lönnen 15,Sturegatan 19,Östermalm,NO,https://etjanster.stockholm.se/Byggochplantjansten/arende/arende/1323647?dataSource=Active
2026-12221,1323648,2026-07-07,,Anmaning att låta åtgärda hiss samt utföra förnyad besiktning,2026-07-07,"Intyg återkommande besiktning, ej godkänt, L6905871",Skrivelse In,ej godkänt,DETERMINISTIC_FAILURE,LIFT,L6905871,1,Spettet 10,Hornsbruksgatan 13,Södermalm,NO,https://etjanster.stockholm.se/Byggochplantjansten/arende/arende/1323648?dataSource=Active
2026-12222,1323649,2026-07-07,,Anmaning att låta åtgärda hiss samt utföra förnyad besiktning (Sergelarkaden),2026-07-07,"Intyg återkommande besiktning, ej godkänt, S150013",Skrivelse In,ej godkänt,DETERMINISTIC_FAILURE,LIFT,S150013,1,Skansen 23,"Information saknas för ""Adress""",Norrmalm,NO,https://etjanster.stockholm.se/Byggochplantjansten/arende/arende/1323649?dataSource=Active
2026-12223,1323650,2026-07-07,,Anmaning att låta åtgärda port samt utföra förnyad besiktning,2026-07-07,"Intyg återkommande besiktning, ej godkänt, S1025074",Skrivelse In,ej godkänt,DETERMINISTIC_FAILURE,POWERED_GATE_OR_DOOR,S1025074,1,Tegeludden 16,Östhammarsgatan 72,Ladugårdsgärdet,NO,https://etjanster.stockholm.se/Byggochplantjansten/arende/arende/1323650?dataSource=Active
2026-12224,1323651,2026-07-07,,Anmaning att låta åtgärda hiss samt utföra förnyad besiktning,2026-07-07,"Intyg återkommande besiktning, ej godkänt, L3715588",Skrivelse In,ej godkänt,DETERMINISTIC_FAILURE,LIFT,L3715588,1,Vattuormen 16,Kungsholms Hamnplan 7,Kungsholmen,NO,https://etjanster.stockholm.se/Byggochplantjansten/arende/arende/1323651?dataSource=Active
2026-12225,1323652,2026-07-07,,Anmaning att låta åtgärda rulltrappa samt utföra förnyad besiktning,2026-07-07,"Intyg återkommande besiktning, ej godkänt, S520010",Skrivelse In,ej godkänt,DETERMINISTIC_FAILURE,ESCALATOR_OR_MOVING_WALK,S520010,1,Södermalm 7:87,Stadsgårdshamnen 12A,Södermalm,NO,https://etjanster.stockholm.se/Byggochplantjansten/arende/arende/1323652?dataSource=Active
2026-12226,1323653,2026-07-07,,Anmaning att låta åtgärda hissar samt utföra förnyad besiktning,2026-07-07,"Intyg återkommande besiktning, ej godkänt, 3 st, S627063, S651394, S652534",Skrivelse In,ej godkänt,DETERMINISTIC_FAILURE,LIFT,S627063 S651394 S652534,3,Enzymet 2,"Nina Einhorns Gata 1, Nina Einhorns Gata 7, Sonja Kovalevskys Gata 8",Vasastaden,NO,https://etjanster.stockholm.se/Byggochplantjansten/arende/arende/1323653?dataSource=Active
2026-12227,1323654,2026-07-07,,Anmaning att låta åtgärda hiss samt utföra förnyad besiktning,2026-07-07,"Intyg återkommande besiktning, ej godkänt, S349209",Skrivelse In,ej godkänt,DETERMINISTIC_FAILURE,LIFT,S349209,1,Gjutmästaren 6,Bryggerivägen 12B,Ulvsunda Industriområde,NO,https://etjanster.stockholm.se/Byggochplantjansten/arende/arende/1323654?dataSource=Active
2026-12228,1323655,2026-07-07,2026-08-27,Anmaning att låta åtgärda hiss samt utföra förnyad besiktning,2026-07-07,"Intyg återkommande besiktning, ej godkänt, L3108347",Skrivelse In,ej godkänt,DETERMINISTIC_FAILURE,LIFT,L3108347,1,Harpan 52,Gumshornsgatan 5,Östermalm,YES,https://etjanster.stockholm.se/Byggochplantjansten/arende/arende/1323655?dataSource=Active
2026-12229,1323656,2026-07-07,,Anmaning att låta åtgärda hiss samt utföra förnyad besiktning,2026-07-07,"Intyg återkommande besiktning, ej godkänt, L3714367",Skrivelse In,ej godkänt,DETERMINISTIC_FAILURE,LIFT,L3714367,1,Sjökonungen 1,Snoilskyvägen 32,Fredhäll,NO,https://etjanster.stockholm.se/Byggochplantjansten/arende/arende/1323656?dataSource=Active
2026-12230,1323657,2026-07-07,,Anmaning att låta åtgärda hissar samt utföra förnyad besiktning,2026-07-07,"Intyg återkommande besiktning, ej godkänt, 4 st, L3148517, L3148525, S190106, S1025558",Skrivelse In,ej godkänt,DETERMINISTIC_FAILURE,LIFT,L3148517 L3148525 S190106 S1025558,4,Gångaren 13,"Sankt Göransgatan 143, Sankt Göransgatan 143K",Stadshagen,YES,https://etjanster.stockholm.se/Byggochplantjansten/arende/arende/1323657?dataSource=Active
2026-12247,1323674,2026-06-30,,Anmaning att låta åtgärda hissar samt utföra förnyad besiktning,2026-07-07,"Intyg återkommande besiktning, ej godkänt, L7047529",Skrivelse In,ej godkänt,DETERMINISTIC_FAILURE,LIFT,L7047529,1,Krukomakaren 17,Hornsgatan 103,Södermalm,NO,https://etjanster.stockholm.se/Byggochplantjansten/arende/arende/1323674?dataSource=Active
2026-12264,1323691,2026-07-01,,Anmaning att låta åtgärda hissar samt utföra förnyad besiktning,2026-07-07,"Intyg återkommande besiktning, ej godkänt, L2785580, L2785599",Skrivelse In,ej godkänt,DETERMINISTIC_FAILURE,LIFT,L2785580 L2785599,2,Åvinge 2,Åvingegränd 23,Tensta,NO,https://etjanster.stockholm.se/Byggochplantjansten/arende/arende/1323691?dataSource=Active
2026-12265,1323692,2026-07-01,,Anmaning att låta åtgärda hissar samt utföra förnyad besiktning,2026-07-07,"Intyg återkommande besiktning, ej godkänt, L2808126",Skrivelse In,ej godkänt,DETERMINISTIC_FAILURE,LIFT,L2808126,1,Harpan 25,Karlaplan 6,Östermalm,NO,https://etjanster.stockholm.se/Byggochplantjansten/arende/arende/1323692?dataSource=Active
2026-12283,1323710,2026-07-07,2026-07-13,Anmaning att låta åtgärda hissar samt utföra förnyad besiktning,2026-07-07,"Intyg återkommande besiktning, ej godkänt, 2 st, L3475399, L3475407",Skrivelse In,ej godkänt,DETERMINISTIC_FAILURE,LIFT,L3475399 L3475407,2,Höken 31,"Åsögatan 118, Åsögatan 120",Södermalm,YES,https://etjanster.stockholm.se/Byggochplantjansten/arende/arende/1323710?dataSource=Active
2026-12285,1323712,2026-07-07,,Anmaning att låta åtgärda hissar samt utföra förnyad besiktning,2026-07-07,"Intyg återkommande besiktning, ej godkänt, 4 st, S279737, S279739, S279740, S279741",Skrivelse In,ej godkänt,DETERMINISTIC_FAILURE,LIFT,S279737 S279739 S279740 S279741,4,Kalendern 4,"Abrahamsbergsvägen 84, Abrahamsbergsvägen 86, Rörläggarvägen 31, Rörläggarvägen 33",Abrahamsberg,NO,https://etjanster.stockholm.se/Byggochplantjansten/arende/arende/1323712?dataSource=Active
2026-12286,1323713,2026-07-07,,Anmaning att låta åtgärda hiss samt utföra förnyad besiktning,2026-07-07,"Intyg återkommande besiktning, ej godkänt, L3699790",Skrivelse In,ej godkänt,DETERMINISTIC_FAILURE,LIFT,L3699790,1,Knallhatten 6,Brantingsgatan 28,Ladugårdsgärdet,NO,https://etjanster.stockholm.se/Byggochplantjansten/arende/arende/1323713?dataSource=Active
2026-12287,1323714,2026-07-07,,Anmaning att låta åtgärda hiss samt utföra förnyad besiktning,2026-07-07,"Intyg återkommande besiktning, ej godkänt, L3703501",Skrivelse In,ej godkänt,DETERMINISTIC_FAILURE,LIFT,L3703501,1,Knallhatten 5,Brantingsgatan 26,Ladugårdsgärdet,NO,https://etjanster.stockholm.se/Byggochplantjansten/arende/arende/1323714?dataSource=Active
2026-12288,1323715,2026-07-07,,Anmaning att låta åtgärda hissar samt utföra förnyad besiktning,2026-07-07,"Intyg återkommande besiktning, ej godkänt, 5 st, S637556, S637557, S637558, S637563, S637691",Skrivelse In,ej godkänt,DETERMINISTIC_FAILURE,LIFT,S637556 S637557 S637558 S637563 S637691,5,Kolding 3,"Kronborgsgränd 1, Kronborgsgränd 5, Kronborgsgränd 7",Kista,NO,https://etjanster.stockholm.se/Byggochplantjansten/arende/arende/1323715?dataSource=Active
2026-12289,1323716,2026-07-07,,Anmaning att låta åtgärda hissar samt utföra förnyad besiktning,2026-07-07,"Intyg återkommande besiktning, ej godkänt, 4 st, S637667, S637670, S637678, S637687",Skrivelse In,ej godkänt,DETERMINISTIC_FAILURE,LIFT,S637667 S637670 S637678 S637687,4,Kolding 4,"Kronborgsgränd 15, Kronborgsgränd 19, Kronborgsgränd 23",Kista,NO,https://etjanster.stockholm.se/Byggochplantjansten/arende/arende/1323716?dataSource=Active
2026-12291,1323718,2026-07-07,2026-07-10,Anmaning att låta åtgärda hissar samt utföra förnyad besiktning,2026-07-07,"Intyg återkommande besiktning, ej godkänt, 3 st, L1003623, L1003631, L7356611",Skrivelse In,ej godkänt,DETERMINISTIC_FAILURE,LIFT,L1003623 L1003631 L7356611,3,Kåkenhusen 25,"Brunnsgatan 11, Kungsgatan 12",Norrmalm,YES,https://etjanster.stockholm.se/Byggochplantjansten/arende/arende/1323718?dataSource=Active
2026-12292,1323719,2026-07-07,,Anmaning att låta åtgärda hissar samt utföra förnyad besiktning,2026-07-07,"Intyg återkommande besiktning, ej godkänt, 2 st, L0658781, S1027118",Skrivelse In,ej godkänt,DETERMINISTIC_FAILURE,LIFT,L0658781 S1027118,2,Norra Djurgården 1:1,Djurgårdsbrunnsvägen 10,Ladugårdsgärdet,NO,https://etjanster.stockholm.se/Byggochplantjansten/arende/arende/1323719?dataSource=Active
2026-12293,1323720,2026-07-07,,Anmaning att låta åtgärda hiss samt utföra förnyad besiktning,2026-07-07,"Intyg återkommande besiktning, ej godkänt, L0069336",Skrivelse In,ej godkänt,DETERMINISTIC_FAILURE,LIFT,L0069336,1,Minneberg 5,Svartviksslingan 91,Traneberg,NO,https://etjanster.stockholm.se/Byggochplantjansten/arende/arende/1323720?dataSource=Active
2026-12294,1323721,2026-07-07,,Anmaning att låta åtgärda hiss samt utföra förnyad besiktning,2026-07-07,"Intyg återkommande besiktning, ej godkänt, L0075366",Skrivelse In,ej godkänt,DETERMINISTIC_FAILURE,LIFT,L0075366,1,Svartvik 1,Svartviksslingan 7,Traneberg,NO,https://etjanster.stockholm.se/Byggochplantjansten/arende/arende/1323721?dataSource=Active
2026-12295,1323722,2026-07-07,,Anmaning att låta åtgärda hissar samt utföra förnyad besiktning,2026-07-07,"Intyg återkommande besiktning, ej godkänt, 2 st, L3669660, L9883596",Skrivelse In,ej godkänt,DETERMINISTIC_FAILURE,LIFT,L3669660 L9883596,2,Pegasus 6,Slottsbacken 6,Gamla Stan,NO,https://etjanster.stockholm.se/Byggochplantjansten/arende/arende/1323722?dataSource=Active
2026-12296,1323723,2026-07-07,2026-07-16,Anmaning att låta åtgärda hiss samt utföra förnyad besiktning,2026-07-07,"Intyg återkommande besiktning, ej godkänt, L3711801",Skrivelse In,ej godkänt,DETERMINISTIC_FAILURE,LIFT,L3711801,1,Hydinge 1,Skäftingebacken 13,Tensta,YES,https://etjanster.stockholm.se/Byggochplantjansten/arende/arende/1323723?dataSource=Active
2026-12297,1323724,2026-07-07,2026-07-13,Anmaning att låta åtgärda hiss samt utföra förnyad besiktning,2026-07-07,"Intyg återkommande besiktning, ej godkänt, L3711843",Skrivelse In,ej godkänt,DETERMINISTIC_FAILURE,LIFT,L3711843,1,Hydinge 2,Skäftingebacken 25,Tensta,YES,https://etjanster.stockholm.se/Byggochplantjansten/arende/arende/1323724?dataSource=Active
2026-12298,1323725,2026-07-07,2026-08-06,Anmaning att låta åtgärda hiss samt utföra förnyad besiktning,2026-07-07,"Intyg återkommande besiktning, ej godkänt, S730392",Skrivelse In,ej godkänt,DETERMINISTIC_FAILURE,LIFT,S730392,1,Kvarnlaven S:2,Almbygatan 14,Rinkeby,YES,https://etjanster.stockholm.se/Byggochplantjansten/arende/arende/1323725?dataSource=Active
2026-12299,1323726,2026-07-07,2026-07-16,Anmaning att låta åtgärda hissar samt utföra förnyad besiktning,2026-07-07,"Intyg återkommande besiktning, ej godkänt, 2 st, L3756756, L3756822",Skrivelse In,ej godkänt,DETERMINISTIC_FAILURE,LIFT,L3756756 L3756822,2,Islinge 1,"Mellingebacken 20, Mellingebacken 6",Tensta,YES,https://etjanster.stockholm.se/Byggochplantjansten/arende/arende/1323726?dataSource=Active
2026-12300,1323727,2026-07-07,2026-09-23,Anmaning att låta åtgärda hissar samt utföra förnyad besiktning,2026-07-07,"Intyg återkommande besiktning, ej godkänt, 5 st, L3195419, L3195435, L3195443, L3195450, L6806749",Skrivelse In,ej godkänt,DETERMINISTIC_FAILURE,LIFT,L3195419 L3195435 L3195443 L3195450 L6806749,5,Beridarebanan 4,Sveavägen 13,Norrmalm,YES,https://etjanster.stockholm.se/Byggochplantjansten/arende/arende/1323727?dataSource=Active
2026-12301,1323728,2026-07-07,,Anmaning att låta åtgärda hiss samt utföra förnyad besiktning,2026-07-07,"Intyg återkommande besiktning, ej godkänt, S818399",Skrivelse In,ej godkänt,DETERMINISTIC_FAILURE,LIFT,S818399,1,Beridarebanan 11,Mäster Samuelsgatan 42,Norrmalm,NO,https://etjanster.stockholm.se/Byggochplantjansten/arende/arende/1323728?dataSource=Active
2026-12302,1323729,2026-07-07,,Anmaning att låta åtgärda hissar samt utföra förnyad besiktning,2026-07-07,"Intyg återkommande besiktning, ej godkänt, 3 st, S469885, S472582, S473479",Skrivelse In,ej godkänt,DETERMINISTIC_FAILURE,LIFT,S469885 S472582 S473479,3,Hackebackeskogen 1,"Emils Gata 11, Emils Gata 9, Tummelisas Gata 3",Mariehäll,NO,https://etjanster.stockholm.se/Byggochplantjansten/arende/arende/1323729?dataSource=Active
2026-12303,1323730,2026-07-07,,Anmaning att låta åtgärda hissar samt utföra förnyad besiktning,2026-07-07,"Intyg återkommande besiktning, ej godkänt, 4 st, S993669, S993672, S997456, S997459",Skrivelse In,ej godkänt,DETERMINISTIC_FAILURE,LIFT,S993669 S993672 S997456 S997459,4,Packrummet 13,"Zachrisbergsgatan 41, Zachrisbergsgatan 47, Zachrisbergsgatan 53, Zachrisbergsgatan 57",Liljeholmen,NO,https://etjanster.stockholm.se/Byggochplantjansten/arende/arende/1323730?dataSource=Active
2026-12312,1323739,2026-07-07,,Anmaning att låta åtgärda hiss samt utföra förnyad besiktning,2026-07-07,"Intyg återkommande besiktning, ej godkänt, L7899814",Skrivelse In,ej godkänt,DETERMINISTIC_FAILURE,LIFT,L7899814,1,Båtklubben 6,Pollargatan 14,Södra Hammarbyhamnen,NO,https://etjanster.stockholm.se/Byggochplantjansten/arende/arende/1323739?dataSource=Active
2026-12313,1323740,2026-07-07,,Anmaning att låta åtgärda hiss samt utföra förnyad besiktning,2026-07-07,"Intyg återkommande besiktning, ej godkänt, L2911522",Skrivelse In,ej godkänt,DETERMINISTIC_FAILURE,LIFT,L2911522,1,Åkermannen 31,Norra Agnegatan 38,Kungsholmen,NO,https://etjanster.stockholm.se/Byggochplantjansten/arende/arende/1323740?dataSource=Active
2026-12314,1323741,2026-07-07,,Anmaning att låta åtgärda hiss samt utföra förnyad besiktning,2026-07-07,"Intyg återkommande besiktning, ej godkänt, L2677349",Skrivelse In,ej godkänt,DETERMINISTIC_FAILURE,LIFT,L2677349,1,Vindruvan 12,Scheelegatan 4,Kungsholmen,NO,https://etjanster.stockholm.se/Byggochplantjansten/arende/arende/1323741?dataSource=Active
2026-12315,1323742,2026-07-07,,Anmaning att låta åtgärda hissar samt utföra förnyad besiktning,2026-07-07,"Intyg återkommande besiktning, ej godkänt, 3 st, D1749602, D1749606, D1749608",Skrivelse In,ej godkänt,DETERMINISTIC_FAILURE,LIFT,D1749602 D1749606 D1749608,3,Barnhusväderkvarnen 22,Tegnérlunden 8,Vasastaden,NO,https://etjanster.stockholm.se/Byggochplantjansten/arende/arende/1323742?dataSource=Active
2026-12317,1323744,2026-07-07,,Anmaning att låta åtgärda hiss samt utföra förnyad besiktning,2026-07-07,"Intyg återkommande besiktning, ej godkänt, L2808108",Skrivelse In,ej godkänt,DETERMINISTIC_FAILURE,LIFT,L2808108,1,Vattenborgen 11,John Bergs Plan 1,Stadshagen,NO,https://etjanster.stockholm.se/Byggochplantjansten/arende/arende/1323744?dataSource=Active
2026-12318,1323745,2026-07-07,,Anmaning att låta åtgärda hiss samt utföra förnyad besiktning,2026-07-07,"Intyg återkommande besiktning, ej godkänt, L2808117",Skrivelse In,ej godkänt,DETERMINISTIC_FAILURE,LIFT,L2808117,1,Vattenborgen 9,John Bergs Plan 5,Stadshagen,NO,https://etjanster.stockholm.se/Byggochplantjansten/arende/arende/1323745?dataSource=Active
2026-12319,1323746,2026-07-07,,Anmaning att låta åtgärda hissar samt utföra förnyad besiktning,2026-07-07,"Intyg återkommande besiktning, ej godkänt, 8 st, D1485511, D1485988, D1485989, D1486154, D1486155, D1486156, D1486157, D1486158",Skrivelse In,ej godkänt,DETERMINISTIC_FAILURE,LIFT,D1485511 D1485988 D1485989 D1486154 D1486155 D1486156 D1486157 D1486158,8,Svallvågen 1,"Fartygsgatan 12, Fartygsgatan 14, Fartygsgatan 16, Vävar Johans Gata 29, Vävar Johans Gata 31, Vävar Johans Gata 33, Vävar Johans Gata 35, Vävar Johans Gata 37",Södra Hammarbyhamnen,NO,https://etjanster.stockholm.se/Byggochplantjansten/arende/arende/1323746?dataSource=Active
2025-15010,1305848,2025-10-01,,Anmaning att låta åtgärda hissar samt utföra förnyad besiktning,2026-07-08,"Intyg återkommande besiktning, ej godkänt, D1662194",Skrivelse In,ej godkänt,DETERMINISTIC_FAILURE,LIFT,D1662194,1,Mars Och Vulcanus 1,Mynttorget 2,Gamla Stan,NO,https://etjanster.stockholm.se/Byggochplantjansten/arende/arende/1305848?dataSource=Active
2026-06069,1317406,2026-04-02,2026-08-13,Anmaning att låta åtgärda hissar samt utföra förnyad besiktning,2026-07-08,"Intyg återkommande besiktning, ej godkänt, 54537",Skrivelse In,ej godkänt,DETERMINISTIC_FAILURE,LIFT,54537,1,Barnhuset 25,Upplandsgatan 4,Norrmalm,YES,https://etjanster.stockholm.se/Byggochplantjansten/arende/arende/1317406?dataSource=Active
2026-12319,1323746,2026-07-07,,Anmaning att låta åtgärda hissar samt utföra förnyad besiktning,2026-07-08,"Intyg återkommande besiktning, ej godkänt, D1485989",Skrivelse In,ej godkänt,DETERMINISTIC_FAILURE,LIFT,D1485989,1,Svallvågen 1,"Fartygsgatan 12, Fartygsgatan 14, Fartygsgatan 16, Vävar Johans Gata 29, Vävar Johans Gata 31, Vävar Johans Gata 33, Vävar Johans Gata 35, Vävar Johans Gata 37",Södra Hammarbyhamnen,NO,https://etjanster.stockholm.se/Byggochplantjansten/arende/arende/1323746?dataSource=Active
2026-12337,1323764,2026-07-03,,Anmaning att låta åtgärda hissar samt utföra förnyad besiktning,2026-07-08,"Intyg återkommande besiktning, ej godkänt, 20291",Skrivelse In,ej godkänt,DETERMINISTIC_FAILURE,LIFT,20291,1,Hemmet 17,Sysslomansgatan 8,Marieberg,NO,https://etjanster.stockholm.se/Byggochplantjansten/arende/arende/1323764?dataSource=Active
2026-12338,1323765,2026-07-03,,Anmaning att låta åtgärda hissar samt utföra förnyad besiktning,2026-07-08,"Intyg återkommande besiktning, ej godkänt, 20286",Skrivelse In,ej godkänt,DETERMINISTIC_FAILURE,LIFT,20286,1,Hemmet 18,Sysslomansgatan 14,Marieberg,NO,https://etjanster.stockholm.se/Byggochplantjansten/arende/arende/1323765?dataSource=Active
2026-12338,1323765,2026-07-03,,Anmaning att låta åtgärda hissar samt utföra förnyad besiktning,2026-07-08,"Intyg återkommande besiktning, ej godkänt, 20428",Skrivelse In,ej godkänt,DETERMINISTIC_FAILURE,LIFT,20428,1,Hemmet 18,Sysslomansgatan 14,Marieberg,NO,https://etjanster.stockholm.se/Byggochplantjansten/arende/arende/1323765?dataSource=Active
2026-12338,1323765,2026-07-03,,Anmaning att låta åtgärda hissar samt utföra förnyad besiktning,2026-07-08,"Intyg återkommande besiktning, ej godkänt, 20287, 20288, 20289, 20427",Skrivelse In,ej godkänt,DETERMINISTIC_FAILURE,LIFT,20287 20288 20289 20427,4,Hemmet 18,Sysslomansgatan 14,Marieberg,NO,https://etjanster.stockholm.se/Byggochplantjansten/arende/arende/1323765?dataSource=Active
2026-12340,1323767,2026-07-03,,Anmaning att låta åtgärda hissar samt utföra förnyad besiktning,2026-07-08,"Intyg återkommande besiktning, ej godkänt, 29919",Skrivelse In,ej godkänt,DETERMINISTIC_FAILURE,LIFT,29919,1,Gjutformen 3,Karlsviksgatan 4,Kungsholmen,NO,https://etjanster.stockholm.se/Byggochplantjansten/arende/arende/1323767?dataSource=Active
2026-12340,1323767,2026-07-03,,Anmaning att låta åtgärda hissar samt utföra förnyad besiktning,2026-07-08,"Intyg återkommande besiktning, ej godkänt, 29921",Skrivelse In,ej godkänt,DETERMINISTIC_FAILURE,LIFT,29921,1,Gjutformen 3,Karlsviksgatan 4,Kungsholmen,NO,https://etjanster.stockholm.se/Byggochplantjansten/arende/arende/1323767?dataSource=Active
2026-12341,1323768,2026-07-03,,Anmaning att låta åtgärda hissar samt utföra förnyad besiktning,2026-07-08,"Intyg återkommande besiktning, ej godkänt, 42822, 42823, 42824, 42829, 42832",Skrivelse In,ej godkänt,DETERMINISTIC_FAILURE,LIFT,42822 42823 42824 42829 42832,5,Rektangeln 21,Götgatan 100,Södermalm,NO,https://etjanster.stockholm.se/Byggochplantjansten/arende/arende/1323768?dataSource=Active
2026-12341,1323768,2026-07-03,,Anmaning att låta åtgärda hissar samt utföra förnyad besiktning,2026-07-08,"Intyg återkommande besiktning, ej godkänt, 42827, 42827",Skrivelse In,ej godkänt,DETERMINISTIC_FAILURE,LIFT,42827 42827,2,Rektangeln 21,Götgatan 100,Södermalm,NO,https://etjanster.stockholm.se/Byggochplantjansten/arende/arende/1323768?dataSource=Active
2026-12342,1323769,2026-07-03,2026-07-28,Anmaning att låta åtgärda hissar samt utföra förnyad besiktning,2026-07-08,"Intyg återkommande besiktning, ej godkänt, 47382",Skrivelse In,ej godkänt,DETERMINISTIC_FAILURE,LIFT,47382,1,Luma 2,Ljusslingan 36,Södra Hammarbyhamnen,YES,https://etjanster.stockholm.se/Byggochplantjansten/arende/arende/1323769?dataSource=Active
2026-12343,1323770,2026-07-03,,Anmaning att låta åtgärda hissar samt utföra förnyad besiktning,2026-07-08,"Intyg återkommande besiktning, ej godkänt, 67935, 67936",Skrivelse In,ej godkänt,DETERMINISTIC_FAILURE,LIFT,67935 67936,2,Basaren 1,Baltzar Von Platens Gata 12A,Kungsholmen,NO,https://etjanster.stockholm.se/Byggochplantjansten/arende/arende/1323770?dataSource=Active
2026-12346,1323773,2026-07-03,,Anmaning att låta åtgärda hissar samt utföra förnyad besiktning,2026-07-08,"Intyg återkommande besiktning, ej godkänt, 20025",Skrivelse In,ej godkänt,DETERMINISTIC_FAILURE,LIFT,20025,1,Fyrkanten 4,Luntmakargatan 15,Norrmalm,NO,https://etjanster.stockholm.se/Byggochplantjansten/arende/arende/1323773?dataSource=Active
2026-12347,1323774,2026-07-08,,Anmaning att låta åtgärda hiss samt utföra förnyad besiktning,2026-07-08,"Intyg återkommande besiktning, ej godkänt, L2509575",Skrivelse In,ej godkänt,DETERMINISTIC_FAILURE,LIFT,L2509575,1,Pistongen 4,Atlasgatan 3,Vasastaden,NO,https://etjanster.stockholm.se/Byggochplantjansten/arende/arende/1323774?dataSource=Active
2026-12348,1323775,2026-07-08,,Anmaning att låta åtgärda hissar samt utföra förnyad besiktning,2026-07-08,"Intyg återkommande besiktning, ej godkänt, L2659127",Skrivelse In,ej godkänt,DETERMINISTIC_FAILURE,LIFT,L2659127,1,Lindansaren 23,Holländargatan 22,Vasastaden,NO,https://etjanster.stockholm.se/Byggochplantjansten/arende/arende/1323775?dataSource=Active
2026-12349,1323776,2026-07-08,,Anmaning att låta åtgärda hissar samt utföra förnyad besiktning,2026-07-08,"Intyg återkommande besiktning, ej godkänt, 20285",Skrivelse In,ej godkänt,DETERMINISTIC_FAILURE,LIFT,20285,1,Hemmet 18,Sysslomansgatan 20,Marieberg,NO,https://etjanster.stockholm.se/Byggochplantjansten/arende/arende/1323776?dataSource=Active
2026-12350,1323777,2026-07-08,,Anmaning att låta åtgärda hiss samt utföra förnyad besiktning,2026-07-08,"Intyg återkommande besiktning, ej godkänt, 56656",Skrivelse In,ej godkänt,DETERMINISTIC_FAILURE,LIFT,56656,1,Islandet 17,Drottninggatan 88B,Norrmalm,NO,https://etjanster.stockholm.se/Byggochplantjansten/arende/arende/1323777?dataSource=Active
2026-12351,1323778,2026-07-08,,Anmaning att låta åtgärda hiss samt utföra förnyad besiktning,2026-07-08,"Intyg återkommande besiktning, ej godkänt, 78884",Skrivelse In,ej godkänt,DETERMINISTIC_FAILURE,LIFT,78884,1,Ladugårdsgrinden 19,Biblioteksgatan 26,Östermalm,NO,https://etjanster.stockholm.se/Byggochplantjansten/arende/arende/1323778?dataSource=Active
2026-12356,1323783,2026-07-03,2026-08-11,Anmaning att låta åtgärda hissar samt utföra förnyad besiktning,2026-07-08,"Intyg återkommande besiktning, ej godkänt, L3481975",Skrivelse In,ej godkänt,DETERMINISTIC_FAILURE,LIFT,L3481975,1,Demonstrationen 7,Värtavägen 17,Ladugårdsgärdet,YES,https://etjanster.stockholm.se/Byggochplantjansten/arende/arende/1323783?dataSource=Active
2026-12368,1323795,2026-07-08,,Anmaning att låta åtgärda hissar samt utföra förnyad besiktning,2026-07-08,"Intyg återkommande besiktning, ej godkänt, 4 st, L6049761, L6049789, L6049798, L6049805",Skrivelse In,ej godkänt,DETERMINISTIC_FAILURE,LIFT,L6049761 L6049789 L6049798 L6049805,4,Häftklammern 1,Vemdalsgatan 53,Råcksta,NO,https://etjanster.stockholm.se/Byggochplantjansten/arende/arende/1323795?dataSource=Active
2026-12370,1323797,2026-07-08,,Anmaning att låta åtgärda hiss samt utföra förnyad besiktning,2026-07-08,"Intyg återkommande besiktning, ej godkänt, L2833769",Skrivelse In,ej godkänt,DETERMINISTIC_FAILURE,LIFT,L2833769,1,Rio 11,Värtavägen 60,Ladugårdsgärdet,NO,https://etjanster.stockholm.se/Byggochplantjansten/arende/arende/1323797?dataSource=Active
2026-12372,1323799,2026-07-08,,Anmaning att låta åtgärda hiss samt utföra förnyad besiktning,2026-07-08,"Intyg återkommande besiktning, ej godkänt, L8324352",Skrivelse In,ej godkänt,DETERMINISTIC_FAILURE,LIFT,L8324352,1,Murmästaren 9,Hantverkargatan 23,Kungsholmen,NO,https://etjanster.stockholm.se/Byggochplantjansten/arende/arende/1323799?dataSource=Active
2026-12373,1323800,2026-07-08,,Anmaning att låta åtgärda hiss samt utföra förnyad besiktning,2026-07-08,"Intyg återkommande besiktning, ej godkänt, D1628342",Skrivelse In,ej godkänt,DETERMINISTIC_FAILURE,LIFT,D1628342,1,Fatbursholmen 23,Åsögatan 89,Södermalm,NO,https://etjanster.stockholm.se/Byggochplantjansten/arende/arende/1323800?dataSource=Active
2026-12377,1323804,2026-07-08,,Anmaning att låta åtgärda hiss samt utföra förnyad besiktning,2026-07-08,"Intyg återkommande besiktning, ej godkänt, 70671",Skrivelse In,ej godkänt,DETERMINISTIC_FAILURE,LIFT,70671,1,Forskaren 1,Hagaplan 4,Vasastaden,NO,https://etjanster.stockholm.se/Byggochplantjansten/arende/arende/1323804?dataSource=Active
2026-12379,1323806,2026-07-08,,Anmaning att låta åtgärda hissar samt utföra förnyad besiktning,2026-07-08,"Intyg återkommande besiktning, ej godkänt, 3 st, 40086, 40087, 39961",Skrivelse In,ej godkänt,DETERMINISTIC_FAILURE,LIFT,40086 40087 39961,3,Leporiden 1,"Gamla Lundagatan 1, Ludvigsbergsgatan 3, Ludvigsbergsgatan 5",Södermalm,NO,https://etjanster.stockholm.se/Byggochplantjansten/arende/arende/1323806?dataSource=Active
2026-12381,1323808,2026-07-08,,Anmaning att låta åtgärda hiss samt utföra förnyad besiktning,2026-07-08,"Intyg återkommande besiktning, ej godkänt, 30605",Skrivelse In,ej godkänt,DETERMINISTIC_FAILURE,LIFT,30605,1,Stora Katrineberg 1,Liljeholmsvägen 8,Liljeholmen,NO,https://etjanster.stockholm.se/Byggochplantjansten/arende/arende/1323808?dataSource=Active
2026-12383,1323810,2026-07-08,,Anmaning att låta åtgärda hiss samt utföra förnyad besiktning,2026-07-08,"Intyg återkommande besiktning, ej godkänt, 44585",Skrivelse In,ej godkänt,DETERMINISTIC_FAILURE,LIFT,44585,1,Bocken 47,Norrlandsgatan 23,Norrmalm,NO,https://etjanster.stockholm.se/Byggochplantjansten/arende/arende/1323810?dataSource=Active
2026-12384,1323811,2026-07-08,,Anmaning att låta åtgärda hiss samt utföra förnyad besiktning,2026-07-08,"Intyg återkommande besiktning, ej godkänt, 57001",Skrivelse In,ej godkänt,DETERMINISTIC_FAILURE,LIFT,57001,1,Trollhättan 33,Brunkebergstorg 8,Norrmalm,NO,https://etjanster.stockholm.se/Byggochplantjansten/arende/arende/1323811?dataSource=Active
2026-12385,1323812,2026-07-08,,Anmaning att låta åtgärda hiss samt utföra förnyad besiktning,2026-07-08,"Intyg återkommande besiktning, ej godkänt, 52753",Skrivelse In,ej godkänt,DETERMINISTIC_FAILURE,LIFT,52753,1,Soldaten 12,Folkungagatan 88B,Södermalm,NO,https://etjanster.stockholm.se/Byggochplantjansten/arende/arende/1323812?dataSource=Active
2026-12386,1323813,2026-07-08,,Anmaning att låta åtgärda hissar samt utföra förnyad besiktning,2026-07-08,"Intyg återkommande besiktning, ej godkänt, 2 st, 33136, 33137",Skrivelse In,ej godkänt,DETERMINISTIC_FAILURE,LIFT,33136 33137,2,Engelsmannen 4,"Björnsonsgatan 58, Holbergsgatan 90",Blackeberg,NO,https://etjanster.stockholm.se/Byggochplantjansten/arende/arende/1323813?dataSource=Active
2026-12388,1323815,2026-07-08,,Anmaning att låta åtgärda hiss samt utföra förnyad besiktning,2026-07-08,"Intyg återkommande besiktning, ej godkänt, 55203",Skrivelse In,ej godkänt,DETERMINISTIC_FAILURE,LIFT,55203,1,Droskhästen 6,Tjärhovsgatan 18,Södermalm,NO,https://etjanster.stockholm.se/Byggochplantjansten/arende/arende/1323815?dataSource=Active
2026-12389,1323816,2026-07-08,,Anmaning att låta åtgärda hiss samt utföra förnyad besiktning,2026-07-08,"Intyg återkommande besiktning, ej godkänt, 43797",Skrivelse In,ej godkänt,DETERMINISTIC_FAILURE,LIFT,43797,1,Båtsmannen Större 23,Folkungagatan 76,Södermalm,NO,https://etjanster.stockholm.se/Byggochplantjansten/arende/arende/1323816?dataSource=Active
2026-12390,1323817,2026-07-08,,Anmaning att låta åtgärda hiss samt utföra förnyad besiktning,2026-07-08,"Intyg återkommande besiktning, ej godkänt, 72035",Skrivelse In,ej godkänt,DETERMINISTIC_FAILURE,LIFT,72035,1,Bocken 35,Lästmakargatan 22,Norrmalm,NO,https://etjanster.stockholm.se/Byggochplantjansten/arende/arende/1323817?dataSource=Active
2026-12391,1323818,2026-07-08,,Anmaning att låta åtgärda hiss samt utföra förnyad besiktning,2026-07-08,"Intyg återkommande besiktning, ej godkänt, 56556",Skrivelse In,ej godkänt,DETERMINISTIC_FAILURE,LIFT,56556,1,Harven 48,Bjurholmsgatan 37,Södermalm,NO,https://etjanster.stockholm.se/Byggochplantjansten/arende/arende/1323818?dataSource=Active
2026-12392,1323819,2026-07-08,,Anmaning att låta åtgärda hiss samt utföra förnyad besiktning,2026-07-08,"Intyg återkommande besiktning, ej godkänt, 56561",Skrivelse In,ej godkänt,DETERMINISTIC_FAILURE,LIFT,56561,1,Obelisken 23,Götgatan 85,Södermalm,NO,https://etjanster.stockholm.se/Byggochplantjansten/arende/arende/1323819?dataSource=Active
2026-12403,1323830,2026-07-03,2026-07-13,Anmaning att låta åtgärda hissar samt utföra förnyad besiktning,2026-07-08,"Intyg återkommande besiktning, ej godkänt, L3711777, L3711785, L3711793",Skrivelse In,ej godkänt,DETERMINISTIC_FAILURE,LIFT,L3711777 L3711785 L3711793,3,Hydinge 1,Skäftingebacken 3,Tensta,YES,https://etjanster.stockholm.se/Byggochplantjansten/arende/arende/1323830?dataSource=Active
2026-12404,1323831,2026-07-03,,Anmaning att låta åtgärda hissar samt utföra förnyad besiktning,2026-07-08,"Intyg återkommande besiktning, ej godkänt, L3756657, L3756681, L3756699",Skrivelse In,ej godkänt,DETERMINISTIC_FAILURE,LIFT,L3756657 L3756681 L3756699,3,Skäftinge 1,Skäftingebacken 20,Tensta,YES,https://etjanster.stockholm.se/Byggochplantjansten/arende/arende/1323831?dataSource=Active
2026-12407,1323834,2026-07-03,,Anmaning att låta åtgärda hissar samt utföra förnyad besiktning,2026-07-08,"Intyg återkommande besiktning, ej godkänt, L4042040",Skrivelse In,ej godkänt,DETERMINISTIC_FAILURE,LIFT,L4042040,1,Råttan 7,Hornsgatan 55,Södermalm,NO,https://etjanster.stockholm.se/Byggochplantjansten/arende/arende/1323834?dataSource=Active
2026-12314,1323741,2026-07-07,,Anmaning att låta åtgärda hiss samt utföra förnyad besiktning,2026-07-09,"Intyg återkommande besiktning, ej godkänt, L2677349",Skrivelse In,ej godkänt,DETERMINISTIC_FAILURE,LIFT,L2677349,1,Vindruvan 12,Scheelegatan 4,Kungsholmen,NO,https://etjanster.stockholm.se/Byggochplantjansten/arende/arende/1323741?dataSource=Active
2026-12317,1323744,2026-07-07,,Anmaning att låta åtgärda hiss samt utföra förnyad besiktning,2026-07-09,"Intyg återkommande besiktning, ej godkänt, L2808108",Skrivelse In,ej godkänt,DETERMINISTIC_FAILURE,LIFT,L2808108,1,Vattenborgen 11,John Bergs Plan 1,Stadshagen,NO,https://etjanster.stockholm.se/Byggochplantjansten/arende/arende/1323744?dataSource=Active
2026-12387,1323814,2026-07-08,2026-07-09,Anmaning att låta åtgärda hiss samt utföra förnyad besiktning,2026-07-09,"Intyg återkommande besiktning, ej godkänt, S361793 (2026-07-01)",Skrivelse In,ej godkänt,DETERMINISTIC_FAILURE,LIFT,S361793,1,Svea Artilleri 14,Valhallavägen 117F,Ladugårdsgärdet,NO,https://etjanster.stockholm.se/Byggochplantjansten/arende/arende/1323814?dataSource=Active
2026-12419,1323846,2026-07-03,,Anmaning att låta åtgärda hissar samt utföra förnyad besiktning,2026-07-09,"Intyg återkommande besiktning, ej godkänt, L6747497",Skrivelse In,ej godkänt,DETERMINISTIC_FAILURE,LIFT,L6747497,1,Käpplingeholmen 3,Nybrokajen 5,Norrmalm,NO,https://etjanster.stockholm.se/Byggochplantjansten/arende/arende/1323846?dataSource=Active
2026-12420,1323847,2026-07-03,,Anmaning att låta åtgärda hissar samt utföra förnyad besiktning,2026-07-09,"Intyg återkommande besiktning, ej godkänt, S295382",Skrivelse In,ej godkänt,DETERMINISTIC_FAILURE,LIFT,S295382,1,Barnhusväderkvarnen 37,Tegnérlunden 4,Vasastaden,NO,https://etjanster.stockholm.se/Byggochplantjansten/arende/arende/1323847?dataSource=Active
2026-12422,1323849,2026-07-03,,Anmaning att låta åtgärda hissar samt utföra förnyad besiktning,2026-07-09,"Intyg återkommande besiktning, ej godkänt, S320481",Skrivelse In,ej godkänt,DETERMINISTIC_FAILURE,LIFT,S320481,1,Geringslådan 1,Majrovägen 3,Gubbängen,NO,https://etjanster.stockholm.se/Byggochplantjansten/arende/arende/1323849?dataSource=Active
2026-12424,1323851,2026-07-03,,Anmaning att låta åtgärda hissar samt utföra förnyad besiktning,2026-07-09,"Intyg återkommande besiktning, ej godkänt, S320483",Skrivelse In,ej godkänt,DETERMINISTIC_FAILURE,LIFT,S320483,1,Geringslådan 1,Lingvägen 122,Gubbängen,NO,https://etjanster.stockholm.se/Byggochplantjansten/arende/arende/1323851?dataSource=Active
2026-12425,1323852,2026-07-03,,Anmaning att låta åtgärda hissar samt utföra förnyad besiktning,2026-07-09,"Intyg återkommande besiktning, ej godkänt, S350952",Skrivelse In,ej godkänt,DETERMINISTIC_FAILURE,LIFT,S350952,1,Skagafjord 1,Skagafjordsgatan 13,Kista,NO,https://etjanster.stockholm.se/Byggochplantjansten/arende/arende/1323852?dataSource=Active
2026-12427,1323854,2026-07-03,,Anmaning att låta åtgärda hissar samt utföra förnyad besiktning,2026-07-09,"Intyg återkommande besiktning, ej godkänt, S382769",Skrivelse In,ej godkänt,DETERMINISTIC_FAILURE,LIFT,S382769,1,Lyckolandet 1,Harry Martinsons Gata 13,Stadshagen,NO,https://etjanster.stockholm.se/Byggochplantjansten/arende/arende/1323854?dataSource=Active
2026-12430,1323857,2026-07-03,,Anmaning att låta åtgärda hissar samt utföra förnyad besiktning,2026-07-09,"Intyg återkommande besiktning, ej godkänt, S668659, S669213",Skrivelse In,ej godkänt,DETERMINISTIC_FAILURE,LIFT,S668659 S669213,2,Lagringen 2,Sjöviksvägen 79,Liljeholmen,NO,https://etjanster.stockholm.se/Byggochplantjansten/arende/arende/1323857?dataSource=Active
2026-12430,1323857,2026-07-03,,Anmaning att låta åtgärda hissar samt utföra förnyad besiktning,2026-07-09,"Intyg återkommande besiktning, ej godkänt, S698908",Skrivelse In,ej godkänt,DETERMINISTIC_FAILURE,LIFT,S698908,1,Lagringen 2,Sjöviksvägen 79,Liljeholmen,NO,https://etjanster.stockholm.se/Byggochplantjansten/arende/arende/1323857?dataSource=Active
2026-12430,1323857,2026-07-03,,Anmaning att låta åtgärda hissar samt utföra förnyad besiktning,2026-07-09,"Intyg återkommande besiktning, ej godkänt, S710092",Skrivelse In,ej godkänt,DETERMINISTIC_FAILURE,LIFT,S710092,1,Lagringen 2,Sjöviksvägen 79,Liljeholmen,NO,https://etjanster.stockholm.se/Byggochplantjansten/arende/arende/1323857?dataSource=Active
2026-12433,1323860,2026-07-03,,Anmaning att låta åtgärda hissar samt utföra förnyad besiktning,2026-07-09,"Intyg återkommande besiktning, ej godkänt, S855659",Skrivelse In,ej godkänt,DETERMINISTIC_FAILURE,LIFT,S855659,1,Zachrisberg 2,Zachrisbergsgatan 1,Liljeholmen,NO,https://etjanster.stockholm.se/Byggochplantjansten/arende/arende/1323860?dataSource=Active
2026-12434,1323861,2026-07-03,,Anmaning att låta åtgärda hissar samt utföra förnyad besiktning,2026-07-09,"Intyg återkommande besiktning, ej godkänt, S840738, S840739, S832141",Skrivelse In,ej godkänt,DETERMINISTIC_FAILURE,LIFT,S840738 S840739 S832141,3,Zachrisberg 3,Zachrisbergsgatan 9,Liljeholmen,NO,https://etjanster.stockholm.se/Byggochplantjansten/arende/arende/1323861?dataSource=Active
2026-12435,1323862,2026-07-03,,Anmaning att låta åtgärda hissar samt utföra förnyad besiktning,2026-07-09,"Intyg återkommande besiktning, ej godkänt, S983408",Skrivelse In,ej godkänt,DETERMINISTIC_FAILURE,LIFT,S983408,1,Järnplåten 23,Kungsgatan 37,Norrmalm,NO,https://etjanster.stockholm.se/Byggochplantjansten/arende/arende/1323862?dataSource=Active
2026-12437,1323864,2026-07-03,,Anmaning att låta åtgärda hissar samt utföra förnyad besiktning,2026-07-09,"Intyg återkommande besiktning, ej godkänt, S1027047",Skrivelse In,ej godkänt,DETERMINISTIC_FAILURE,LIFT,S1027047,1,Skalholt 2,Kistagången 19,Kista,NO,https://etjanster.stockholm.se/Byggochplantjansten/arende/arende/1323864?dataSource=Active
2026-12447,1323874,2026-07-09,2026-08-04,Anmaning att låta åtgärda hissar samt utföra förnyad besiktning,2026-07-09,"Intyg återkommande besiktning, ej godkänt, 44574",Skrivelse In,ej godkänt,DETERMINISTIC_FAILURE,LIFT,44574,1,Trojenborg 18,Eriksbergsgatan 12A,Östermalm,YES,https://etjanster.stockholm.se/Byggochplantjansten/arende/arende/1323874?dataSource=Active
2026-12449,1323876,2026-07-09,,Anmaning att låta åtgärda hissar samt utföra förnyad besiktning,2026-07-09,"Intyg återkommande besiktning, ej godkänt, 45888, 45889",Skrivelse In,ej godkänt,DETERMINISTIC_FAILURE,LIFT,45888 45889,2,Saturnus 18,Hornsgatan 15,Södermalm,NO,https://etjanster.stockholm.se/Byggochplantjansten/arende/arende/1323876?dataSource=Active
2026-12452,1323879,2026-07-09,,Anmaning att låta åtgärda hissar samt utföra förnyad besiktning,2026-07-09,"Intyg återkommande besiktning, ej godkänt, 51172",Skrivelse In,ej godkänt,DETERMINISTIC_FAILURE,LIFT,51172,1,Vitbetan 32,Katarina Bangata 63,Södermalm,NO,https://etjanster.stockholm.se/Byggochplantjansten/arende/arende/1323879?dataSource=Active
2026-12453,1323880,2026-07-09,2026-09-08,Anmaning att låta åtgärda hissar samt utföra förnyad besiktning,2026-07-09,"Intyg återkommande besiktning, ej godkänt, 62042",Skrivelse In,ej godkänt,DETERMINISTIC_FAILURE,LIFT,62042,1,Grönland 12,Nordenskiöldsgatan 74,Djurgården,YES,https://etjanster.stockholm.se/Byggochplantjansten/arende/arende/1323880?dataSource=Active
2026-12469,1323896,2026-07-09,,Anmaning att låta åtgärda hiss samt utföra förnyad besiktning,2026-07-09,"Intyg återkommande besiktning, ej godkänt, D1723756",Skrivelse In,ej godkänt,DETERMINISTIC_FAILURE,LIFT,D1723756,1,Kalkonen 4,Lindhagensgatan 63,Kristineberg,NO,https://etjanster.stockholm.se/Byggochplantjansten/arende/arende/1323896?dataSource=Active
2026-12529,1323956,2026-07-10,,Anmaning att låta åtgärda hissar samt utföra förnyad besiktning,2026-07-10,"Intyg återkommande besiktning, ej godkänt, 34696",Skrivelse In,ej godkänt,DETERMINISTIC_FAILURE,LIFT,34696,1,Viggen 4,Brännkyrkagatan 54B,Södermalm,NO,https://etjanster.stockholm.se/Byggochplantjansten/arende/arende/1323956?dataSource=Active
2026-12531,1323958,2026-07-10,,Anmaning att låta åtgärda hissar samt utföra förnyad besiktning,2026-07-10,"Intyg återkommande besiktning, ej godkänt, 42769, 42770",Skrivelse In,ej godkänt,DETERMINISTIC_FAILURE,LIFT,42769 42770,2,Gropen 26,Hornsgatan 74A,Södermalm,NO,https://etjanster.stockholm.se/Byggochplantjansten/arende/arende/1323958?dataSource=Active
2026-12532,1323959,2026-07-10,,Anmaning att låta åtgärda hissar samt utföra förnyad besiktning,2026-07-10,"Intyg återkommande besiktning, ej godkänt, 42909",Skrivelse In,ej godkänt,DETERMINISTIC_FAILURE,LIFT,42909,1,Sankt Göran 4,Maria Prästgårdsgata 12,Södermalm,NO,https://etjanster.stockholm.se/Byggochplantjansten/arende/arende/1323959?dataSource=Active
2026-12533,1323960,2026-07-10,,Anmaning att låta åtgärda hissar samt utföra förnyad besiktning,2026-07-10,"Intyg återkommande besiktning, ej godkänt, 44583, 44844, 44845",Skrivelse In,ej godkänt,DETERMINISTIC_FAILURE,LIFT,44583 44844 44845,3,Muttern 16,Högalidsgatan 40A,Södermalm,NO,https://etjanster.stockholm.se/Byggochplantjansten/arende/arende/1323960?dataSource=Active
2026-12538,1323965,2026-07-10,2026-07-17,Anmaning att låta åtgärda hissar samt utföra förnyad besiktning,2026-07-10,"Intyg återkommande besiktning, ej godkänt, 41811",Skrivelse In,ej godkänt,DETERMINISTIC_FAILURE,LIFT,41811,1,Provisorn 4,Kungstensgatan 17,Vasastaden,YES,https://etjanster.stockholm.se/Byggochplantjansten/arende/arende/1323965?dataSource=Active
2026-12303,1323730,2026-07-07,,Anmaning att låta åtgärda hissar samt utföra förnyad besiktning,2026-07-13,"Intyg återkommande besiktning, ej godkänt, 4 st, S993669, S993672, S997456, S997459",Skrivelse In,ej godkänt,DETERMINISTIC_FAILURE,LIFT,S993669 S993672 S997456 S997459,4,Packrummet 13,"Zachrisbergsgatan 41, Zachrisbergsgatan 47, Zachrisbergsgatan 53, Zachrisbergsgatan 57",Liljeholmen,NO,https://etjanster.stockholm.se/Byggochplantjansten/arende/arende/1323730?dataSource=Active
2026-12591,1324018,2026-07-13,2026-08-21,Anmaning att låta åtgärda hiss samt utföra förnyad besiktning,2026-07-13,"Intyg återkommande besiktning, ej godkänt, S417877",Skrivelse In,ej godkänt,DETERMINISTIC_FAILURE,LIFT,S417877,1,Gotska Sandön 1,Jaktgatan 14,Hjorthagen,YES,https://etjanster.stockholm.se/Byggochplantjansten/arende/arende/1324018?dataSource=Active
2026-12592,1324019,2026-07-13,2026-07-20,Anmaning att låta åtgärda hiss samt utföra förnyad besiktning,2026-07-13,"Intyg återkommande besiktning, ej godkänt, L3752391",Skrivelse In,ej godkänt,DETERMINISTIC_FAILURE,LIFT,L3752391,1,Furan 4,Karlavägen 24,Östermalm,YES,https://etjanster.stockholm.se/Byggochplantjansten/arende/arende/1324019?dataSource=Active
2026-12594,1324021,2026-07-13,2026-08-06,Anmaning att låta åtgärda hiss samt utföra förnyad besiktning,2026-07-13,"Intyg återkommande besiktning, ej godkänt, L3707759",Skrivelse In,ej godkänt,DETERMINISTIC_FAILURE,LIFT,L3707759,1,Furan 7,Eriksbergsgatan 26,Östermalm,YES,https://etjanster.stockholm.se/Byggochplantjansten/arende/arende/1324021?dataSource=Active
2026-12595,1324022,2026-07-13,,Anmaning att låta åtgärda hiss samt utföra förnyad besiktning,2026-07-13,"Intyg återkommande besiktning, ej godkänt, L3687290",Skrivelse In,ej godkänt,DETERMINISTIC_FAILURE,LIFT,L3687290,1,Hinden 22,Brahegatan 40,Östermalm,NO,https://etjanster.stockholm.se/Byggochplantjansten/arende/arende/1324022?dataSource=Active
2026-12596,1324023,2026-07-13,2026-08-06,Anmaning att låta åtgärda hiss samt utföra förnyad besiktning,2026-07-13,"Intyg återkommande besiktning, ej godkänt, L3480522",Skrivelse In,ej godkänt,DETERMINISTIC_FAILURE,LIFT,L3480522,1,Häggen 6,Eriksbergsgatan 42,Östermalm,YES,https://etjanster.stockholm.se/Byggochplantjansten/arende/arende/1324023?dataSource=Active
2026-12597,1324024,2026-07-13,,Anmaning att låta åtgärda hiss samt utföra förnyad besiktning,2026-07-13,"Intyg återkommande besiktning, ej godkänt, L3480282",Skrivelse In,ej godkänt,DETERMINISTIC_FAILURE,LIFT,L3480282,1,Lövsångaren 5,Östermalmsgatan 7,Östermalm,NO,https://etjanster.stockholm.se/Byggochplantjansten/arende/arende/1324024?dataSource=Active
2026-12598,1324025,2026-07-13,,Anmaning att låta åtgärda hiss samt utföra förnyad besiktning,2026-07-13,"Intyg återkommande besiktning, ej godkänt, S456672",Skrivelse In,ej godkänt,DETERMINISTIC_FAILURE,LIFT,S456672,1,Norra Djurgården 1:48,Frescativägen 24A,Norra Djurgården,NO,https://etjanster.stockholm.se/Byggochplantjansten/arende/arende/1324025?dataSource=Active
2026-12601,1324028,2026-07-13,,"Anmaning att låta åtgärda port samt utföra förnyad besiktning, Kristinebergsgaraget",2026-07-13,"Intyg återkommande besiktning, ej godkänt, S339840",Skrivelse In,ej godkänt,DETERMINISTIC_FAILURE,POWERED_GATE_OR_DOOR,S339840,1,Kristineberg 1:4,"Information saknas för ""Adress""",Kristineberg,NO,https://etjanster.stockholm.se/Byggochplantjansten/arende/arende/1324028?dataSource=Active
2026-12602,1324029,2026-07-13,,Anmaning att låta åtgärda port samt utföra förnyad besiktning,2026-07-13,"Intyg återkommande besiktning, ej godkänt, L9100124",Skrivelse In,ej godkänt,DETERMINISTIC_FAILURE,POWERED_GATE_OR_DOOR,L9100124,1,Skebo 4,Finspångsgatan 36,Lunda,NO,https://etjanster.stockholm.se/Byggochplantjansten/arende/arende/1324029?dataSource=Active
2026-12603,1324030,2026-07-13,,Anmaning att låta åtgärda hiss samt utföra förnyad besiktning,2026-07-13,"Intyg återkommande besiktning, ej godkänt, L0788307",Skrivelse In,ej godkänt,DETERMINISTIC_FAILURE,LIFT,L0788307,1,Morkullan 21,Valhallavägen 48,Östermalm,NO,https://etjanster.stockholm.se/Byggochplantjansten/arende/arende/1324030?dataSource=Active
2026-12605,1324032,2026-07-13,,Anmaning att låta åtgärda hiss samt utföra förnyad besiktning,2026-07-13,"Intyg återkommande besiktning, ej godkänt, L3482577",Skrivelse In,ej godkänt,DETERMINISTIC_FAILURE,LIFT,L3482577,1,Djurgården 1:1,Prins Eugens Väg 6,Djurgården,NO,https://etjanster.stockholm.se/Byggochplantjansten/arende/arende/1324032?dataSource=Active
2026-12606,1324033,2026-07-13,,Anmaning att låta åtgärda hiss samt utföra förnyad besiktning,2026-07-13,"Intyg återkommande besiktning, ej godkänt, L3754918",Skrivelse In,ej godkänt,DETERMINISTIC_FAILURE,LIFT,L3754918,1,Trumslagaren 14,Wittstocksgatan 4,Östermalm,NO,https://etjanster.stockholm.se/Byggochplantjansten/arende/arende/1324033?dataSource=Active
2026-12607,1324034,2026-07-13,,Anmaning att låta åtgärda hissar samt utföra förnyad besiktning,2026-07-13,"Intyg återkommande besiktning, ej godkänt, 3 st, S692847, S692848, S829859",Skrivelse In,ej godkänt,DETERMINISTIC_FAILURE,LIFT,S692847 S692848 S829859,3,Norra Djurgården 1:49,Teknikringen 10,Norra Djurgården,NO,https://etjanster.stockholm.se/Byggochplantjansten/arende/arende/1324034?dataSource=Active
2026-12608,1324035,2026-07-13,,Anmaning att låta åtgärda hissar samt utföra förnyad besiktning,2026-07-13,"Intyg återkommande besiktning, ej godkänt, 2 st, S649181, S649184",Skrivelse In,ej godkänt,DETERMINISTIC_FAILURE,LIFT,S649181 S649184,2,Analysen 4,Hälsingegatan 61,Vasastaden,NO,https://etjanster.stockholm.se/Byggochplantjansten/arende/arende/1324035?dataSource=Active
2026-12610,1324037,2026-07-13,,Anmaning att låta åtgärda hiss samt utföra förnyad besiktning,2026-07-13,"Intyg återkommande besiktning, ej godkänt, L7894757",Skrivelse In,ej godkänt,DETERMINISTIC_FAILURE,LIFT,L7894757,1,Fondbersån 1,Friherregatan 1,Hässelby Gård,NO,https://etjanster.stockholm.se/Byggochplantjansten/arende/arende/1324037?dataSource=Active
2026-12690,1324117,2026-07-16,,Anmaning att låta åtgärda hiss samt utföra förnyad besiktning,2026-07-16,"Intyg återkommande besiktning, ej godkänt, L7894686",Skrivelse In,ej godkänt,DETERMINISTIC_FAILURE,LIFT,L7894686,1,Kullagulla 1,Dartanjangs Gata 50,Mariehäll,NO,https://etjanster.stockholm.se/Byggochplantjansten/arende/arende/1324117?dataSource=Active
2026-12703,1324130,2026-07-16,,Anmaning att låta åtgärda hiss samt utföra förnyad besiktning,2026-07-16,"Intyg återkommande besiktning, ej godkänt, D1741660",Skrivelse In,ej godkänt,DETERMINISTIC_FAILURE,LIFT,D1741660,1,Måsholmen 22,Bredholmsgatan 7,Skärholmen,NO,https://etjanster.stockholm.se/Byggochplantjansten/arende/arende/1324130?dataSource=Active
2026-12706,1324133,2026-07-16,,Anmaning att låta åtgärda port samt utföra förnyad besiktning,2026-07-16,"Intyg återkommande besiktning, ej godkänt, L9002760",Skrivelse In,ej godkänt,DETERMINISTIC_FAILURE,POWERED_GATE_OR_DOOR,L9002760,1,Förrådsbacken 1,Oxenstiernsgatan 20,Östermalm,NO,https://etjanster.stockholm.se/Byggochplantjansten/arende/arende/1324133?dataSource=Active
2026-12730,1324157,2026-07-17,2026-07-20,Anmaning att låta åtgärda hiss samt utföra förnyad besiktning,2026-07-20,"Intyg återkommande besiktning, ej godkänt, 37861 (Besiktningsdag: 2026-07-14)",Skrivelse In,ej godkänt,DETERMINISTIC_FAILURE,LIFT,37861,1,Svea Artilleri 15,Starrängsringen 37,Ladugårdsgärdet,NO,https://etjanster.stockholm.se/Byggochplantjansten/arende/arende/1324157?dataSource=Active
2026-12761,1324188,2026-07-20,,Anmaning att låta åtgärda hiss samt utföra förnyad besiktning,2026-07-20,"Intyg återkommande besiktning, ej godkänt, 71801",Skrivelse In,ej godkänt,DETERMINISTIC_FAILURE,LIFT,71801,1,Bodarne 11,Strandvägen 5A,Östermalm,NO,https://etjanster.stockholm.se/Byggochplantjansten/arende/arende/1324188?dataSource=Active
2026-12763,1324190,2026-07-20,,Anmaning att låta åtgärda hiss samt utföra förnyad besiktning,2026-07-20,"Intyg återkommande besiktning, ej godkänt, 42556",Skrivelse In,ej godkänt,DETERMINISTIC_FAILURE,LIFT,42556,1,Kattryggen 22,Brännkyrkagatan 44,Södermalm,NO,https://etjanster.stockholm.se/Byggochplantjansten/arende/arende/1324190?dataSource=Active
2026-12764,1324191,2026-07-20,,Anmaning att låta åtgärda hissar samt utföra förnyad besiktning,2026-07-20,"Intyg återkommande besiktning, ej godkänt, 2 st, 24018, 24019",Skrivelse In,ej godkänt,DETERMINISTIC_FAILURE,LIFT,24018 24019,2,Jupiter Mindre 14,Peter Myndes Backe 16,Södermalm,NO,https://etjanster.stockholm.se/Byggochplantjansten/arende/arende/1324191?dataSource=Active
2026-12765,1324192,2026-07-20,,Anmaning att låta åtgärda hissar samt utföra förnyad besiktning,2026-07-20,"Intyg återkommande besiktning, ej godkänt, 2 st, 46086, 49454",Skrivelse In,ej godkänt,DETERMINISTIC_FAILURE,LIFT,46086 49454,2,Muttern 15,"Högalidsgatan 38B, Högalidsgatan 38D",Södermalm,NO,https://etjanster.stockholm.se/Byggochplantjansten/arende/arende/1324192?dataSource=Active
2026-12766,1324193,2026-07-20,,Anmaning att låta åtgärda hissar samt utföra förnyad besiktning,2026-07-20,"Intyg återkommande besiktning, ej godkänt, 2 st, 56439, 56440",Skrivelse In,ej godkänt,DETERMINISTIC_FAILURE,LIFT,56439 56440,2,Trollhättan 31,Malmtorgsgatan 8,Norrmalm,NO,https://etjanster.stockholm.se/Byggochplantjansten/arende/arende/1324193?dataSource=Active
2026-12767,1324194,2026-07-20,,Anmaning att låta åtgärda hiss samt utföra förnyad besiktning,2026-07-20,"Intyg återkommande besiktning, ej godkänt, 63133",Skrivelse In,ej godkänt,DETERMINISTIC_FAILURE,LIFT,63133,1,Trollhättan 30,Regeringsgatan 25,Norrmalm,NO,https://etjanster.stockholm.se/Byggochplantjansten/arende/arende/1324194?dataSource=Active
2026-12770,1324197,2026-07-20,,Anmaning att låta åtgärda hiss samt utföra förnyad besiktning,2026-07-20,"Intyg återkommande besiktning, ej godkänt, S667649",Skrivelse In,ej godkänt,DETERMINISTIC_FAILURE,LIFT,S667649,1,Cybele 6,Skräddargränd 3,Gamla Stan,NO,https://etjanster.stockholm.se/Byggochplantjansten/arende/arende/1324197?dataSource=Active
2026-12771,1324198,2026-07-20,,Anmaning att låta åtgärda hiss samt utföra förnyad besiktning,2026-07-20,"Intyg återkommande besiktning, ej godkänt, L3664075",Skrivelse In,ej godkänt,DETERMINISTIC_FAILURE,LIFT,L3664075,1,Läraren 13,Torsgatan 4,Norrmalm,NO,https://etjanster.stockholm.se/Byggochplantjansten/arende/arende/1324198?dataSource=Active
2026-12772,1324199,2026-07-20,,Anmaning att låta åtgärda port samt utföra förnyad besiktning,2026-07-20,"Intyg återkommande besiktning, ej godkänt, L9127697",Skrivelse In,ej godkänt,DETERMINISTIC_FAILURE,POWERED_GATE_OR_DOOR,L9127697,1,Sillö 6,Edsvallabacken 16,Larsboda,NO,https://etjanster.stockholm.se/Byggochplantjansten/arende/arende/1324199?dataSource=Active
2026-12784,1324211,2026-07-21,,Anmaning att låta åtgärda hiss samt utföra förnyad besiktning,2026-07-21,"Intyg återkommande besiktning, ej godkänt, 31363",Skrivelse In,ej godkänt,DETERMINISTIC_FAILURE,LIFT,31363,1,Kvadraten 34,Allhelgonagatan 15,Södermalm,NO,https://etjanster.stockholm.se/Byggochplantjansten/arende/arende/1324211?dataSource=Active
2026-12785,1324212,2026-07-21,,Anmaning att låta åtgärda hiss samt utföra förnyad besiktning,2026-07-21,"Intyg återkommande besiktning, ej godkänt, 37512",Skrivelse In,ej godkänt,DETERMINISTIC_FAILURE,LIFT,37512,1,Bjälken 20,Lundagatan 31,Södermalm,NO,https://etjanster.stockholm.se/Byggochplantjansten/arende/arende/1324212?dataSource=Active
2026-12786,1324213,2026-07-21,,Anmaning att låta åtgärda hiss samt utföra förnyad besiktning,2026-07-21,"Intyg återkommande besiktning, ej godkänt, D1733102",Skrivelse In,ej godkänt,DETERMINISTIC_FAILURE,LIFT,D1733102,1,Norrskenet 1,Lyckebyvägen 13,Björkhagen,NO,https://etjanster.stockholm.se/Byggochplantjansten/arende/arende/1324213?dataSource=Active
2025-16759,1307597,2025-10-30,,Anmaning att låta åtgärda hiss samt utföra förnyad besiktning,2026-07-28,"Intyg återkommande besiktning, ej godkänt, D1626677",Skrivelse In,ej godkänt,DETERMINISTIC_FAILURE,LIFT,D1626677,1,Oxford 1,Emmy Rappes Gata 3,Vasastaden,NO,https://etjanster.stockholm.se/Byggochplantjansten/arende/arende/1307597?dataSource=Active
2026-12992,1324419,2026-07-28,2026-07-28,Anmaning att låta åtgärda hissar samt utföra förnyad besiktning,2026-07-28,"Intyg återkommande besiktning, ej godkänt, (3), D1523427, D1523428, D1523434",Skrivelse In,ej godkänt,DETERMINISTIC_FAILURE,LIFT,D1523427 D1523428 D1523434,3,Lättinge 1,"Lättingebacken 12, Lättingebacken 22, Lättingebacken 24",Tensta,NO,https://etjanster.stockholm.se/Byggochplantjansten/arende/arende/1324419?dataSource=Active
2026-12993,1324420,2026-07-28,,Anmaning att låta åtgärda hiss samt utföra förnyad besiktning,2026-07-28,"Intyg återkommande besiktning, ej godkänt, D1626682",Skrivelse In,ej godkänt,DETERMINISTIC_FAILURE,LIFT,D1626682,1,Coimbra 1,Anna Steckséns Gata 15,Vasastaden,NO,https://etjanster.stockholm.se/Byggochplantjansten/arende/arende/1324420?dataSource=Active
2026-12995,1324422,2026-07-28,,Anmaning att låta åtgärda hiss samt utföra förnyad besiktning,2026-07-28,"Intyg återkommande besiktning, ej godkänt, D1743273",Skrivelse In,ej godkänt,DETERMINISTIC_FAILURE,LIFT,D1743273,1,Reykjavik 1,Borgarfjordsgatan 16,Kista,NO,https://etjanster.stockholm.se/Byggochplantjansten/arende/arende/1324422?dataSource=Active
2026-12996,1324423,2026-07-28,,Anmaning att låta åtgärda hissar samt utföra förnyad besiktning,2026-07-28,"Intyg återkommande besiktning, ej godkänt, (3), L2946941, L2946969, L2946987",Skrivelse In,ej godkänt,DETERMINISTIC_FAILURE,LIFT,L2946941 L2946969 L2946987,3,Snickeriet 1,"Midskeppsgatan 1, Midskeppsgatan 5, Midskeppsgatan 9",Södra Hammarbyhamnen,NO,https://etjanster.stockholm.se/Byggochplantjansten/arende/arende/1324423?dataSource=Active
2026-13001,1324428,2026-07-28,,Anmaning att låta åtgärda hiss samt utföra förnyad besiktning,2026-07-28,"Intyg återkommande besiktning, ej godkänt, L4055075",Skrivelse In,ej godkänt,DETERMINISTIC_FAILURE,LIFT,L4055075,1,Bergsund 78,Bergsunds Strand 23,Södermalm,NO,https://etjanster.stockholm.se/Byggochplantjansten/arende/arende/1324428?dataSource=Active
2026-13002,1324429,2026-07-28,,Anmaning att låta åtgärda hiss samt utföra förnyad besiktning,2026-07-28,"Intyg återkommande besiktning, ej godkänt, D1298323",Skrivelse In,ej godkänt,DETERMINISTIC_FAILURE,LIFT,D1298323,1,Skjutsgossen 12,Rosenlundsgatan 5,Södermalm,NO,https://etjanster.stockholm.se/Byggochplantjansten/arende/arende/1324429?dataSource=Active
2026-13003,1324430,2026-07-28,,Anmaning att låta åtgärda hiss samt utföra förnyad besiktning,2026-07-28,"Intyg återkommande besiktning, ej godkänt, L7896282",Skrivelse In,ej godkänt,DETERMINISTIC_FAILURE,LIFT,L7896282,1,Pyramiden 8,Blekingegatan 63,Södermalm,NO,https://etjanster.stockholm.se/Byggochplantjansten/arende/arende/1324430?dataSource=Active
2026-13004,1324431,2026-07-28,,Anmaning att låta åtgärda hiss samt utföra förnyad besiktning,2026-07-28,"Intyg återkommande besiktning, ej godkänt, D1737349",Skrivelse In,ej godkänt,DETERMINISTIC_FAILURE,LIFT,D1737349,1,Ekan 1,Fregattvägen 83,Gröndal,NO,https://etjanster.stockholm.se/Byggochplantjansten/arende/arende/1324431?dataSource=Active
2026-13062,1324489,2026-07-30,,Anmaning att låta åtgärda hissasamt utföra förnyad besiktning,2026-07-30,"Intyg återkommande besiktning, ej godkänt, L2810748",Skrivelse In,ej godkänt,DETERMINISTIC_FAILURE,LIFT,L2810748,1,Kofoten 1,Heleneborgsgatan 2A,Södermalm,NO,https://etjanster.stockholm.se/Byggochplantjansten/arende/arende/1324489?dataSource=Active
2026-13066,1324493,2026-07-30,,Anmaning att låta åtgärda hiss samt utföra förnyad besiktning,2026-07-30,"Intyg återkommande besiktning, ej godkänt, D1607637",Skrivelse In,ej godkänt,DETERMINISTIC_FAILURE,LIFT,D1607637,1,Kryckan 6,Hägerstensvägen 104,Aspudden,NO,https://etjanster.stockholm.se/Byggochplantjansten/arende/arende/1324493?dataSource=Active
2026-13089,1324516,2026-07-31,,Anmaning att låta åtgärda hiss samt utföra förnyad besiktning,2026-07-31,"Intyg återkommande besiktning, ej godkänt, L2806762",Skrivelse In,ej godkänt,DETERMINISTIC_FAILURE,LIFT,L2806762,1,Södermalm 3:1,Drakenbergsgatan 14,Södermalm,NO,https://etjanster.stockholm.se/Byggochplantjansten/arende/arende/1324516?dataSource=Active
2026-13135,1324562,2026-08-04,,Anmaning att låta åtgärda hiss samt utföra förnyad besiktning,2026-08-04,"Intyg återkommande besiktning, ej godkänt, D1539809",Skrivelse In,ej godkänt,DETERMINISTIC_FAILURE,LIFT,D1539809,1,Ville Vessla 1,Tappvägen 23,Mariehäll,NO,https://etjanster.stockholm.se/Byggochplantjansten/arende/arende/1324562?dataSource=Active
2026-13169,1324596,2026-08-05,,Anmaning att låta åtgärda hissar samt utföra förnyad besiktning,2026-08-05,"Intyg återkommande besiktning, ej godkänt, D1733453",Skrivelse In,ej godkänt,DETERMINISTIC_FAILURE,LIFT,D1733453,1,Sidentapeten 1,Aprikosgatan 25,Hässelby Strand,NO,https://etjanster.stockholm.se/Byggochplantjansten/arende/arende/1324596?dataSource=Active
2026-13170,1324597,2026-08-05,,Anmaning att låta åtgärda hissar samt utföra förnyad besiktning,2026-08-05,"Intyg återkommande besiktning, ej godkänt, D1726081",Skrivelse In,ej godkänt,DETERMINISTIC_FAILURE,LIFT,D1726081,1,Vårdaren 1,Söderberga Gårdsväg 37,Råcksta,NO,https://etjanster.stockholm.se/Byggochplantjansten/arende/arende/1324597?dataSource=Active
2026-13171,1324598,2026-08-05,,Anmaning att låta åtgärda hissar samt utföra förnyad besiktning,2026-08-05,"Intyg återkommande besiktning, ej godkänt, D1600239",Skrivelse In,ej godkänt,DETERMINISTIC_FAILURE,LIFT,D1600239,1,Skolörten 1,Riddersviksvägen 130,Hässelby Villastad,NO,https://etjanster.stockholm.se/Byggochplantjansten/arende/arende/1324598?dataSource=Active
2026-13173,1324600,2026-08-05,,Anmaning att låta åtgärda hissar samt utföra förnyad besiktning,2026-08-05,"Intyg återkommande besiktning, ej godkänt, D1539983",Skrivelse In,ej godkänt,DETERMINISTIC_FAILURE,LIFT,D1539983,1,Hemming 4,Adolf Rudbecks Väg 21,Solhem,NO,https://etjanster.stockholm.se/Byggochplantjansten/arende/arende/1324600?dataSource=Active
2026-13179,1324606,2026-08-05,,Anmaning att låta åtgärda hissar samt utföra förnyad besiktning,2026-08-05,"Intyg återkommande besiktning, ej godkänt, S722150",Skrivelse In,ej godkänt,DETERMINISTIC_FAILURE,LIFT,S722150,1,Torgvågen 7,Hötorget 15,Norrmalm,NO,https://etjanster.stockholm.se/Byggochplantjansten/arende/arende/1324606?dataSource=Active
2026-13180,1324607,2026-08-05,,Anmaning att låta åtgärda hissar samt utföra förnyad besiktning,2026-08-05,"Intyg återkommande besiktning, ej godkänt, S833703",Skrivelse In,ej godkänt,DETERMINISTIC_FAILURE,LIFT,S833703,1,Beridarebanan 11,Mäster Samuelsgatan 42,Norrmalm,NO,https://etjanster.stockholm.se/Byggochplantjansten/arende/arende/1324607?dataSource=Active
2026-13181,1324608,2026-08-05,,Anmaning att låta åtgärda hissar samt utföra förnyad besiktning,2026-08-05,"Intyg återkommande besiktning, ej godkänt, L4051066",Skrivelse In,ej godkänt,DETERMINISTIC_FAILURE,LIFT,L4051066,1,Falkholmen 2,Falkholmsgränd 17,Skärholmen,NO,https://etjanster.stockholm.se/Byggochplantjansten/arende/arende/1324608?dataSource=Active
2026-13182,1324609,2026-08-05,,Anmaning att låta åtgärda hissar samt utföra förnyad besiktning,2026-08-05,"Intyg återkommande besiktning, ej godkänt, S742020",Skrivelse In,ej godkänt,DETERMINISTIC_FAILURE,LIFT,S742020,1,Hästskon 12,Malmskillnadsgatan 9,Norrmalm,NO,https://etjanster.stockholm.se/Byggochplantjansten/arende/arende/1324609?dataSource=Active
2026-13183,1324610,2026-08-05,,Anmaning att låta åtgärda hissar samt utföra förnyad besiktning,2026-08-05,"Intyg återkommande besiktning, ej godkänt, S672782, S703026",Skrivelse In,ej godkänt,DETERMINISTIC_FAILURE,LIFT,S672782 S703026,2,Hästskon 12,Hamngatan 26,Norrmalm,NO,https://etjanster.stockholm.se/Byggochplantjansten/arende/arende/1324610?dataSource=Active
2026-13207,1324634,2026-08-06,,Anmaning att låta åtgärda hiss samt utföra förnyad besiktning,2026-08-06,"Intyg återkommande besiktning, ej godkänt, D1539802",Skrivelse In,ej godkänt,DETERMINISTIC_FAILURE,LIFT,D1539802,1,Kvarnstocken 2,Rinkebystråket 53,Rinkeby,NO,https://etjanster.stockholm.se/Byggochplantjansten/arende/arende/1324634?dataSource=Active
2026-13222,1324649,2026-08-06,,Anmaning att låta åtgärda hissar samt utföra förnyad besiktning,2026-08-06,"Intyg återkommande besiktning, ej godkänt, D1539988",Skrivelse In,ej godkänt,DETERMINISTIC_FAILURE,LIFT,D1539988,1,Brevvågen 2,Offerdalsgatan 1,Råcksta,NO,https://etjanster.stockholm.se/Byggochplantjansten/arende/arende/1324649?dataSource=Active
2026-13223,1324650,2026-08-06,2026-09-22,Anmaning att låta åtgärda hissar samt utföra förnyad besiktning,2026-08-06,"Intyg återkommande besiktning, ej godkänt, L7447981",Skrivelse In,ej godkänt,DETERMINISTIC_FAILURE,LIFT,L7447981,1,Hägerberget 56,Kammakargatan 12,Norrmalm,YES,https://etjanster.stockholm.se/Byggochplantjansten/arende/arende/1324650?dataSource=Active
2025-17854,1308692,2025-11-17,,Anmaning att låta åtgärda hissar samt utföra förnyad besiktning,2026-08-10,"Intyg återkommande besiktning, ej godkänt, L7144110",Skrivelse In,ej godkänt,DETERMINISTIC_FAILURE,LIFT,L7144110,1,Ättegrenen 2,Älvsåkersgränd 7,Östberga,NO,https://etjanster.stockholm.se/Byggochplantjansten/arende/arende/1308692?dataSource=Active
2026-13305,1324732,2026-08-10,,Anmaning att låta åtgärda hiss samt utföra förnyad besiktning,2026-08-10,"Intyg återkommande besiktning, ej godkänt, D1539935",Skrivelse In,ej godkänt,DETERMINISTIC_FAILURE,LIFT,D1539935,1,Kvarnspelet 2,Askebykroken 22,Rinkeby,NO,https://etjanster.stockholm.se/Byggochplantjansten/arende/arende/1324732?dataSource=Active
2026-13306,1324733,2026-08-10,,Anmaning att låta åtgärda hiss samt utföra förnyad besiktning,2026-08-10,"Intyg återkommande besiktning, ej godkänt, 62150",Skrivelse In,ej godkänt,DETERMINISTIC_FAILURE,LIFT,62150,1,Havssvalget 11,Artillerigatan 28,Östermalm,NO,https://etjanster.stockholm.se/Byggochplantjansten/arende/arende/1324733?dataSource=Active
2026-13308,1324735,2026-08-07,,Anmaning att låta åtgärda hissar samt utföra förnyad besiktning,2026-08-10,"Intyg återkommande besiktning, ej godkänt, L2503740",Skrivelse In,ej godkänt,DETERMINISTIC_FAILURE,LIFT,L2503740,1,Oxhuvudet 18,Kungsgatan 32,Norrmalm,NO,https://etjanster.stockholm.se/Byggochplantjansten/arende/arende/1324735?dataSource=Active
2026-13309,1324736,2026-08-10,,Anmaning att låta åtgärda hiss samt utföra förnyad besiktning,2026-08-10,"Intyg återkommande besiktning, ej godkänt, L2625743",Skrivelse In,ej godkänt,DETERMINISTIC_FAILURE,LIFT,L2625743,1,Ritbesticket 2,Tjustgatan 4,Södermalm,NO,https://etjanster.stockholm.se/Byggochplantjansten/arende/arende/1324736?dataSource=Active
2026-13311,1324738,2026-08-07,,Anmaning att låta åtgärda hissar samt utföra förnyad besiktning,2026-08-10,"Intyg återkommande besiktning, ej godkänt, 41741, 42234",Skrivelse In,ej godkänt,DETERMINISTIC_FAILURE,LIFT,41741 42234,2,Liljan 38,Torsgatan 42,Vasastaden,NO,https://etjanster.stockholm.se/Byggochplantjansten/arende/arende/1324738?dataSource=Active
2026-13312,1324739,2026-08-07,,Anmaning att låta åtgärda hissar samt utföra förnyad besiktning,2026-08-10,"Intyg återkommande besiktning, ej godkänt, 45360",Skrivelse In,ej godkänt,DETERMINISTIC_FAILURE,LIFT,45360,1,Innanhavet 1,Rorgängargatan 3,Södra Hammarbyhamnen,NO,https://etjanster.stockholm.se/Byggochplantjansten/arende/arende/1324739?dataSource=Active
2026-13313,1324740,2026-08-07,,Anmaning att låta åtgärda hissar samt utföra förnyad besiktning,2026-08-10,"Intyg återkommande besiktning, ej godkänt, 49419",Skrivelse In,ej godkänt,DETERMINISTIC_FAILURE,LIFT,49419,1,Förtjusningen 1,Nordenflychtsvägen 76,Stadshagen,NO,https://etjanster.stockholm.se/Byggochplantjansten/arende/arende/1324740?dataSource=Active
2026-13314,1324741,2026-08-07,,Anmaning att låta åtgärda hissar samt utföra förnyad besiktning,2026-08-10,"Intyg återkommande besiktning, ej godkänt, 49418",Skrivelse In,ej godkänt,DETERMINISTIC_FAILURE,LIFT,49418,1,Glädjen 14,Franzéngatan 10,Stadshagen,NO,https://etjanster.stockholm.se/Byggochplantjansten/arende/arende/1324741?dataSource=Active
2026-13315,1324742,2026-08-07,,Anmaning att låta åtgärda hissar samt utföra förnyad besiktning,2026-08-10,"Intyg återkommande besiktning, ej godkänt 2 st, 49416, 52084",Skrivelse In,ej godkänt,DETERMINISTIC_FAILURE,LIFT,49416 52084,2,Glädjen 14,"Hornsbergs Strand 23, Hornsbergs Strand 25",Stadshagen,NO,https://etjanster.stockholm.se/Byggochplantjansten/arende/arende/1324742?dataSource=Active
2025-19283,1310121,2025-12-09,,Anmaning att låta åtgärda rulltrappa samt utföra förnyad besiktning,2026-08-11,"Intyg återkommande besiktning, ej godkänt, L2751115",Skrivelse In,ej godkänt,DETERMINISTIC_FAILURE,ESCALATOR_OR_MOVING_WALK,L2751115,1,Traneberg 1:13,"Information saknas för ""Adress""",Alvik,NO,https://etjanster.stockholm.se/Byggochplantjansten/arende/arende/1310121?dataSource=Active
2026-13385,1324812,2026-08-11,,Anmaning att låta åtgärda hissar samt utföra förnyad besiktning,2026-08-11,"Intyg återkommande besiktning, ej godkänt, (2), D1389227, D1389230",Skrivelse In,ej godkänt,DETERMINISTIC_FAILURE,LIFT,D1389227 D1389230,2,Grimsta 1:5,"Råckstavägen 4, Råckstavägen 6",Norra Ängby,NO,https://etjanster.stockholm.se/Byggochplantjansten/arende/arende/1324812?dataSource=Active
2026-13404,1324831,2026-08-11,,Anmaning att låta åtgärda hissar samt utföra förnyad besiktning,2026-08-12,"Intyg återkommande besiktning, ej godkänt, L7895005, L7895121",Skrivelse In,ej godkänt,DETERMINISTIC_FAILURE,LIFT,L7895005 L7895121,2,Korthållaren 5,"Indalsbacken 2A, Lyckselevägen 11",Vällingby,NO,https://etjanster.stockholm.se/Byggochplantjansten/arende/arende/1324831?dataSource=Active
2026-13431,1324858,2026-08-12,,Anmaning att låta åtgärda hissar samt utföra förnyad besiktning,2026-08-12,"Intyg återkommande besiktning, ej godkänt, D1540086",Skrivelse In,ej godkänt,DETERMINISTIC_FAILURE,LIFT,D1540086,1,Cedersdal 5,Sveavägen 160,Vasastaden,NO,https://etjanster.stockholm.se/Byggochplantjansten/arende/arende/1324858?dataSource=Active
2026-13436,1324863,2026-08-12,2026-08-18,Anmaning att låta åtgärda hissar samt utföra förnyad besiktning,2026-08-12,"Intyg återkommande besiktning, ej godkänt, 62620",Skrivelse In,ej godkänt,DETERMINISTIC_FAILURE,LIFT,62620,1,Barnhusväderkvarnen 29,Tegnérlunden 2,Vasastaden,YES,https://etjanster.stockholm.se/Byggochplantjansten/arende/arende/1324863?dataSource=Active
2026-13437,1324864,2026-08-12,,Anmaning att låta åtgärda hissar samt utföra förnyad besiktning,2026-08-12,"Intyg återkommande besiktning, ej godkänt, L7895112",Skrivelse In,ej godkänt,DETERMINISTIC_FAILURE,LIFT,L7895112,1,Italienaren 3,Ibsengatan 70,Blackeberg,NO,https://etjanster.stockholm.se/Byggochplantjansten/arende/arende/1324864?dataSource=Active
2026-13439,1324866,2026-08-12,,Anmaning att låta åtgärda hissar samt utföra förnyad besiktning,2026-08-12,"Intyg återkommande besiktning, ej godkänt, L2521882,  L2521873",Skrivelse In,ej godkänt,DETERMINISTIC_FAILURE,LIFT,L2521882 L2521873,2,Sandbacken Mindre 27,Nytorgsgatan 15,Södermalm,NO,https://etjanster.stockholm.se/Byggochplantjansten/arende/arende/1324866?dataSource=Active
2026-13462,1324889,2026-08-13,,Anmaning att låta åtgärda hiss samt utföra förnyad besiktning,2026-08-13,"Intyg återkommande besiktning, ej godkänt, 46208",Skrivelse In,ej godkänt,DETERMINISTIC_FAILURE,LIFT,46208,1,Nebulosan 1,Västmannagatan 39,Vasastaden,NO,https://etjanster.stockholm.se/Byggochplantjansten/arende/arende/1324889?dataSource=Active
2026-13464,1324891,2026-08-13,,Anmaning att låta åtgärda hiss samt utföra förnyad besiktning,2026-08-13,"Intyg återkommande besiktning, ej godkänt, 46065",Skrivelse In,ej godkänt,DETERMINISTIC_FAILURE,LIFT,46065,1,Humlegården 50,Brahegatan 7,Östermalm,NO,https://etjanster.stockholm.se/Byggochplantjansten/arende/arende/1324891?dataSource=Active
2026-13479,1324906,2026-08-13,,Anmaning att låta åtgärda hiss samt utföra förnyad besiktning,2026-08-13,"Intyg återkommande besiktning, ej godkänt, L2576172",Skrivelse In,ej godkänt,DETERMINISTIC_FAILURE,LIFT,L2576172,1,Kastrup 10,Kastrupgatan 16,Kista,NO,https://etjanster.stockholm.se/Byggochplantjansten/arende/arende/1324906?dataSource=Active
2026-12610,1324037,2026-07-13,,Anmaning att låta åtgärda hiss samt utföra förnyad besiktning,2026-08-14,"Intyg återkommande besiktning, ej godkänt, L7894757",Skrivelse In,ej godkänt,DETERMINISTIC_FAILURE,LIFT,L7894757,1,Fondbersån 1,Friherregatan 1,Hässelby Gård,NO,https://etjanster.stockholm.se/Byggochplantjansten/arende/arende/1324037?dataSource=Active
2026-13516,1324943,2026-08-14,,Anmaning att låta åtgärda hiss samt utföra förnyad besiktning,2026-08-14,"Intyg återkommande besiktning, ej godkänt, D1165136",Skrivelse In,ej godkänt,DETERMINISTIC_FAILURE,LIFT,D1165136,1,Forsen 2,Skeppsmäklargatan 37,Södra Hammarbyhamnen,NO,https://etjanster.stockholm.se/Byggochplantjansten/arende/arende/1324943?dataSource=Active
2026-13517,1324944,2026-08-14,,Anmaning att låta åtgärda hiss samt utföra förnyad besiktning,2026-08-14,"Intyg återkommande besiktning, ej godkänt, D1728190",Skrivelse In,ej godkänt,DETERMINISTIC_FAILURE,LIFT,D1728190,1,Muntra Fruarna 24,Tumultgränd 45,Kälvesta,NO,https://etjanster.stockholm.se/Byggochplantjansten/arende/arende/1324944?dataSource=Active
2026-13518,1324945,2026-08-14,,Anmaning att låta åtgärda hiss samt utföra förnyad besiktning,2026-08-14,"Intyg återkommande besiktning, ej godkänt, 64616",Skrivelse In,ej godkänt,DETERMINISTIC_FAILURE,LIFT,64616,1,Sjökatten 20,Rådmansgatan 52,Vasastaden,NO,https://etjanster.stockholm.se/Byggochplantjansten/arende/arende/1324945?dataSource=Active
2026-13519,1324946,2026-08-14,,Anmaning att låta åtgärda hiss samt utföra förnyad besiktning,2026-08-14,"Intyg återkommande besiktning, ej godkänt, 39154",Skrivelse In,ej godkänt,DETERMINISTIC_FAILURE,LIFT,39154,1,Humlegårdsmästaren 2,Kommendörsgatan 3,Östermalm,NO,https://etjanster.stockholm.se/Byggochplantjansten/arende/arende/1324946?dataSource=Active
2026-10548,1321924,2026-06-10,,Anmaning att låta åtgärda hiss samt utföra förnyad besiktning,2026-08-18,"Intyg återkommande besiktning, ej godkänt, L7039458, L7039476 (rulltrappor) ",Skrivelse In,ej godkänt,DETERMINISTIC_FAILURE,LIFT,L7039458 L7039476,2,Helgeandsholmen 1,Riksgatan 1,Gamla Stan,NO,https://etjanster.stockholm.se/Byggochplantjansten/arende/arende/1321924?dataSource=Active
2026-13638,1325065,2026-08-17,2026-08-28,Anmaning att låta åtgärda hissar samt utföra förnyad besiktning,2026-08-18,"Intyg återkommande besiktning, ej godkänt, 48277",Skrivelse In,ej godkänt,DETERMINISTIC_FAILURE,LIFT,48277,1,Landbyska Verket 4,Birger Jarlsgatan 24,Östermalm,YES,https://etjanster.stockholm.se/Byggochplantjansten/arende/arende/1325065?dataSource=Active
2026-13640,1325067,2026-08-17,,Anmaning att låta åtgärda hissar samt utföra förnyad besiktning,2026-08-18,"Intyg återkommande besiktning, ej godkänt, L2808831",Skrivelse In,ej godkänt,DETERMINISTIC_FAILURE,LIFT,L2808831,1,Tobaksspinneriet 11,Långholmsgatan 14,Södermalm,NO,https://etjanster.stockholm.se/Byggochplantjansten/arende/arende/1325067?dataSource=Active
2026-13646,1325073,2026-08-17,,Anmaning att låta åtgärda hissar samt utföra förnyad besiktning,2026-08-18,"Intyg återkommande besiktning, ej godkänt, L2808046",Skrivelse In,ej godkänt,DETERMINISTIC_FAILURE,LIFT,L2808046,1,Tången 14,Hornstulls Strand 9,Södermalm,NO,https://etjanster.stockholm.se/Byggochplantjansten/arende/arende/1325073?dataSource=Active
2026-13650,1325077,2026-08-17,,Anmaning att låta åtgärda hissar samt utföra förnyad besiktning,2026-08-18,"Intyg återkommande besiktning, ej godkänt, L2526743",Skrivelse In,ej godkänt,DETERMINISTIC_FAILURE,LIFT,L2526743,1,Helsingör 5,Helsingörsgatan 35,Kista,NO,https://etjanster.stockholm.se/Byggochplantjansten/arende/arende/1325077?dataSource=Active
2026-13666,1325093,2026-08-18,,Anmaning att låta åtgärda hiss samt utföra förnyad besiktning,2026-08-18,"Intyg återkommande besiktning, ej godkänt, D1394584",Skrivelse In,ej godkänt,DETERMINISTIC_FAILURE,LIFT,D1394584,1,Kållandsö 4,Årjängsgatan 1,Farsta,NO,https://etjanster.stockholm.se/Byggochplantjansten/arende/arende/1325093?dataSource=Active
2026-13667,1325094,2026-08-18,,Anmaning att låta åtgärda hiss samt utföra förnyad besiktning,2026-08-18,"Intyg återkommande besiktning, ej godkänt, D1543343",Skrivelse In,ej godkänt,DETERMINISTIC_FAILURE,LIFT,D1543343,1,Limkakan 4,Lingvägen 98,Gubbängen,NO,https://etjanster.stockholm.se/Byggochplantjansten/arende/arende/1325094?dataSource=Active
2026-13668,1325095,2026-08-18,2026-08-24,Anmaning att låta åtgärda hiss samt utföra förnyad besiktning,2026-08-18,"Intyg återkommande besiktning, ej godkänt, L2991437",Skrivelse In,ej godkänt,DETERMINISTIC_FAILURE,LIFT,L2991437,1,Släggan 14,Hornsbruksgatan 23,Södermalm,YES,https://etjanster.stockholm.se/Byggochplantjansten/arende/arende/1325095?dataSource=Active
2026-13669,1325096,2026-08-18,,Anmaning att låta åtgärda hiss samt utföra förnyad besiktning,2026-08-18,"Intyg återkommande besiktning, ej godkänt, D1599678",Skrivelse In,ej godkänt,DETERMINISTIC_FAILURE,LIFT,D1599678,1,Hemgården 2,Blommensbergsvägen 166,Aspudden,NO,https://etjanster.stockholm.se/Byggochplantjansten/arende/arende/1325096?dataSource=Active
2026-13670,1325097,2026-08-18,,Anmaning att låta åtgärda hissar samt utföra förnyad besiktning,2026-08-18,"Intyg återkommande besiktning, ej godkänt, 2 st, D1703614, D1703617",Skrivelse In,ej godkänt,DETERMINISTIC_FAILURE,LIFT,D1703614 D1703617,2,Keflavik 1,"Isafjordsgatan 32B, Isafjordsgatan 32C",Kista,NO,https://etjanster.stockholm.se/Byggochplantjansten/arende/arende/1325097?dataSource=Active
2026-13671,1325098,2026-08-18,2026-08-27,Anmaning att låta åtgärda hissar samt utföra förnyad besiktning,2026-08-18,"Intyg återkommande besiktning, ej godkänt, 3 st, L9025334, L9025343, L9025352",Skrivelse In,ej godkänt,DETERMINISTIC_FAILURE,LIFT,L9025334 L9025343 L9025352,3,Släggan 3,"Hornsgatan 172, Långholmsgatan 27",Södermalm,YES,https://etjanster.stockholm.se/Byggochplantjansten/arende/arende/1325098?dataSource=Active
2026-13672,1325099,2026-08-18,,Anmaning att låta åtgärda hiss samt utföra förnyad besiktning,2026-08-18,"Intyg återkommande besiktning, ej godkänt, D1825241 2 st",Skrivelse In,ej godkänt,DETERMINISTIC_FAILURE,LIFT,D1825241,1,Vårdaren 1,Söderberga Gårdsväg 33,Råcksta,NO,https://etjanster.stockholm.se/Byggochplantjansten/arende/arende/1325099?dataSource=Active
2026-13681,1325108,2026-08-18,,Anmaning att låta åtgärda hiss samt utföra förnyad besiktning,2026-08-18,"Intyg återkommande besiktning, ej godkänt, 55508",Skrivelse In,ej godkänt,DETERMINISTIC_FAILURE,LIFT,55508,1,Typhon 3,Västerlånggatan 64,Gamla Stan,NO,https://etjanster.stockholm.se/Byggochplantjansten/arende/arende/1325108?dataSource=Active
2026-13682,1325109,2026-08-18,2026-09-22,Anmaning att låta åtgärda hiss samt utföra förnyad besiktning,2026-08-18,"Intyg återkommande besiktning, ej godkänt, 75108",Skrivelse In,ej godkänt,DETERMINISTIC_FAILURE,LIFT,75108,1,Fryshuset 2,Mårtensdalsgatan 2,Södra Hammarbyhamnen,YES,https://etjanster.stockholm.se/Byggochplantjansten/arende/arende/1325109?dataSource=Active
2026-13684,1325111,2026-08-18,,Anmaning att låta åtgärda hiss samt utföra förnyad besiktning,2026-08-18,"Intyg återkommande besiktning, ej godkänt, 72750",Skrivelse In,ej godkänt,DETERMINISTIC_FAILURE,LIFT,72750,1,Höjden 10,Johannesgatan 28,Norrmalm,NO,https://etjanster.stockholm.se/Byggochplantjansten/arende/arende/1325111?dataSource=Active
2026-13686,1325113,2026-08-18,,Anmaning att låta åtgärda hiss samt utföra förnyad besiktning,2026-08-18,"Intyg återkommande besiktning, ej godkänt, L6710821",Skrivelse In,ej godkänt,DETERMINISTIC_FAILURE,LIFT,L6710821,1,Fredsfors 14,Karlsbodavägen 41,Mariehäll,NO,https://etjanster.stockholm.se/Byggochplantjansten/arende/arende/1325113?dataSource=Active
2026-06493,1317831,2026-04-09,2026-08-27,Anmaning att låta åtgärda hiss samt utföra förnyad besiktning,2026-08-19,"Intyg återkommande besiktning, ej godkänt, L4049599",Skrivelse In,ej godkänt,DETERMINISTIC_FAILURE,LIFT,L4049599,1,Lindkronan 1,Vita Liljans Väg 66,Bredäng,YES,https://etjanster.stockholm.se/Byggochplantjansten/arende/arende/1317831?dataSource=Active
2026-13637,1325064,2026-08-16,2026-08-19,Anmaning att låta åtgärda hissar samt utföra förnyad besiktning,2026-08-19,"Intyg återkommande besiktning, ej godkänt, S563508 (Besiktningsdatum 2026-08-10)",Skrivelse In,ej godkänt,DETERMINISTIC_FAILURE,LIFT,S563508,1,Piplärkan 4,Baldersgatan 8A,Östermalm,NO,https://etjanster.stockholm.se/Byggochplantjansten/arende/arende/1325064?dataSource=Active
2026-13755,1325182,2026-08-19,,Anmaning att låta åtgärda hiss samt utföra förnyad besiktning,2026-08-19,"Intyg återkommande besiktning, ej godkänt, L3700044",Skrivelse In,ej godkänt,DETERMINISTIC_FAILURE,LIFT,L3700044,1,Bajonetten 3,Fredrikshovsgatan 4,Östermalm,NO,https://etjanster.stockholm.se/Byggochplantjansten/arende/arende/1325182?dataSource=Active
2026-13756,1325183,2026-08-19,,Anmaning att låta åtgärda hiss samt utföra förnyad besiktning,2026-08-19,"Intyg återkommande besiktning, ej godkänt, L3480761",Skrivelse In,ej godkänt,DETERMINISTIC_FAILURE,LIFT,L3480761,1,Norrtälje 22,Birger Jarlsgatan 38,Östermalm,NO,https://etjanster.stockholm.se/Byggochplantjansten/arende/arende/1325183?dataSource=Active
2026-13759,1325186,2026-08-19,,Anmaning att låta åtgärda hiss samt utföra förnyad besiktning,2026-08-19,"Intyg återkommande besiktning, ej godkänt, L3505120",Skrivelse In,ej godkänt,DETERMINISTIC_FAILURE,LIFT,L3505120,1,Brädstapeln 16,Fleminggatan 18,Kungsholmen,NO,https://etjanster.stockholm.se/Byggochplantjansten/arende/arende/1325186?dataSource=Active
2026-13760,1325187,2026-08-19,,Anmaning att låta åtgärda hiss samt utföra förnyad besiktning,2026-08-19,"Intyg återkommande besiktning, ej godkänt, L3490133",Skrivelse In,ej godkänt,DETERMINISTIC_FAILURE,LIFT,L3490133,1,Oxen Mindre 31,Luntmakargatan 36,Norrmalm,NO,https://etjanster.stockholm.se/Byggochplantjansten/arende/arende/1325187?dataSource=Active
2026-13761,1325188,2026-08-19,,Anmaning att låta åtgärda hiss samt utföra förnyad besiktning,2026-08-19,"Intyg återkommande besiktning, ej godkänt, L3673878",Skrivelse In,ej godkänt,DETERMINISTIC_FAILURE,LIFT,L3673878,1,Diana 2,Brunnsgränd 4,Gamla Stan,NO,https://etjanster.stockholm.se/Byggochplantjansten/arende/arende/1325188?dataSource=Active
2026-13762,1325189,2026-08-19,,Anmaning att låta åtgärda hiss samt utföra förnyad besiktning,2026-08-19,"Intyg återkommande besiktning, ej godkänt, L3714961",Skrivelse In,ej godkänt,DETERMINISTIC_FAILURE,LIFT,L3714961,1,Morellträdet 4,Pilgatan 23,Kungsholmen,NO,https://etjanster.stockholm.se/Byggochplantjansten/arende/arende/1325189?dataSource=Active
2026-13763,1325190,2026-08-19,2026-09-04,Anmaning att låta åtgärda hiss samt utföra förnyad besiktning,2026-08-19,"Intyg återkommande besiktning, ej godkänt, L3754397",Skrivelse In,ej godkänt,DETERMINISTIC_FAILURE,LIFT,L3754397,1,Gnistan 10,Karlavägen 72,Östermalm,YES,https://etjanster.stockholm.se/Byggochplantjansten/arende/arende/1325190?dataSource=Active
2026-13764,1325191,2026-08-19,,Anmaning att låta åtgärda hiss samt utföra förnyad besiktning,2026-08-19,"Intyg återkommande besiktning, ej godkänt, S305740",Skrivelse In,ej godkänt,DETERMINISTIC_FAILURE,LIFT,S305740,1,Gångaren 11,Lindhagensgatan 86,Stadshagen,NO,https://etjanster.stockholm.se/Byggochplantjansten/arende/arende/1325191?dataSource=Active
2026-13765,1325192,2026-08-19,,Anmaning att låta åtgärda hiss samt utföra förnyad besiktning,2026-08-19,"Intyg återkommande besiktning, ej godkänt, L3699477",Skrivelse In,ej godkänt,DETERMINISTIC_FAILURE,LIFT,L3699477,1,Kasernen 7,Grev Magnigatan 18,Östermalm,NO,https://etjanster.stockholm.se/Byggochplantjansten/arende/arende/1325192?dataSource=Active
2026-13768,1325195,2026-08-19,,Anmaning att låta åtgärda hiss samt utföra förnyad besiktning,2026-08-19,"Intyg återkommande besiktning, ej godkänt, L3479987",Skrivelse In,ej godkänt,DETERMINISTIC_FAILURE,LIFT,L3479987,1,Katthuvudet 25,Bastugatan 27,Södermalm,NO,https://etjanster.stockholm.se/Byggochplantjansten/arende/arende/1325195?dataSource=Active
2026-13769,1325196,2026-08-19,,Anmaning att låta åtgärda hiss samt utföra förnyad besiktning,2026-08-19,"Intyg återkommande besiktning, ej godkänt, L3110376",Skrivelse In,ej godkänt,DETERMINISTIC_FAILURE,LIFT,L3110376,1,Kornetten 12,Valhallavägen 140,Östermalm,NO,https://etjanster.stockholm.se/Byggochplantjansten/arende/arende/1325196?dataSource=Active
2026-13770,1325197,2026-08-19,2026-09-04,Anmaning att låta åtgärda hiss samt utföra förnyad besiktning,2026-08-19,"Intyg återkommande besiktning, ej godkänt, S840894",Skrivelse In,ej godkänt,DETERMINISTIC_FAILURE,LIFT,S840894,1,Kulan 1,Smedsbacksgatan 1,Ladugårdsgärdet,YES,https://etjanster.stockholm.se/Byggochplantjansten/arende/arende/1325197?dataSource=Active
2026-13771,1325198,2026-08-19,,Anmaning att låta åtgärda hiss samt utföra förnyad besiktning,2026-08-19,"Intyg återkommande besiktning, ej godkänt, S565144",Skrivelse In,ej godkänt,DETERMINISTIC_FAILURE,LIFT,S565144,1,Sämjan 1,Alpvägen 23,Mariehäll,NO,https://etjanster.stockholm.se/Byggochplantjansten/arende/arende/1325198?dataSource=Active
2026-13772,1325199,2026-08-19,,Anmaning att låta åtgärda hiss samt utföra förnyad besiktning,2026-08-19,"Intyg återkommande besiktning, ej godkänt, L3664869",Skrivelse In,ej godkänt,DETERMINISTIC_FAILURE,LIFT,L3664869,1,Läraren 7,Torsgatan 8A,Norrmalm,NO,https://etjanster.stockholm.se/Byggochplantjansten/arende/arende/1325199?dataSource=Active
2026-13773,1325200,2026-08-19,,Anmaning att låta åtgärda hiss samt utföra förnyad besiktning,2026-08-19,"Intyg återkommande besiktning, ej godkänt, L3734670",Skrivelse In,ej godkänt,DETERMINISTIC_FAILURE,LIFT,L3734670,1,Nebulosan 21,Dalagatan 40,Vasastaden,NO,https://etjanster.stockholm.se/Byggochplantjansten/arende/arende/1325200?dataSource=Active
2026-13774,1325201,2026-08-19,,Anmaning att låta åtgärda hiss samt utföra förnyad besiktning,2026-08-19,"Intyg återkommande besiktning, ej godkänt, L0073643",Skrivelse In,ej godkänt,DETERMINISTIC_FAILURE,LIFT,L0073643,1,Diana 4,Nygränd 7,Gamla Stan,NO,https://etjanster.stockholm.se/Byggochplantjansten/arende/arende/1325201?dataSource=Active
2026-13775,1325202,2026-08-19,,Anmaning att låta åtgärda hiss samt utföra förnyad besiktning,2026-08-19,"Intyg återkommande besiktning, ej godkänt, L3744570",Skrivelse In,ej godkänt,DETERMINISTIC_FAILURE,LIFT,L3744570,1,Oljan 22,Bondegatan 63,Södermalm,NO,https://etjanster.stockholm.se/Byggochplantjansten/arende/arende/1325202?dataSource=Active
2026-13776,1325203,2026-08-19,,Anmaning att låta åtgärda hiss samt utföra förnyad besiktning,2026-08-19,"Intyg återkommande besiktning, ej godkänt, L3753399",Skrivelse In,ej godkänt,DETERMINISTIC_FAILURE,LIFT,L3753399,1,Oporto 7,Sandhamnsgatan 19,Ladugårdsgärdet,NO,https://etjanster.stockholm.se/Byggochplantjansten/arende/arende/1325203?dataSource=Active
2026-13777,1325204,2026-08-19,,Anmaning att låta åtgärda hiss samt utföra förnyad besiktning,2026-08-19,"Intyg återkommande besiktning, ej godkänt, L3753142",Skrivelse In,ej godkänt,DETERMINISTIC_FAILURE,LIFT,L3753142,1,Paraden 1,Valhallavägen 147,Ladugårdsgärdet,NO,https://etjanster.stockholm.se/Byggochplantjansten/arende/arende/1325204?dataSource=Active
2026-13778,1325205,2026-08-19,,Anmaning att låta åtgärda hiss samt utföra förnyad besiktning,2026-08-19,"Intyg återkommande besiktning, ej godkänt, L1509181",Skrivelse In,ej godkänt,DETERMINISTIC_FAILURE,LIFT,L1509181,1,Pegasus 10,Österlånggatan 6,Gamla Stan,NO,https://etjanster.stockholm.se/Byggochplantjansten/arende/arende/1325205?dataSource=Active
2026-13780,1325207,2026-08-19,,Anmaning att låta åtgärda hiss samt utföra förnyad besiktning,2026-08-19,"Intyg återkommande besiktning, ej godkänt, L0826321",Skrivelse In,ej godkänt,DETERMINISTIC_FAILURE,LIFT,L0826321,1,Rådstugan 1,Källargränd 4,Gamla Stan,NO,https://etjanster.stockholm.se/Byggochplantjansten/arende/arende/1325207?dataSource=Active
2026-13781,1325208,2026-08-19,,Anmaning att låta åtgärda hiss samt utföra förnyad besiktning,2026-08-19,"Intyg återkommande besiktning, ej godkänt, L3731684",Skrivelse In,ej godkänt,DETERMINISTIC_FAILURE,LIFT,L3731684,1,Rosen 5,Sigtunagatan 4,Vasastaden,NO,https://etjanster.stockholm.se/Byggochplantjansten/arende/arende/1325208?dataSource=Active
2026-13783,1325210,2026-08-19,,Anmaning att låta åtgärda hiss samt utföra förnyad besiktning,2026-08-19,"Intyg återkommande besiktning, ej godkänt, L3724911",Skrivelse In,ej godkänt,DETERMINISTIC_FAILURE,LIFT,L3724911,1,Rosen 6,Sigtunagatan 6,Vasastaden,NO,https://etjanster.stockholm.se/Byggochplantjansten/arende/arende/1325210?dataSource=Active
2026-13785,1325212,2026-08-19,,Anmaning att låta åtgärda hiss samt utföra förnyad besiktning,2026-08-19,"Intyg återkommande besiktning, ej godkänt, L3708732",Skrivelse In,ej godkänt,DETERMINISTIC_FAILURE,LIFT,L3708732,1,Skutan 37,Alströmergatan 14,Kungsholmen,NO,https://etjanster.stockholm.se/Byggochplantjansten/arende/arende/1325212?dataSource=Active
2026-13786,1325213,2026-08-19,,Anmaning att låta åtgärda hiss samt utföra förnyad besiktning,2026-08-19,"Intyg återkommande besiktning, ej godkänt, L3653664",Skrivelse In,ej godkänt,DETERMINISTIC_FAILURE,LIFT,L3653664,1,Småland 10,Björngårdsgatan 11,Södermalm,NO,https://etjanster.stockholm.se/Byggochplantjansten/arende/arende/1325213?dataSource=Active
2026-13787,1325214,2026-08-19,,Anmaning att låta åtgärda hiss samt utföra förnyad besiktning,2026-08-19,"Intyg återkommande besiktning, ej godkänt, L3480100",Skrivelse In,ej godkänt,DETERMINISTIC_FAILURE,LIFT,L3480100,1,Granen 14,Floragatan 21,Östermalm,NO,https://etjanster.stockholm.se/Byggochplantjansten/arende/arende/1325214?dataSource=Active
2026-13788,1325215,2026-08-19,,Anmaning att låta åtgärda hiss samt utföra förnyad besiktning,2026-08-19,"Intyg återkommande besiktning, ej godkänt, L1508191",Skrivelse In,ej godkänt,DETERMINISTIC_FAILURE,LIFT,L1508191,1,Ångtvätten 16,Segelbåtsvägen 15,Stora Essingen,NO,https://etjanster.stockholm.se/Byggochplantjansten/arende/arende/1325215?dataSource=Active
2026-13789,1325216,2026-08-19,,Anmaning att låta åtgärda hiss samt utföra förnyad besiktning,2026-08-19,"Intyg återkommande besiktning, ej godkänt, L4055117",Skrivelse In,ej godkänt,DETERMINISTIC_FAILURE,LIFT,L4055117,1,Ångmaskinen 1,Slipgatan 16,Södermalm,NO,https://etjanster.stockholm.se/Byggochplantjansten/arende/arende/1325216?dataSource=Active
2026-13790,1325217,2026-08-19,,Anmaning att låta åtgärda hiss samt utföra förnyad besiktning,2026-08-19,"Intyg återkommande besiktning, ej godkänt, L9968454",Skrivelse In,ej godkänt,DETERMINISTIC_FAILURE,LIFT,L9968454,1,Nederland Mindre 15,Högbergsgatan 52,Södermalm,NO,https://etjanster.stockholm.se/Byggochplantjansten/arende/arende/1325217?dataSource=Active
2026-13792,1325219,2026-08-19,,Anmaning att låta åtgärda hiss samt utföra förnyad besiktning,2026-08-19,"Intyg återkommande besiktning, ej godkänt, L3699543",Skrivelse In,ej godkänt,DETERMINISTIC_FAILURE,LIFT,L3699543,1,Verkstadsklubben 23,Rindögatan 38,Ladugårdsgärdet,NO,https://etjanster.stockholm.se/Byggochplantjansten/arende/arende/1325219?dataSource=Active
2026-13794,1325221,2026-08-19,,Anmaning att låta åtgärda hiss samt utföra förnyad besiktning,2026-08-19,"Intyg återkommande besiktning, ej godkänt, L4054474",Skrivelse In,ej godkänt,DETERMINISTIC_FAILURE,LIFT,L4054474,1,Veken 12,Klippgatan 11,Södermalm,NO,https://etjanster.stockholm.se/Byggochplantjansten/arende/arende/1325221?dataSource=Active
2026-13795,1325222,2026-08-19,,Anmaning att låta åtgärda hiss samt utföra förnyad besiktning,2026-08-19,"Intyg återkommande besiktning, ej godkänt, L3515533",Skrivelse In,ej godkänt,DETERMINISTIC_FAILURE,LIFT,L3515533,1,Uggleborg 14,Vasagatan 12,Norrmalm,NO,https://etjanster.stockholm.se/Byggochplantjansten/arende/arende/1325222?dataSource=Active
2026-13796,1325223,2026-08-19,,Anmaning att låta åtgärda hiss samt utföra förnyad besiktning,2026-08-19,"Intyg återkommande besiktning, ej godkänt, S420953",Skrivelse In,ej godkänt,DETERMINISTIC_FAILURE,LIFT,S420953,1,Trymån 3,Hässelby Torg 7,Hässelby Gård,NO,https://etjanster.stockholm.se/Byggochplantjansten/arende/arende/1325223?dataSource=Active
2026-13797,1325224,2026-08-19,,Anmaning att låta åtgärda hiss samt utföra förnyad besiktning,2026-08-19,"Intyg återkommande besiktning, ej godkänt, L3730413",Skrivelse In,ej godkänt,DETERMINISTIC_FAILURE,LIFT,L3730413,1,Rosen 9,Sigtunagatan 12,Vasastaden,NO,https://etjanster.stockholm.se/Byggochplantjansten/arende/arende/1325224?dataSource=Active
2026-13798,1325225,2026-08-19,,Anmaning att låta åtgärda hiss samt utföra förnyad besiktning,2026-08-19,"Intyg återkommande besiktning, ej godkänt, L9136748",Skrivelse In,ej godkänt,DETERMINISTIC_FAILURE,LIFT,L9136748,1,Surbrunn 8,Surbrunnsgatan 31B,Vasastaden,NO,https://etjanster.stockholm.se/Byggochplantjansten/arende/arende/1325225?dataSource=Active
2026-13799,1325226,2026-08-19,2026-09-04,Anmaning att låta åtgärda hiss samt utföra förnyad besiktning,2026-08-19,"Intyg återkommande besiktning, ej godkänt, L3107398",Skrivelse In,ej godkänt,DETERMINISTIC_FAILURE,LIFT,L3107398,1,Stallmästaren 16,Fredrikshovsgatan 5,Östermalm,YES,https://etjanster.stockholm.se/Byggochplantjansten/arende/arende/1325226?dataSource=Active
2026-13802,1325229,2026-08-19,,Anmaning att låta åtgärda hissar samt utföra förnyad besiktning,2026-08-19,"Intyg återkommande besiktning, ej godkänt, L7143282",Skrivelse In,ej godkänt,DETERMINISTIC_FAILURE,LIFT,L7143282,1,Konstnärsgillet 1,Stora Sällskapets Väg 50,Bredäng,NO,https://etjanster.stockholm.se/Byggochplantjansten/arende/arende/1325229?dataSource=Active
2026-13804,1325231,2026-08-19,2026-08-27,Anmaning att låta åtgärda hissar samt utföra förnyad besiktning,2026-08-19,"Intyg återkommande besiktning, ej godkänt, 2 st, L6786016, S587611",Skrivelse In,ej godkänt,DETERMINISTIC_FAILURE,LIFT,L6786016 S587611,2,Djurgården 1:1,Djurgårdsslätten 43,Djurgården,YES,https://etjanster.stockholm.se/Byggochplantjansten/arende/arende/1325231?dataSource=Active
2026-13805,1325232,2026-08-19,,Anmaning att låta åtgärda hissar samt utföra förnyad besiktning,2026-08-19,"Intyg återkommande besiktning, ej godkänt, L7143291",Skrivelse In,ej godkänt,DETERMINISTIC_FAILURE,LIFT,L7143291,1,Konstnärsgillet 1,Stora Sällskapets Väg 52,Bredäng,NO,https://etjanster.stockholm.se/Byggochplantjansten/arende/arende/1325232?dataSource=Active
2026-13806,1325233,2026-08-19,,Anmaning att låta åtgärda hissar samt utföra förnyad besiktning,2026-08-19,"Intyg återkommande besiktning, ej godkänt, 2 st, L9435207, L9435215",Skrivelse In,ej godkänt,DETERMINISTIC_FAILURE,LIFT,L9435207 L9435215,2,Fatburen 1,Medborgarplatsen 3,Södermalm,NO,https://etjanster.stockholm.se/Byggochplantjansten/arende/arende/1325233?dataSource=Active
2026-13807,1325234,2026-08-19,,Anmaning att låta åtgärda hissar samt utföra förnyad besiktning,2026-08-19,"Intyg återkommande besiktning, ej godkänt, 2 st, S368693, S421145",Skrivelse In,ej godkänt,DETERMINISTIC_FAILURE,LIFT,S368693 S421145,2,Svea Artilleri 14,"Valhallavägen 117H, Valhallavägen 117J",Ladugårdsgärdet,YES,https://etjanster.stockholm.se/Byggochplantjansten/arende/arende/1325234?dataSource=Active
2026-13808,1325235,2026-08-19,,Anmaning att låta åtgärda hiss samt utföra förnyad besiktning,2026-08-19,"Intyg återkommande besiktning, ej godkänt, L0842062 2 st",Skrivelse In,ej godkänt,DETERMINISTIC_FAILURE,LIFT,L0842062,1,Stolmakaren 9,Luntmakargatan 86A,Vasastaden,NO,https://etjanster.stockholm.se/Byggochplantjansten/arende/arende/1325235?dataSource=Active
2026-13810,1325237,2026-08-19,,Anmaning att låta åtgärda hissar samt utföra förnyad besiktning,2026-08-19,"Intyg återkommande besiktning, ej godkänt, 2 st, L3109816, S153371",Skrivelse In,ej godkänt,DETERMINISTIC_FAILURE,LIFT,L3109816 S153371,2,Granen 19,Villagatan 22B,Östermalm,NO,https://etjanster.stockholm.se/Byggochplantjansten/arende/arende/1325237?dataSource=Active
2026-13811,1325238,2026-08-19,,Anmaning att låta åtgärda hiss samt utföra förnyad besiktning,2026-08-19,"Intyg återkommande besiktning, ej godkänt, L3666393",Skrivelse In,ej godkänt,DETERMINISTIC_FAILURE,LIFT,L3666393,1,Hägerberget 47,Tegnérgatan 13,Norrmalm,NO,https://etjanster.stockholm.se/Byggochplantjansten/arende/arende/1325238?dataSource=Active
2026-13812,1325239,2026-08-19,,Anmaning att låta åtgärda hiss samt utföra förnyad besiktning,2026-08-19,"Intyg återkommande besiktning, ej godkänt, L3737228",Skrivelse In,ej godkänt,DETERMINISTIC_FAILURE,LIFT,L3737228,1,Hägerberget 46,Tegnérgatan 15,Norrmalm,NO,https://etjanster.stockholm.se/Byggochplantjansten/arende/arende/1325239?dataSource=Active
2026-13827,1325254,2026-08-20,,Anmaning att låta åtgärda hiss samt utföra förnyad besiktning,2026-08-20,"Intyg återkommande besiktning, ej godkänt, 43281",Skrivelse In,ej godkänt,DETERMINISTIC_FAILURE,LIFT,43281,1,Kurland 12,Drottninggatan 106,Norrmalm,NO,https://etjanster.stockholm.se/Byggochplantjansten/arende/arende/1325254?dataSource=Active
2026-13828,1325255,2026-08-20,,Anmaning att låta åtgärda hissar samt utföra förnyad besiktning,2026-08-20,"Intyg återkommande besiktning, ej godkänt, 2 st, L7896433, L7896504",Skrivelse In,ej godkänt,DETERMINISTIC_FAILURE,LIFT,L7896433 L7896504,2,Redaren 2,"Hammarby Allé 34, Hammarby Allé 36",Södra Hammarbyhamnen,NO,https://etjanster.stockholm.se/Byggochplantjansten/arende/arende/1325255?dataSource=Active
2026-13834,1325261,2026-08-20,,Anmaning att låta åtgärda hissar samt utföra förnyad besiktning,2026-08-20,"Intyg återkommande besiktning, ej godkänt, 2 st, L3734753, L3734761",Skrivelse In,ej godkänt,DETERMINISTIC_FAILURE,LIFT,L3734753 L3734761,2,Nejlikan 28,Sveavägen 105,Vasastaden,NO,https://etjanster.stockholm.se/Byggochplantjansten/arende/arende/1325261?dataSource=Active
2026-13836,1325263,2026-08-20,,Anmaning att låta åtgärda hissar samt utföra förnyad besiktning,2026-08-20,"Intyg återkommande besiktning, ej godkänt, 2 st, L3483591, S663912",Skrivelse In,ej godkänt,DETERMINISTIC_FAILURE,LIFT,L3483591 S663912,2,Jägarbacken 5,Kolargatan 2,Hjorthagen,NO,https://etjanster.stockholm.se/Byggochplantjansten/arende/arende/1325263?dataSource=Active
2026-13838,1325265,2026-08-20,,Anmaning att låta åtgärda hissar samt utföra förnyad besiktning,2026-08-20,"Intyg återkommande besiktning, ej godkänt, 2 st, L3483435, L3483443 ",Skrivelse In,ej godkänt,DETERMINISTIC_FAILURE,LIFT,L3483435 L3483443,2,Karteschen 6,Furusundsgatan 12,Ladugårdsgärdet,NO,https://etjanster.stockholm.se/Byggochplantjansten/arende/arende/1325265?dataSource=Active
2026-13841,1325268,2026-08-20,,Anmaning att låta åtgärda hissar samt utföra förnyad besiktning,2026-08-20,"Intyg återkommande besiktning, ej godkänt, 2 st, L3109824, L7357130",Skrivelse In,ej godkänt,DETERMINISTIC_FAILURE,LIFT,L3109824 L7357130,2,Vakteln 10,Lill-jans Plan 3,Östermalm,NO,https://etjanster.stockholm.se/Byggochplantjansten/arende/arende/1325268?dataSource=Active
2026-13845,1325272,2026-08-20,,Anmaning att låta åtgärda hissar samt utföra förnyad besiktning,2026-08-20,"Intyg återkommande besiktning, ej godkänt, 3 st, L3129954, L3129988, L3130002",Skrivelse In,ej godkänt,DETERMINISTIC_FAILURE,LIFT,L3129954 L3129988 L3130002,3,"Mysslingen 3, Mysslingen 2","Sandfjärdsgatan 120, Sandfjärdsgatan 124, Sandfjärdsgatan 98",Årsta,NO,https://etjanster.stockholm.se/Byggochplantjansten/arende/arende/1325272?dataSource=Active
2026-13848,1325275,2026-08-20,,Anmaning att låta åtgärda hiss samt utföra förnyad besiktning,2026-08-20,"Intyg återkommande besiktning, ej godkänt, L9124066",Skrivelse In,ej godkänt,DETERMINISTIC_FAILURE,LIFT,L9124066,1,Mässen 13,Erik Dahlbergsgatan 27,Ladugårdsgärdet,NO,https://etjanster.stockholm.se/Byggochplantjansten/arende/arende/1325275?dataSource=Active
2026-13849,1325276,2026-08-20,,Anmaning att låta åtgärda hiss samt utföra förnyad besiktning,2026-08-20,"Intyg återkommande besiktning, ej godkänt, L9136789",Skrivelse In,ej godkänt,DETERMINISTIC_FAILURE,LIFT,L9136789,1,Mässen 12,Erik Dahlbergsgatan 29B,Ladugårdsgärdet,NO,https://etjanster.stockholm.se/Byggochplantjansten/arende/arende/1325276?dataSource=Active
2026-13854,1325281,2026-08-20,,Anmaning att låta åtgärda hiss samt utföra förnyad besiktning,2026-08-20,"Intyg återkommande besiktning, ej godkänt, S598368",Skrivelse In,ej godkänt,DETERMINISTIC_FAILURE,LIFT,S598368,1,Skåningen 2,Drachmannsgatan 2,Blackeberg,NO,https://etjanster.stockholm.se/Byggochplantjansten/arende/arende/1325281?dataSource=Active
2026-13855,1325282,2026-08-20,,Anmaning att låta åtgärda hiss samt utföra förnyad besiktning,2026-08-20,"Intyg återkommande besiktning, ej godkänt, L6682868",Skrivelse In,ej godkänt,DETERMINISTIC_FAILURE,LIFT,L6682868,1,Skörden 4,Fleminggatan 31,Kungsholmen,NO,https://etjanster.stockholm.se/Byggochplantjansten/arende/arende/1325282?dataSource=Active
2026-12786,1324213,2026-07-21,,Anmaning att låta åtgärda hiss samt utföra förnyad besiktning,2026-08-21,"Intyg återkommande besiktning, ej godkänt, D1733102",Skrivelse In,ej godkänt,DETERMINISTIC_FAILURE,LIFT,D1733102,1,Norrskenet 1,Lyckebyvägen 13,Björkhagen,NO,https://etjanster.stockholm.se/Byggochplantjansten/arende/arende/1324213?dataSource=Active
2026-13910,1325337,2026-08-21,,Anmaning att låta åtgärda hiss samt utföra förnyad besiktning,2026-08-21,"Intyg återkommande besiktning, ej godkänt, 72198",Skrivelse In,ej godkänt,DETERMINISTIC_FAILURE,LIFT,72198,1,Saturnus 21,Peter Myndes Backe 18,Södermalm,NO,https://etjanster.stockholm.se/Byggochplantjansten/arende/arende/1325337?dataSource=Active
2026-13911,1325338,2026-08-21,,Anmaning att låta åtgärda hiss samt utföra förnyad besiktning,2026-08-21,"Intyg återkommande besiktning, ej godkänt, D1545428",Skrivelse In,ej godkänt,DETERMINISTIC_FAILURE,LIFT,D1545428,1,Rännilen 8,Mäster Samuelsgatan 1,Norrmalm,NO,https://etjanster.stockholm.se/Byggochplantjansten/arende/arende/1325338?dataSource=Active
2026-13912,1325339,2026-08-21,,Anmaning att låta åtgärda hiss samt utföra förnyad besiktning,2026-08-21,"Intyg återkommande besiktning, ej godkänt, L7899681",Skrivelse In,ej godkänt,DETERMINISTIC_FAILURE,LIFT,L7899681,1,Åkeshov 1:1,Åkeshovs Gårdsväg 8,Riksby,NO,https://etjanster.stockholm.se/Byggochplantjansten/arende/arende/1325339?dataSource=Active
2026-13944,1325371,2026-08-21,,Anmaning att låta åtgärda port samt utföra förnyad besiktning,2026-08-21,"Intyg återkommande besiktning, ej godkänt, L2948467, L7473890",Skrivelse In,ej godkänt,DETERMINISTIC_FAILURE,POWERED_GATE_OR_DOOR,L2948467 L7473890,2,Varubudet 1,Varuvägen 34,Älvsjö,NO,https://etjanster.stockholm.se/Byggochplantjansten/arende/arende/1325371?dataSource=Active
2026-14051,1325478,2026-08-24,,Anmaning att låta åtgärda hissar samt utföra förnyad besiktning,2026-08-25,"Intyg återkommande besiktning, ej godkänt, L7141499",Skrivelse In,ej godkänt,DETERMINISTIC_FAILURE,LIFT,L7141499,1,Klubbholmen 1,Ekholmsvägen 145,Skärholmen,NO,https://etjanster.stockholm.se/Byggochplantjansten/arende/arende/1325478?dataSource=Active
2026-14053,1325480,2026-08-24,,Anmaning att låta åtgärda hissar samt utföra förnyad besiktning,2026-08-25,"Intyg återkommande besiktning, ej godkänt, L7142096",Skrivelse In,ej godkänt,DETERMINISTIC_FAILURE,LIFT,L7142096,1,Hagholmen 1,Idholmsvägen 87,Skärholmen,NO,https://etjanster.stockholm.se/Byggochplantjansten/arende/arende/1325480?dataSource=Active
2026-14055,1325482,2026-08-24,2026-09-08,Anmaning att låta åtgärda hissar samt utföra förnyad besiktning,2026-08-25,"Intyg återkommande besiktning, ej godkänt, L9037769",Skrivelse In,ej godkänt,DETERMINISTIC_FAILURE,LIFT,L9037769,1,Lindbacken 9,Upplandsgatan 5,Norrmalm,YES,https://etjanster.stockholm.se/Byggochplantjansten/arende/arende/1325482?dataSource=Active
2026-14059,1325486,2026-08-24,,Anmaning att låta åtgärda hissar samt utföra förnyad besiktning,2026-08-25,"Intyg återkommande besiktning, ej godkänt, L8111984",Skrivelse In,ej godkänt,DETERMINISTIC_FAILURE,LIFT,L8111984,1,Lindbacken 10,Upplandsgatan 7,Norrmalm,NO,https://etjanster.stockholm.se/Byggochplantjansten/arende/arende/1325486?dataSource=Active
2026-14087,1325514,2026-08-25,,Anmaning att låta åtgärda hiss samt utföra förnyad besiktning,2026-08-25,"Intyg återkommande besiktning, ej godkänt, D1546091",Skrivelse In,ej godkänt,DETERMINISTIC_FAILURE,LIFT,D1546091,1,Ormlången 9,Rörviksbacken 5,Årsta,NO,https://etjanster.stockholm.se/Byggochplantjansten/arende/arende/1325514?dataSource=Active
2026-14089,1325516,2026-08-25,,Anmaning att låta åtgärda hiss samt utföra förnyad besiktning,2026-08-25,"Intyg återkommande besiktning, ej godkänt, D1704022",Skrivelse In,ej godkänt,DETERMINISTIC_FAILURE,LIFT,D1704022,1,Stettin 5,Sehlstedtsgatan 8,Ladugårdsgärdet,NO,https://etjanster.stockholm.se/Byggochplantjansten/arende/arende/1325516?dataSource=Active
2026-14092,1325519,2026-08-25,,Anmaning att låta åtgärda hiss samt utföra förnyad besiktning,2026-08-25,"Intyg återkommande besiktning, ej godkänt, L9052055",Skrivelse In,ej godkänt,DETERMINISTIC_FAILURE,LIFT,L9052055,1,Mässhallen 1,Mässvägen 1,Älvsjö,NO,https://etjanster.stockholm.se/Byggochplantjansten/arende/arende/1325519?dataSource=Active
2026-14100,1325527,2026-08-25,,Anmaning att låta åtgärda hiss samt utföra förnyad besiktning,2026-08-25,"Intyg återkommande besiktning, ej godkänt, 51153",Skrivelse In,ej godkänt,DETERMINISTIC_FAILURE,LIFT,51153,1,Montebello 5,Montebellogatan 5,Lilla Essingen,NO,https://etjanster.stockholm.se/Byggochplantjansten/arende/arende/1325527?dataSource=Active
2026-14110,1325537,2026-08-25,,Anmaning att låta åtgärda port samt utföra förnyad besiktning,2026-08-25,"Intyg återkommande besiktning, ej godkänt, L2779800",Skrivelse In,ej godkänt,DETERMINISTIC_FAILURE,POWERED_GATE_OR_DOOR,L2779800,1,Vallgossen 15,Arbetargatan 19,Kungsholmen,NO,https://etjanster.stockholm.se/Byggochplantjansten/arende/arende/1325537?dataSource=Active
2026-14130,1325557,2026-08-26,,Anmaning att låta åtgärda hiss samt utföra förnyad besiktning,2026-08-26,"Intyg återkommande besiktning, ej godkänt, L6052695",Skrivelse In,ej godkänt,DETERMINISTIC_FAILURE,LIFT,L6052695,1,Vattenfallet 10,Funäsgatan 34,Råcksta,NO,https://etjanster.stockholm.se/Byggochplantjansten/arende/arende/1325557?dataSource=Active
2026-14136,1325563,2026-08-26,,Anmaning att låta åtgärda hiss samt utföra förnyad besiktning,2026-08-26,"Intyg återkommande besiktning, ej godkänt, 63160",Skrivelse In,ej godkänt,DETERMINISTIC_FAILURE,LIFT,63160,1,Gropen 26,Hornsgatan 74A,Södermalm,NO,https://etjanster.stockholm.se/Byggochplantjansten/arende/arende/1325563?dataSource=Active
2026-14137,1325564,2026-08-26,,Anmaning att låta åtgärda hiss samt utföra förnyad besiktning,2026-08-26,"Intyg återkommande besiktning, ej godkänt, 54497",Skrivelse In,ej godkänt,DETERMINISTIC_FAILURE,LIFT,54497,1,Sleipner 1,Frejgatan 40,Vasastaden,NO,https://etjanster.stockholm.se/Byggochplantjansten/arende/arende/1325564?dataSource=Active
2026-14138,1325565,2026-08-26,,Anmaning att låta åtgärda hiss samt utföra förnyad besiktning,2026-08-26,"Intyg återkommande besiktning, ej godkänt, 54236",Skrivelse In,ej godkänt,DETERMINISTIC_FAILURE,LIFT,54236,1,Tant Brun 1,Suddagummans Gata 9,Mariehäll,NO,https://etjanster.stockholm.se/Byggochplantjansten/arende/arende/1325565?dataSource=Active
2026-14139,1325566,2026-08-26,,Anmaning att låta åtgärda hiss samt utföra förnyad besiktning,2026-08-26,"Intyg återkommande besiktning, ej godkänt, 44688",Skrivelse In,ej godkänt,DETERMINISTIC_FAILURE,LIFT,44688,1,Jupiter Större 3,Peter Myndes Backe 10,Södermalm,NO,https://etjanster.stockholm.se/Byggochplantjansten/arende/arende/1325566?dataSource=Active
2026-14140,1325567,2026-08-26,,Anmaning att låta åtgärda hiss samt utföra förnyad besiktning,2026-08-26,"Intyg återkommande besiktning, ej godkänt, 53389",Skrivelse In,ej godkänt,DETERMINISTIC_FAILURE,LIFT,53389,1,Saturnus 18,Hornsgatan 15,Södermalm,NO,https://etjanster.stockholm.se/Byggochplantjansten/arende/arende/1325567?dataSource=Active
2025-14195,1305033,2025-09-17,2026-09-02,Anmaning att låta åtgärda hiss samt utföra förnyad besiktning,2026-08-27,"Intyg återkommande besiktning, ej godkänt, L2943337",Skrivelse In,ej godkänt,DETERMINISTIC_FAILURE,LIFT,L2943337,1,Polacken 29,Brunnsgatan 19,Norrmalm,YES,https://etjanster.stockholm.se/Byggochplantjansten/arende/arende/1305033?dataSource=Active
2026-14220,1325647,2026-08-27,2026-09-02,Anmaning att låta åtgärda hiss samt utföra förnyad besiktning,2026-08-27,"Intyg återkommande besiktning, ej godkänt, L2868802",Skrivelse In,ej godkänt,DETERMINISTIC_FAILURE,LIFT,L2868802,1,Polacken 29,Brunnsgatan 21,Norrmalm,YES,https://etjanster.stockholm.se/Byggochplantjansten/arende/arende/1325647?dataSource=Active
2026-14225,1325652,2026-08-27,,Anmaning att låta åtgärda hissar samt utföra förnyad besiktning,2026-08-27,"Intyg återkommande besiktning, ej godkänt, L2940090",Skrivelse In,ej godkänt,DETERMINISTIC_FAILURE,LIFT,L2940090,1,Polacken 29,Regeringsgatan 77,Norrmalm,NO,https://etjanster.stockholm.se/Byggochplantjansten/arende/arende/1325652?dataSource=Active
2026-14227,1325654,2026-08-27,,Anmaning att låta åtgärda hiss samt utföra förnyad besiktning,2026-08-27,"Intyg återkommande besiktning, ej godkänt, L2992561",Skrivelse In,ej godkänt,DETERMINISTIC_FAILURE,LIFT,L2992561,1,Polacken 29,Kungsgatan 24,Norrmalm,NO,https://etjanster.stockholm.se/Byggochplantjansten/arende/arende/1325654?dataSource=Active
2026-14250,1325677,2026-08-27,,Anmaning att låta åtgärda hissar samt utföra förnyad besiktning,2026-08-27,"Intyg återkommande besiktning, ej godkänt, 5, st, L299443, L2994452, L2994461, L2994470, L2994489",Skrivelse In,ej godkänt,DETERMINISTIC_FAILURE,LIFT,L299443 L2994452 L2994461 L2994470 L2994489,5,Tranhuvudet 8,"Apelbergsgatan 39, Kungsgatan 44",Norrmalm,YES,https://etjanster.stockholm.se/Byggochplantjansten/arende/arende/1325677?dataSource=Active
2026-14251,1325678,2026-08-27,,Anmaning att låta åtgärda hissar samt utföra förnyad besiktning,2026-08-27,"Intyg återkommande besiktning, ej godkänt, 3 st, 28988, 31189, 31780",Skrivelse In,ej godkänt,DETERMINISTIC_FAILURE,LIFT,28988 31189 31780,3,Köksfläkten 2,Primusgatan 65,Lilla Essingen,NO,https://etjanster.stockholm.se/Byggochplantjansten/arende/arende/1325678?dataSource=Active
2026-14258,1325685,2026-08-27,,Anmaning att låta åtgärda hiss samt utföra förnyad besiktning,2026-08-27,"Intyg återkommande besiktning, ej godkänt, D1600911",Skrivelse In,ej godkänt,DETERMINISTIC_FAILURE,LIFT,D1600911,1,Järnbalken 5,Gamla Bromstensvägen 67,Bällsta,NO,https://etjanster.stockholm.se/Byggochplantjansten/arende/arende/1325685?dataSource=Active
2026-14262,1325689,2026-08-27,,Anmaning att låta åtgärda hiss samt utföra förnyad besiktning,2026-08-27,"Intyg återkommande besiktning, ej godkänt, 69783",Skrivelse In,ej godkänt,DETERMINISTIC_FAILURE,LIFT,69783,1,Kadetten 10,Karlbergsvägen 73,Vasastaden,NO,https://etjanster.stockholm.se/Byggochplantjansten/arende/arende/1325689?dataSource=Active
2026-14263,1325690,2026-08-27,,Anmaning att låta åtgärda hiss samt utföra förnyad besiktning,2026-08-27,"Intyg återkommande besiktning, ej godkänt, D1628636",Skrivelse In,ej godkänt,DETERMINISTIC_FAILURE,LIFT,D1628636,1,Trafikflyget 10,Flygplatsinfarten 2,Riksby,NO,https://etjanster.stockholm.se/Byggochplantjansten/arende/arende/1325690?dataSource=Active
2026-14264,1325691,2026-08-27,,Anmaning att låta åtgärda hissar samt utföra förnyad besiktning,2026-08-27,"Intyg återkommande besiktning, ej godkänt, 46239",Skrivelse In,ej godkänt,DETERMINISTIC_FAILURE,LIFT,46239,1,Modellen 8,Birkagatan 29,Vasastaden,NO,https://etjanster.stockholm.se/Byggochplantjansten/arende/arende/1325691?dataSource=Active
2026-14265,1325692,2026-08-27,,Anmaning att låta åtgärda hissar samt utföra förnyad besiktning,2026-08-27,"Intyg återkommande besiktning, ej godkänt, 54228",Skrivelse In,ej godkänt,DETERMINISTIC_FAILURE,LIFT,54228,1,Tant Gredelin 1,Kamomillagatan 22,Mariehäll,NO,https://etjanster.stockholm.se/Byggochplantjansten/arende/arende/1325692?dataSource=Active
2026-13807,1325234,2026-08-19,,Anmaning att låta åtgärda hissar samt utföra förnyad besiktning,2026-08-31,"Intyg återkommande besiktning, ej godkänt, S368693",Skrivelse In,ej godkänt,DETERMINISTIC_FAILURE,LIFT,S368693,1,Svea Artilleri 14,"Valhallavägen 117H, Valhallavägen 117J",Ladugårdsgärdet,YES,https://etjanster.stockholm.se/Byggochplantjansten/arende/arende/1325234?dataSource=Active
2026-14406,1325837,2026-08-28,,Anmaning att låta åtgärda hissar samt utföra förnyad besiktning,2026-08-31,"Intyg återkommande besiktning, ej godkänt, 20261",Skrivelse In,ej godkänt,DETERMINISTIC_FAILURE,LIFT,20261,1,Nummerhästen 7,Erik Dahlbergsgatan 52,Ladugårdsgärdet,NO,https://etjanster.stockholm.se/Byggochplantjansten/arende/arende/1325837?dataSource=Active
2026-14408,1325839,2026-08-28,,Anmaning att låta åtgärda hissar samt utföra förnyad besiktning,2026-08-31,"Intyg återkommande besiktning, ej godkänt, 24999, 25002",Skrivelse In,ej godkänt,DETERMINISTIC_FAILURE,LIFT,24999 25002,2,Nystad 5,Borgågatan 12,Akalla,NO,https://etjanster.stockholm.se/Byggochplantjansten/arende/arende/1325839?dataSource=Active
2026-14410,1325841,2026-08-31,,Anmaning att låta åtgärda hissar samt utföra förnyad besiktning,2026-08-31,"Intyg återkommande besiktning, ej godkänt, L2908741",Skrivelse In,ej godkänt,DETERMINISTIC_FAILURE,LIFT,L2908741,1,Mässhallen 1,Mässvägen 2,Älvsjö,NO,https://etjanster.stockholm.se/Byggochplantjansten/arende/arende/1325841?dataSource=Active
2026-14412,1325843,2026-08-28,2026-09-01,Anmaning att låta åtgärda rulltrappa samt utföra förnyad besiktning,2026-08-31,"Intyg återkommande besiktning, ej godkänt, L2614157",Skrivelse In,ej godkänt,DETERMINISTIC_FAILURE,ESCALATOR_OR_MOVING_WALK,L2614157,1,Arenan 2,"Information saknas för ""Adress""",Johanneshov,YES,https://etjanster.stockholm.se/Byggochplantjansten/arende/arende/1325843?dataSource=Active
2026-14414,1325845,2026-08-28,2026-09-22,Anmaning att låta åtgärda hissar samt utföra förnyad besiktning,2026-08-31,"Intyg återkommande besiktning, ej godkänt, D1703965",Skrivelse In,ej godkänt,DETERMINISTIC_FAILURE,LIFT,D1703965,1,Timpenningen 1,Västbergavägen 24,Västberga,YES,https://etjanster.stockholm.se/Byggochplantjansten/arende/arende/1325845?dataSource=Active
2026-14416,1325847,2026-08-28,,Anmaning att låta åtgärda hissar samt utföra förnyad besiktning,2026-08-31,"Intyg återkommande besiktning, ej godkänt, L2909839",Skrivelse In,ej godkänt,DETERMINISTIC_FAILURE,LIFT,L2909839,1,Näktergalen 12,Karlavägen 23,Östermalm,NO,https://etjanster.stockholm.se/Byggochplantjansten/arende/arende/1325847?dataSource=Active
2026-10198,1321574,2026-06-04,,Anmaning att låta åtgärda hiss samt utföra förnyad besiktning,2026-09-01,"Intyg återkommande besiktning, ej godkänt, D1721556",Skrivelse In,ej godkänt,DETERMINISTIC_FAILURE,LIFT,D1721556,1,Fyrkanten 11,Sveavägen 34,Norrmalm,NO,https://etjanster.stockholm.se/Byggochplantjansten/arende/arende/1321574?dataSource=Active
2026-13827,1325254,2026-08-20,,Anmaning att låta åtgärda hiss samt utföra förnyad besiktning,2026-09-01,"Intyg återkommande besiktning, ej godkänt, 43281",Skrivelse In,ej godkänt,DETERMINISTIC_FAILURE,LIFT,43281,1,Kurland 12,Drottninggatan 106,Norrmalm,NO,https://etjanster.stockholm.se/Byggochplantjansten/arende/arende/1325254?dataSource=Active
2026-14137,1325564,2026-08-26,,Anmaning att låta åtgärda hiss samt utföra förnyad besiktning,2026-09-01,"Intyg återkommande besiktning, ej godkänt,",Skrivelse In,ej godkänt,DETERMINISTIC_FAILURE,LIFT,,0,Sleipner 1,Frejgatan 40,Vasastaden,NO,https://etjanster.stockholm.se/Byggochplantjansten/arende/arende/1325564?dataSource=Active
2026-14485,1325916,2026-08-31,,Anmaning att låta åtgärda hissar samt utföra förnyad besiktning,2026-09-01,"Intyg återkommande besiktning, ej godkänt, L7781968",Skrivelse In,ej godkänt,DETERMINISTIC_FAILURE,LIFT,L7781968,1,Björnsätra 1,Kungssätravägen 14,Sätra,NO,https://etjanster.stockholm.se/Byggochplantjansten/arende/arende/1325916?dataSource=Active
2026-14492,1325923,2026-09-01,,Anmaning att låta åtgärda hiss samt utföra förnyad besiktning,2026-09-01,"Intyg återkommande besiktning, ej godkänt, 77726",Skrivelse In,ej godkänt,DETERMINISTIC_FAILURE,LIFT,77726,1,Particentralen 6,Brunnbyvägen 7,Östberga,NO,https://etjanster.stockholm.se/Byggochplantjansten/arende/arende/1325923?dataSource=Active
2026-14494,1325925,2026-09-01,,Anmaning att låta åtgärda port samt utföra förnyad besiktning,2026-09-01,"Intyg återkommande besiktning, ej godkänt, 79138",Skrivelse In,ej godkänt,DETERMINISTIC_FAILURE,POWERED_GATE_OR_DOOR,79138,1,Murmästare-ämbetet 1,Murmästarvägen 27,Bredäng,NO,https://etjanster.stockholm.se/Byggochplantjansten/arende/arende/1325925?dataSource=Active
2026-14497,1325928,2026-09-01,,Anmaning att låta åtgärda hiss samt utföra förnyad besiktning,2026-09-01,"Intyg återkommande besiktning, ej godkänt, 66774",Skrivelse In,ej godkänt,DETERMINISTIC_FAILURE,LIFT,66774,1,Tvålflingan 11,Tellusborgsvägen 90,Västberga,NO,https://etjanster.stockholm.se/Byggochplantjansten/arende/arende/1325928?dataSource=Active
2026-14498,1325929,2026-09-01,,Anmaning att låta åtgärda hiss samt utföra förnyad besiktning,2026-09-01,"Intyg återkommande besiktning, ej godkänt, 53417",Skrivelse In,ej godkänt,DETERMINISTIC_FAILURE,LIFT,53417,1,Kurland 14,Tegnérgatan 37,Norrmalm,NO,https://etjanster.stockholm.se/Byggochplantjansten/arende/arende/1325929?dataSource=Active
2026-14500,1325931,2026-09-01,,Anmaning att låta åtgärda hissar samt utföra förnyad besiktning,2026-09-01,"Intyg återkommande besiktning, ej godkänt, 33300",Skrivelse In,ej godkänt,DETERMINISTIC_FAILURE,LIFT,33300,1,Maltet 1,Korphoppsgatan 1,Södra Hammarbyhamnen,NO,https://etjanster.stockholm.se/Byggochplantjansten/arende/arende/1325931?dataSource=Active
2026-14503,1325934,2026-09-01,,Anmaning att låta åtgärda hissar samt utföra förnyad besiktning (Kista Torg 39 A),2026-09-01,"Intyg återkommande besiktning, ej godkänt, 79200",Skrivelse In,ej godkänt,DETERMINISTIC_FAILURE,LIFT,79200,1,Danmark 2,"Information saknas för ""Adress""",Kista,NO,https://etjanster.stockholm.se/Byggochplantjansten/arende/arende/1325934?dataSource=Active
2026-14506,1325937,2026-09-01,,Anmaning att låta åtgärda hiss samt utföra förnyad besiktning,2026-09-01,"Intyg återkommande besiktning, ej godkänt, 70890",Skrivelse In,ej godkänt,DETERMINISTIC_FAILURE,LIFT,70890,1,Beckbrännaren Mindre 23,Renstiernas Gata 19,Södermalm,NO,https://etjanster.stockholm.se/Byggochplantjansten/arende/arende/1325937?dataSource=Active
2026-14511,1325942,2026-09-01,,Anmaning att låta åtgärda hissar samt utföra förnyad besiktning,2026-09-01,"Intyg återkommande besiktning, ej godkänt, L7112396, L7112403",Skrivelse In,ej godkänt,DETERMINISTIC_FAILURE,LIFT,L7112396 L7112403,2,Rumormästaren 5,Tyska Bottens Väg 48A,Nockebyhov,NO,https://etjanster.stockholm.se/Byggochplantjansten/arende/arende/1325942?dataSource=Active
2026-14532,1325963,2026-08-28,2026-09-08,Anmaning att låta åtgärda hissar samt utföra förnyad besiktning,2026-09-01,"Intyg återkommande besiktning, ej godkänt, L3085958",Skrivelse In,ej godkänt,DETERMINISTIC_FAILURE,LIFT,L3085958,1,Veken 8,Åsögatan 180,Södermalm,YES,https://etjanster.stockholm.se/Byggochplantjansten/arende/arende/1325963?dataSource=Active
2026-14533,1325964,2026-08-28,,Anmaning att låta åtgärda hissar samt utföra förnyad besiktning,2026-09-01,"Intyg återkommande besiktning, ej godkänt, L3278256",Skrivelse In,ej godkänt,DETERMINISTIC_FAILURE,LIFT,L3278256,1,Adonis 16,Tegnérgatan 23,Norrmalm,NO,https://etjanster.stockholm.se/Byggochplantjansten/arende/arende/1325964?dataSource=Active
2026-12222,1323649,2026-07-07,,Anmaning att låta åtgärda hiss samt utföra förnyad besiktning (Sergelarkaden),2026-09-02,"Intyg återkommande besiktning, ej godkänt, S150013",Skrivelse In,ej godkänt,DETERMINISTIC_FAILURE,LIFT,S150013,1,Skansen 23,"Information saknas för ""Adress""",Norrmalm,NO,https://etjanster.stockholm.se/Byggochplantjansten/arende/arende/1323649?dataSource=Active
2026-13807,1325234,2026-08-19,,Anmaning att låta åtgärda hissar samt utföra förnyad besiktning,2026-09-02,"Intyg återkommande besiktning, ej godkänt, S361788, S361794, S361795, S368693, S415937",Skrivelse In,ej godkänt,DETERMINISTIC_FAILURE,LIFT,S361788 S361794 S361795 S368693 S415937,5,Svea Artilleri 14,"Valhallavägen 117H, Valhallavägen 117J",Ladugårdsgärdet,YES,https://etjanster.stockholm.se/Byggochplantjansten/arende/arende/1325234?dataSource=Active
2026-14129,1325556,2026-08-26,2026-09-02,Anmaning att låta åtgärda hiss samt utföra förnyad besiktning,2026-09-02,"Intyg återkommande besiktning, ej godkänt, L3730157 ",Skrivelse In,ej godkänt,DETERMINISTIC_FAILURE,LIFT,L3730157,1,Eldaren 11,Rörstrandsgatan 12,Vasastaden,NO,https://etjanster.stockholm.se/Byggochplantjansten/arende/arende/1325556?dataSource=Active
2026-14587,1326018,2026-08-28,,Anmaning att låta åtgärda hissar samt utföra förnyad besiktning,2026-09-02,"Intyg återkommande besiktning, ej godkänt, L3479847, L3479862",Skrivelse In,ej godkänt,DETERMINISTIC_FAILURE,LIFT,L3479847 L3479862,2,Vägaren 24,Kocksgatan 1,Södermalm,NO,https://etjanster.stockholm.se/Byggochplantjansten/arende/arende/1326018?dataSource=Active
2026-14589,1326020,2026-08-28,2026-09-22,Anmaning att låta åtgärda hissar samt utföra förnyad besiktning,2026-09-02,"Intyg återkommande besiktning, ej godkänt, L3481801",Skrivelse In,ej godkänt,DETERMINISTIC_FAILURE,LIFT,L3481801,1,Neptunus 23,Styrmansgatan 33,Östermalm,YES,https://etjanster.stockholm.se/Byggochplantjansten/arende/arende/1326020?dataSource=Active
2026-14591,1326022,2026-08-28,,Anmaning att låta åtgärda hissar samt utföra förnyad besiktning,2026-09-02,"Intyg återkommande besiktning, ej godkänt, L3653094",Skrivelse In,ej godkänt,DETERMINISTIC_FAILURE,LIFT,L3653094,1,Höken 30,Åsögatan 124,Södermalm,NO,https://etjanster.stockholm.se/Byggochplantjansten/arende/arende/1326022?dataSource=Active
2026-14592,1326023,2026-08-28,,Anmaning att låta åtgärda hissar samt utföra förnyad besiktning,2026-09-02,"Intyg återkommande besiktning, ej godkänt, L3673902",Skrivelse In,ej godkänt,DETERMINISTIC_FAILURE,LIFT,L3673902,1,Trivia 2,Järntorget 83,Gamla Stan,NO,https://etjanster.stockholm.se/Byggochplantjansten/arende/arende/1326023?dataSource=Active
2026-14596,1326027,2026-08-28,,Anmaning att låta åtgärda hissar samt utföra förnyad besiktning,2026-09-02,"Intyg återkommande besiktning, ej godkänt, L3682606",Skrivelse In,ej godkänt,DETERMINISTIC_FAILURE,LIFT,L3682606,1,Sandbacken Mindre 7,Nytorgsgatan 19A,Södermalm,NO,https://etjanster.stockholm.se/Byggochplantjansten/arende/arende/1326027?dataSource=Active
2026-14597,1326028,2026-08-28,,Anmaning att låta åtgärda hissar samt utföra förnyad besiktning,2026-09-02,"Intyg återkommande besiktning, ej godkänt, L3706850",Skrivelse In,ej godkänt,DETERMINISTIC_FAILURE,LIFT,L3706850,1,Stångkusken 1,Armfeltsgatan 10,Ladugårdsgärdet,NO,https://etjanster.stockholm.se/Byggochplantjansten/arende/arende/1326028?dataSource=Active
2026-14599,1326030,2026-08-28,,Anmaning att låta åtgärda hissar samt utföra förnyad besiktning,2026-09-02,"Intyg återkommande besiktning, ej godkänt, L3732047, L3732054",Skrivelse In,ej godkänt,DETERMINISTIC_FAILURE,LIFT,L3732047 L3732054,2,Hägern Mindre 7,Drottninggatan 29,Norrmalm,NO,https://etjanster.stockholm.se/Byggochplantjansten/arende/arende/1326030?dataSource=Active
2026-14603,1326034,2026-09-02,2026-09-15,Anmaning att låta åtgärda hiss samt utföra förnyad besiktning,2026-09-02,"Intyg återkommande besiktning, ej godkänt, L2757271",Skrivelse In,ej godkänt,DETERMINISTIC_FAILURE,LIFT,L2757271,1,Städet 9,Dalagatan 100,Vasastaden,YES,https://etjanster.stockholm.se/Byggochplantjansten/arende/arende/1326034?dataSource=Active
2026-14604,1326035,2026-08-28,,Anmaning att låta åtgärda hissar samt utföra förnyad besiktning,2026-09-02,"Intyg återkommande besiktning, ej godkänt, L4047023",Skrivelse In,ej godkänt,DETERMINISTIC_FAILURE,LIFT,L4047023,1,Tobaksspinneriet 13,Tobaksspinnargatan 3,Södermalm,NO,https://etjanster.stockholm.se/Byggochplantjansten/arende/arende/1326035?dataSource=Active
2026-14606,1326037,2026-08-28,,Anmaning att låta åtgärda hissar samt utföra förnyad besiktning,2026-09-02,"Intyg återkommande besiktning, ej godkänt, L5927157",Skrivelse In,ej godkänt,DETERMINISTIC_FAILURE,LIFT,L5927157,1,Diplomaten 3,Laboratoriegatan 4,Östermalm,NO,https://etjanster.stockholm.se/Byggochplantjansten/arende/arende/1326037?dataSource=Active
2026-14608,1326039,2026-09-02,,Anmaning att låta åtgärda hissar samt utföra förnyad besiktning,2026-09-02,"Intyg återkommande besiktning, ej godkänt, 2 st, 60167, 60168",Skrivelse In,ej godkänt,DETERMINISTIC_FAILURE,LIFT,60167 60168,2,Bränninge 1,Tenstagången 55,Tensta,NO,https://etjanster.stockholm.se/Byggochplantjansten/arende/arende/1326039?dataSource=Active
2026-14611,1326042,2026-08-28,2026-09-08,Anmaning att låta åtgärda hissar samt utföra förnyad besiktning,2026-09-02,"Intyg återkommande besiktning, ej godkänt, L6808885",Skrivelse In,ej godkänt,DETERMINISTIC_FAILURE,LIFT,L6808885,1,Vallonsmidet 7,Karlsbodavägen 9,Ulvsunda Industriområde,YES,https://etjanster.stockholm.se/Byggochplantjansten/arende/arende/1326042?dataSource=Active
2026-14613,1326044,2026-08-28,,Anmaning att låta åtgärda hissar samt utföra förnyad besiktning,2026-09-02,"Intyg återkommande besiktning, ej godkänt, S263467",Skrivelse In,ej godkänt,DETERMINISTIC_FAILURE,LIFT,S263467,1,Munin 40,Vanadisvägen 4I,Vasastaden,NO,https://etjanster.stockholm.se/Byggochplantjansten/arende/arende/1326044?dataSource=Active
2026-14615,1326046,2026-08-28,,Anmaning att låta åtgärda port samt utföra förnyad besiktning,2026-09-02,"Intyg återkommande besiktning, ej godkänt, S350912",Skrivelse In,ej godkänt,DETERMINISTIC_FAILURE,POWERED_GATE_OR_DOOR,S350912,1,Långskylen 5,Glanshammarsgatan 37,Hagsätra,NO,https://etjanster.stockholm.se/Byggochplantjansten/arende/arende/1326046?dataSource=Active
2026-14616,1326047,2026-08-28,,Anmaning att låta åtgärda hissar samt utföra förnyad besiktning,2026-09-02,"Intyg återkommande besiktning, ej godkänt, S392356, S392360",Skrivelse In,ej godkänt,DETERMINISTIC_FAILURE,LIFT,S392356 S392360,2,Vattenfallet 9,Råcksta Gårdsväg 21,Råcksta,NO,https://etjanster.stockholm.se/Byggochplantjansten/arende/arende/1326047?dataSource=Active
2026-14618,1326049,2026-08-28,,Anmaning att låta åtgärda hissar samt utföra förnyad besiktning,2026-09-02,"Intyg återkommande besiktning, ej godkänt, S454323",Skrivelse In,ej godkänt,DETERMINISTIC_FAILURE,LIFT,S454323,1,Båggången 5,Hässelby Torg 10,Hässelby Gård,NO,https://etjanster.stockholm.se/Byggochplantjansten/arende/arende/1326049?dataSource=Active
2026-14619,1326050,2026-08-28,,Anmaning att låta åtgärda hissar samt utföra förnyad besiktning,2026-09-02,"Intyg återkommande besiktning, ej godkänt, S467366, S470734, S470735, S473559, S484098, S484099",Skrivelse In,ej godkänt,DETERMINISTIC_FAILURE,LIFT,S467366 S470734 S470735 S473559 S484098 S484099,6,Europén 1,Karen Blixens Gata 5,Blackeberg,NO,https://etjanster.stockholm.se/Byggochplantjansten/arende/arende/1326050?dataSource=Active
2026-14701,1326132,2026-09-03,,Anmaning att låta åtgärda hiss samt utföra förnyad besiktning,2026-09-03,"Intyg återkommande besiktning, ej godkänt, D1423660 2 st",Skrivelse In,ej godkänt,DETERMINISTIC_FAILURE,LIFT,D1423660,1,Helgeandsholmen 1,Riksgatan 1,Gamla Stan,NO,https://etjanster.stockholm.se/Byggochplantjansten/arende/arende/1326132?dataSource=Active
2026-14704,1326135,2026-09-03,,Anmaning att låta åtgärda hiss samt utföra förnyad besiktning,2026-09-03,"Intyg återkommande besiktning, ej godkänt, L9064060",Skrivelse In,ej godkänt,DETERMINISTIC_FAILURE,LIFT,L9064060,1,Hedenbacken Större 6,Brahegatan 30,Östermalm,NO,https://etjanster.stockholm.se/Byggochplantjansten/arende/arende/1326135?dataSource=Active
2026-14736,1326167,2026-09-04,,Anmaning att låta åtgärda hiss samt utföra förnyad besiktning,2026-09-04,"Intyg återkommande besiktning, ej godkänt, 27574",Skrivelse In,ej godkänt,DETERMINISTIC_FAILURE,LIFT,27574,1,Gökungen 3,Sankt Eriksgatan 6,Kungsholmen,NO,https://etjanster.stockholm.se/Byggochplantjansten/arende/arende/1326167?dataSource=Active
2025-14527,1305365,2025-09-23,2026-09-22,Anmaning att låta åtgärda hiss samt utföra förnyad besiktning,2026-09-08,"Intyg återkommande besiktning, ej godkänt, L3481231",Skrivelse In,ej godkänt,DETERMINISTIC_FAILURE,LIFT,L3481231,1,Ädelman Mindre 12,Grevgatan 4,Östermalm,YES,https://etjanster.stockholm.se/Byggochplantjansten/arende/arende/1305365?dataSource=Active
2026-03795,1315114,2026-03-03,,Anmaning att låta åtgärda hiss samt utföra förnyad besiktning,2026-09-08,"Intyg återkommande besiktning, ej godkänt, 72707",Skrivelse In,ej godkänt,DETERMINISTIC_FAILURE,LIFT,72707,1,Vita Liljan 4,Vita Liljans Väg 20,Bredäng,NO,https://etjanster.stockholm.se/Byggochplantjansten/arende/arende/1315114?dataSource=Active
2026-12608,1324035,2026-07-13,,Anmaning att låta åtgärda hissar samt utföra förnyad besiktning,2026-09-08,"Intyg återkommande besiktning, ej godkänt, S649181",Skrivelse In,ej godkänt,DETERMINISTIC_FAILURE,LIFT,S649181,1,Analysen 4,Hälsingegatan 61,Vasastaden,NO,https://etjanster.stockholm.se/Byggochplantjansten/arende/arende/1324035?dataSource=Active
2026-13807,1325234,2026-08-19,,Anmaning att låta åtgärda hissar samt utföra förnyad besiktning,2026-09-08,"Intyg återkommande besiktning, ej godkänt, S415937",Skrivelse In,ej godkänt,DETERMINISTIC_FAILURE,LIFT,S415937,1,Svea Artilleri 14,"Valhallavägen 117H, Valhallavägen 117J",Ladugårdsgärdet,YES,https://etjanster.stockholm.se/Byggochplantjansten/arende/arende/1325234?dataSource=Active
2026-14136,1325563,2026-08-26,,Anmaning att låta åtgärda hiss samt utföra förnyad besiktning,2026-09-08,"Intyg återkommande besiktning, ej godkänt, 63160",Skrivelse In,ej godkänt,DETERMINISTIC_FAILURE,LIFT,63160,1,Gropen 26,Hornsgatan 74A,Södermalm,NO,https://etjanster.stockholm.se/Byggochplantjansten/arende/arende/1325563?dataSource=Active
2026-14882,1326316,2026-09-08,,Anmaning att låta åtgärda hiss samt utföra förnyad besiktning,2026-09-08,"Intyg återkommande besiktning, ej godkänt, L3490067",Skrivelse In,ej godkänt,DETERMINISTIC_FAILURE,LIFT,L3490067,1,Vingråen 35,Drottninggatan 85,Norrmalm,NO,https://etjanster.stockholm.se/Byggochplantjansten/arende/arende/1326316?dataSource=Active
2026-14890,1326324,2026-09-08,,Anmaning att låta åtgärda hiss samt utföra förnyad besiktning,2026-09-08,"Intyg återkommande besiktning, ej godkänt, S359759",Skrivelse In,ej godkänt,DETERMINISTIC_FAILURE,LIFT,S359759,1,Påskdagen 3,Söndagsvägen 18,Hökarängen,NO,https://etjanster.stockholm.se/Byggochplantjansten/arende/arende/1326324?dataSource=Active
2026-14891,1326325,2026-09-08,,Anmaning att låta åtgärda hiss samt utföra förnyad besiktning,2026-09-08,"Intyg återkommande besiktning, ej godkänt, L3729258",Skrivelse In,ej godkänt,DETERMINISTIC_FAILURE,LIFT,L3729258,1,Sirius 31,Västmannagatan 44,Vasastaden,NO,https://etjanster.stockholm.se/Byggochplantjansten/arende/arende/1326325?dataSource=Active
2026-14893,1326327,2026-09-08,,Anmaning att låta åtgärda hiss samt utföra förnyad besiktning,2026-09-08,"Intyg återkommande besiktning, ej godkänt, L6566558",Skrivelse In,ej godkänt,DETERMINISTIC_FAILURE,LIFT,L6566558,1,Norra Djurgården 1:48,Frescativägen 8,Norra Djurgården,NO,https://etjanster.stockholm.se/Byggochplantjansten/arende/arende/1326327?dataSource=Active
2026-14897,1326331,2026-09-08,,Anmaning att låta åtgärda hiss samt utföra förnyad besiktning,2026-09-08,"Intyg återkommande besiktning, ej godkänt, L7740699",Skrivelse In,ej godkänt,DETERMINISTIC_FAILURE,LIFT,L7740699,1,Norra Djurgården 1:48,Svante Arrhenius Väg 6A,Norra Djurgården,NO,https://etjanster.stockholm.se/Byggochplantjansten/arende/arende/1326331?dataSource=Active
2026-14900,1326334,2026-09-08,,Anmaning att låta åtgärda hissar samt utföra förnyad besiktning,2026-09-08,"Intyg återkommande besiktning, ej godkänt, 3 st, S432950, S436620, S436621",Skrivelse In,ej godkänt,DETERMINISTIC_FAILURE,LIFT,S432950 S436620 S436621,3,Abisko 5,"Jaktgatan 3, Jaktgatan 5, Jaktgatan 7",Hjorthagen,NO,https://etjanster.stockholm.se/Byggochplantjansten/arende/arende/1326334?dataSource=Active
2026-14904,1326338,2026-09-08,,Anmaning att låta åtgärda hissar samt utföra förnyad besiktning,2026-09-08,"Intyg återkommande besiktning, ej godkänt, 2 st, L3106465, L3106481",Skrivelse In,ej godkänt,DETERMINISTIC_FAILURE,LIFT,L3106465 L3106481,2,Norra Djurgården 1:48,Svante Arrhenius Väg 16A,Norra Djurgården,NO,https://etjanster.stockholm.se/Byggochplantjansten/arende/arende/1326338?dataSource=Active
2026-14906,1326340,2026-09-08,,Anmaning att låta åtgärda hiss samt utföra förnyad besiktning,2026-09-08,"Intyg återkommande besiktning, ej godkänt, L0787465",Skrivelse In,ej godkänt,DETERMINISTIC_FAILURE,LIFT,L0787465,1,Ädelman Mindre 12,Grevgatan 4,Östermalm,NO,https://etjanster.stockholm.se/Byggochplantjansten/arende/arende/1326340?dataSource=Active
2026-14910,1326344,2026-09-08,,Anmaning att låta åtgärda portar samt utföra förnyad besiktning,2026-09-08,"Intyg återkommande besiktning, ej godkänt, 2 st, S848507, S850178",Skrivelse In,ej godkänt,DETERMINISTIC_FAILURE,POWERED_GATE_OR_DOOR,S848507 S850178,2,Kvarnberget 9,Rinkebyplan 2,Rinkeby,NO,https://etjanster.stockholm.se/Byggochplantjansten/arende/arende/1326344?dataSource=Active
2026-14914,1326348,2026-09-08,,Anmaning att låta åtgärda hiss samt utföra förnyad besiktning,2026-09-08,"Intyg återkommande besiktning, ej godkänt, 31441",Skrivelse In,ej godkänt,DETERMINISTIC_FAILURE,LIFT,31441,1,Fredsfors 17,Mariehällsvägen 14,Mariehäll,NO,https://etjanster.stockholm.se/Byggochplantjansten/arende/arende/1326348?dataSource=Active
2026-14916,1326350,2026-09-08,,Anmaning att låta åtgärda hiss samt utföra förnyad besiktning,2026-09-08,"Intyg återkommande besiktning, ej godkänt, S387593",Skrivelse In,ej godkänt,DETERMINISTIC_FAILURE,LIFT,S387593,1,Norra Djurgården 1:48,Svante Arrhenius Väg 16A,Norra Djurgården,NO,https://etjanster.stockholm.se/Byggochplantjansten/arende/arende/1326350?dataSource=Active
2026-14918,1326352,2026-09-08,,Anmaning att låta åtgärda hiss samt utföra förnyad besiktning,2026-09-08,"Intyg återkommande besiktning, ej godkänt, L2661730",Skrivelse In,ej godkänt,DETERMINISTIC_FAILURE,LIFT,L2661730,1,Hjälmaren 10,Tämnarvägen 20,Årsta,NO,https://etjanster.stockholm.se/Byggochplantjansten/arende/arende/1326352?dataSource=Active
2026-14920,1326354,2026-09-08,2026-09-10,Anmaning att låta åtgärda hissar samt utföra förnyad besiktning,2026-09-08,"Intyg återkommande besiktning, ej godkänt, 2 st, S323982, S323983",Skrivelse In,ej godkänt,DETERMINISTIC_FAILURE,LIFT,S323982 S323983,2,Lycksaligheten 1,"Eyvind Johnsons Gata 7, Hornsbergs Strand 43",Stadshagen,YES,https://etjanster.stockholm.se/Byggochplantjansten/arende/arende/1326354?dataSource=Active
2026-14921,1326355,2026-09-08,,Anmaning att låta åtgärda hiss samt utföra förnyad besiktning,2026-09-08,"Intyg återkommande besiktning, ej godkänt, L2661687",Skrivelse In,ej godkänt,DETERMINISTIC_FAILURE,LIFT,L2661687,1,Hjälmaren 10,Sköntorpsvägen 95,Årsta,NO,https://etjanster.stockholm.se/Byggochplantjansten/arende/arende/1326355?dataSource=Active
2026-14923,1326357,2026-09-08,,Anmaning att låta åtgärda hissar samt utföra förnyad besiktning,2026-09-08,"Intyg återkommande besiktning, ej godkänt, 2 st, S129911, S129912",Skrivelse In,ej godkänt,DETERMINISTIC_FAILURE,LIFT,S129911 S129912,2,Lysbomben 5,Rålambsvägen 3,Marieberg,NO,https://etjanster.stockholm.se/Byggochplantjansten/arende/arende/1326357?dataSource=Active
2026-14924,1326358,2026-09-08,,Anmaning att låta åtgärda hissar samt utföra förnyad besiktning,2026-09-08,"Intyg återkommande besiktning, ej godkänt, 2 st, L5855861, L6122816",Skrivelse In,ej godkänt,DETERMINISTIC_FAILURE,LIFT,L5855861 L6122816,2,Morkullan 17,"Valhallavägen 34, Valhallavägen 36",Östermalm,NO,https://etjanster.stockholm.se/Byggochplantjansten/arende/arende/1326358?dataSource=Active
2026-14927,1326361,2026-09-08,2026-09-22,Anmaning att låta åtgärda hiss samt utföra förnyad besiktning,2026-09-08,"Intyg återkommande besiktning, ej godkänt, L3703030",Skrivelse In,ej godkänt,DETERMINISTIC_FAILURE,LIFT,L3703030,1,Harpan 32,Narvavägen 23A,Östermalm,YES,https://etjanster.stockholm.se/Byggochplantjansten/arende/arende/1326361?dataSource=Active
2026-14929,1326363,2026-09-08,2026-09-17,Anmaning att låta åtgärda hiss samt utföra förnyad besiktning,2026-09-08,"Intyg återkommande besiktning, ej godkänt, L3109733",Skrivelse In,ej godkänt,DETERMINISTIC_FAILURE,LIFT,L3109733,1,Harpan 28,Linnégatan 83,Östermalm,YES,https://etjanster.stockholm.se/Byggochplantjansten/arende/arende/1326363?dataSource=Active
2026-14934,1326368,2026-09-08,,Anmaning att låta åtgärda hiss samt utföra förnyad besiktning,2026-09-08,"Intyg återkommande besiktning, ej godkänt, S649182",Skrivelse In,ej godkänt,DETERMINISTIC_FAILURE,LIFT,S649182,1,Analysen 4,Hälsingegatan 51,Vasastaden,NO,https://etjanster.stockholm.se/Byggochplantjansten/arende/arende/1326368?dataSource=Active
2026-14937,1326371,2026-09-08,,Anmaning att låta åtgärda hiss samt utföra förnyad besiktning,2026-09-08,"Intyg återkommande besiktning, ej godkänt, S931628",Skrivelse In,ej godkänt,DETERMINISTIC_FAILURE,LIFT,S931628,1,Tegelbruket 7,Fleminggatan 22A,Kungsholmen,NO,https://etjanster.stockholm.se/Byggochplantjansten/arende/arende/1326371?dataSource=Active
2026-14939,1326373,2026-09-08,,Anmaning att låta åtgärda port samt utföra förnyad besiktning,2026-09-08,"Intyg återkommande besiktning, ej godkänt, S1033340",Skrivelse In,ej godkänt,DETERMINISTIC_FAILURE,POWERED_GATE_OR_DOOR,S1033340,1,Gångaren 12,Maskinslingan 11,Stadshagen,NO,https://etjanster.stockholm.se/Byggochplantjansten/arende/arende/1326373?dataSource=Active
2026-14944,1326378,2026-09-08,,Anmaning att låta åtgärda hissar samt utföra förnyad besiktning,2026-09-08,"Intyg återkommande besiktning, ej godkänt, 2 st, L3734928, L3734936",Skrivelse In,ej godkänt,DETERMINISTIC_FAILURE,LIFT,L3734928 L3734936,2,Blåklinten 18,"Västmannagatan 64, Västmannagatan 66",Vasastaden,NO,https://etjanster.stockholm.se/Byggochplantjansten/arende/arende/1326378?dataSource=Active
2026-14948,1326382,2026-09-08,,Anmaning att låta åtgärda hissar samt utföra förnyad besiktning,2026-09-08,"Intyg återkommande besiktning, ej godkänt, 2 st, L2998145, L2998154",Skrivelse In,ej godkänt,DETERMINISTIC_FAILURE,LIFT,L2998145 L2998154,2,Djursätra 4,Kungssätravägen 25C,Sätra,NO,https://etjanster.stockholm.se/Byggochplantjansten/arende/arende/1326382?dataSource=Active
2026-14972,1326406,2026-09-08,,Anmaning att låta åtgärda hiss samt utföra förnyad besiktning,2026-09-08,"Intyg återkommande besiktning, ej godkänt, L2879863",Skrivelse In,ej godkänt,DETERMINISTIC_FAILURE,LIFT,L2879863,1,Tegelladan 1,Ivan Oljelunds Gränd 1,Kungsholmen,NO,https://etjanster.stockholm.se/Byggochplantjansten/arende/arende/1326406?dataSource=Active
2026-14980,1326414,2026-09-08,,Anmaning att låta åtgärda hiss samt utföra förnyad besiktning,2026-09-08,"Intyg återkommande besiktning, ej godkänt, L2926598",Skrivelse In,ej godkänt,DETERMINISTIC_FAILURE,LIFT,L2926598,1,Partihallen 2,Importörvägen 4,Östberga,NO,https://etjanster.stockholm.se/Byggochplantjansten/arende/arende/1326414?dataSource=Active
2026-15052,1326486,2026-09-09,,Anmaning att låta åtgärda hissar samt utföra förnyad besiktning,2026-09-09,"Intyg återkommande besiktning, ej godkänt, D1385127",Skrivelse In,ej godkänt,DETERMINISTIC_FAILURE,LIFT,D1385127,1,Triglyfen 2,Strandliden 22,Hässelby Strand,NO,https://etjanster.stockholm.se/Byggochplantjansten/arende/arende/1326486?dataSource=Active
2026-15102,1326536,2026-09-10,,Anmaning att låta åtgärda hiss samt utföra förnyad besiktning,2026-09-10,"Intyg återkommande besiktning, ej godkänt, D1164877",Skrivelse In,ej godkänt,DETERMINISTIC_FAILURE,LIFT,D1164877,1,Skogsklockan 2,Hundlokegränd 8,Vinsta,NO,https://etjanster.stockholm.se/Byggochplantjansten/arende/arende/1326536?dataSource=Active
2026-15131,1326565,2026-09-10,,Anmaning att låta åtgärda hissar samt utföra förnyad besiktning,2026-09-10,"Intyg återkommande besiktning, ej godkänt, L7043845",Skrivelse In,ej godkänt,DETERMINISTIC_FAILURE,LIFT,L7043845,1,Mullvaden Första 22,Hornsgatan 39B,Södermalm,NO,https://etjanster.stockholm.se/Byggochplantjansten/arende/arende/1326565?dataSource=Active
2026-15140,1326574,2026-09-10,,Anmaning att låta åtgärda hiss samt utföra förnyad besiktning,2026-09-10,"Intyg återkommande besiktning, ej godkänt, D1394327",Skrivelse In,ej godkänt,DETERMINISTIC_FAILURE,LIFT,D1394327,1,Dykärret 22,Bengt Ekehjelmsgatan 1A,Södermalm,NO,https://etjanster.stockholm.se/Byggochplantjansten/arende/arende/1326574?dataSource=Active
2026-15153,1326587,2026-09-10,2026-09-15,Anmaning att låta åtgärda hissar samt utföra förnyad besiktning,2026-09-10,"Intyg återkommande besiktning, ej godkänt, L2982705, L2999788, L2999797, L2999804",Skrivelse In,ej godkänt,DETERMINISTIC_FAILURE,LIFT,L2982705 L2999788 L2999797 L2999804,4,Paradiset 29,Lindhagensgatan 118,Stadshagen,YES,https://etjanster.stockholm.se/Byggochplantjansten/arende/arende/1326587?dataSource=Active
2026-04276,1315605,2026-03-10,2026-09-22,Anmaning att låta åtgärda hissar samt utföra förnyad besiktning,2026-09-11,"Intyg återkommande besiktning, ej godkänt, S300760",Skrivelse In,ej godkänt,DETERMINISTIC_FAILURE,LIFT,S300760,1,Proppen 5,"Redargatan 6, Redargatan 8",Södra Hammarbyhamnen,YES,https://etjanster.stockholm.se/Byggochplantjansten/arende/arende/1315605?dataSource=Active
2026-13788,1325215,2026-08-19,,Anmaning att låta åtgärda hiss samt utföra förnyad besiktning,2026-09-11,"Intyg återkommande besiktning, ej godkänt, L1508191",Skrivelse In,ej godkänt,DETERMINISTIC_FAILURE,LIFT,L1508191,1,Ångtvätten 16,Segelbåtsvägen 15,Stora Essingen,NO,https://etjanster.stockholm.se/Byggochplantjansten/arende/arende/1325215?dataSource=Active
2026-14608,1326039,2026-09-02,,Anmaning att låta åtgärda hissar samt utföra förnyad besiktning,2026-09-11,"Intyg återkommande besiktning, ej godkänt, 60168",Skrivelse In,ej godkänt,DETERMINISTIC_FAILURE,LIFT,60168,1,Bränninge 1,Tenstagången 55,Tensta,NO,https://etjanster.stockholm.se/Byggochplantjansten/arende/arende/1326039?dataSource=Active
2026-15228,1326662,2026-09-11,,Anmaning att låta åtgärda hissar samt utföra förnyad besiktning,2026-09-11,"Intyg återkommande besiktning, ej godkänt, 43727",Skrivelse In,ej godkänt,DETERMINISTIC_FAILURE,LIFT,43727,1,Dovre 1,Dovregatan 22,Husby,NO,https://etjanster.stockholm.se/Byggochplantjansten/arende/arende/1326662?dataSource=Active
2026-15241,1326675,2026-09-11,,Anmaning att låta åtgärda hiss samt utföra förnyad besiktning,2026-09-11,"Intyg återkommande besiktning, ej godkänt, L6781413",Skrivelse In,ej godkänt,DETERMINISTIC_FAILURE,LIFT,L6781413,1,Norra Djurgården 1:48,Frescativägen 6,Norra Djurgården,NO,https://etjanster.stockholm.se/Byggochplantjansten/arende/arende/1326675?dataSource=Active
2026-15242,1326676,2026-09-11,,Anmaning att låta åtgärda hiss samt utföra förnyad besiktning,2026-09-11,"Intyg återkommande besiktning, ej godkänt, L3754892",Skrivelse In,ej godkänt,DETERMINISTIC_FAILURE,LIFT,L3754892,1,Vakteln 3,Danderydsgatan 26,Östermalm,NO,https://etjanster.stockholm.se/Byggochplantjansten/arende/arende/1326676?dataSource=Active
2026-15243,1326677,2026-09-11,2026-09-22,Anmaning att låta åtgärda hiss samt utföra förnyad besiktning,2026-09-11,"Intyg återkommande besiktning, ej godkänt, L6398606",Skrivelse In,ej godkänt,DETERMINISTIC_FAILURE,LIFT,L6398606,1,Rotundan 6,Cardellgatan 6,Östermalm,YES,https://etjanster.stockholm.se/Byggochplantjansten/arende/arende/1326677?dataSource=Active
2026-15244,1326678,2026-09-11,,Anmaning att låta åtgärda hiss samt utföra förnyad besiktning,2026-09-11,"Intyg återkommande besiktning, ej godkänt, L3693413",Skrivelse In,ej godkänt,DETERMINISTIC_FAILURE,LIFT,L3693413,1,Demonstrationen 5,Strindbergsgatan 54,Ladugårdsgärdet,YES,https://etjanster.stockholm.se/Byggochplantjansten/arende/arende/1326678?dataSource=Active
2026-15246,1326680,2026-09-11,,Anmaning att låta åtgärda hiss samt utföra förnyad besiktning,2026-09-11,"Intyg återkommande besiktning, ej godkänt, L3086790",Skrivelse In,ej godkänt,DETERMINISTIC_FAILURE,LIFT,L3086790,1,Fyrtornet 3,Folkungagatan 142,Södermalm,NO,https://etjanster.stockholm.se/Byggochplantjansten/arende/arende/1326680?dataSource=Active
2026-15247,1326681,2026-09-11,,Anmaning att låta åtgärda port samt utföra förnyad besiktning,2026-09-11,"Intyg återkommande besiktning, ej godkänt, S1034152",Skrivelse In,ej godkänt,DETERMINISTIC_FAILURE,POWERED_GATE_OR_DOOR,S1034152,1,Hemmet 18,Sysslomansgatan 12,Marieberg,NO,https://etjanster.stockholm.se/Byggochplantjansten/arende/arende/1326681?dataSource=Active
2026-15248,1326682,2026-09-11,2026-09-22,Anmaning att låta åtgärda hiss samt utföra förnyad besiktning,2026-09-11,"Intyg återkommande besiktning, ej godkänt, L3481561",Skrivelse In,ej godkänt,DETERMINISTIC_FAILURE,LIFT,L3481561,1,Hornblåsaren 29,Ulrikagatan 9,Östermalm,YES,https://etjanster.stockholm.se/Byggochplantjansten/arende/arende/1326682?dataSource=Active
2026-15249,1326683,2026-09-11,,Anmaning att låta åtgärda hiss samt utföra förnyad besiktning,2026-09-11,"Intyg återkommande besiktning, ej godkänt, L3129970",Skrivelse In,ej godkänt,DETERMINISTIC_FAILURE,LIFT,L3129970,1,Mysslingen 3,Sandfjärdsgatan 124,Årsta,NO,https://etjanster.stockholm.se/Byggochplantjansten/arende/arende/1326683?dataSource=Active
2026-15250,1326684,2026-09-11,,Anmaning att låta åtgärda hiss samt utföra förnyad besiktning,2026-09-11,"Intyg återkommande besiktning, ej godkänt, L6423834",Skrivelse In,ej godkänt,DETERMINISTIC_FAILURE,LIFT,L6423834,1,Neptunus 14,Styrmansgatan 41,Östermalm,NO,https://etjanster.stockholm.se/Byggochplantjansten/arende/arende/1326684?dataSource=Active
2026-15251,1326685,2026-09-11,,Anmaning att låta åtgärda hiss samt utföra förnyad besiktning,2026-09-11,"Intyg återkommande besiktning, ej godkänt, S593332",Skrivelse In,ej godkänt,DETERMINISTIC_FAILURE,LIFT,S593332,1,Giftas 1,Stjernströms Väg 5,Hägersten,NO,https://etjanster.stockholm.se/Byggochplantjansten/arende/arende/1326685?dataSource=Active
2026-15253,1326687,2026-09-11,,Anmaning att låta åtgärda hiss samt utföra förnyad besiktning,2026-09-11,"Intyg återkommande besiktning, ej godkänt, L3482056",Skrivelse In,ej godkänt,DETERMINISTIC_FAILURE,LIFT,L3482056,1,Poppeln 2,Engelbrektsgatan 25,Östermalm,NO,https://etjanster.stockholm.se/Byggochplantjansten/arende/arende/1326687?dataSource=Active
2026-15254,1326688,2026-09-11,,Anmaning att låta åtgärda hiss samt utföra förnyad besiktning,2026-09-11,"Intyg återkommande besiktning, ej godkänt, L3476017",Skrivelse In,ej godkänt,DETERMINISTIC_FAILURE,LIFT,L3476017,1,Ripan 11,Jungfrugatan 52,Östermalm,NO,https://etjanster.stockholm.se/Byggochplantjansten/arende/arende/1326688?dataSource=Active
2026-15256,1326690,2026-09-11,,Anmaning att låta åtgärda hiss samt utföra förnyad besiktning,2026-09-11,"Intyg återkommande besiktning, ej godkänt, L9944281",Skrivelse In,ej godkänt,DETERMINISTIC_FAILURE,LIFT,L9944281,1,Cigarren 2,Tegelviksgatan 79,Södermalm,NO,https://etjanster.stockholm.se/Byggochplantjansten/arende/arende/1326690?dataSource=Active
2026-15257,1326691,2026-09-11,,Anmaning att låta åtgärda hiss samt utföra förnyad besiktning,2026-09-11,"Intyg återkommande besiktning, ej godkänt, S218944",Skrivelse In,ej godkänt,DETERMINISTIC_FAILURE,LIFT,S218944,1,Årstaberg 4,Hildebergsvägen 14,Liljeholmen,NO,https://etjanster.stockholm.se/Byggochplantjansten/arende/arende/1326691?dataSource=Active
2026-15259,1326693,2026-09-11,,Anmaning att låta åtgärda hiss samt utföra förnyad besiktning,2026-09-11,"Intyg återkommande besiktning, ej godkänt, L4078705",Skrivelse In,ej godkänt,DETERMINISTIC_FAILURE,LIFT,L4078705,1,Formannen 16,Åsögatan 113,Södermalm,NO,https://etjanster.stockholm.se/Byggochplantjansten/arende/arende/1326693?dataSource=Active
2026-15260,1326694,2026-09-11,,Anmaning att låta åtgärda hiss samt utföra förnyad besiktning,2026-09-11,"Intyg återkommande besiktning, ej godkänt, L3481397",Skrivelse In,ej godkänt,DETERMINISTIC_FAILURE,LIFT,L3481397,1,Lindormen 19,Styrmansgatan 19,Östermalm,NO,https://etjanster.stockholm.se/Byggochplantjansten/arende/arende/1326694?dataSource=Active
2026-15262,1326696,2026-09-11,,Anmaning att låta åtgärda hiss samt utföra förnyad besiktning,2026-09-11,"Intyg återkommande besiktning, ej godkänt, S1034109",Skrivelse In,ej godkänt,DETERMINISTIC_FAILURE,LIFT,S1034109,1,Trollhättan 30,Hamngatan 37,Norrmalm,NO,https://etjanster.stockholm.se/Byggochplantjansten/arende/arende/1326696?dataSource=Active
2026-15263,1326697,2026-09-11,,Anmaning att låta åtgärda port samt utföra förnyad besiktning,2026-09-11,"Intyg återkommande besiktning, ej godkänt, S1033864",Skrivelse In,ej godkänt,DETERMINISTIC_FAILURE,POWERED_GATE_OR_DOOR,S1033864,1,Terminalen 3,Kungsbron 1,Norrmalm,NO,https://etjanster.stockholm.se/Byggochplantjansten/arende/arende/1326697?dataSource=Active
2026-15264,1326698,2026-09-11,,Anmaning att låta åtgärda hiss samt utföra förnyad besiktning,2026-09-11,"Intyg återkommande besiktning, ej godkänt, L3483617",Skrivelse In,ej godkänt,DETERMINISTIC_FAILURE,LIFT,L3483617,1,Valfisken 3,Skeppargatan 22,Östermalm,NO,https://etjanster.stockholm.se/Byggochplantjansten/arende/arende/1326698?dataSource=Active
2026-15265,1326699,2026-09-11,,Anmaning att låta åtgärda hiss samt utföra förnyad besiktning,2026-09-11,"Intyg återkommande besiktning, ej godkänt, L5668363",Skrivelse In,ej godkänt,DETERMINISTIC_FAILURE,LIFT,L5668363,1,Tullgården 2,Bohusgatan 14,Södermalm,NO,https://etjanster.stockholm.se/Byggochplantjansten/arende/arende/1326699?dataSource=Active
2026-15340,1326774,2026-09-14,,Anmaning att låta åtgärda hiss samt utföra förnyad besiktning,2026-09-14,"Intyg återkommande besiktning, ej godkänt, L3685674",Skrivelse In,ej godkänt,DETERMINISTIC_FAILURE,LIFT,L3685674,1,Bävern 14,Östermalmsgatan 69,Östermalm,NO,https://etjanster.stockholm.se/Byggochplantjansten/arende/arende/1326774?dataSource=Active
2026-15341,1326775,2026-09-14,2026-09-22,Anmaning att låta åtgärda hiss samt utföra förnyad besiktning,2026-09-14,"Intyg återkommande besiktning, ej godkänt, S471975 (Besiktningsdatum 2026-09-07)",Skrivelse In,ej godkänt,DETERMINISTIC_FAILURE,LIFT,S471975,1,Sågen 19,Hornsgatan 174,Södermalm,YES,https://etjanster.stockholm.se/Byggochplantjansten/arende/arende/1326775?dataSource=Active
2026-15342,1326776,2026-09-14,,Anmaning att låta åtgärda hiss samt utföra förnyad besiktning,2026-09-14,"Intyg återkommande besiktning, ej godkänt, L0101394",Skrivelse In,ej godkänt,DETERMINISTIC_FAILURE,LIFT,L0101394,1,Hägerberget 49,Tegnérgatan 9,Norrmalm,NO,https://etjanster.stockholm.se/Byggochplantjansten/arende/arende/1326776?dataSource=Active
2026-15343,1326777,2026-09-14,2026-09-17,Anmaning att låta åtgärda hissar samt utföra förnyad besiktning,2026-09-14,"Intyg återkommande besiktning, ej godkänt, 4 st, S203128, S208907, S210486, S219652",Skrivelse In,ej godkänt,DETERMINISTIC_FAILURE,LIFT,S203128 S208907 S210486 S219652,4,Karet 2,"Liljeholmstorget 12, Liljeholmstorget 14, Liljeholmstorget 16, Liljeholmstorget 4",Liljeholmen,YES,https://etjanster.stockholm.se/Byggochplantjansten/arende/arende/1326777?dataSource=Active
2026-15344,1326778,2026-09-14,,Anmaning att låta åtgärda hissar samt utföra förnyad besiktning,2026-09-14,"Intyg återkommande besiktning, ej godkänt, 4 st, S372490, S372491, S372492, S372493",Skrivelse In,ej godkänt,DETERMINISTIC_FAILURE,LIFT,S372490 S372491 S372492 S372493,4,Dorabella 1,"Annedalsvägen 26, Krakel Spektakels Gata 1, Krakel Spektakels Gata 2, Krakel Spektakels Gata 3",Mariehäll,NO,https://etjanster.stockholm.se/Byggochplantjansten/arende/arende/1326778?dataSource=Active
2026-15346,1326780,2026-09-14,,Anmaning att låta åtgärda port samt utföra förnyad besiktning,2026-09-14,"Intyg återkommande besiktning, ej godkänt, S934161",Skrivelse In,ej godkänt,DETERMINISTIC_FAILURE,POWERED_GATE_OR_DOOR,S934161,1,Vanda 1,Vandagatan 3,Akalla,NO,https://etjanster.stockholm.se/Byggochplantjansten/arende/arende/1326780?dataSource=Active
2026-02882,1314184,2026-02-18,,Anmaning att låta åtgärda port samt utföra förnyad besiktning,2026-09-15,"Intyg återkommande besiktning, ej godkänt, 75199",Skrivelse In,ej godkänt,DETERMINISTIC_FAILURE,POWERED_GATE_OR_DOOR,75199,1,Kilen 8,Kammakargatan 47,Norrmalm,NO,https://etjanster.stockholm.se/Byggochplantjansten/arende/arende/1314184?dataSource=Active
2026-15375,1326809,2026-09-15,,Anmaning att låta åtgärda hiss samt utföra förnyad besiktning,2026-09-15,"Intyg återkommande besiktning, ej godkänt, L2810677",Skrivelse In,ej godkänt,DETERMINISTIC_FAILURE,LIFT,L2810677,1,Lappskon Större 10,Söder Mälarstrand 21,Södermalm,NO,https://etjanster.stockholm.se/Byggochplantjansten/arende/arende/1326809?dataSource=Active
2026-15377,1326811,2026-09-15,,Anmaning att låta åtgärda hiss samt utföra förnyad besiktning,2026-09-15,"Intyg återkommande besiktning, ej godkänt, L2743080",Skrivelse In,ej godkänt,DETERMINISTIC_FAILURE,LIFT,L2743080,1,Grubbens 4,Grubbenstorget 5,Kungsholmen,NO,https://etjanster.stockholm.se/Byggochplantjansten/arende/arende/1326811?dataSource=Active
2026-15378,1326812,2026-09-15,,Anmaning att låta åtgärda hissar samt utföra förnyad besiktning,2026-09-15,"Intyg återkommande besiktning, ej godkänt, 2 st, 22989, 22990",Skrivelse In,ej godkänt,DETERMINISTIC_FAILURE,LIFT,22989 22990,2,Reveljen 11,Kallskärsgatan 3,Ladugårdsgärdet,NO,https://etjanster.stockholm.se/Byggochplantjansten/arende/arende/1326812?dataSource=Active
2026-15379,1326813,2026-09-15,,Anmaning att låta åtgärda hiss samt utföra förnyad besiktning,2026-09-15,"Intyg återkommande besiktning, ej godkänt, 78208",Skrivelse In,ej godkänt,DETERMINISTIC_FAILURE,LIFT,78208,1,Gnistan 9,Skeppargatan 60,Östermalm,NO,https://etjanster.stockholm.se/Byggochplantjansten/arende/arende/1326813?dataSource=Active
2026-15395,1326829,2026-09-15,,Anmaning att låta åtgärda hiss samt utföra förnyad besiktning,2026-09-15,"Intyg återkommande besiktning, ej godkänt, 44940",Skrivelse In,ej godkänt,DETERMINISTIC_FAILURE,LIFT,44940,1,Lättinge 1,Lättingebacken 16,Tensta,NO,https://etjanster.stockholm.se/Byggochplantjansten/arende/arende/1326829?dataSource=Active
2026-15402,1326836,2026-09-15,,Anmaning att låta åtgärda hiss samt utföra förnyad besiktning,2026-09-15,"Intyg återkommande besiktning, ej godkänt, L2727982",Skrivelse In,ej godkänt,DETERMINISTIC_FAILURE,LIFT,L2727982,1,Rektangeln 21,Götgatan 132,Södermalm,NO,https://etjanster.stockholm.se/Byggochplantjansten/arende/arende/1326836?dataSource=Active
2026-15514,1326951,2026-09-16,,Anmaning att låta åtgärda hissar samt utföra förnyad besiktning,2026-09-16,"Intyg återkommande besiktning, ej godkänt, L2533762",Skrivelse In,ej godkänt,DETERMINISTIC_FAILURE,LIFT,L2533762,1,Äpplet 4,Scheelegatan 10,Kungsholmen,NO,https://etjanster.stockholm.se/Byggochplantjansten/arende/arende/1326951?dataSource=Active
2026-15621,1327058,2026-09-17,,Anmaning att låta åtgärda hiss samt utföra förnyad besiktning,2026-09-17,"Intyg återkommande besiktning, ej godkänt, L2592127",Skrivelse In,ej godkänt,DETERMINISTIC_FAILURE,LIFT,L2592127,1,Loket 28,Vulcanusgatan 15,Vasastaden,NO,https://etjanster.stockholm.se/Byggochplantjansten/arende/arende/1327058?dataSource=Active
2026-15630,1327067,2026-09-17,,Anmaning att låta åtgärda hiss samt utföra förnyad besiktning,2026-09-17,"Intyg återkommande besiktning, ej godkänt, D1607543",Skrivelse In,ej godkänt,DETERMINISTIC_FAILURE,LIFT,D1607543,1,Miklagård 2,Bergslagsvägen 260,Norra Ängby,NO,https://etjanster.stockholm.se/Byggochplantjansten/arende/arende/1327067?dataSource=Active
2026-15633,1327070,2026-09-17,,Anmaning att låta åtgärda hissar samt utföra förnyad besiktning,2026-09-17,"Intyg återkommande besiktning, ej godkänt, L7041856",Skrivelse In,ej godkänt,DETERMINISTIC_FAILURE,LIFT,L7041856,1,Båten 5,Inedalsgatan 6,Kungsholmen,NO,https://etjanster.stockholm.se/Byggochplantjansten/arende/arende/1327070?dataSource=Active
2026-15634,1327071,2026-09-17,,Anmaning att låta åtgärda hiss samt utföra förnyad besiktning,2026-09-17,"Intyg återkommande besiktning, ej godkänt,",Skrivelse In,ej godkänt,DETERMINISTIC_FAILURE,LIFT,,0,Båten 5,Inedalsgatan 6,Kungsholmen,NO,https://etjanster.stockholm.se/Byggochplantjansten/arende/arende/1327071?dataSource=Active
2026-15636,1327073,2026-09-17,,Anmaning att låta åtgärda hissar samt utföra förnyad besiktning,2026-09-17,"Intyg återkommande besiktning, ej godkänt, L2536910",Skrivelse In,ej godkänt,DETERMINISTIC_FAILURE,LIFT,L2536910,1,Skalmejblåsaren 3,Norrtullsgatan 22,Vasastaden,NO,https://etjanster.stockholm.se/Byggochplantjansten/arende/arende/1327073?dataSource=Active
2026-15639,1327076,2026-09-17,,Anmaning att låta åtgärda hissar samt utföra förnyad besiktning,2026-09-17,"Intyg återkommande besiktning, ej godkänt, L6052506, L6052524",Skrivelse In,ej godkänt,DETERMINISTIC_FAILURE,LIFT,L6052506 L6052524,2,Häftklammern 1,Vemdalsgatan 51,Råcksta,NO,https://etjanster.stockholm.se/Byggochplantjansten/arende/arende/1327076?dataSource=Active
2025-14254,1305092,2025-09-18,,Anmaning att låta åtgärda hissar samt utföra förnyad besiktning,2026-09-22,"Intyg återkommande besiktning, ej godkänt, L7896479",Skrivelse In,ej godkänt,DETERMINISTIC_FAILURE,LIFT,L7896479,1,Trondheim 4,Trondheimsgatan 28,Husby,NO,https://etjanster.stockholm.se/Byggochplantjansten/arende/arende/1305092?dataSource=Active
2026-15341,1326775,2026-09-14,2026-09-22,Anmaning att låta åtgärda hiss samt utföra förnyad besiktning,2026-09-22,"Intyg återkommande besiktning, ej godkänt, S471975 (Besiktningsdatum 2026-09-11)",Skrivelse In,ej godkänt,DETERMINISTIC_FAILURE,LIFT,S471975,1,Sågen 19,Hornsgatan 174,Södermalm,YES,https://etjanster.stockholm.se/Byggochplantjansten/arende/arende/1326775?dataSource=Active
2026-15629,1327066,2026-09-17,2026-09-22,Anmaning att låta åtgärda hiss samt utföra förnyad besiktning,2026-09-22,"Intyg återkommande besiktning, ej godkänt, S857263 (Besiktningsdatum 2026-09-10)",Skrivelse In,ej godkänt,DETERMINISTIC_FAILURE,LIFT,S857263,1,Orderkopian 2,Indalsbacken 17B,Vällingby,NO,https://etjanster.stockholm.se/Byggochplantjansten/arende/arende/1327066?dataSource=Active
2026-15847,1327284,2026-09-22,,Anmaning att låta åtgärda hiss samt utföra förnyad besiktning,2026-09-22,"Intyg återkommande besiktning, ej godkänt, L2533977",Skrivelse In,ej godkänt,DETERMINISTIC_FAILURE,LIFT,L2533977,1,Karteschen 9,Furusundsgatan 18,Ladugårdsgärdet,NO,https://etjanster.stockholm.se/Byggochplantjansten/arende/arende/1327284?dataSource=Active
2026-15848,1327285,2026-09-22,,Anmaning att låta åtgärda hiss samt utföra förnyad besiktning,2026-09-22,"Intyg återkommande besiktning, ej godkänt, D1833383",Skrivelse In,ej godkänt,DETERMINISTIC_FAILURE,LIFT,D1833383,1,Vägaren 24,Götgatan 55,Södermalm,NO,https://etjanster.stockholm.se/Byggochplantjansten/arende/arende/1327285?dataSource=Active
2026-15850,1327287,2026-09-22,,Anmaning att låta åtgärda hiss samt utföra förnyad besiktning,2026-09-22,"Intyg återkommande besiktning, ej godkänt, D1607554",Skrivelse In,ej godkänt,DETERMINISTIC_FAILURE,LIFT,D1607554,1,Lättinge 1,Lättingebacken 44,Tensta,NO,https://etjanster.stockholm.se/Byggochplantjansten/arende/arende/1327287?dataSource=Active
2026-15853,1327290,2026-09-22,2026-09-22,Anmaning att låta åtgärda hiss samt utföra förnyad besiktning,2026-09-22,"Intyg återkommande besiktning, ej godkänt, L3492105",Skrivelse In,ej godkänt,DETERMINISTIC_FAILURE,LIFT,L3492105,1,Berget 12,Dalagatan 6,Norrmalm,NO,https://etjanster.stockholm.se/Byggochplantjansten/arende/arende/1327290?dataSource=Active
2026-15860,1327297,2026-09-22,,Anmaning att låta åtgärda hiss samt utföra förnyad besiktning,2026-09-22,"Intyg återkommande besiktning, ej godkänt, S173636",Skrivelse In,ej godkänt,DETERMINISTIC_FAILURE,LIFT,S173636,1,Maskiningenjören 1,Brinellvägen 64A,Norra Djurgården,NO,https://etjanster.stockholm.se/Byggochplantjansten/arende/arende/1327297?dataSource=Active
2026-15861,1327298,2026-09-22,,Anmaning att låta åtgärda hiss samt utföra förnyad besiktning,2026-09-22,"Intyg återkommande besiktning, ej godkänt, L3700911",Skrivelse In,ej godkänt,DETERMINISTIC_FAILURE,LIFT,L3700911,1,Norra Djurgården 1:49,Teknikringen 30,Norra Djurgården,NO,https://etjanster.stockholm.se/Byggochplantjansten/arende/arende/1327298?dataSource=Active
2026-15862,1327299,2026-09-22,,Anmaning att låta åtgärda hiss samt utföra förnyad besiktning,2026-09-22,"Intyg återkommande besiktning, ej godkänt, S348216",Skrivelse In,ej godkänt,DETERMINISTIC_FAILURE,LIFT,S348216,1,Kontorsskylten 7,Indalsbacken 1,Vällingby,NO,https://etjanster.stockholm.se/Byggochplantjansten/arende/arende/1327299?dataSource=Active
2026-15863,1327300,2026-09-22,,Anmaning att låta åtgärda hiss samt utföra förnyad besiktning,2026-09-22,"Intyg återkommande besiktning, ej godkänt, L3475803",Skrivelse In,ej godkänt,DETERMINISTIC_FAILURE,LIFT,L3475803,1,Renen 18,Valhallavägen 112,Östermalm,NO,https://etjanster.stockholm.se/Byggochplantjansten/arende/arende/1327300?dataSource=Active
2026-15864,1327301,2026-09-22,,Anmaning att låta åtgärda port samt utföra förnyad besiktning,2026-09-22,"Intyg återkommande besiktning, ej godkänt, S945806",Skrivelse In,ej godkänt,DETERMINISTIC_FAILURE,POWERED_GATE_OR_DOOR,S945806,1,Leran 8,Rörstrandsgatan 29,Vasastaden,NO,https://etjanster.stockholm.se/Byggochplantjansten/arende/arende/1327301?dataSource=Active
2026-15865,1327302,2026-09-22,,Anmaning att låta åtgärda hiss samt utföra förnyad besiktning,2026-09-22,"Intyg återkommande besiktning, ej godkänt, L3703147",Skrivelse In,ej godkänt,DETERMINISTIC_FAILURE,LIFT,L3703147,1,Smedsbacken 18,Smedsbacksgatan 24,Ladugårdsgärdet,NO,https://etjanster.stockholm.se/Byggochplantjansten/arende/arende/1327302?dataSource=Active
2026-15868,1327305,2026-09-22,,Anmaning att låta åtgärda hiss samt utföra förnyad besiktning,2026-09-22,"Intyg återkommande besiktning, ej godkänt, S465191",Skrivelse In,ej godkänt,DETERMINISTIC_FAILURE,LIFT,S465191,1,Sjöstöveln 3,Folkparksvägen 156,Solberga,NO,https://etjanster.stockholm.se/Byggochplantjansten/arende/arende/1327305?dataSource=Active
2026-15870,1327307,2026-09-22,,Anmaning att låta åtgärda hiss samt utföra förnyad besiktning,2026-09-22,"Intyg återkommande besiktning, ej godkänt, S902467",Skrivelse In,ej godkänt,DETERMINISTIC_FAILURE,LIFT,S902467,1,Tranbodarne 11,Stadsgården 2,Södermalm,NO,https://etjanster.stockholm.se/Byggochplantjansten/arende/arende/1327307?dataSource=Active
2026-15871,1327308,2026-09-22,,Anmaning att låta åtgärda hiss samt utföra förnyad besiktning,2026-09-22,"Intyg återkommande besiktning, ej godkänt, S521331",Skrivelse In,ej godkänt,DETERMINISTIC_FAILURE,LIFT,S521331,1,Talgdanken 3,Lövholmsvägen 74,Gröndal,NO,https://etjanster.stockholm.se/Byggochplantjansten/arende/arende/1327308?dataSource=Active
2026-15872,1327309,2026-09-22,,Anmaning att låta åtgärda hiss samt utföra förnyad besiktning,2026-09-22,"Intyg återkommande besiktning, ej godkänt, L9410747",Skrivelse In,ej godkänt,DETERMINISTIC_FAILURE,LIFT,L9410747,1,Vanda 3,Esbogatan 11,Akalla,NO,https://etjanster.stockholm.se/Byggochplantjansten/arende/arende/1327309?dataSource=Active
2026-15873,1327310,2026-09-22,,Anmaning att låta åtgärda hiss samt utföra förnyad besiktning,2026-09-22,"Intyg återkommande besiktning, ej godkänt, S324014",Skrivelse In,ej godkänt,DETERMINISTIC_FAILURE,LIFT,S324014,1,Bangårdsposten 1,Klarabergsviadukten 63,Norrmalm,NO,https://etjanster.stockholm.se/Byggochplantjansten/arende/arende/1327310?dataSource=Active
2026-15876,1327313,2026-09-22,,Anmaning att låta åtgärda hiss samt utföra förnyad besiktning,2026-09-22,"Intyg återkommande besiktning, ej godkänt, L3492113",Skrivelse In,ej godkänt,DETERMINISTIC_FAILURE,LIFT,L3492113,1,Berget 12,Kammakargatan 70,Norrmalm,NO,https://etjanster.stockholm.se/Byggochplantjansten/arende/arende/1327313?dataSource=Active
2026-15878,1327315,2026-09-22,,Anmaning att låta åtgärda hissar samt utföra förnyad besiktning,2026-09-22,"Intyg återkommande besiktning, ej godkänt, 3 st, S1034769, S1034770, S1034771",Skrivelse In,ej godkänt,DETERMINISTIC_FAILURE,LIFT,S1034769 S1034770 S1034771,3,Oxen Större 21,Mäster Samuelsgatan 18,Norrmalm,NO,https://etjanster.stockholm.se/Byggochplantjansten/arende/arende/1327315?dataSource=Active
2026-15879,1327316,2026-09-22,,Anmaning att låta åtgärda hissar samt utföra förnyad besiktning,2026-09-22,"Intyg återkommande besiktning, ej godkänt, 2 st, S294916, S294917",Skrivelse In,ej godkänt,DETERMINISTIC_FAILURE,LIFT,S294916 S294917,2,Isdansen 1,"Piruettvägen 5, Piruettvägen 9",Hägerstensåsen,NO,https://etjanster.stockholm.se/Byggochplantjansten/arende/arende/1327316?dataSource=Active
2026-15880,1327317,2026-09-22,,Anmaning att låta åtgärda hissar samt utföra förnyad besiktning,2026-09-22,"Intyg återkommande besiktning, ej godkänt, 2 st, S174462, S174464",Skrivelse In,ej godkänt,DETERMINISTIC_FAILURE,LIFT,S174462 S174464,2,Bommen 8,"Ormbergsvägen 12, Ormbergsvägen 16",Gröndal,NO,https://etjanster.stockholm.se/Byggochplantjansten/arende/arende/1327317?dataSource=Active
2026-15882,1327319,2026-09-22,,Anmaning att låta åtgärda hissar samt utföra förnyad besiktning,2026-09-22,"Intyg återkommande besiktning, ej godkänt, 4 st, S586740, S590331, S596180, S596551",Skrivelse In,ej godkänt,DETERMINISTIC_FAILURE,LIFT,S586740 S590331 S596180 S596551,4,Storseglet 5,"Storsegelvägen 10, Storsegelvägen 2, Storsegelvägen 4, Storsegelvägen 6",Gröndal,NO,https://etjanster.stockholm.se/Byggochplantjansten/arende/arende/1327319?dataSource=Active
2026-15883,1327320,2026-09-22,,Anmaning att låta åtgärda hissar samt utföra förnyad besiktning,2026-09-22,"Intyg återkommande besiktning, ej godkänt, 2 st, S459218, S527684",Skrivelse In,ej godkänt,DETERMINISTIC_FAILURE,LIFT,S459218 S527684,2,Vega 4,Drottninggatan 95A,Vasastaden,NO,https://etjanster.stockholm.se/Byggochplantjansten/arende/arende/1327320?dataSource=Active
2026-14138,1325565,2026-08-26,,Anmaning att låta åtgärda hiss samt utföra förnyad besiktning,2026-09-23,"Intyg återkommande besiktning, ej godkänt, 54236",Skrivelse In,ej godkänt,DETERMINISTIC_FAILURE,LIFT,54236,1,Tant Brun 1,Suddagummans Gata 9,Mariehäll,NO,https://etjanster.stockholm.se/Byggochplantjansten/arende/arende/1325565?dataSource=Active
2026-15964,1327401,2026-09-22,,Anmaning att låta åtgärda hissar samt utföra förnyad besiktning,2026-09-23,"Intyg återkommande besiktning, ej godkänt, 31336",Skrivelse In,ej godkänt,DETERMINISTIC_FAILURE,LIFT,31336,1,Ångermanland 14,Holländargatan 18,Norrmalm,NO,https://etjanster.stockholm.se/Byggochplantjansten/arende/arende/1327401?dataSource=Active
2026-15984,1327421,2026-09-23,,Anmaning att låta åtgärda hissar samt utföra förnyad besiktning,2026-09-23,"Intyg återkommande besiktning, ej godkänt, 53119",Skrivelse In,ej godkänt,DETERMINISTIC_FAILURE,LIFT,53119,1,Kronkvarnen 39,Artillerigatan 48,Östermalm,NO,https://etjanster.stockholm.se/Byggochplantjansten/arende/arende/1327421?dataSource=Active
2026-15987,1327424,2026-09-23,,Anmaning att låta åtgärda hissar samt utföra förnyad besiktning,2026-09-23,"Intyg återkommande besiktning, ej godkänt, 55117, 53489, 55116",Skrivelse In,ej godkänt,DETERMINISTIC_FAILURE,LIFT,55117 53489 55116,3,Minan 4,Karlavägen 76,Östermalm,NO,https://etjanster.stockholm.se/Byggochplantjansten/arende/arende/1327424?dataSource=Active
2026-15988,1327425,2026-09-23,,Anmaning att låta åtgärda hissar samt utföra förnyad besiktning,2026-09-23,"Intyg återkommande besiktning, ej godkänt, 51853",Skrivelse In,ej godkänt,DETERMINISTIC_FAILURE,LIFT,51853,1,Trumslagaren 7,Karlaplan 18,Östermalm,NO,https://etjanster.stockholm.se/Byggochplantjansten/arende/arende/1327425?dataSource=Active
2026-15990,1327427,2026-09-23,,Anmaning att låta åtgärda hissar samt utföra förnyad besiktning,2026-09-23,"Intyg återkommande besiktning, ej godkänt, L2992070",Skrivelse In,ej godkänt,DETERMINISTIC_FAILURE,LIFT,L2992070,1,Skären 4,Biblioteksgatan 3,Norrmalm,NO,https://etjanster.stockholm.se/Byggochplantjansten/arende/arende/1327427?dataSource=Active
2026-15991,1327428,2026-09-23,,Anmaning att låta åtgärda hissar samt utföra förnyad besiktning,2026-09-23,"Intyg återkommande besiktning, ej godkänt, L2965939, L2989824",Skrivelse In,ej godkänt,DETERMINISTIC_FAILURE,LIFT,L2965939 L2989824,2,Skären 6,Smålandsgatan 16,Norrmalm,NO,https://etjanster.stockholm.se/Byggochplantjansten/arende/arende/1327428?dataSource=Active
2026-15994,1327431,2026-09-23,,Anmaning att låta åtgärda hissar samt utföra förnyad besiktning,2026-09-23,"Intyg återkommande besiktning, ej godkänt, D1626077",Skrivelse In,ej godkänt,DETERMINISTIC_FAILURE,LIFT,D1626077,1,Zachrisberg 5,Årstaskogs Väg 10,Liljeholmen,NO,https://etjanster.stockholm.se/Byggochplantjansten/arende/arende/1327431?dataSource=Active
2026-15995,1327432,2026-09-23,,Anmaning att låta åtgärda hiss samt utföra förnyad besiktning,2026-09-23,"Intyg återkommande besiktning, ej godkänt, D1733519",Skrivelse In,ej godkänt,DETERMINISTIC_FAILURE,LIFT,D1733519,1,Ritstiftet 2,Ångermannagatan 176,Vällingby,NO,https://etjanster.stockholm.se/Byggochplantjansten/arende/arende/1327432?dataSource=Active
